recording,method,source,target,n_depths_present,n_deletions,n_additions,first_appearance_p,first_deletion_p,instability_frequency,null_frequency,p_value,q_value,status
220119_F2_run11,c-GC,0,1,6,1,1,1,6.0,0.3333333333333333,,,,unstable
220119_F2_run11,c-GC,0,27,1,1,1,6,7.0,0.3333333333333333,,,,unstable
220119_F2_run11,c-GC,0,49,4,1,0,1,5.0,0.16666666666666666,,,,lost
220119_F2_run11,c-GC,1,3,7,0,0,1,,0.0,,,,stable
220119_F2_run11,c-GC,1,7,1,1,0,1,2.0,0.16666666666666666,,,,unstable
220119_F2_run11,c-GC,1,11,7,0,0,1,,0.0,,,,stable
220119_F2_run11,c-GC,1,13,5,0,1,3,,0.16666666666666666,,,,unstable
220119_F2_run11,c-GC,1,14,3,2,2,3,5.0,0.6666666666666666,,,,unstable
220119_F2_run11,c-GC,1,18,6,1,0,1,7.0,0.16666666666666666,,,,lost
220119_F2_run11,c-GC,1,20,7,0,0,1,,0.0,,,,stable
220119_F2_run11,c-GC,1,50,5,1,1,1,2.0,0.3333333333333333,,,,unstable
220119_F2_run11,c-GC,1,57,7,0,0,1,,0.0,,,,stable
220119_F2_run11,c-GC,1,69,7,0,0,1,,0.0,,,,stable
220119_F2_run11,c-GC,1,71,7,0,0,1,,0.0,,,,stable
220119_F2_run11,c-GC,1,98,7,0,0,1,,0.0,,,,stable
220119_F2_run11,c-GC,2,9,3,1,1,1,3.0,0.3333333333333333,,,,unstable
220119_F2_run11,c-GC,2,28,2,2,1,1,2.0,0.5,,,,unstable
220119_F2_run11,c-GC,2,30,1,1,0,1,2.0,0.16666666666666666,,,,unstable
220119_F2_run11,c-GC,2,76,2,1,0,1,3.0,0.16666666666666666,,,,lost
220119_F2_run11,c-GC,2,79,1,1,0,1,2.0,0.16666666666666666,,,,unstable
220119_F2_run11,c-GC,3,0,7,0,0,1,,0.0,,,,stable
220119_F2_run11,c-GC,3,1,7,0,0,1,,0.0,,,,stable
220119_F2_run11,c-GC,3,7,5,1,1,1,2.0,0.3333333333333333,,,,unstable
220119_F2_run11,c-GC,3,11,7,0,0,1,,0.0,,,,stable
220119_F2_run11,c-GC,3,12,6,1,0,1,7.0,0.16666666666666666,,,,lost
220119_F2_run11,c-GC,3,13,1,0,1,7,,0.16666666666666666,,,,novel
220119_F2_run11,c-GC,3,14,2,1,1,5,7.0,0.3333333333333333,,,,unstable
220119_F2_run11,c-GC,3,18,4,1,1,1,2.0,0.3333333333333333,,,,unstable
220119_F2_run11,c-GC,3,20,7,0,0,1,,0.0,,,,stable
220119_F2_run11,c-GC,3,37,3,1,0,1,4.0,0.16666666666666666,,,,lost
220119_F2_run11,c-GC,3,69,7,0,0,1,,0.0,,,,stable
220119_F2_run11,c-GC,3,71,3,1,1,2,5.0,0.3333333333333333,,,,unstable
220119_F2_run11,c-GC,4,8,4,2,1,1,3.0,0.5,,,,unstable
220119_F2_run11,c-GC,4,12,6,1,1,1,5.0,0.3333333333333333,,,,unstable
220119_F2_run11,c-GC,4,15,1,1,0,1,2.0,0.16666666666666666,,,,unstable
220119_F2_run11,c-GC,4,29,5,1,0,1,6.0,0.16666666666666666,,,,lost
220119_F2_run11,c-GC,4,43,2,1,1,1,2.0,0.3333333333333333,,,,unstable
220119_F2_run11,c-GC,4,59,4,1,2,3,5.0,0.5,,,,unstable
220119_F2_run11,c-GC,4,62,2,1,0,1,3.0,0.16666666666666666,,,,lost
220119_F2_run11,c-GC,4,98,1,1,1,2,3.0,0.3333333333333333,,,,unstable
220119_F2_run11,c-GC,5,20,2,2,1,1,2.0,0.5,,,,unstable
220119_F2_run11,c-GC,5,33,7,0,0,1,,0.0,,,,stable
220119_F2_run11,c-GC,5,41,2,1,2,5,6.0,0.5,,,,unstable
220119_F2_run11,c-GC,5,62,4,2,2,2,4.0,0.6666666666666666,,,,unstable
220119_F2_run11,c-GC,5,78,2,2,1,1,2.0,0.5,,,,unstable
220119_F2_run11,c-GC,6,27,2,1,0,1,3.0,0.16666666666666666,,,,lost
220119_F2_run11,c-GC,7,1,6,1,1,1,5.0,0.3333333333333333,,,,unstable
220119_F2_run11,c-GC,7,11,7,0,0,1,,0.0,,,,stable
220119_F2_run11,c-GC,7,26,1,1,0,1,2.0,0.16666666666666666,,,,unstable
220119_F2_run11,c-GC,7,29,6,1,1,1,6.0,0.3333333333333333,,,,unstable
220119_F2_run11,c-GC,8,4,7,0,0,1,,0.0,,,,stable
220119_F2_run11,c-GC,8,11,7,0,0,1,,0.0,,,,stable
220119_F2_run11,c-GC,8,34,1,1,1,4,5.0,0.3333333333333333,,,,unstable
220119_F2_run11,c-GC,8,63,1,1,0,1,2.0,0.16666666666666666,,,,unstable
220119_F2_run11,c-GC,8,72,2,2,1,1,2.0,0.5,,,,unstable
220119_F2_run11,c-GC,8,79,1,1,0,1,2.0,0.16666666666666666,,,,unstable
220119_F2_run11,c-GC,9,2,7,0,0,1,,0.0,,,,stable
220119_F2_run11,c-GC,9,16,3,0,1,5,,0.16666666666666666,,,,unstable
220119_F2_run11,c-GC,9,21,7,0,0,1,,0.0,,,,stable
220119_F2_run11,c-GC,9,28,7,0,0,1,,0.0,,,,stable
220119_F2_run11,c-GC,9,30,7,0,0,1,,0.0,,,,stable
220119_F2_run11,c-GC,9,42,7,0,0,1,,0.0,,,,stable
220119_F2_run11,c-GC,9,53,1,1,0,1,2.0,0.16666666666666666,,,,unstable
220119_F2_run11,c-GC,9,57,1,0,1,7,,0.16666666666666666,,,,novel
220119_F2_run11,c-GC,9,59,6,0,1,2,,0.16666666666666666,,,,unstable
220119_F2_run11,c-GC,9,66,7,0,0,1,,0.0,,,,stable
220119_F2_run11,c-GC,9,74,6,1,1,1,3.0,0.3333333333333333,,,,unstable
220119_F2_run11,c-GC,9,76,5,1,1,1,3.0,0.3333333333333333,,,,unstable
220119_F2_run11,c-GC,9,80,7,0,0,1,,0.0,,,,stable
220119_F2_run11,c-GC,9,81,1,1,0,1,2.0,0.16666666666666666,,,,unstable
220119_F2_run11,c-GC,10,72,1,1,0,1,2.0,0.16666666666666666,,,,unstable
220119_F2_run11,c-GC,10,96,1,1,0,1,2.0,0.16666666666666666,,,,unstable
220119_F2_run11,c-GC,11,1,7,0,0,1,,0.0,,,,stable
220119_F2_run11,c-GC,11,3,7,0,0,1,,0.0,,,,stable
220119_F2_run11,c-GC,11,4,5,2,1,1,3.0,0.5,,,,unstable
220119_F2_run11,c-GC,11,7,1,1,0,1,2.0,0.16666666666666666,,,,unstable
220119_F2_run11,c-GC,11,12,2,1,0,1,3.0,0.16666666666666666,,,,lost
220119_F2_run11,c-GC,11,13,7,0,0,1,,0.0,,,,stable
220119_F2_run11,c-GC,11,15,7,0,0,1,,0.0,,,,stable
220119_F2_run11,c-GC,11,18,6,1,1,1,4.0,0.3333333333333333,,,,unstable
220119_F2_run11,c-GC,11,19,6,0,1,2,,0.16666666666666666,,,,unstable
220119_F2_run11,c-GC,11,20,6,1,0,1,7.0,0.16666666666666666,,,,lost
220119_F2_run11,c-GC,11,26,5,1,0,1,6.0,0.16666666666666666,,,,lost
220119_F2_run11,c-GC,11,29,7,0,0,1,,0.0,,,,stable
220119_F2_run11,c-GC,11,73,2,1,0,1,3.0,0.16666666666666666,,,,lost
220119_F2_run11,c-GC,11,79,1,1,1,2,3.0,0.3333333333333333,,,,unstable
220119_F2_run11,c-GC,11,96,1,0,1,7,,0.16666666666666666,,,,novel
220119_F2_run11,c-GC,12,1,1,1,0,1,2.0,0.16666666666666666,,,,unstable
220119_F2_run11,c-GC,12,4,7,0,0,1,,0.0,,,,stable
220119_F2_run11,c-GC,12,8,1,1,0,1,2.0,0.16666666666666666,,,,unstable
220119_F2_run11,c-GC,12,18,2,1,2,4,5.0,0.5,,,,unstable
220119_F2_run11,c-GC,12,29,7,0,0,1,,0.0,,,,stable
220119_F2_run11,c-GC,12,31,2,0,1,6,,0.16666666666666666,,,,unstable
220119_F2_run11,c-GC,12,33,4,1,2,3,4.0,0.5,,,,unstable
220119_F2_run11,c-GC,12,36,1,1,1,6,7.0,0.3333333333333333,,,,unstable
220119_F2_run11,c-GC,12,40,1,1,0,1,2.0,0.16666666666666666,,,,unstable
220119_F2_run11,c-GC,12,41,1,1,0,1,2.0,0.16666666666666666,,,,unstable
220119_F2_run11,c-GC,12,43,3,1,1,1,2.0,0.3333333333333333,,,,unstable
220119_F2_run11,c-GC,12,44,5,0,1,3,,0.16666666666666666,,,,unstable
220119_F2_run11,c-GC,12,56,1,1,1,6,7.0,0.3333333333333333,,,,unstable
220119_F2_run11,c-GC,12,59,1,1,0,1,2.0,0.16666666666666666,,,,unstable
220119_F2_run11,c-GC,13,0,1,1,0,1,2.0,0.16666666666666666,,,,unstable
220119_F2_run11,c-GC,13,1,7,0,0,1,,0.0,,,,stable
220119_F2_run11,c-GC,13,3,6,1,1,1,5.0,0.3333333333333333,,,,unstable
220119_F2_run11,c-GC,13,7,1,1,0,1,2.0,0.16666666666666666,,,,unstable
220119_F2_run11,c-GC,13,11,7,0,0,1,,0.0,,,,stable
220119_F2_run11,c-GC,13,15,6,1,0,1,7.0,0.16666666666666666,,,,lost
220119_F2_run11,c-GC,13,17,3,2,1,1,3.0,0.5,,,,unstable
220119_F2_run11,c-GC,13,18,6,1,1,1,2.0,0.3333333333333333,,,,unstable
220119_F2_run11,c-GC,13,19,7,0,0,1,,0.0,,,,stable
220119_F2_run11,c-GC,13,20,7,0,0,1,,0.0,,,,stable
220119_F2_run11,c-GC,13,23,7,0,0,1,,0.0,,,,stable
220119_F2_run11,c-GC,13,24,2,1,0,1,3.0,0.16666666666666666,,,,lost
220119_F2_run11,c-GC,13,26,7,0,0,1,,0.0,,,,stable
220119_F2_run11,c-GC,13,34,1,1,0,1,2.0,0.16666666666666666,,,,unstable
220119_F2_run11,c-GC,13,40,4,1,1,1,3.0,0.3333333333333333,,,,unstable
220119_F2_run11,c-GC,13,51,1,1,0,1,2.0,0.16666666666666666,,,,unstable
220119_F2_run11,c-GC,13,57,7,0,0,1,,0.0,,,,stable
220119_F2_run11,c-GC,13,62,1,1,0,1,2.0,0.16666666666666666,,,,unstable
220119_F2_run11,c-GC,13,71,1,1,0,1,2.0,0.16666666666666666,,,,unstable
220119_F2_run11,c-GC,13,75,1,1,0,1,2.0,0.16666666666666666,,,,unstable
220119_F2_run11,c-GC,13,76,1,1,1,5,6.0,0.3333333333333333,,,,unstable
220119_F2_run11,c-GC,13,88,1,1,0,1,2.0,0.16666666666666666,,,,unstable
220119_F2_run11,c-GC,13,89,3,1,1,2,5.0,0.3333333333333333,,,,unstable
220119_F2_run11,c-GC,13,90,1,1,0,1,2.0,0.16666666666666666,,,,unstable
220119_F2_run11,c-GC,13,98,7,0,0,1,,0.0,,,,stable
220119_F2_run11,c-GC,14,16,1,1,0,1,2.0,0.16666666666666666,,,,unstable
220119_F2_run11,c-GC,14,69,1,1,0,1,2.0,0.16666666666666666,,,,unstable
220119_F2_run11,c-GC,15,12,7,0,0,1,,0.0,,,,stable
220119_F2_run11,c-GC,15,64,1,1,0,1,2.0,0.16666666666666666,,,,unstable
220119_F2_run11,c-GC,16,10,4,1,0,1,5.0,0.16666666666666666,,,,lost
220119_F2_run11,c-GC,16,14,1,1,0,1,2.0,0.16666666666666666,,,,unstable
220119_F2_run11,c-GC,16,30,3,0,1,5,,0.16666666666666666,,,,unstable
220119_F2_run11,c-GC,16,52,1,1,0,1,2.0,0.16666666666666666,,,,unstable
220119_F2_run11,c-GC,16,58,1,1,0,1,2.0,0.16666666666666666,,,,unstable
220119_F2_run11,c-GC,16,78,1,1,1,4,5.0,0.3333333333333333,,,,unstable
220119_F2_run11,c-GC,17,9,3,2,1,1,3.0,0.5,,,,unstable
220119_F2_run11,c-GC,17,13,1,1,0,1,2.0,0.16666666666666666,,,,unstable
220119_F2_run11,c-GC,17,22,4,2,1,1,4.0,0.5,,,,unstable
220119_F2_run11,c-GC,17,41,2,0,1,6,,0.16666666666666666,,,,unstable
220119_F2_run11,c-GC,17,52,1,1,0,1,2.0,0.16666666666666666,,,,unstable
220119_F2_run11,c-GC,17,81,6,1,1,1,6.0,0.3333333333333333,,,,unstable
220119_F2_run11,c-GC,17,82,3,1,2,2,3.0,0.5,,,,unstable
220119_F2_run11,c-GC,18,1,1,1,0,1,2.0,0.16666666666666666,,,,unstable
220119_F2_run11,c-GC,18,7,1,1,0,1,2.0,0.16666666666666666,,,,unstable
220119_F2_run11,c-GC,18,11,7,0,0,1,,0.0,,,,stable
220119_F2_run11,c-GC,18,14,1,1,0,1,2.0,0.16666666666666666,,,,unstable
220119_F2_run11,c-GC,18,20,4,2,2,1,3.0,0.6666666666666666,,,,unstable
220119_F2_run11,c-GC,18,26,7,0,0,1,,0.0,,,,stable
220119_F2_run11,c-GC,18,29,2,1,0,1,3.0,0.16666666666666666,,,,lost
220119_F2_run11,c-GC,18,34,1,1,0,1,2.0,0.16666666666666666,,,,unstable
220119_F2_run11,c-GC,18,37,1,1,0,1,2.0,0.16666666666666666,,,,unstable
220119_F2_run11,c-GC,18,45,2,1,1,5,7.0,0.3333333333333333,,,,unstable
220119_F2_run11,c-GC,18,49,2,0,1,6,,0.16666666666666666,,,,unstable
220119_F2_run11,c-GC,18,73,3,2,1,1,2.0,0.5,,,,unstable
220119_F2_run11,c-GC,18,98,1,1,0,1,2.0,0.16666666666666666,,,,unstable
220119_F2_run11,c-GC,19,13,7,0,0,1,,0.0,,,,stable
220119_F2_run11,c-GC,19,26,1,1,0,1,2.0,0.16666666666666666,,,,unstable
220119_F2_run11,c-GC,19,31,4,1,0,1,5.0,0.16666666666666666,,,,lost
220119_F2_run11,c-GC,19,40,4,1,2,3,5.0,0.5,,,,unstable
220119_F2_run11,c-GC,19,44,1,1,1,2,3.0,0.3333333333333333,,,,unstable
220119_F2_run11,c-GC,19,50,1,1,0,1,2.0,0.16666666666666666,,,,unstable
220119_F2_run11,c-GC,19,66,5,1,1,1,5.0,0.3333333333333333,,,,unstable
220119_F2_run11,c-GC,19,79,1,1,0,1,2.0,0.16666666666666666,,,,unstable
220119_F2_run11,c-GC,19,80,1,1,1,2,3.0,0.3333333333333333,,,,unstable
220119_F2_run11,c-GC,20,1,4,2,1,1,3.0,0.5,,,,unstable
220119_F2_run11,c-GC,20,14,1,1,0,1,2.0,0.16666666666666666,,,,unstable
220119_F2_run11,c-GC,20,16,5,1,0,1,6.0,0.16666666666666666,,,,lost
220119_F2_run11,c-GC,20,18,5,2,2,1,3.0,0.6666666666666666,,,,unstable
220119_F2_run11,c-GC,20,73,1,1,0,1,2.0,0.16666666666666666,,,,unstable
220119_F2_run11,c-GC,20,84,1,1,0,1,2.0,0.16666666666666666,,,,unstable
220119_F2_run11,c-GC,21,28,4,2,1,1,3.0,0.5,,,,unstable
220119_F2_run11,c-GC,21,50,5,2,2,1,3.0,0.6666666666666666,,,,unstable
220119_F2_run11,c-GC,21,99,1,1,0,1,2.0,0.16666666666666666,,,,unstable
220119_F2_run11,c-GC,22,57,1,1,0,1,2.0,0.16666666666666666,,,,unstable
220119_F2_run11,c-GC,22,60,1,1,0,1,2.0,0.16666666666666666,,,,unstable
220119_F2_run11,c-GC,23,1,2,1,0,1,3.0,0.16666666666666666,,,,lost
220119_F2_run11,c-GC,23,3,3,1,0,1,4.0,0.16666666666666666,,,,lost
220119_F2_run11,c-GC,23,13,2,1,0,1,3.0,0.16666666666666666,,,,lost
220119_F2_run11,c-GC,23,16,1,1,0,1,2.0,0.16666666666666666,,,,unstable
220119_F2_run11,c-GC,23,17,1,1,1,4,5.0,0.3333333333333333,,,,unstable
220119_F2_run11,c-GC,23,18,2,1,0,1,3.0,0.16666666666666666,,,,lost
220119_F2_run11,c-GC,23,32,4,2,1,1,4.0,0.5,,,,unstable
220119_F2_run11,c-GC,24,13,2,1,0,1,3.0,0.16666666666666666,,,,lost
220119_F2_run11,c-GC,24,20,2,1,2,2,3.0,0.5,,,,unstable
220119_F2_run11,c-GC,24,23,1,1,0,1,2.0,0.16666666666666666,,,,unstable
220119_F2_run11,c-GC,24,52,2,1,0,1,3.0,0.16666666666666666,,,,lost
220119_F2_run11,c-GC,25,60,6,0,1,2,,0.16666666666666666,,,,unstable
220119_F2_run11,c-GC,26,1,7,0,0,1,,0.0,,,,stable
220119_F2_run11,c-GC,26,7,1,1,0,1,2.0,0.16666666666666666,,,,unstable
220119_F2_run11,c-GC,26,11,3,2,1,1,3.0,0.5,,,,unstable
220119_F2_run11,c-GC,26,13,2,1,1,5,7.0,0.3333333333333333,,,,unstable
220119_F2_run11,c-GC,26,18,1,1,0,1,2.0,0.16666666666666666,,,,unstable
220119_F2_run11,c-GC,26,19,2,1,0,1,3.0,0.16666666666666666,,,,lost
220119_F2_run11,c-GC,26,20,4,2,1,1,4.0,0.5,,,,unstable
220119_F2_run11,c-GC,26,35,1,1,0,1,2.0,0.16666666666666666,,,,unstable
220119_F2_run11,c-GC,26,57,3,0,1,5,,0.16666666666666666,,,,unstable
220119_F2_run11,c-GC,26,94,3,1,0,1,4.0,0.16666666666666666,,,,lost
220119_F2_run11,c-GC,27,5,3,2,1,1,2.0,0.5,,,,unstable
220119_F2_run11,c-GC,27,6,2,1,1,1,2.0,0.3333333333333333,,,,unstable
220119_F2_run11,c-GC,27,14,1,1,0,1,2.0,0.16666666666666666,,,,unstable
220119_F2_run11,c-GC,27,28,4,1,0,1,5.0,0.16666666666666666,,,,lost
220119_F2_run11,c-GC,27,43,1,1,0,1,2.0,0.16666666666666666,,,,unstable
220119_F2_run11,c-GC,27,49,1,1,0,1,2.0,0.16666666666666666,,,,unstable
220119_F2_run11,c-GC,27,54,2,1,0,1,3.0,0.16666666666666666,,,,lost
220119_F2_run11,c-GC,27,61,1,1,0,1,2.0,0.16666666666666666,,,,unstable
220119_F2_run11,c-GC,27,62,2,1,1,2,4.0,0.3333333333333333,,,,unstable
220119_F2_run11,c-GC,27,69,1,1,0,1,2.0,0.16666666666666666,,,,unstable
220119_F2_run11,c-GC,27,88,1,1,0,1,2.0,0.16666666666666666,,,,unstable
220119_F2_run11,c-GC,27,90,5,2,1,1,4.0,0.5,,,,unstable
220119_F2_run11,c-GC,27,93,1,1,0,1,2.0,0.16666666666666666,,,,unstable
220119_F2_run11,c-GC,28,2,1,1,0,1,2.0,0.16666666666666666,,,,unstable
220119_F2_run11,c-GC,28,9,7,0,0,1,,0.0,,,,stable
220119_F2_run11,c-GC,28,16,6,1,0,1,7.0,0.16666666666666666,,,,lost
220119_F2_run11,c-GC,28,22,2,1,2,5,6.0,0.5,,,,unstable
220119_F2_run11,c-GC,28,30,7,0,0,1,,0.0,,,,stable
220119_F2_run11,c-GC,28,42,1,0,1,7,,0.16666666666666666,,,,novel
220119_F2_run11,c-GC,28,52,7,0,0,1,,0.0,,,,stable
220119_F2_run11,c-GC,28,53,7,0,0,1,,0.0,,,,stable
220119_F2_run11,c-GC,28,60,1,1,0,1,2.0,0.16666666666666666,,,,unstable
220119_F2_run11,c-GC,28,74,1,1,1,3,4.0,0.3333333333333333,,,,unstable
220119_F2_run11,c-GC,28,81,1,1,0,1,2.0,0.16666666666666666,,,,unstable
220119_F2_run11,c-GC,28,95,1,1,0,1,2.0,0.16666666666666666,,,,unstable
220119_F2_run11,c-GC,28,98,1,1,0,1,2.0,0.16666666666666666,,,,unstable
220119_F2_run11,c-GC,29,3,6,1,0,1,7.0,0.16666666666666666,,,,lost
220119_F2_run11,c-GC,29,4,1,1,0,1,2.0,0.16666666666666666,,,,unstable
220119_F2_run11,c-GC,29,6,2,2,2,4,5.0,0.6666666666666666,,,,unstable
220119_F2_run11,c-GC,29,11,1,1,0,1,2.0,0.16666666666666666,,,,unstable
220119_F2_run11,c-GC,29,12,7,0,0,1,,0.0,,,,stable
220119_F2_run11,c-GC,29,44,1,0,1,7,,0.16666666666666666,,,,novel
220119_F2_run11,c-GC,30,2,2,1,1,1,2.0,0.3333333333333333,,,,unstable
220119_F2_run11,c-GC,30,27,1,1,0,1,2.0,0.16666666666666666,,,,unstable
220119_F2_run11,c-GC,30,28,1,1,0,1,2.0,0.16666666666666666,,,,unstable
220119_F2_run11,c-GC,30,95,2,2,1,1,2.0,0.5,,,,unstable
220119_F2_run11,c-GC,31,0,6,1,0,1,7.0,0.16666666666666666,,,,lost
220119_F2_run11,c-GC,31,7,3,0,1,5,,0.16666666666666666,,,,unstable
220119_F2_run11,c-GC,31,20,2,2,2,2,3.0,0.6666666666666666,,,,unstable
220119_F2_run11,c-GC,31,35,3,2,2,1,2.0,0.6666666666666666,,,,unstable
220119_F2_run11,c-GC,31,36,1,1,0,1,2.0,0.16666666666666666,,,,unstable
220119_F2_run11,c-GC,31,39,1,1,0,1,2.0,0.16666666666666666,,,,unstable
220119_F2_run11,c-GC,31,42,2,0,1,6,,0.16666666666666666,,,,unstable
220119_F2_run11,c-GC,31,43,2,1,0,1,3.0,0.16666666666666666,,,,lost
220119_F2_run11,c-GC,31,48,7,0,0,1,,0.0,,,,stable
220119_F2_run11,c-GC,31,64,2,1,0,1,3.0,0.16666666666666666,,,,lost
220119_F2_run11,c-GC,31,66,6,1,1,1,2.0,0.3333333333333333,,,,unstable
220119_F2_run11,c-GC,31,70,2,1,0,1,3.0,0.16666666666666666,,,,lost
220119_F2_run11,c-GC,31,71,6,1,1,1,2.0,0.3333333333333333,,,,unstable
220119_F2_run11,c-GC,31,73,2,1,1,4,6.0,0.3333333333333333,,,,unstable
220119_F2_run11,c-GC,31,83,1,1,0,1,2.0,0.16666666666666666,,,,unstable
220119_F2_run11,c-GC,31,89,6,1,1,1,6.0,0.3333333333333333,,,,unstable
220119_F2_run11,c-GC,32,45,5,1,1,1,5.0,0.3333333333333333,,,,unstable
220119_F2_run11,c-GC,32,75,1,1,0,1,2.0,0.16666666666666666,,,,unstable
220119_F2_run11,c-GC,32,88,1,1,0,1,2.0,0.16666666666666666,,,,unstable
220119_F2_run11,c-GC,32,91,1,1,0,1,2.0,0.16666666666666666,,,,unstable
220119_F2_run11,c-GC,33,34,5,1,0,1,6.0,0.16666666666666666,,,,lost
220119_F2_run11,c-GC,33,36,7,0,0,1,,0.0,,,,stable
220119_F2_run11,c-GC,33,44,7,0,0,1,,0.0,,,,stable
220119_F2_run11,c-GC,33,45,5,2,1,1,4.0,0.5,,,,unstable
220119_F2_run11,c-GC,33,46,7,0,0,1,,0.0,,,,stable
220119_F2_run11,c-GC,33,48,7,0,0,1,,0.0,,,,stable
220119_F2_run11,c-GC,33,57,1,1,1,2,3.0,0.3333333333333333,,,,unstable
220119_F2_run11,c-GC,33,73,1,0,1,7,,0.16666666666666666,,,,novel
220119_F2_run11,c-GC,33,76,1,1,1,3,4.0,0.3333333333333333,,,,unstable
220119_F2_run11,c-GC,33,85,7,0,0,1,,0.0,,,,stable
220119_F2_run11,c-GC,33,89,1,1,0,1,2.0,0.16666666666666666,,,,unstable
220119_F2_run11,c-GC,33,92,3,2,1,1,3.0,0.5,,,,unstable
220119_F2_run11,c-GC,33,99,1,1,1,2,3.0,0.3333333333333333,,,,unstable
220119_F2_run11,c-GC,34,45,2,1,0,1,3.0,0.16666666666666666,,,,lost
220119_F2_run11,c-GC,34,46,7,0,0,1,,0.0,,,,stable
220119_F2_run11,c-GC,34,88,2,1,0,1,3.0,0.16666666666666666,,,,lost
220119_F2_run11,c-GC,34,94,2,1,0,1,3.0,0.16666666666666666,,,,lost
220119_F2_run11,c-GC,35,5,2,1,2,2,3.0,0.5,,,,unstable
220119_F2_run11,c-GC,35,23,2,1,2,3,4.0,0.5,,,,unstable
220119_F2_run11,c-GC,35,40,4,1,0,1,5.0,0.16666666666666666,,,,lost
220119_F2_run11,c-GC,35,49,3,1,2,3,4.0,0.5,,,,unstable
220119_F2_run11,c-GC,35,70,2,1,2,5,6.0,0.5,,,,unstable
220119_F2_run11,c-GC,35,82,7,0,0,1,,0.0,,,,stable
220119_F2_run11,c-GC,35,87,1,1,0,1,2.0,0.16666666666666666,,,,unstable
220119_F2_run11,c-GC,35,95,1,1,1,6,7.0,0.3333333333333333,,,,unstable
220119_F2_run11,c-GC,36,15,4,0,1,4,,0.16666666666666666,,,,unstable
220119_F2_run11,c-GC,36,31,4,2,2,1,2.0,0.6666666666666666,,,,unstable
220119_F2_run11,c-GC,36,33,7,0,0,1,,0.0,,,,stable
220119_F2_run11,c-GC,36,35,2,2,1,1,2.0,0.5,,,,unstable
220119_F2_run11,c-GC,36,40,3,1,1,1,3.0,0.3333333333333333,,,,unstable
220119_F2_run11,c-GC,36,44,7,0,0,1,,0.0,,,,stable
220119_F2_run11,c-GC,36,46,1,1,1,2,3.0,0.3333333333333333,,,,unstable
220119_F2_run11,c-GC,36,48,7,0,0,1,,0.0,,,,stable
220119_F2_run11,c-GC,36,67,1,1,0,1,2.0,0.16666666666666666,,,,unstable
220119_F2_run11,c-GC,36,82,1,1,0,1,2.0,0.16666666666666666,,,,unstable
220119_F2_run11,c-GC,36,85,2,1,2,5,6.0,0.5,,,,unstable
220119_F2_run11,c-GC,36,87,6,1,0,1,7.0,0.16666666666666666,,,,lost
220119_F2_run11,c-GC,36,93,6,1,1,1,6.0,0.3333333333333333,,,,unstable
220119_F2_run11,c-GC,36,95,4,2,1,1,4.0,0.5,,,,unstable
220119_F2_run11,c-GC,36,98,2,1,2,5,6.0,0.5,,,,unstable
220119_F2_run11,c-GC,37,31,1,1,0,1,2.0,0.16666666666666666,,,,unstable
220119_F2_run11,c-GC,37,46,1,1,0,1,2.0,0.16666666666666666,,,,unstable
220119_F2_run11,c-GC,37,74,1,1,0,1,2.0,0.16666666666666666,,,,unstable
220119_F2_run11,c-GC,37,93,2,1,0,1,3.0,0.16666666666666666,,,,lost
220119_F2_run11,c-GC,37,95,1,0,1,7,,0.16666666666666666,,,,novel
220119_F2_run11,c-GC,38,79,1,1,1,2,3.0,0.3333333333333333,,,,unstable
220119_F2_run11,c-GC,39,37,1,1,1,5,6.0,0.3333333333333333,,,,unstable
220119_F2_run11,c-GC,39,43,7,0,0,1,,0.0,,,,stable
220119_F2_run11,c-GC,39,50,7,0,0,1,,0.0,,,,stable
220119_F2_run11,c-GC,39,54,3,1,0,1,4.0,0.16666666666666666,,,,lost
220119_F2_run11,c-GC,39,75,1,1,0,1,2.0,0.16666666666666666,,,,unstable
220119_F2_run11,c-GC,40,9,1,0,1,7,,0.16666666666666666,,,,novel
220119_F2_run11,c-GC,40,12,1,1,0,1,2.0,0.16666666666666666,,,,unstable
220119_F2_run11,c-GC,40,18,4,0,1,4,,0.16666666666666666,,,,unstable
220119_F2_run11,c-GC,40,25,5,1,2,2,4.0,0.5,,,,unstable
220119_F2_run11,c-GC,40,33,1,1,1,3,4.0,0.3333333333333333,,,,unstable
220119_F2_run11,c-GC,40,36,1,1,0,1,2.0,0.16666666666666666,,,,unstable
220119_F2_run11,c-GC,40,38,1,1,0,1,2.0,0.16666666666666666,,,,unstable
220119_F2_run11,c-GC,40,49,1,1,0,1,2.0,0.16666666666666666,,,,unstable
220119_F2_run11,c-GC,40,51,7,0,0,1,,0.0,,,,stable
220119_F2_run11,c-GC,40,55,3,1,0,1,4.0,0.16666666666666666,,,,lost
220119_F2_run11,c-GC,40,57,2,1,1,1,2.0,0.3333333333333333,,,,unstable
220119_F2_run11,c-GC,40,59,7,0,0,1,,0.0,,,,stable
220119_F2_run11,c-GC,40,60,1,1,0,1,2.0,0.16666666666666666,,,,unstable
220119_F2_run11,c-GC,40,71,6,0,1,2,,0.16666666666666666,,,,unstable
220119_F2_run11,c-GC,40,78,1,1,1,6,7.0,0.3333333333333333,,,,unstable
220119_F2_run11,c-GC,40,80,2,0,1,6,,0.16666666666666666,,,,unstable
220119_F2_run11,c-GC,40,81,5,1,2,2,4.0,0.5,,,,unstable
220119_F2_run11,c-GC,40,87,1,1,0,1,2.0,0.16666666666666666,,,,unstable
220119_F2_run11,c-GC,40,97,2,1,0,1,3.0,0.16666666666666666,,,,lost
220119_F2_run11,c-GC,40,98,7,0,0,1,,0.0,,,,stable
220119_F2_run11,c-GC,41,34,1,0,1,7,,0.16666666666666666,,,,novel
220119_F2_run11,c-GC,41,35,1,1,1,3,4.0,0.3333333333333333,,,,unstable
220119_F2_run11,c-GC,41,46,6,0,1,2,,0.16666666666666666,,,,unstable
220119_F2_run11,c-GC,41,66,6,1,1,1,4.0,0.3333333333333333,,,,unstable
220119_F2_run11,c-GC,41,67,7,0,0,1,,0.0,,,,stable
220119_F2_run11,c-GC,41,74,2,1,1,2,4.0,0.3333333333333333,,,,unstable
220119_F2_run11,c-GC,41,76,7,0,0,1,,0.0,,,,stable
220119_F2_run11,c-GC,42,27,1,0,1,7,,0.16666666666666666,,,,novel
220119_F2_run11,c-GC,43,31,5,2,1,1,3.0,0.5,,,,unstable
220119_F2_run11,c-GC,43,78,1,1,0,1,2.0,0.16666666666666666,,,,unstable
220119_F2_run11,c-GC,44,12,7,0,0,1,,0.0,,,,stable
220119_F2_run11,c-GC,44,33,7,0,0,1,,0.0,,,,stable
220119_F2_run11,c-GC,44,37,7,0,0,1,,0.0,,,,stable
220119_F2_run11,c-GC,44,39,6,1,0,1,7.0,0.16666666666666666,,,,lost
220119_F2_run11,c-GC,44,46,7,0,0,1,,0.0,,,,stable
220119_F2_run11,c-GC,44,48,7,0,0,1,,0.0,,,,stable
220119_F2_run11,c-GC,44,89,7,0,0,1,,0.0,,,,stable
220119_F2_run11,c-GC,44,92,7,0,0,1,,0.0,,,,stable
220119_F2_run11,c-GC,44,95,7,0,0,1,,0.0,,,,stable
220119_F2_run11,c-GC,44,97,5,1,1,1,4.0,0.3333333333333333,,,,unstable
220119_F2_run11,c-GC,44,99,7,0,0,1,,0.0,,,,stable
220119_F2_run11,c-GC,45,8,7,0,0,1,,0.0,,,,stable
220119_F2_run11,c-GC,45,32,6,1,0,1,7.0,0.16666666666666666,,,,lost
220119_F2_run11,c-GC,45,59,1,1,0,1,2.0,0.16666666666666666,,,,unstable
220119_F2_run11,c-GC,45,86,1,1,1,4,5.0,0.3333333333333333,,,,unstable
220119_F2_run11,c-GC,45,91,3,1,0,1,4.0,0.16666666666666666,,,,lost
220119_F2_run11,c-GC,46,12,3,2,1,1,2.0,0.5,,,,unstable
220119_F2_run11,c-GC,46,18,3,2,1,1,3.0,0.5,,,,unstable
220119_F2_run11,c-GC,46,33,7,0,0,1,,0.0,,,,stable
220119_F2_run11,c-GC,46,34,1,1,0,1,2.0,0.16666666666666666,,,,unstable
220119_F2_run11,c-GC,46,37,7,0,0,1,,0.0,,,,stable
220119_F2_run11,c-GC,46,44,7,0,0,1,,0.0,,,,stable
220119_F2_run11,c-GC,46,51,2,1,0,1,3.0,0.16666666666666666,,,,lost
220119_F2_run11,c-GC,46,57,1,1,1,2,3.0,0.3333333333333333,,,,unstable
220119_F2_run11,c-GC,46,71,2,2,1,1,2.0,0.5,,,,unstable
220119_F2_run11,c-GC,46,86,2,1,1,4,6.0,0.3333333333333333,,,,unstable
220119_F2_run11,c-GC,46,89,7,0,0,1,,0.0,,,,stable
220119_F2_run11,c-GC,46,93,4,1,1,1,4.0,0.3333333333333333,,,,unstable
220119_F2_run11,c-GC,46,99,2,1,0,1,3.0,0.16666666666666666,,,,lost
220119_F2_run11,c-GC,48,0,2,1,1,1,2.0,0.3333333333333333,,,,unstable
220119_F2_run11,c-GC,48,20,2,1,0,1,3.0,0.16666666666666666,,,,lost
220119_F2_run11,c-GC,48,27,1,1,0,1,2.0,0.16666666666666666,,,,unstable
220119_F2_run11,c-GC,48,33,2,2,2,2,3.0,0.6666666666666666,,,,unstable
220119_F2_run11,c-GC,48,36,4,1,0,1,5.0,0.16666666666666666,,,,lost
220119_F2_run11,c-GC,48,39,1,1,1,6,7.0,0.3333333333333333,,,,unstable
220119_F2_run11,c-GC,48,44,4,1,0,1,5.0,0.16666666666666666,,,,lost
220119_F2_run11,c-GC,48,46,4,3,2,1,2.0,0.8333333333333334,,,,unstable
220119_F2_run11,c-GC,48,89,7,0,0,1,,0.0,,,,stable
220119_F2_run11,c-GC,48,99,1,1,0,1,2.0,0.16666666666666666,,,,unstable
220119_F2_run11,c-GC,49,0,6,0,1,2,,0.16666666666666666,,,,unstable
220119_F2_run11,c-GC,49,8,3,0,1,5,,0.16666666666666666,,,,unstable
220119_F2_run11,c-GC,49,12,1,0,1,7,,0.16666666666666666,,,,novel
220119_F2_run11,c-GC,49,17,3,1,0,1,4.0,0.16666666666666666,,,,lost
220119_F2_run11,c-GC,49,33,1,1,0,1,2.0,0.16666666666666666,,,,unstable
220119_F2_run11,c-GC,49,36,1,1,1,4,5.0,0.3333333333333333,,,,unstable
220119_F2_run11,c-GC,49,65,7,0,0,1,,0.0,,,,stable
220119_F2_run11,c-GC,49,71,3,3,2,1,2.0,0.8333333333333334,,,,unstable
220119_F2_run11,c-GC,51,34,5,2,2,1,4.0,0.6666666666666666,,,,unstable
220119_F2_run11,c-GC,52,16,1,1,0,1,2.0,0.16666666666666666,,,,unstable
220119_F2_run11,c-GC,52,28,1,1,0,1,2.0,0.16666666666666666,,,,unstable
220119_F2_run11,c-GC,52,46,1,1,1,4,5.0,0.3333333333333333,,,,unstable
220119_F2_run11,c-GC,52,49,1,1,0,1,2.0,0.16666666666666666,,,,unstable
220119_F2_run11,c-GC,52,58,5,1,0,1,6.0,0.16666666666666666,,,,lost
220119_F2_run11,c-GC,52,72,1,1,0,1,2.0,0.16666666666666666,,,,unstable
220119_F2_run11,c-GC,52,81,7,0,0,1,,0.0,,,,stable
220119_F2_run11,c-GC,52,84,1,1,0,1,2.0,0.16666666666666666,,,,unstable
220119_F2_run11,c-GC,53,28,2,2,1,1,2.0,0.5,,,,unstable
220119_F2_run11,c-GC,53,80,7,0,0,1,,0.0,,,,stable
220119_F2_run11,c-GC,53,83,5,0,1,3,,0.16666666666666666,,,,unstable
220119_F2_run11,c-GC,53,84,7,0,0,1,,0.0,,,,stable
220119_F2_run11,c-GC,54,19,3,1,0,1,4.0,0.16666666666666666,,,,lost
220119_F2_run11,c-GC,54,27,4,2,1,1,3.0,0.5,,,,unstable
220119_F2_run11,c-GC,54,39,1,1,0,1,2.0,0.16666666666666666,,,,unstable
220119_F2_run11,c-GC,54,71,1,1,0,1,2.0,0.16666666666666666,,,,unstable
220119_F2_run11,c-GC,56,25,1,1,0,1,2.0,0.16666666666666666,,,,unstable
220119_F2_run11,c-GC,56,63,4,1,0,1,5.0,0.16666666666666666,,,,lost
220119_F2_run11,c-GC,57,40,3,1,0,1,4.0,0.16666666666666666,,,,lost
220119_F2_run11,c-GC,57,44,6,0,1,2,,0.16666666666666666,,,,unstable
220119_F2_run11,c-GC,57,61,1,1,0,1,2.0,0.16666666666666666,,,,unstable
220119_F2_run11,c-GC,57,64,2,1,0,1,3.0,0.16666666666666666,,,,lost
220119_F2_run11,c-GC,57,76,7,0,0,1,,0.0,,,,stable
220119_F2_run11,c-GC,57,77,7,0,0,1,,0.0,,,,stable
220119_F2_run11,c-GC,57,82,3,1,0,1,4.0,0.16666666666666666,,,,lost
220119_F2_run11,c-GC,58,15,5,0,1,3,,0.16666666666666666,,,,unstable
220119_F2_run11,c-GC,58,16,1,1,0,1,2.0,0.16666666666666666,,,,unstable
220119_F2_run11,c-GC,59,12,4,2,1,1,4.0,0.5,,,,unstable
220119_F2_run11,c-GC,59,29,7,0,0,1,,0.0,,,,stable
220119_F2_run11,c-GC,59,41,3,2,2,2,4.0,0.6666666666666666,,,,unstable
220119_F2_run11,c-GC,59,43,1,1,0,1,2.0,0.16666666666666666,,,,unstable
220119_F2_run11,c-GC,59,64,1,1,0,1,2.0,0.16666666666666666,,,,unstable
220119_F2_run11,c-GC,59,66,1,1,1,5,6.0,0.3333333333333333,,,,unstable
220119_F2_run11,c-GC,59,69,3,1,0,1,4.0,0.16666666666666666,,,,lost
220119_F2_run11,c-GC,59,70,1,1,0,1,2.0,0.16666666666666666,,,,unstable
220119_F2_run11,c-GC,59,72,1,1,0,1,2.0,0.16666666666666666,,,,unstable
220119_F2_run11,c-GC,59,73,7,0,0,1,,0.0,,,,stable
220119_F2_run11,c-GC,59,74,3,1,1,3,6.0,0.3333333333333333,,,,unstable
220119_F2_run11,c-GC,59,76,1,1,1,2,3.0,0.3333333333333333,,,,unstable
220119_F2_run11,c-GC,59,82,1,0,1,7,,0.16666666666666666,,,,novel
220119_F2_run11,c-GC,59,89,1,1,0,1,2.0,0.16666666666666666,,,,unstable
220119_F2_run11,c-GC,59,99,1,0,1,7,,0.16666666666666666,,,,novel
220119_F2_run11,c-GC,60,16,6,1,1,1,2.0,0.3333333333333333,,,,unstable
220119_F2_run11,c-GC,60,54,1,1,0,1,2.0,0.16666666666666666,,,,unstable
220119_F2_run11,c-GC,60,67,3,1,0,1,4.0,0.16666666666666666,,,,lost
220119_F2_run11,c-GC,61,14,6,1,1,1,5.0,0.3333333333333333,,,,unstable
220119_F2_run11,c-GC,61,32,2,1,0,1,3.0,0.16666666666666666,,,,lost
220119_F2_run11,c-GC,61,69,1,1,0,1,2.0,0.16666666666666666,,,,unstable
220119_F2_run11,c-GC,61,70,1,1,0,1,2.0,0.16666666666666666,,,,unstable
220119_F2_run11,c-GC,61,72,1,1,0,1,2.0,0.16666666666666666,,,,unstable
220119_F2_run11,c-GC,62,42,1,1,0,1,2.0,0.16666666666666666,,,,unstable
220119_F2_run11,c-GC,62,75,2,1,0,1,3.0,0.16666666666666666,,,,lost
220119_F2_run11,c-GC,63,18,7,0,0,1,,0.0,,,,stable
220119_F2_run11,c-GC,63,75,1,1,0,1,2.0,0.16666666666666666,,,,unstable
220119_F2_run11,c-GC,64,46,7,0,0,1,,0.0,,,,stable
220119_F2_run11,c-GC,64,84,1,1,1,5,6.0,0.3333333333333333,,,,unstable
220119_F2_run11,c-GC,64,96,1,1,0,1,2.0,0.16666666666666666,,,,unstable
220119_F2_run11,c-GC,65,5,1,1,0,1,2.0,0.16666666666666666,,,,unstable
220119_F2_run11,c-GC,65,80,3,1,1,2,5.0,0.3333333333333333,,,,unstable
220119_F2_run11,c-GC,65,81,7,0,0,1,,0.0,,,,stable
220119_F2_run11,c-GC,65,89,1,1,0,1,2.0,0.16666666666666666,,,,unstable
220119_F2_run11,c-GC,66,9,1,1,0,1,2.0,0.16666666666666666,,,,unstable
220119_F2_run11,c-GC,66,11,4,1,1,3,7.0,0.3333333333333333,,,,unstable
220119_F2_run11,c-GC,66,40,2,1,1,5,7.0,0.3333333333333333,,,,unstable
220119_F2_run11,c-GC,66,53,4,2,3,2,3.0,0.8333333333333334,,,,unstable
220119_F2_run11,c-GC,66,71,1,1,0,1,2.0,0.16666666666666666,,,,unstable
220119_F2_run11,c-GC,66,75,3,3,2,1,2.0,0.8333333333333334,,,,unstable
220119_F2_run11,c-GC,66,76,7,0,0,1,,0.0,,,,stable
220119_F2_run11,c-GC,67,71,1,1,1,4,5.0,0.3333333333333333,,,,unstable
220119_F2_run11,c-GC,67,72,1,1,1,4,5.0,0.3333333333333333,,,,unstable
220119_F2_run11,c-GC,68,53,7,0,0,1,,0.0,,,,stable
220119_F2_run11,c-GC,69,1,2,1,1,1,2.0,0.3333333333333333,,,,unstable
220119_F2_run11,c-GC,69,3,7,0,0,1,,0.0,,,,stable
220119_F2_run11,c-GC,69,11,2,1,2,5,6.0,0.5,,,,unstable
220119_F2_run11,c-GC,69,12,6,1,0,1,7.0,0.16666666666666666,,,,lost
220119_F2_run11,c-GC,69,14,3,1,0,1,4.0,0.16666666666666666,,,,lost
220119_F2_run11,c-GC,69,20,2,0,1,6,,0.16666666666666666,,,,unstable
220119_F2_run11,c-GC,69,27,1,1,0,1,2.0,0.16666666666666666,,,,unstable
220119_F2_run11,c-GC,69,29,4,1,1,1,3.0,0.3333333333333333,,,,unstable
220119_F2_run11,c-GC,69,41,1,1,1,6,7.0,0.3333333333333333,,,,unstable
220119_F2_run11,c-GC,69,42,1,1,0,1,2.0,0.16666666666666666,,,,unstable
220119_F2_run11,c-GC,69,59,7,0,0,1,,0.0,,,,stable
220119_F2_run11,c-GC,69,61,4,3,2,1,3.0,0.8333333333333334,,,,unstable
220119_F2_run11,c-GC,69,70,1,1,0,1,2.0,0.16666666666666666,,,,unstable
220119_F2_run11,c-GC,69,71,4,0,1,4,,0.16666666666666666,,,,unstable
220119_F2_run11,c-GC,69,72,2,1,0,1,3.0,0.16666666666666666,,,,lost
220119_F2_run11,c-GC,69,73,1,1,0,1,2.0,0.16666666666666666,,,,unstable
220119_F2_run11,c-GC,69,78,5,2,2,1,2.0,0.6666666666666666,,,,unstable
220119_F2_run11,c-GC,69,83,3,1,1,1,3.0,0.3333333333333333,,,,unstable
220119_F2_run11,c-GC,69,90,5,1,2,2,6.0,0.5,,,,unstable
220119_F2_run11,c-GC,69,92,2,0,1,6,,0.16666666666666666,,,,unstable
220119_F2_run11,c-GC,70,66,1,1,1,6,7.0,0.3333333333333333,,,,unstable
220119_F2_run11,c-GC,70,68,1,1,0,1,2.0,0.16666666666666666,,,,unstable
220119_F2_run11,c-GC,70,78,6,1,1,1,3.0,0.3333333333333333,,,,unstable
220119_F2_run11,c-GC,71,0,1,1,0,1,2.0,0.16666666666666666,,,,unstable
220119_F2_run11,c-GC,71,1,7,0,0,1,,0.0,,,,stable
220119_F2_run11,c-GC,71,3,7,0,0,1,,0.0,,,,stable
220119_F2_run11,c-GC,71,4,6,0,1,2,,0.16666666666666666,,,,unstable
220119_F2_run11,c-GC,71,11,5,0,1,3,,0.16666666666666666,,,,unstable
220119_F2_run11,c-GC,71,16,7,0,0,1,,0.0,,,,stable
220119_F2_run11,c-GC,71,20,7,0,0,1,,0.0,,,,stable
220119_F2_run11,c-GC,71,21,3,1,2,4,6.0,0.5,,,,unstable
220119_F2_run11,c-GC,71,24,5,1,2,2,3.0,0.5,,,,unstable
220119_F2_run11,c-GC,71,31,7,0,0,1,,0.0,,,,stable
220119_F2_run11,c-GC,71,32,6,1,1,1,3.0,0.3333333333333333,,,,unstable
220119_F2_run11,c-GC,71,41,3,1,0,1,4.0,0.16666666666666666,,,,lost
220119_F2_run11,c-GC,71,43,1,1,0,1,2.0,0.16666666666666666,,,,unstable
220119_F2_run11,c-GC,71,49,6,1,1,1,4.0,0.3333333333333333,,,,unstable
220119_F2_run11,c-GC,71,56,2,0,1,6,,0.16666666666666666,,,,unstable
220119_F2_run11,c-GC,71,66,7,0,0,1,,0.0,,,,stable
220119_F2_run11,c-GC,71,74,1,1,0,1,2.0,0.16666666666666666,,,,unstable
220119_F2_run11,c-GC,71,77,1,0,1,7,,0.16666666666666666,,,,novel
220119_F2_run11,c-GC,71,88,7,0,0,1,,0.0,,,,stable
220119_F2_run11,c-GC,71,89,3,1,1,1,2.0,0.3333333333333333,,,,unstable
220119_F2_run11,c-GC,71,93,2,1,0,1,3.0,0.16666666666666666,,,,lost
220119_F2_run11,c-GC,71,95,1,1,1,5,6.0,0.3333333333333333,,,,unstable
220119_F2_run11,c-GC,71,97,1,1,1,5,6.0,0.3333333333333333,,,,unstable
220119_F2_run11,c-GC,71,98,7,0,0,1,,0.0,,,,stable
220119_F2_run11,c-GC,71,99,1,1,0,1,2.0,0.16666666666666666,,,,unstable
220119_F2_run11,c-GC,72,0,6,1,1,1,5.0,0.3333333333333333,,,,unstable
220119_F2_run11,c-GC,72,10,1,1,0,1,2.0,0.16666666666666666,,,,unstable
220119_F2_run11,c-GC,72,64,5,2,1,1,2.0,0.5,,,,unstable
220119_F2_run11,c-GC,72,69,6,1,1,1,4.0,0.3333333333333333,,,,unstable
220119_F2_run11,c-GC,73,20,3,1,0,1,4.0,0.16666666666666666,,,,lost
220119_F2_run11,c-GC,73,21,1,1,1,6,7.0,0.3333333333333333,,,,unstable
220119_F2_run11,c-GC,73,40,2,2,2,3,4.0,0.6666666666666666,,,,unstable
220119_F2_run11,c-GC,73,59,1,1,0,1,2.0,0.16666666666666666,,,,unstable
220119_F2_run11,c-GC,73,64,5,2,1,1,5.0,0.5,,,,unstable
220119_F2_run11,c-GC,73,71,1,1,0,1,2.0,0.16666666666666666,,,,unstable
220119_F2_run11,c-GC,73,77,1,1,0,1,2.0,0.16666666666666666,,,,unstable
220119_F2_run11,c-GC,73,90,1,1,0,1,2.0,0.16666666666666666,,,,unstable
220119_F2_run11,c-GC,73,99,1,1,0,1,2.0,0.16666666666666666,,,,unstable
220119_F2_run11,c-GC,74,20,4,2,1,1,4.0,0.5,,,,unstable
220119_F2_run11,c-GC,74,27,2,1,0,1,3.0,0.16666666666666666,,,,lost
220119_F2_run11,c-GC,74,40,1,1,0,1,2.0,0.16666666666666666,,,,unstable
220119_F2_run11,c-GC,74,43,1,1,0,1,2.0,0.16666666666666666,,,,unstable
220119_F2_run11,c-GC,74,76,2,1,0,1,3.0,0.16666666666666666,,,,lost
220119_F2_run11,c-GC,74,84,3,0,1,5,,0.16666666666666666,,,,unstable
220119_F2_run11,c-GC,74,96,1,1,0,1,2.0,0.16666666666666666,,,,unstable
220119_F2_run11,c-GC,74,99,1,1,0,1,2.0,0.16666666666666666,,,,unstable
220119_F2_run11,c-GC,75,30,7,0,0,1,,0.0,,,,stable
220119_F2_run11,c-GC,75,62,1,1,0,1,2.0,0.16666666666666666,,,,unstable
220119_F2_run11,c-GC,75,63,1,1,0,1,2.0,0.16666666666666666,,,,unstable
220119_F2_run11,c-GC,75,78,4,1,1,2,6.0,0.3333333333333333,,,,unstable
220119_F2_run11,c-GC,76,2,1,1,0,1,2.0,0.16666666666666666,,,,unstable
220119_F2_run11,c-GC,76,9,1,1,0,1,2.0,0.16666666666666666,,,,unstable
220119_F2_run11,c-GC,76,13,2,1,2,4,5.0,0.5,,,,unstable
220119_F2_run11,c-GC,76,30,1,1,0,1,2.0,0.16666666666666666,,,,unstable
220119_F2_run11,c-GC,76,41,7,0,0,1,,0.0,,,,stable
220119_F2_run11,c-GC,76,66,1,1,1,2,3.0,0.3333333333333333,,,,unstable
220119_F2_run11,c-GC,76,67,7,0,0,1,,0.0,,,,stable
220119_F2_run11,c-GC,76,78,1,1,0,1,2.0,0.16666666666666666,,,,unstable
220119_F2_run11,c-GC,76,81,4,1,1,3,7.0,0.3333333333333333,,,,unstable
220119_F2_run11,c-GC,78,22,1,0,1,7,,0.16666666666666666,,,,novel
220119_F2_run11,c-GC,79,4,5,1,1,1,2.0,0.3333333333333333,,,,unstable
220119_F2_run11,c-GC,79,29,1,1,0,1,2.0,0.16666666666666666,,,,unstable
220119_F2_run11,c-GC,79,65,2,1,0,1,3.0,0.16666666666666666,,,,lost
220119_F2_run11,c-GC,80,28,7,0,0,1,,0.0,,,,stable
220119_F2_run11,c-GC,80,53,6,1,1,1,5.0,0.3333333333333333,,,,unstable
220119_F2_run11,c-GC,80,72,2,1,2,3,4.0,0.5,,,,unstable
220119_F2_run11,c-GC,81,17,7,0,0,1,,0.0,,,,stable
220119_F2_run11,c-GC,81,21,6,1,1,1,5.0,0.3333333333333333,,,,unstable
220119_F2_run11,c-GC,81,22,3,1,0,1,4.0,0.16666666666666666,,,,lost
220119_F2_run11,c-GC,81,23,4,2,1,1,4.0,0.5,,,,unstable
220119_F2_run11,c-GC,81,28,7,0,0,1,,0.0,,,,stable
220119_F2_run11,c-GC,81,33,4,2,2,1,3.0,0.6666666666666666,,,,unstable
220119_F2_run11,c-GC,81,49,5,0,1,3,,0.16666666666666666,,,,unstable
220119_F2_run11,c-GC,81,53,1,1,0,1,2.0,0.16666666666666666,,,,unstable
220119_F2_run11,c-GC,81,84,2,2,1,1,2.0,0.5,,,,unstable
220119_F2_run11,c-GC,81,95,1,1,0,1,2.0,0.16666666666666666,,,,unstable
220119_F2_run11,c-GC,82,12,2,0,1,6,,0.16666666666666666,,,,unstable
220119_F2_run11,c-GC,82,31,1,1,0,1,2.0,0.16666666666666666,,,,unstable
220119_F2_run11,c-GC,82,36,7,0,0,1,,0.0,,,,stable
220119_F2_run11,c-GC,82,45,5,0,1,3,,0.16666666666666666,,,,unstable
220119_F2_run11,c-GC,82,46,6,0,1,2,,0.16666666666666666,,,,unstable
220119_F2_run11,c-GC,83,50,1,0,1,7,,0.16666666666666666,,,,novel
220119_F2_run11,c-GC,83,56,4,2,1,1,4.0,0.5,,,,unstable
220119_F2_run11,c-GC,83,70,2,1,0,1,3.0,0.16666666666666666,,,,lost
220119_F2_run11,c-GC,83,82,4,2,2,1,3.0,0.6666666666666666,,,,unstable
220119_F2_run11,c-GC,83,84,1,1,0,1,2.0,0.16666666666666666,,,,unstable
220119_F2_run11,c-GC,84,41,2,2,1,1,2.0,0.5,,,,unstable
220119_F2_run11,c-GC,84,52,1,1,0,1,2.0,0.16666666666666666,,,,unstable
220119_F2_run11,c-GC,84,98,1,1,0,1,2.0,0.16666666666666666,,,,unstable
220119_F2_run11,c-GC,85,18,7,0,0,1,,0.0,,,,stable
220119_F2_run11,c-GC,85,21,3,1,2,3,4.0,0.5,,,,unstable
220119_F2_run11,c-GC,85,33,7,0,0,1,,0.0,,,,stable
220119_F2_run11,c-GC,85,45,7,0,0,1,,0.0,,,,stable
220119_F2_run11,c-GC,85,46,7,0,0,1,,0.0,,,,stable
220119_F2_run11,c-GC,85,75,5,2,2,1,3.0,0.6666666666666666,,,,unstable
220119_F2_run11,c-GC,85,89,3,1,0,1,4.0,0.16666666666666666,,,,lost
220119_F2_run11,c-GC,85,95,4,1,1,2,6.0,0.3333333333333333,,,,unstable
220119_F2_run11,c-GC,86,82,7,0,0,1,,0.0,,,,stable
220119_F2_run11,c-GC,86,93,1,0,1,7,,0.16666666666666666,,,,novel
220119_F2_run11,c-GC,87,47,1,1,0,1,2.0,0.16666666666666666,,,,unstable
220119_F2_run11,c-GC,87,77,2,1,0,1,3.0,0.16666666666666666,,,,lost
220119_F2_run11,c-GC,87,85,2,2,1,1,2.0,0.5,,,,unstable
220119_F2_run11,c-GC,88,9,1,1,0,1,2.0,0.16666666666666666,,,,unstable
220119_F2_run11,c-GC,88,10,3,1,1,1,2.0,0.3333333333333333,,,,unstable
220119_F2_run11,c-GC,88,27,1,1,0,1,2.0,0.16666666666666666,,,,unstable
220119_F2_run11,c-GC,88,31,1,1,0,1,2.0,0.16666666666666666,,,,unstable
220119_F2_run11,c-GC,88,75,1,1,0,1,2.0,0.16666666666666666,,,,unstable
220119_F2_run11,c-GC,89,4,5,1,2,2,6.0,0.5,,,,unstable
220119_F2_run11,c-GC,89,33,7,0,0,1,,0.0,,,,stable
220119_F2_run11,c-GC,89,36,7,0,0,1,,0.0,,,,stable
220119_F2_run11,c-GC,89,39,1,1,1,4,5.0,0.3333333333333333,,,,unstable
220119_F2_run11,c-GC,89,42,3,1,1,4,7.0,0.3333333333333333,,,,unstable
220119_F2_run11,c-GC,89,44,7,0,0,1,,0.0,,,,stable
220119_F2_run11,c-GC,89,45,6,1,0,1,7.0,0.16666666666666666,,,,lost
220119_F2_run11,c-GC,89,46,1,1,1,3,4.0,0.3333333333333333,,,,unstable
220119_F2_run11,c-GC,89,48,7,0,0,1,,0.0,,,,stable
220119_F2_run11,c-GC,89,59,2,1,0,1,3.0,0.16666666666666666,,,,lost
220119_F2_run11,c-GC,89,64,1,0,1,7,,0.16666666666666666,,,,novel
220119_F2_run11,c-GC,89,69,6,0,1,2,,0.16666666666666666,,,,unstable
220119_F2_run11,c-GC,89,77,6,0,1,2,,0.16666666666666666,,,,unstable
220119_F2_run11,c-GC,89,88,3,2,2,1,2.0,0.6666666666666666,,,,unstable
220119_F2_run11,c-GC,89,93,7,0,0,1,,0.0,,,,stable
220119_F2_run11,c-GC,89,95,2,1,1,4,6.0,0.3333333333333333,,,,unstable
220119_F2_run11,c-GC,90,20,5,1,1,2,7.0,0.3333333333333333,,,,unstable
220119_F2_run11,c-GC,90,26,6,0,1,2,,0.16666666666666666,,,,unstable
220119_F2_run11,c-GC,90,30,3,1,1,1,3.0,0.3333333333333333,,,,unstable
220119_F2_run11,c-GC,90,74,2,1,0,1,3.0,0.16666666666666666,,,,lost
220119_F2_run11,c-GC,91,66,2,2,2,3,4.0,0.6666666666666666,,,,unstable
220119_F2_run11,c-GC,92,33,1,1,1,5,6.0,0.3333333333333333,,,,unstable
220119_F2_run11,c-GC,92,96,6,1,1,1,4.0,0.3333333333333333,,,,unstable
220119_F2_run11,c-GC,93,19,3,1,1,2,5.0,0.3333333333333333,,,,unstable
220119_F2_run11,c-GC,93,49,2,1,2,2,3.0,0.5,,,,unstable
220119_F2_run11,c-GC,94,95,4,2,2,1,3.0,0.6666666666666666,,,,unstable
220119_F2_run11,c-GC,95,21,6,1,1,1,6.0,0.3333333333333333,,,,unstable
220119_F2_run11,c-GC,95,43,2,2,1,1,2.0,0.5,,,,unstable
220119_F2_run11,c-GC,95,52,6,1,1,1,2.0,0.3333333333333333,,,,unstable
220119_F2_run11,c-GC,95,98,1,1,1,5,6.0,0.3333333333333333,,,,unstable
220119_F2_run11,c-GC,95,99,1,1,1,3,4.0,0.3333333333333333,,,,unstable
220119_F2_run11,c-GC,96,6,2,1,1,1,2.0,0.3333333333333333,,,,unstable
220119_F2_run11,c-GC,96,31,1,1,1,2,3.0,0.3333333333333333,,,,unstable
220119_F2_run11,c-GC,96,32,1,1,0,1,2.0,0.16666666666666666,,,,unstable
220119_F2_run11,c-GC,96,36,1,1,0,1,2.0,0.16666666666666666,,,,unstable
220119_F2_run11,c-GC,96,77,1,1,0,1,2.0,0.16666666666666666,,,,unstable
220119_F2_run11,c-GC,96,97,1,1,1,5,6.0,0.3333333333333333,,,,unstable
220119_F2_run11,c-GC,96,99,1,1,0,1,2.0,0.16666666666666666,,,,unstable
220119_F2_run11,c-GC,97,93,3,2,1,1,3.0,0.5,,,,unstable
220119_F2_run11,c-GC,98,13,1,1,0,1,2.0,0.16666666666666666,,,,unstable
220119_F2_run11,c-GC,98,18,1,1,0,1,2.0,0.16666666666666666,,,,unstable
220119_F2_run11,c-GC,98,33,1,1,1,6,7.0,0.3333333333333333,,,,unstable
220119_F2_run11,c-GC,98,51,7,0,0,1,,0.0,,,,stable
220119_F2_run11,c-GC,98,71,2,1,0,1,3.0,0.16666666666666666,,,,lost
220119_F2_run11,c-GC,98,72,5,0,1,3,,0.16666666666666666,,,,unstable
220119_F2_run11,c-GC,98,97,1,1,0,1,2.0,0.16666666666666666,,,,unstable
220119_F2_run11,c-GC,99,8,2,1,1,4,6.0,0.3333333333333333,,,,unstable
220119_F2_run11,c-GC,99,27,1,0,1,7,,0.16666666666666666,,,,novel
220119_F2_run11,c-GC,99,44,3,1,0,1,4.0,0.16666666666666666,,,,lost
220119_F2_run11,c-GC,99,53,4,2,1,1,3.0,0.5,,,,unstable
220119_F2_run11,c-GC,99,97,1,1,0,1,2.0,0.16666666666666666,,,,unstable
220127_F4_run2,c-GC,0,1,7,0,0,1,,0.0,,,,stable
220127_F4_run2,c-GC,0,11,4,2,2,2,4.0,0.6666666666666666,,,,unstable
220127_F4_run2,c-GC,0,16,7,0,0,1,,0.0,,,,stable
220127_F4_run2,c-GC,0,58,6,0,1,2,,0.16666666666666666,,,,unstable
220127_F4_run2,c-GC,0,64,2,1,2,3,4.0,0.5,,,,unstable
220127_F4_run2,c-GC,0,78,1,1,1,4,5.0,0.3333333333333333,,,,unstable
220127_F4_run2,c-GC,0,82,6,0,1,2,,0.16666666666666666,,,,unstable
220127_F4_run2,c-GC,0,87,6,0,1,2,,0.16666666666666666,,,,unstable
220127_F4_run2,c-GC,0,88,1,1,0,1,2.0,0.16666666666666666,,,,unstable
220127_F4_run2,c-GC,1,0,7,0,0,1,,0.0,,,,stable
220127_F4_run2,c-GC,1,5,7,0,0,1,,0.0,,,,stable
220127_F4_run2,c-GC,1,7,7,0,0,1,,0.0,,,,stable
220127_F4_run2,c-GC,1,8,6,0,1,2,,0.16666666666666666,,,,unstable
220127_F4_run2,c-GC,1,11,7,0,0,1,,0.0,,,,stable
220127_F4_run2,c-GC,1,16,7,0,0,1,,0.0,,,,stable
220127_F4_run2,c-GC,1,22,1,1,1,4,5.0,0.3333333333333333,,,,unstable
220127_F4_run2,c-GC,1,25,7,0,0,1,,0.0,,,,stable
220127_F4_run2,c-GC,1,29,6,0,1,2,,0.16666666666666666,,,,unstable
220127_F4_run2,c-GC,1,41,6,0,1,2,,0.16666666666666666,,,,unstable
220127_F4_run2,c-GC,1,53,4,1,1,2,6.0,0.3333333333333333,,,,unstable
220127_F4_run2,c-GC,1,54,3,2,2,2,4.0,0.6666666666666666,,,,unstable
220127_F4_run2,c-GC,1,56,7,0,0,1,,0.0,,,,stable
220127_F4_run2,c-GC,1,58,3,1,2,3,5.0,0.5,,,,unstable
220127_F4_run2,c-GC,1,59,5,1,2,2,5.0,0.5,,,,unstable
220127_F4_run2,c-GC,1,60,2,1,1,3,5.0,0.3333333333333333,,,,unstable
220127_F4_run2,c-GC,1,76,4,1,1,3,7.0,0.3333333333333333,,,,unstable
220127_F4_run2,c-GC,1,78,2,0,1,6,,0.16666666666666666,,,,unstable
220127_F4_run2,c-GC,1,79,2,1,0,1,3.0,0.16666666666666666,,,,lost
220127_F4_run2,c-GC,1,82,7,0,0,1,,0.0,,,,stable
220127_F4_run2,c-GC,1,83,1,1,0,1,2.0,0.16666666666666666,,,,unstable
220127_F4_run2,c-GC,1,87,6,0,1,2,,0.16666666666666666,,,,unstable
220127_F4_run2,c-GC,1,88,6,0,1,2,,0.16666666666666666,,,,unstable
220127_F4_run2,c-GC,3,4,1,1,0,1,2.0,0.16666666666666666,,,,unstable
220127_F4_run2,c-GC,3,9,7,0,0,1,,0.0,,,,stable
220127_F4_run2,c-GC,3,18,7,0,0,1,,0.0,,,,stable
220127_F4_run2,c-GC,3,19,1,1,1,2,3.0,0.3333333333333333,,,,unstable
220127_F4_run2,c-GC,3,26,7,0,0,1,,0.0,,,,stable
220127_F4_run2,c-GC,3,33,4,0,1,4,,0.16666666666666666,,,,unstable
220127_F4_run2,c-GC,3,65,6,0,1,2,,0.16666666666666666,,,,unstable
220127_F4_run2,c-GC,3,67,5,0,1,3,,0.16666666666666666,,,,unstable
220127_F4_run2,c-GC,3,84,6,0,1,2,,0.16666666666666666,,,,unstable
220127_F4_run2,c-GC,3,90,1,1,1,4,5.0,0.3333333333333333,,,,unstable
220127_F4_run2,c-GC,4,0,1,1,1,3,4.0,0.3333333333333333,,,,unstable
220127_F4_run2,c-GC,4,6,7,0,0,1,,0.0,,,,stable
220127_F4_run2,c-GC,4,13,7,0,0,1,,0.0,,,,stable
220127_F4_run2,c-GC,4,14,7,0,0,1,,0.0,,,,stable
220127_F4_run2,c-GC,4,19,7,0,0,1,,0.0,,,,stable
220127_F4_run2,c-GC,4,20,7,0,0,1,,0.0,,,,stable
220127_F4_run2,c-GC,4,27,1,1,0,1,2.0,0.16666666666666666,,,,unstable
220127_F4_run2,c-GC,4,30,2,1,1,5,7.0,0.3333333333333333,,,,unstable
220127_F4_run2,c-GC,4,52,3,0,1,5,,0.16666666666666666,,,,unstable
220127_F4_run2,c-GC,4,89,6,0,1,2,,0.16666666666666666,,,,unstable
220127_F4_run2,c-GC,5,8,1,1,1,2,3.0,0.3333333333333333,,,,unstable
220127_F4_run2,c-GC,5,22,1,1,0,1,2.0,0.16666666666666666,,,,unstable
220127_F4_run2,c-GC,5,25,3,0,1,5,,0.16666666666666666,,,,unstable
220127_F4_run2,c-GC,5,28,4,1,0,1,5.0,0.16666666666666666,,,,lost
220127_F4_run2,c-GC,5,48,5,0,1,3,,0.16666666666666666,,,,unstable
220127_F4_run2,c-GC,5,51,1,1,1,5,6.0,0.3333333333333333,,,,unstable
220127_F4_run2,c-GC,6,4,7,0,0,1,,0.0,,,,stable
220127_F4_run2,c-GC,6,19,6,0,1,2,,0.16666666666666666,,,,unstable
220127_F4_run2,c-GC,6,20,1,1,1,3,4.0,0.3333333333333333,,,,unstable
220127_F4_run2,c-GC,6,33,2,1,0,1,3.0,0.16666666666666666,,,,lost
220127_F4_run2,c-GC,6,52,6,1,0,1,7.0,0.16666666666666666,,,,lost
220127_F4_run2,c-GC,6,66,2,1,0,1,3.0,0.16666666666666666,,,,lost
220127_F4_run2,c-GC,7,0,2,1,0,1,3.0,0.16666666666666666,,,,lost
220127_F4_run2,c-GC,7,10,1,1,0,1,2.0,0.16666666666666666,,,,unstable
220127_F4_run2,c-GC,7,22,3,1,0,1,4.0,0.16666666666666666,,,,lost
220127_F4_run2,c-GC,7,32,1,1,0,1,2.0,0.16666666666666666,,,,unstable
220127_F4_run2,c-GC,7,33,2,2,1,1,2.0,0.5,,,,unstable
220127_F4_run2,c-GC,7,67,2,1,1,4,6.0,0.3333333333333333,,,,unstable
220127_F4_run2,c-GC,7,82,5,1,2,2,4.0,0.5,,,,unstable
220127_F4_run2,c-GC,8,5,7,0,0,1,,0.0,,,,stable
220127_F4_run2,c-GC,8,21,7,0,0,1,,0.0,,,,stable
220127_F4_run2,c-GC,8,24,6,1,1,1,6.0,0.3333333333333333,,,,unstable
220127_F4_run2,c-GC,8,28,5,2,1,1,4.0,0.5,,,,unstable
220127_F4_run2,c-GC,9,3,7,0,0,1,,0.0,,,,stable
220127_F4_run2,c-GC,9,7,1,1,1,5,6.0,0.3333333333333333,,,,unstable
220127_F4_run2,c-GC,9,18,7,0,0,1,,0.0,,,,stable
220127_F4_run2,c-GC,9,65,5,0,1,3,,0.16666666666666666,,,,unstable
220127_F4_run2,c-GC,9,67,5,0,1,3,,0.16666666666666666,,,,unstable
220127_F4_run2,c-GC,9,68,3,0,1,5,,0.16666666666666666,,,,unstable
220127_F4_run2,c-GC,9,90,4,0,1,4,,0.16666666666666666,,,,unstable
220127_F4_run2,c-GC,10,5,7,0,0,1,,0.0,,,,stable
220127_F4_run2,c-GC,10,7,3,1,1,3,6.0,0.3333333333333333,,,,unstable
220127_F4_run2,c-GC,10,15,4,1,2,3,4.0,0.5,,,,unstable
220127_F4_run2,c-GC,10,22,7,0,0,1,,0.0,,,,stable
220127_F4_run2,c-GC,10,53,7,0,0,1,,0.0,,,,stable
220127_F4_run2,c-GC,10,56,3,1,0,1,4.0,0.16666666666666666,,,,lost
220127_F4_run2,c-GC,10,61,5,1,1,2,7.0,0.3333333333333333,,,,unstable
220127_F4_run2,c-GC,10,86,3,2,3,3,4.0,0.8333333333333334,,,,unstable
220127_F4_run2,c-GC,11,0,7,0,0,1,,0.0,,,,stable
220127_F4_run2,c-GC,11,1,7,0,0,1,,0.0,,,,stable
220127_F4_run2,c-GC,11,8,3,1,0,1,4.0,0.16666666666666666,,,,lost
220127_F4_run2,c-GC,11,16,7,0,0,1,,0.0,,,,stable
220127_F4_run2,c-GC,11,29,7,0,0,1,,0.0,,,,stable
220127_F4_run2,c-GC,11,58,2,1,1,3,5.0,0.3333333333333333,,,,unstable
220127_F4_run2,c-GC,11,82,6,0,1,2,,0.16666666666666666,,,,unstable
220127_F4_run2,c-GC,11,88,2,0,1,6,,0.16666666666666666,,,,unstable
220127_F4_run2,c-GC,12,17,1,1,0,1,2.0,0.16666666666666666,,,,unstable
220127_F4_run2,c-GC,12,25,3,1,1,2,5.0,0.3333333333333333,,,,unstable
220127_F4_run2,c-GC,12,26,7,0,0,1,,0.0,,,,stable
220127_F4_run2,c-GC,12,40,5,1,1,1,5.0,0.3333333333333333,,,,unstable
220127_F4_run2,c-GC,12,44,1,1,1,5,6.0,0.3333333333333333,,,,unstable
220127_F4_run2,c-GC,12,83,1,1,0,1,2.0,0.16666666666666666,,,,unstable
220127_F4_run2,c-GC,12,84,1,1,0,1,2.0,0.16666666666666666,,,,unstable
220127_F4_run2,c-GC,13,3,3,0,1,5,,0.16666666666666666,,,,unstable
220127_F4_run2,c-GC,13,4,7,0,0,1,,0.0,,,,stable
220127_F4_run2,c-GC,13,6,2,1,2,4,5.0,0.5,,,,unstable
220127_F4_run2,c-GC,13,14,7,0,0,1,,0.0,,,,stable
220127_F4_run2,c-GC,13,19,1,1,0,1,2.0,0.16666666666666666,,,,unstable
220127_F4_run2,c-GC,13,20,7,0,0,1,,0.0,,,,stable
220127_F4_run2,c-GC,13,68,1,0,1,7,,0.16666666666666666,,,,novel
220127_F4_run2,c-GC,14,4,7,0,0,1,,0.0,,,,stable
220127_F4_run2,c-GC,14,6,4,1,1,3,7.0,0.3333333333333333,,,,unstable
220127_F4_run2,c-GC,14,7,1,1,1,3,4.0,0.3333333333333333,,,,unstable
220127_F4_run2,c-GC,14,13,7,0,0,1,,0.0,,,,stable
220127_F4_run2,c-GC,14,19,7,0,0,1,,0.0,,,,stable
220127_F4_run2,c-GC,14,20,7,0,0,1,,0.0,,,,stable
220127_F4_run2,c-GC,14,70,3,1,1,2,5.0,0.3333333333333333,,,,unstable
220127_F4_run2,c-GC,16,0,7,0,0,1,,0.0,,,,stable
220127_F4_run2,c-GC,16,1,7,0,0,1,,0.0,,,,stable
220127_F4_run2,c-GC,16,4,1,1,0,1,2.0,0.16666666666666666,,,,unstable
220127_F4_run2,c-GC,16,7,5,0,1,3,,0.16666666666666666,,,,unstable
220127_F4_run2,c-GC,16,8,5,0,1,3,,0.16666666666666666,,,,unstable
220127_F4_run2,c-GC,16,10,3,1,2,4,6.0,0.5,,,,unstable
220127_F4_run2,c-GC,16,11,7,0,0,1,,0.0,,,,stable
220127_F4_run2,c-GC,16,12,6,0,1,2,,0.16666666666666666,,,,unstable
220127_F4_run2,c-GC,16,22,6,0,1,2,,0.16666666666666666,,,,unstable
220127_F4_run2,c-GC,16,24,1,0,1,7,,0.16666666666666666,,,,novel
220127_F4_run2,c-GC,16,28,5,0,1,3,,0.16666666666666666,,,,unstable
220127_F4_run2,c-GC,16,29,1,1,1,4,5.0,0.3333333333333333,,,,unstable
220127_F4_run2,c-GC,16,32,5,0,1,3,,0.16666666666666666,,,,unstable
220127_F4_run2,c-GC,16,56,6,0,1,2,,0.16666666666666666,,,,unstable
220127_F4_run2,c-GC,16,59,6,0,1,2,,0.16666666666666666,,,,unstable
220127_F4_run2,c-GC,16,62,6,0,1,2,,0.16666666666666666,,,,unstable
220127_F4_run2,c-GC,16,64,4,1,1,2,6.0,0.3333333333333333,,,,unstable
220127_F4_run2,c-GC,16,69,6,0,1,2,,0.16666666666666666,,,,unstable
220127_F4_run2,c-GC,16,71,2,1,2,4,5.0,0.5,,,,unstable
220127_F4_run2,c-GC,16,82,1,1,0,1,2.0,0.16666666666666666,,,,unstable
220127_F4_run2,c-GC,16,87,6,0,1,2,,0.16666666666666666,,,,unstable
220127_F4_run2,c-GC,17,12,6,1,1,1,4.0,0.3333333333333333,,,,unstable
220127_F4_run2,c-GC,17,35,1,1,0,1,2.0,0.16666666666666666,,,,unstable
220127_F4_run2,c-GC,17,83,1,1,0,1,2.0,0.16666666666666666,,,,unstable
220127_F4_run2,c-GC,18,3,7,0,0,1,,0.0,,,,stable
220127_F4_run2,c-GC,18,6,1,1,0,1,2.0,0.16666666666666666,,,,unstable
220127_F4_run2,c-GC,18,9,7,0,0,1,,0.0,,,,stable
220127_F4_run2,c-GC,18,33,2,1,1,2,4.0,0.3333333333333333,,,,unstable
220127_F4_run2,c-GC,18,65,7,0,0,1,,0.0,,,,stable
220127_F4_run2,c-GC,18,67,7,0,0,1,,0.0,,,,stable
220127_F4_run2,c-GC,18,84,1,0,1,7,,0.16666666666666666,,,,novel
220127_F4_run2,c-GC,18,90,5,1,2,2,5.0,0.5,,,,unstable
220127_F4_run2,c-GC,18,91,7,0,0,1,,0.0,,,,stable
220127_F4_run2,c-GC,19,1,2,1,2,4,5.0,0.5,,,,unstable
220127_F4_run2,c-GC,19,4,7,0,0,1,,0.0,,,,stable
220127_F4_run2,c-GC,19,6,4,1,0,1,5.0,0.16666666666666666,,,,lost
220127_F4_run2,c-GC,19,13,7,0,0,1,,0.0,,,,stable
220127_F4_run2,c-GC,19,14,7,0,0,1,,0.0,,,,stable
220127_F4_run2,c-GC,19,20,4,0,1,4,,0.16666666666666666,,,,unstable
220127_F4_run2,c-GC,19,26,7,0,0,1,,0.0,,,,stable
220127_F4_run2,c-GC,19,33,6,0,1,2,,0.16666666666666666,,,,unstable
220127_F4_run2,c-GC,19,35,6,0,1,2,,0.16666666666666666,,,,unstable
220127_F4_run2,c-GC,19,43,4,0,1,4,,0.16666666666666666,,,,unstable
220127_F4_run2,c-GC,19,52,7,0,0,1,,0.0,,,,stable
220127_F4_run2,c-GC,19,66,1,1,0,1,2.0,0.16666666666666666,,,,unstable
220127_F4_run2,c-GC,19,67,4,2,1,1,4.0,0.5,,,,unstable
220127_F4_run2,c-GC,19,69,4,2,2,2,4.0,0.6666666666666666,,,,unstable
220127_F4_run2,c-GC,19,71,4,1,0,1,5.0,0.16666666666666666,,,,lost
220127_F4_run2,c-GC,20,4,7,0,0,1,,0.0,,,,stable
220127_F4_run2,c-GC,20,6,7,0,0,1,,0.0,,,,stable
220127_F4_run2,c-GC,20,13,7,0,0,1,,0.0,,,,stable
220127_F4_run2,c-GC,20,14,7,0,0,1,,0.0,,,,stable
220127_F4_run2,c-GC,20,19,3,0,1,5,,0.16666666666666666,,,,unstable
220127_F4_run2,c-GC,20,27,5,1,1,2,7.0,0.3333333333333333,,,,unstable
220127_F4_run2,c-GC,20,52,3,1,2,3,4.0,0.5,,,,unstable
220127_F4_run2,c-GC,20,66,2,1,1,5,7.0,0.3333333333333333,,,,unstable
220127_F4_run2,c-GC,20,74,1,0,1,7,,0.16666666666666666,,,,novel
220127_F4_run2,c-GC,20,89,5,1,2,2,6.0,0.5,,,,unstable
220127_F4_run2,c-GC,20,90,6,0,1,2,,0.16666666666666666,,,,unstable
220127_F4_run2,c-GC,21,8,7,0,0,1,,0.0,,,,stable
220127_F4_run2,c-GC,21,24,7,0,0,1,,0.0,,,,stable
220127_F4_run2,c-GC,21,28,2,1,0,1,3.0,0.16666666666666666,,,,lost
220127_F4_run2,c-GC,21,35,2,1,1,1,2.0,0.3333333333333333,,,,unstable
220127_F4_run2,c-GC,21,47,4,1,2,3,6.0,0.5,,,,unstable
220127_F4_run2,c-GC,21,60,1,1,0,1,2.0,0.16666666666666666,,,,unstable
220127_F4_run2,c-GC,22,5,7,0,0,1,,0.0,,,,stable
220127_F4_run2,c-GC,22,7,1,1,1,3,4.0,0.3333333333333333,,,,unstable
220127_F4_run2,c-GC,22,10,7,0,0,1,,0.0,,,,stable
220127_F4_run2,c-GC,22,53,2,1,0,1,3.0,0.16666666666666666,,,,lost
220127_F4_run2,c-GC,22,56,2,1,0,1,3.0,0.16666666666666666,,,,lost
220127_F4_run2,c-GC,23,1,1,0,1,7,,0.16666666666666666,,,,novel
220127_F4_run2,c-GC,24,41,1,1,0,1,2.0,0.16666666666666666,,,,unstable
220127_F4_run2,c-GC,24,67,4,2,2,1,3.0,0.6666666666666666,,,,unstable
220127_F4_run2,c-GC,24,69,1,0,1,7,,0.16666666666666666,,,,novel
220127_F4_run2,c-GC,24,88,1,1,0,1,2.0,0.16666666666666666,,,,unstable
220127_F4_run2,c-GC,25,7,6,1,0,1,7.0,0.16666666666666666,,,,lost
220127_F4_run2,c-GC,25,13,3,1,0,1,4.0,0.16666666666666666,,,,lost
220127_F4_run2,c-GC,25,19,3,1,2,3,4.0,0.5,,,,unstable
220127_F4_run2,c-GC,25,29,1,1,0,1,2.0,0.16666666666666666,,,,unstable
220127_F4_run2,c-GC,25,41,2,1,2,5,6.0,0.5,,,,unstable
220127_F4_run2,c-GC,25,73,5,1,2,2,3.0,0.5,,,,unstable
220127_F4_run2,c-GC,25,81,1,1,0,1,2.0,0.16666666666666666,,,,unstable
220127_F4_run2,c-GC,25,82,2,1,0,1,3.0,0.16666666666666666,,,,lost
220127_F4_run2,c-GC,26,11,1,0,1,7,,0.16666666666666666,,,,novel
220127_F4_run2,c-GC,26,12,7,0,0,1,,0.0,,,,stable
220127_F4_run2,c-GC,26,50,1,1,0,1,2.0,0.16666666666666666,,,,unstable
220127_F4_run2,c-GC,26,82,3,2,3,2,3.0,0.8333333333333334,,,,unstable
220127_F4_run2,c-GC,26,84,1,1,0,1,2.0,0.16666666666666666,,,,unstable
220127_F4_run2,c-GC,27,3,1,1,0,1,2.0,0.16666666666666666,,,,unstable
220127_F4_run2,c-GC,27,4,6,1,1,1,2.0,0.3333333333333333,,,,unstable
220127_F4_run2,c-GC,27,13,1,1,0,1,2.0,0.16666666666666666,,,,unstable
220127_F4_run2,c-GC,27,18,1,1,1,6,7.0,0.3333333333333333,,,,unstable
220127_F4_run2,c-GC,27,20,1,1,0,1,2.0,0.16666666666666666,,,,unstable
220127_F4_run2,c-GC,27,33,1,1,0,1,2.0,0.16666666666666666,,,,unstable
220127_F4_run2,c-GC,27,54,1,1,0,1,2.0,0.16666666666666666,,,,unstable
220127_F4_run2,c-GC,27,58,1,1,0,1,2.0,0.16666666666666666,,,,unstable
220127_F4_run2,c-GC,27,66,1,1,0,1,2.0,0.16666666666666666,,,,unstable
220127_F4_run2,c-GC,28,8,4,2,2,1,3.0,0.6666666666666666,,,,unstable
220127_F4_run2,c-GC,28,13,2,0,1,6,,0.16666666666666666,,,,unstable
220127_F4_run2,c-GC,28,21,1,1,0,1,2.0,0.16666666666666666,,,,unstable
220127_F4_run2,c-GC,29,24,4,1,2,3,4.0,0.5,,,,unstable
220127_F4_run2,c-GC,29,25,1,1,0,1,2.0,0.16666666666666666,,,,unstable
220127_F4_run2,c-GC,29,32,1,1,0,1,2.0,0.16666666666666666,,,,unstable
220127_F4_run2,c-GC,29,36,1,1,1,4,5.0,0.3333333333333333,,,,unstable
220127_F4_run2,c-GC,29,41,2,2,1,1,2.0,0.5,,,,unstable
220127_F4_run2,c-GC,29,53,1,1,0,1,2.0,0.16666666666666666,,,,unstable
220127_F4_run2,c-GC,29,54,4,1,1,1,2.0,0.3333333333333333,,,,unstable
220127_F4_run2,c-GC,29,58,1,1,0,1,2.0,0.16666666666666666,,,,unstable
220127_F4_run2,c-GC,30,31,1,1,0,1,2.0,0.16666666666666666,,,,unstable
220127_F4_run2,c-GC,30,39,1,1,0,1,2.0,0.16666666666666666,,,,unstable
220127_F4_run2,c-GC,30,52,7,0,0,1,,0.0,,,,stable
220127_F4_run2,c-GC,30,66,4,1,1,3,7.0,0.3333333333333333,,,,unstable
220127_F4_run2,c-GC,30,68,7,0,0,1,,0.0,,,,stable
220127_F4_run2,c-GC,30,69,1,1,0,1,2.0,0.16666666666666666,,,,unstable
220127_F4_run2,c-GC,30,90,3,1,0,1,4.0,0.16666666666666666,,,,lost
220127_F4_run2,c-GC,31,25,1,1,0,1,2.0,0.16666666666666666,,,,unstable
220127_F4_run2,c-GC,31,30,1,1,0,1,2.0,0.16666666666666666,,,,unstable
220127_F4_run2,c-GC,31,35,1,1,0,1,2.0,0.16666666666666666,,,,unstable
220127_F4_run2,c-GC,31,49,1,1,0,1,2.0,0.16666666666666666,,,,unstable
220127_F4_run2,c-GC,31,52,1,1,0,1,2.0,0.16666666666666666,,,,unstable
220127_F4_run2,c-GC,31,53,5,2,2,1,3.0,0.6666666666666666,,,,unstable
220127_F4_run2,c-GC,31,57,1,1,1,3,4.0,0.3333333333333333,,,,unstable
220127_F4_run2,c-GC,31,72,1,1,0,1,2.0,0.16666666666666666,,,,unstable
220127_F4_run2,c-GC,31,73,1,1,1,6,7.0,0.3333333333333333,,,,unstable
220127_F4_run2,c-GC,31,76,2,2,1,1,2.0,0.5,,,,unstable
220127_F4_run2,c-GC,31,77,2,1,2,4,5.0,0.5,,,,unstable
220127_F4_run2,c-GC,31,78,6,1,0,1,7.0,0.16666666666666666,,,,lost
220127_F4_run2,c-GC,31,84,2,1,0,1,3.0,0.16666666666666666,,,,lost
220127_F4_run2,c-GC,32,0,4,0,1,4,,0.16666666666666666,,,,unstable
220127_F4_run2,c-GC,32,23,1,1,0,1,2.0,0.16666666666666666,,,,unstable
220127_F4_run2,c-GC,32,25,1,1,0,1,2.0,0.16666666666666666,,,,unstable
220127_F4_run2,c-GC,32,56,1,1,0,1,2.0,0.16666666666666666,,,,unstable
220127_F4_run2,c-GC,32,61,3,2,1,1,3.0,0.5,,,,unstable
220127_F4_run2,c-GC,32,63,7,0,0,1,,0.0,,,,stable
220127_F4_run2,c-GC,32,64,1,1,0,1,2.0,0.16666666666666666,,,,unstable
220127_F4_run2,c-GC,32,73,1,1,0,1,2.0,0.16666666666666666,,,,unstable
220127_F4_run2,c-GC,33,6,1,1,0,1,2.0,0.16666666666666666,,,,unstable
220127_F4_run2,c-GC,33,66,1,1,0,1,2.0,0.16666666666666666,,,,unstable
220127_F4_run2,c-GC,33,67,2,1,0,1,3.0,0.16666666666666666,,,,lost
220127_F4_run2,c-GC,35,4,1,1,0,1,2.0,0.16666666666666666,,,,unstable
220127_F4_run2,c-GC,35,17,3,1,0,1,4.0,0.16666666666666666,,,,lost
220127_F4_run2,c-GC,35,44,1,1,0,1,2.0,0.16666666666666666,,,,unstable
220127_F4_run2,c-GC,36,5,1,1,1,2,3.0,0.3333333333333333,,,,unstable
220127_F4_run2,c-GC,36,31,1,1,1,4,5.0,0.3333333333333333,,,,unstable
220127_F4_run2,c-GC,36,51,1,1,0,1,2.0,0.16666666666666666,,,,unstable
220127_F4_run2,c-GC,36,81,7,0,0,1,,0.0,,,,stable
220127_F4_run2,c-GC,37,15,1,1,0,1,2.0,0.16666666666666666,,,,unstable
220127_F4_run2,c-GC,37,46,1,1,0,1,2.0,0.16666666666666666,,,,unstable
220127_F4_run2,c-GC,37,56,3,1,2,2,3.0,0.5,,,,unstable
220127_F4_run2,c-GC,37,62,6,1,1,1,4.0,0.3333333333333333,,,,unstable
220127_F4_run2,c-GC,37,66,7,0,0,1,,0.0,,,,stable
220127_F4_run2,c-GC,37,73,7,0,0,1,,0.0,,,,stable
220127_F4_run2,c-GC,38,48,1,1,0,1,2.0,0.16666666666666666,,,,unstable
220127_F4_run2,c-GC,38,67,7,0,0,1,,0.0,,,,stable
220127_F4_run2,c-GC,38,77,1,1,0,1,2.0,0.16666666666666666,,,,unstable
220127_F4_run2,c-GC,38,79,1,1,0,1,2.0,0.16666666666666666,,,,unstable
220127_F4_run2,c-GC,38,81,1,1,0,1,2.0,0.16666666666666666,,,,unstable
220127_F4_run2,c-GC,39,6,4,0,1,4,,0.16666666666666666,,,,unstable
220127_F4_run2,c-GC,39,30,6,1,0,1,7.0,0.16666666666666666,,,,lost
220127_F4_run2,c-GC,39,32,1,0,1,7,,0.16666666666666666,,,,novel
220127_F4_run2,c-GC,39,38,5,1,2,2,5.0,0.5,,,,unstable
220127_F4_run2,c-GC,39,47,4,1,1,1,3.0,0.3333333333333333,,,,unstable
220127_F4_run2,c-GC,39,76,2,2,1,1,2.0,0.5,,,,unstable
220127_F4_run2,c-GC,39,89,1,1,0,1,2.0,0.16666666666666666,,,,unstable
220127_F4_run2,c-GC,40,12,7,0,0,1,,0.0,,,,stable
220127_F4_run2,c-GC,40,25,3,1,1,4,7.0,0.3333333333333333,,,,unstable
220127_F4_run2,c-GC,40,26,2,1,0,1,3.0,0.16666666666666666,,,,lost
220127_F4_run2,c-GC,40,41,2,1,1,1,2.0,0.3333333333333333,,,,unstable
220127_F4_run2,c-GC,40,50,1,1,0,1,2.0,0.16666666666666666,,,,unstable
220127_F4_run2,c-GC,40,80,3,0,1,5,,0.16666666666666666,,,,unstable
220127_F4_run2,c-GC,40,87,1,1,0,1,2.0,0.16666666666666666,,,,unstable
220127_F4_run2,c-GC,41,9,7,0,0,1,,0.0,,,,stable
220127_F4_run2,c-GC,41,10,2,1,0,1,3.0,0.16666666666666666,,,,lost
220127_F4_run2,c-GC,41,26,1,1,0,1,2.0,0.16666666666666666,,,,unstable
220127_F4_run2,c-GC,41,40,2,0,1,6,,0.16666666666666666,,,,unstable
220127_F4_run2,c-GC,41,46,1,1,0,1,2.0,0.16666666666666666,,,,unstable
220127_F4_run2,c-GC,41,48,3,1,0,1,4.0,0.16666666666666666,,,,lost
220127_F4_run2,c-GC,41,53,6,1,1,1,2.0,0.3333333333333333,,,,unstable
220127_F4_run2,c-GC,41,56,7,0,0,1,,0.0,,,,stable
220127_F4_run2,c-GC,41,58,1,1,0,1,2.0,0.16666666666666666,,,,unstable
220127_F4_run2,c-GC,41,71,1,1,0,1,2.0,0.16666666666666666,,,,unstable
220127_F4_run2,c-GC,41,87,1,1,1,3,4.0,0.3333333333333333,,,,unstable
220127_F4_run2,c-GC,42,45,5,0,1,3,,0.16666666666666666,,,,unstable
220127_F4_run2,c-GC,42,79,1,1,0,1,2.0,0.16666666666666666,,,,unstable
220127_F4_run2,c-GC,42,84,3,3,2,1,2.0,0.8333333333333334,,,,unstable
220127_F4_run2,c-GC,43,68,1,0,1,7,,0.16666666666666666,,,,novel
220127_F4_run2,c-GC,44,53,3,0,1,5,,0.16666666666666666,,,,unstable
220127_F4_run2,c-GC,44,54,4,1,0,1,5.0,0.16666666666666666,,,,lost
220127_F4_run2,c-GC,44,73,1,1,0,1,2.0,0.16666666666666666,,,,unstable
220127_F4_run2,c-GC,44,84,2,2,2,2,3.0,0.6666666666666666,,,,unstable
220127_F4_run2,c-GC,44,91,1,1,1,4,5.0,0.3333333333333333,,,,unstable
220127_F4_run2,c-GC,45,2,1,1,0,1,2.0,0.16666666666666666,,,,unstable
220127_F4_run2,c-GC,45,8,1,1,1,3,4.0,0.3333333333333333,,,,unstable
220127_F4_run2,c-GC,45,46,3,2,1,1,3.0,0.5,,,,unstable
220127_F4_run2,c-GC,45,47,3,2,1,1,3.0,0.5,,,,unstable
220127_F4_run2,c-GC,45,55,1,1,0,1,2.0,0.16666666666666666,,,,unstable
220127_F4_run2,c-GC,45,62,1,1,1,4,5.0,0.3333333333333333,,,,unstable
220127_F4_run2,c-GC,45,77,7,0,0,1,,0.0,,,,stable
220127_F4_run2,c-GC,46,4,1,1,0,1,2.0,0.16666666666666666,,,,unstable
220127_F4_run2,c-GC,46,69,1,1,0,1,2.0,0.16666666666666666,,,,unstable
220127_F4_run2,c-GC,46,70,2,1,0,1,3.0,0.16666666666666666,,,,lost
220127_F4_run2,c-GC,46,90,1,1,0,1,2.0,0.16666666666666666,,,,unstable
220127_F4_run2,c-GC,47,1,1,1,1,2,3.0,0.3333333333333333,,,,unstable
220127_F4_run2,c-GC,47,32,1,0,1,7,,0.16666666666666666,,,,novel
220127_F4_run2,c-GC,47,38,7,0,0,1,,0.0,,,,stable
220127_F4_run2,c-GC,47,39,7,0,0,1,,0.0,,,,stable
220127_F4_run2,c-GC,47,49,2,0,1,6,,0.16666666666666666,,,,unstable
220127_F4_run2,c-GC,47,50,6,1,0,1,7.0,0.16666666666666666,,,,lost
220127_F4_run2,c-GC,47,84,1,1,1,6,7.0,0.3333333333333333,,,,unstable
220127_F4_run2,c-GC,47,88,5,1,1,1,5.0,0.3333333333333333,,,,unstable
220127_F4_run2,c-GC,48,7,1,1,0,1,2.0,0.16666666666666666,,,,unstable
220127_F4_run2,c-GC,48,41,1,1,0,1,2.0,0.16666666666666666,,,,unstable
220127_F4_run2,c-GC,48,46,4,2,1,1,3.0,0.5,,,,unstable
220127_F4_run2,c-GC,48,58,6,1,1,1,4.0,0.3333333333333333,,,,unstable
220127_F4_run2,c-GC,48,59,2,1,0,1,3.0,0.16666666666666666,,,,lost
220127_F4_run2,c-GC,48,62,4,1,2,2,3.0,0.5,,,,unstable
220127_F4_run2,c-GC,48,71,3,0,1,5,,0.16666666666666666,,,,unstable
220127_F4_run2,c-GC,48,87,1,1,0,1,2.0,0.16666666666666666,,,,unstable
220127_F4_run2,c-GC,48,88,1,1,0,1,2.0,0.16666666666666666,,,,unstable
220127_F4_run2,c-GC,49,15,4,1,2,3,4.0,0.5,,,,unstable
220127_F4_run2,c-GC,49,28,1,0,1,7,,0.16666666666666666,,,,novel
220127_F4_run2,c-GC,49,51,1,1,0,1,2.0,0.16666666666666666,,,,unstable
220127_F4_run2,c-GC,49,69,4,0,1,4,,0.16666666666666666,,,,unstable
220127_F4_run2,c-GC,49,70,7,0,0,1,,0.0,,,,stable
220127_F4_run2,c-GC,49,78,1,1,0,1,2.0,0.16666666666666666,,,,unstable
220127_F4_run2,c-GC,49,81,3,1,2,3,4.0,0.5,,,,unstable
220127_F4_run2,c-GC,50,38,1,1,0,1,2.0,0.16666666666666666,,,,unstable
220127_F4_run2,c-GC,50,40,7,0,0,1,,0.0,,,,stable
220127_F4_run2,c-GC,50,44,6,1,0,1,7.0,0.16666666666666666,,,,lost
220127_F4_run2,c-GC,50,45,2,1,0,1,3.0,0.16666666666666666,,,,lost
220127_F4_run2,c-GC,50,49,6,0,1,2,,0.16666666666666666,,,,unstable
220127_F4_run2,c-GC,50,69,3,2,1,1,3.0,0.5,,,,unstable
220127_F4_run2,c-GC,50,80,7,0,0,1,,0.0,,,,stable
220127_F4_run2,c-GC,51,28,2,2,2,3,4.0,0.6666666666666666,,,,unstable
220127_F4_run2,c-GC,51,41,2,2,2,2,3.0,0.6666666666666666,,,,unstable
220127_F4_run2,c-GC,51,53,1,1,1,2,3.0,0.3333333333333333,,,,unstable
220127_F4_run2,c-GC,51,56,1,1,0,1,2.0,0.16666666666666666,,,,unstable
220127_F4_run2,c-GC,51,72,2,2,1,1,2.0,0.5,,,,unstable
220127_F4_run2,c-GC,51,73,3,1,2,2,4.0,0.5,,,,unstable
220127_F4_run2,c-GC,51,76,7,0,0,1,,0.0,,,,stable
220127_F4_run2,c-GC,52,6,2,1,0,1,3.0,0.16666666666666666,,,,lost
220127_F4_run2,c-GC,52,30,7,0,0,1,,0.0,,,,stable
220127_F4_run2,c-GC,52,31,1,1,0,1,2.0,0.16666666666666666,,,,unstable
220127_F4_run2,c-GC,52,35,1,1,1,3,4.0,0.3333333333333333,,,,unstable
220127_F4_run2,c-GC,52,39,2,0,1,6,,0.16666666666666666,,,,unstable
220127_F4_run2,c-GC,52,43,6,1,0,1,7.0,0.16666666666666666,,,,lost
220127_F4_run2,c-GC,52,60,1,0,1,7,,0.16666666666666666,,,,novel
220127_F4_run2,c-GC,52,68,2,1,0,1,3.0,0.16666666666666666,,,,lost
220127_F4_run2,c-GC,52,73,4,1,1,1,4.0,0.3333333333333333,,,,unstable
220127_F4_run2,c-GC,53,10,6,1,1,1,4.0,0.3333333333333333,,,,unstable
220127_F4_run2,c-GC,53,21,5,0,1,3,,0.16666666666666666,,,,unstable
220127_F4_run2,c-GC,53,22,7,0,0,1,,0.0,,,,stable
220127_F4_run2,c-GC,53,25,3,2,2,1,2.0,0.6666666666666666,,,,unstable
220127_F4_run2,c-GC,53,34,6,0,1,2,,0.16666666666666666,,,,unstable
220127_F4_run2,c-GC,53,35,2,1,1,1,2.0,0.3333333333333333,,,,unstable
220127_F4_run2,c-GC,53,41,7,0,0,1,,0.0,,,,stable
220127_F4_run2,c-GC,53,49,2,1,0,1,3.0,0.16666666666666666,,,,lost
220127_F4_run2,c-GC,53,56,7,0,0,1,,0.0,,,,stable
220127_F4_run2,c-GC,53,58,5,1,1,1,5.0,0.3333333333333333,,,,unstable
220127_F4_run2,c-GC,53,59,6,1,1,1,5.0,0.3333333333333333,,,,unstable
220127_F4_run2,c-GC,53,60,2,0,1,6,,0.16666666666666666,,,,unstable
220127_F4_run2,c-GC,53,62,7,0,0,1,,0.0,,,,stable
220127_F4_run2,c-GC,53,73,6,0,1,2,,0.16666666666666666,,,,unstable
220127_F4_run2,c-GC,53,76,7,0,0,1,,0.0,,,,stable
220127_F4_run2,c-GC,53,78,7,0,0,1,,0.0,,,,stable
220127_F4_run2,c-GC,53,82,6,1,1,1,5.0,0.3333333333333333,,,,unstable
220127_F4_run2,c-GC,53,86,2,2,2,2,3.0,0.6666666666666666,,,,unstable
220127_F4_run2,c-GC,53,87,6,0,1,2,,0.16666666666666666,,,,unstable
220127_F4_run2,c-GC,53,89,7,0,0,1,,0.0,,,,stable
220127_F4_run2,c-GC,54,1,4,1,0,1,5.0,0.16666666666666666,,,,lost
220127_F4_run2,c-GC,54,14,7,0,0,1,,0.0,,,,stable
220127_F4_run2,c-GC,54,29,7,0,0,1,,0.0,,,,stable
220127_F4_run2,c-GC,54,41,7,0,0,1,,0.0,,,,stable
220127_F4_run2,c-GC,54,44,1,1,0,1,2.0,0.16666666666666666,,,,unstable
220127_F4_run2,c-GC,54,47,6,0,1,2,,0.16666666666666666,,,,unstable
220127_F4_run2,c-GC,54,51,2,1,1,2,4.0,0.3333333333333333,,,,unstable
220127_F4_run2,c-GC,54,58,7,0,0,1,,0.0,,,,stable
220127_F4_run2,c-GC,54,72,7,0,0,1,,0.0,,,,stable
220127_F4_run2,c-GC,54,89,1,1,1,5,6.0,0.3333333333333333,,,,unstable
220127_F4_run2,c-GC,55,40,1,1,1,3,4.0,0.3333333333333333,,,,unstable
220127_F4_run2,c-GC,55,46,2,1,1,2,4.0,0.3333333333333333,,,,unstable
220127_F4_run2,c-GC,55,71,3,2,3,3,4.0,0.8333333333333334,,,,unstable
220127_F4_run2,c-GC,56,5,4,1,0,1,5.0,0.16666666666666666,,,,lost
220127_F4_run2,c-GC,56,10,3,2,1,1,3.0,0.5,,,,unstable
220127_F4_run2,c-GC,56,22,7,0,0,1,,0.0,,,,stable
220127_F4_run2,c-GC,56,28,5,0,1,3,,0.16666666666666666,,,,unstable
220127_F4_run2,c-GC,56,41,7,0,0,1,,0.0,,,,stable
220127_F4_run2,c-GC,56,53,7,0,0,1,,0.0,,,,stable
220127_F4_run2,c-GC,56,59,3,2,1,1,2.0,0.5,,,,unstable
220127_F4_run2,c-GC,56,62,1,1,0,1,2.0,0.16666666666666666,,,,unstable
220127_F4_run2,c-GC,56,74,1,1,0,1,2.0,0.16666666666666666,,,,unstable
220127_F4_run2,c-GC,57,56,1,1,0,1,2.0,0.16666666666666666,,,,unstable
220127_F4_run2,c-GC,57,63,1,1,1,2,3.0,0.3333333333333333,,,,unstable
220127_F4_run2,c-GC,57,81,2,1,0,1,3.0,0.16666666666666666,,,,lost
220127_F4_run2,c-GC,58,7,1,1,0,1,2.0,0.16666666666666666,,,,unstable
220127_F4_run2,c-GC,58,23,1,1,1,2,3.0,0.3333333333333333,,,,unstable
220127_F4_run2,c-GC,58,29,1,1,0,1,2.0,0.16666666666666666,,,,unstable
220127_F4_run2,c-GC,58,41,5,2,1,1,5.0,0.5,,,,unstable
220127_F4_run2,c-GC,58,54,1,1,0,1,2.0,0.16666666666666666,,,,unstable
220127_F4_run2,c-GC,58,56,1,1,0,1,2.0,0.16666666666666666,,,,unstable
220127_F4_run2,c-GC,58,59,1,1,1,3,4.0,0.3333333333333333,,,,unstable
220127_F4_run2,c-GC,58,76,1,0,1,7,,0.16666666666666666,,,,novel
220127_F4_run2,c-GC,58,82,5,2,1,1,5.0,0.5,,,,unstable
220127_F4_run2,c-GC,58,87,7,0,0,1,,0.0,,,,stable
220127_F4_run2,c-GC,58,88,6,1,1,1,2.0,0.3333333333333333,,,,unstable
220127_F4_run2,c-GC,59,30,4,1,2,3,5.0,0.5,,,,unstable
220127_F4_run2,c-GC,59,41,1,1,0,1,2.0,0.16666666666666666,,,,unstable
220127_F4_run2,c-GC,59,48,7,0,0,1,,0.0,,,,stable
220127_F4_run2,c-GC,59,49,4,0,1,4,,0.16666666666666666,,,,unstable
220127_F4_run2,c-GC,59,52,1,0,1,7,,0.16666666666666666,,,,novel
220127_F4_run2,c-GC,59,60,7,0,0,1,,0.0,,,,stable
220127_F4_run2,c-GC,59,69,1,1,0,1,2.0,0.16666666666666666,,,,unstable
220127_F4_run2,c-GC,59,72,1,1,1,3,4.0,0.3333333333333333,,,,unstable
220127_F4_run2,c-GC,59,86,1,1,1,3,4.0,0.3333333333333333,,,,unstable
220127_F4_run2,c-GC,59,88,3,1,1,1,2.0,0.3333333333333333,,,,unstable
220127_F4_run2,c-GC,59,89,7,0,0,1,,0.0,,,,stable
220127_F4_run2,c-GC,60,21,1,1,0,1,2.0,0.16666666666666666,,,,unstable
220127_F4_run2,c-GC,60,32,3,2,2,1,2.0,0.6666666666666666,,,,unstable
220127_F4_run2,c-GC,60,41,3,0,1,5,,0.16666666666666666,,,,unstable
220127_F4_run2,c-GC,60,56,6,0,1,2,,0.16666666666666666,,,,unstable
220127_F4_run2,c-GC,60,57,2,1,0,1,3.0,0.16666666666666666,,,,lost
220127_F4_run2,c-GC,60,58,1,1,0,1,2.0,0.16666666666666666,,,,unstable
220127_F4_run2,c-GC,60,59,7,0,0,1,,0.0,,,,stable
220127_F4_run2,c-GC,60,73,1,1,1,2,3.0,0.3333333333333333,,,,unstable
220127_F4_run2,c-GC,61,32,1,1,0,1,2.0,0.16666666666666666,,,,unstable
220127_F4_run2,c-GC,61,35,1,1,0,1,2.0,0.16666666666666666,,,,unstable
220127_F4_run2,c-GC,61,38,4,2,1,1,4.0,0.5,,,,unstable
220127_F4_run2,c-GC,61,52,2,1,0,1,3.0,0.16666666666666666,,,,lost
220127_F4_run2,c-GC,61,67,2,1,0,1,3.0,0.16666666666666666,,,,lost
220127_F4_run2,c-GC,61,68,1,1,0,1,2.0,0.16666666666666666,,,,unstable
220127_F4_run2,c-GC,61,77,7,0,0,1,,0.0,,,,stable
220127_F4_run2,c-GC,61,82,2,1,0,1,3.0,0.16666666666666666,,,,lost
220127_F4_run2,c-GC,61,85,4,1,2,3,6.0,0.5,,,,unstable
220127_F4_run2,c-GC,61,86,7,0,0,1,,0.0,,,,stable
220127_F4_run2,c-GC,62,0,1,1,1,2,3.0,0.3333333333333333,,,,unstable
220127_F4_run2,c-GC,62,5,1,1,1,2,3.0,0.3333333333333333,,,,unstable
220127_F4_run2,c-GC,62,15,3,2,1,1,3.0,0.5,,,,unstable
220127_F4_run2,c-GC,62,25,7,0,0,1,,0.0,,,,stable
220127_F4_run2,c-GC,62,29,7,0,0,1,,0.0,,,,stable
220127_F4_run2,c-GC,62,41,6,0,1,2,,0.16666666666666666,,,,unstable
220127_F4_run2,c-GC,62,58,7,0,0,1,,0.0,,,,stable
220127_F4_run2,c-GC,62,59,7,0,0,1,,0.0,,,,stable
220127_F4_run2,c-GC,62,71,6,1,0,1,7.0,0.16666666666666666,,,,lost
220127_F4_run2,c-GC,62,73,5,0,1,3,,0.16666666666666666,,,,unstable
220127_F4_run2,c-GC,62,82,7,0,0,1,,0.0,,,,stable
220127_F4_run2,c-GC,63,1,1,1,0,1,2.0,0.16666666666666666,,,,unstable
220127_F4_run2,c-GC,63,19,2,1,2,5,6.0,0.5,,,,unstable
220127_F4_run2,c-GC,63,23,6,1,1,1,5.0,0.3333333333333333,,,,unstable
220127_F4_run2,c-GC,63,29,7,0,0,1,,0.0,,,,stable
220127_F4_run2,c-GC,63,30,6,0,1,2,,0.16666666666666666,,,,unstable
220127_F4_run2,c-GC,63,32,7,0,0,1,,0.0,,,,stable
220127_F4_run2,c-GC,63,47,1,1,0,1,2.0,0.16666666666666666,,,,unstable
220127_F4_run2,c-GC,63,49,4,2,3,2,4.0,0.8333333333333334,,,,unstable
220127_F4_run2,c-GC,63,54,1,1,1,3,4.0,0.3333333333333333,,,,unstable
220127_F4_run2,c-GC,63,58,1,0,1,7,,0.16666666666666666,,,,novel
220127_F4_run2,c-GC,63,61,1,1,0,1,2.0,0.16666666666666666,,,,unstable
220127_F4_run2,c-GC,63,64,1,1,0,1,2.0,0.16666666666666666,,,,unstable
220127_F4_run2,c-GC,63,84,7,0,0,1,,0.0,,,,stable
220127_F4_run2,c-GC,63,86,7,0,0,1,,0.0,,,,stable
220127_F4_run2,c-GC,64,24,5,1,0,1,6.0,0.16666666666666666,,,,lost
220127_F4_run2,c-GC,64,32,2,1,0,1,3.0,0.16666666666666666,,,,lost
220127_F4_run2,c-GC,65,3,5,0,1,3,,0.16666666666666666,,,,unstable
220127_F4_run2,c-GC,65,18,7,0,0,1,,0.0,,,,stable
220127_F4_run2,c-GC,65,26,1,1,0,1,2.0,0.16666666666666666,,,,unstable
220127_F4_run2,c-GC,65,45,1,1,0,1,2.0,0.16666666666666666,,,,unstable
220127_F4_run2,c-GC,65,67,1,1,0,1,2.0,0.16666666666666666,,,,unstable
220127_F4_run2,c-GC,65,84,2,1,0,1,3.0,0.16666666666666666,,,,lost
220127_F4_run2,c-GC,66,4,1,1,0,1,2.0,0.16666666666666666,,,,unstable
220127_F4_run2,c-GC,66,18,1,1,0,1,2.0,0.16666666666666666,,,,unstable
220127_F4_run2,c-GC,66,20,3,1,1,1,2.0,0.3333333333333333,,,,unstable
220127_F4_run2,c-GC,66,43,2,2,1,1,2.0,0.5,,,,unstable
220127_F4_run2,c-GC,66,52,3,0,1,5,,0.16666666666666666,,,,unstable
220127_F4_run2,c-GC,67,1,1,1,0,1,2.0,0.16666666666666666,,,,unstable
220127_F4_run2,c-GC,67,18,6,1,1,1,4.0,0.3333333333333333,,,,unstable
220127_F4_run2,c-GC,67,33,7,0,0,1,,0.0,,,,stable
220127_F4_run2,c-GC,67,65,7,0,0,1,,0.0,,,,stable
220127_F4_run2,c-GC,67,84,6,0,1,2,,0.16666666666666666,,,,unstable
220127_F4_run2,c-GC,67,90,7,0,0,1,,0.0,,,,stable
220127_F4_run2,c-GC,68,6,7,0,0,1,,0.0,,,,stable
220127_F4_run2,c-GC,68,13,3,1,2,4,5.0,0.5,,,,unstable
220127_F4_run2,c-GC,68,14,4,1,1,1,3.0,0.3333333333333333,,,,unstable
220127_F4_run2,c-GC,68,19,5,1,0,1,6.0,0.16666666666666666,,,,lost
220127_F4_run2,c-GC,68,30,6,1,1,1,4.0,0.3333333333333333,,,,unstable
220127_F4_run2,c-GC,68,46,2,1,0,1,3.0,0.16666666666666666,,,,lost
220127_F4_run2,c-GC,68,52,7,0,0,1,,0.0,,,,stable
220127_F4_run2,c-GC,68,59,7,0,0,1,,0.0,,,,stable
220127_F4_run2,c-GC,68,69,1,1,1,2,3.0,0.3333333333333333,,,,unstable
220127_F4_run2,c-GC,68,84,7,0,0,1,,0.0,,,,stable
220127_F4_run2,c-GC,68,89,3,0,1,5,,0.16666666666666666,,,,unstable
220127_F4_run2,c-GC,69,8,3,2,3,3,4.0,0.8333333333333334,,,,unstable
220127_F4_run2,c-GC,69,17,7,0,0,1,,0.0,,,,stable
220127_F4_run2,c-GC,69,26,6,1,1,1,3.0,0.3333333333333333,,,,unstable
220127_F4_run2,c-GC,69,36,6,0,1,2,,0.16666666666666666,,,,unstable
220127_F4_run2,c-GC,69,40,4,1,2,3,4.0,0.5,,,,unstable
220127_F4_run2,c-GC,69,48,3,1,0,1,4.0,0.16666666666666666,,,,lost
220127_F4_run2,c-GC,69,55,6,1,1,1,2.0,0.3333333333333333,,,,unstable
220127_F4_run2,c-GC,69,65,2,1,0,1,3.0,0.16666666666666666,,,,lost
220127_F4_run2,c-GC,69,66,6,1,1,1,6.0,0.3333333333333333,,,,unstable
220127_F4_run2,c-GC,69,67,7,0,0,1,,0.0,,,,stable
220127_F4_run2,c-GC,69,68,1,1,0,1,2.0,0.16666666666666666,,,,unstable
220127_F4_run2,c-GC,69,70,6,1,1,1,5.0,0.3333333333333333,,,,unstable
220127_F4_run2,c-GC,69,78,2,1,0,1,3.0,0.16666666666666666,,,,lost
220127_F4_run2,c-GC,69,83,1,1,1,2,3.0,0.3333333333333333,,,,unstable
220127_F4_run2,c-GC,70,14,1,1,1,6,7.0,0.3333333333333333,,,,unstable
220127_F4_run2,c-GC,70,24,1,1,1,2,3.0,0.3333333333333333,,,,unstable
220127_F4_run2,c-GC,70,49,7,0,0,1,,0.0,,,,stable
220127_F4_run2,c-GC,70,52,1,1,0,1,2.0,0.16666666666666666,,,,unstable
220127_F4_run2,c-GC,70,66,7,0,0,1,,0.0,,,,stable
220127_F4_run2,c-GC,70,67,1,1,0,1,2.0,0.16666666666666666,,,,unstable
220127_F4_run2,c-GC,70,68,7,0,0,1,,0.0,,,,stable
220127_F4_run2,c-GC,70,69,5,2,1,1,3.0,0.5,,,,unstable
220127_F4_run2,c-GC,70,71,7,0,0,1,,0.0,,,,stable
220127_F4_run2,c-GC,71,19,5,1,2,2,5.0,0.5,,,,unstable
220127_F4_run2,c-GC,71,33,4,1,1,2,6.0,0.3333333333333333,,,,unstable
220127_F4_run2,c-GC,71,37,7,0,0,1,,0.0,,,,stable
220127_F4_run2,c-GC,71,41,7,0,0,1,,0.0,,,,stable
220127_F4_run2,c-GC,71,43,2,1,0,1,3.0,0.16666666666666666,,,,lost
220127_F4_run2,c-GC,71,46,7,0,0,1,,0.0,,,,stable
220127_F4_run2,c-GC,71,56,7,0,0,1,,0.0,,,,stable
220127_F4_run2,c-GC,71,62,7,0,0,1,,0.0,,,,stable
220127_F4_run2,c-GC,71,66,7,0,0,1,,0.0,,,,stable
220127_F4_run2,c-GC,71,68,7,0,0,1,,0.0,,,,stable
220127_F4_run2,c-GC,71,69,6,1,1,1,6.0,0.3333333333333333,,,,unstable
220127_F4_run2,c-GC,71,70,1,1,0,1,2.0,0.16666666666666666,,,,unstable
220127_F4_run2,c-GC,71,87,7,0,0,1,,0.0,,,,stable
220127_F4_run2,c-GC,72,32,1,1,1,2,3.0,0.3333333333333333,,,,unstable
220127_F4_run2,c-GC,72,39,7,0,0,1,,0.0,,,,stable
220127_F4_run2,c-GC,72,44,4,1,0,1,5.0,0.16666666666666666,,,,lost
220127_F4_run2,c-GC,72,49,4,2,1,1,4.0,0.5,,,,unstable
220127_F4_run2,c-GC,72,51,4,2,1,1,4.0,0.5,,,,unstable
220127_F4_run2,c-GC,72,54,1,1,0,1,2.0,0.16666666666666666,,,,unstable
220127_F4_run2,c-GC,72,56,1,1,1,2,3.0,0.3333333333333333,,,,unstable
220127_F4_run2,c-GC,72,57,2,1,0,1,3.0,0.16666666666666666,,,,lost
220127_F4_run2,c-GC,72,69,1,1,1,3,4.0,0.3333333333333333,,,,unstable
220127_F4_run2,c-GC,72,73,7,0,0,1,,0.0,,,,stable
220127_F4_run2,c-GC,72,77,1,1,0,1,2.0,0.16666666666666666,,,,unstable
220127_F4_run2,c-GC,72,78,2,1,0,1,3.0,0.16666666666666666,,,,lost
220127_F4_run2,c-GC,72,79,1,1,1,4,5.0,0.3333333333333333,,,,unstable
220127_F4_run2,c-GC,72,82,5,2,1,1,5.0,0.5,,,,unstable
220127_F4_run2,c-GC,72,83,1,1,0,1,2.0,0.16666666666666666,,,,unstable
220127_F4_run2,c-GC,72,86,7,0,0,1,,0.0,,,,stable
220127_F4_run2,c-GC,73,0,4,2,1,1,2.0,0.5,,,,unstable
220127_F4_run2,c-GC,73,1,4,1,1,2,6.0,0.3333333333333333,,,,unstable
220127_F4_run2,c-GC,73,8,1,1,0,1,2.0,0.16666666666666666,,,,unstable
220127_F4_run2,c-GC,73,12,4,2,1,1,2.0,0.5,,,,unstable
220127_F4_run2,c-GC,73,22,1,1,0,1,2.0,0.16666666666666666,,,,unstable
220127_F4_run2,c-GC,73,24,1,1,0,1,2.0,0.16666666666666666,,,,unstable
220127_F4_run2,c-GC,73,29,2,2,1,1,2.0,0.5,,,,unstable
220127_F4_run2,c-GC,73,32,7,0,0,1,,0.0,,,,stable
220127_F4_run2,c-GC,73,39,4,2,1,1,4.0,0.5,,,,unstable
220127_F4_run2,c-GC,73,47,1,1,1,3,4.0,0.3333333333333333,,,,unstable
220127_F4_run2,c-GC,73,49,2,2,1,1,2.0,0.5,,,,unstable
220127_F4_run2,c-GC,73,56,2,1,0,1,3.0,0.16666666666666666,,,,lost
220127_F4_run2,c-GC,73,78,6,1,0,1,7.0,0.16666666666666666,,,,lost
220127_F4_run2,c-GC,73,82,7,0,0,1,,0.0,,,,stable
220127_F4_run2,c-GC,73,84,1,1,1,3,4.0,0.3333333333333333,,,,unstable
220127_F4_run2,c-GC,73,88,7,0,0,1,,0.0,,,,stable
220127_F4_run2,c-GC,74,6,1,0,1,7,,0.16666666666666666,,,,novel
220127_F4_run2,c-GC,74,13,3,0,1,5,,0.16666666666666666,,,,unstable
220127_F4_run2,c-GC,74,25,3,0,1,5,,0.16666666666666666,,,,unstable
220127_F4_run2,c-GC,74,57,3,2,2,1,2.0,0.6666666666666666,,,,unstable
220127_F4_run2,c-GC,74,82,7,0,0,1,,0.0,,,,stable
220127_F4_run2,c-GC,74,87,3,0,1,5,,0.16666666666666666,,,,unstable
220127_F4_run2,c-GC,75,83,2,2,1,1,2.0,0.5,,,,unstable
220127_F4_run2,c-GC,76,30,3,2,1,1,2.0,0.5,,,,unstable
220127_F4_run2,c-GC,76,33,2,0,1,6,,0.16666666666666666,,,,unstable
220127_F4_run2,c-GC,76,38,3,0,1,5,,0.16666666666666666,,,,unstable
220127_F4_run2,c-GC,76,39,7,0,0,1,,0.0,,,,stable
220127_F4_run2,c-GC,76,50,7,0,0,1,,0.0,,,,stable
220127_F4_run2,c-GC,76,51,1,1,0,1,2.0,0.16666666666666666,,,,unstable
220127_F4_run2,c-GC,76,53,7,0,0,1,,0.0,,,,stable
220127_F4_run2,c-GC,76,54,7,0,0,1,,0.0,,,,stable
220127_F4_run2,c-GC,76,79,7,0,0,1,,0.0,,,,stable
220127_F4_run2,c-GC,77,49,2,2,2,3,4.0,0.6666666666666666,,,,unstable
220127_F4_run2,c-GC,77,51,7,0,0,1,,0.0,,,,stable
220127_F4_run2,c-GC,77,53,2,1,1,5,7.0,0.3333333333333333,,,,unstable
220127_F4_run2,c-GC,77,59,2,2,2,4,5.0,0.6666666666666666,,,,unstable
220127_F4_run2,c-GC,78,8,6,1,0,1,7.0,0.16666666666666666,,,,lost
220127_F4_run2,c-GC,78,10,4,1,1,1,3.0,0.3333333333333333,,,,unstable
220127_F4_run2,c-GC,78,15,6,1,1,1,4.0,0.3333333333333333,,,,unstable
220127_F4_run2,c-GC,78,21,7,0,0,1,,0.0,,,,stable
220127_F4_run2,c-GC,78,24,2,1,0,1,3.0,0.16666666666666666,,,,lost
220127_F4_run2,c-GC,78,25,5,1,2,2,5.0,0.5,,,,unstable
220127_F4_run2,c-GC,78,29,7,0,0,1,,0.0,,,,stable
220127_F4_run2,c-GC,78,30,3,3,3,2,3.0,1.0,,,,unstable
220127_F4_run2,c-GC,78,31,1,1,0,1,2.0,0.16666666666666666,,,,unstable
220127_F4_run2,c-GC,78,34,7,0,0,1,,0.0,,,,stable
220127_F4_run2,c-GC,78,35,7,0,0,1,,0.0,,,,stable
220127_F4_run2,c-GC,78,36,1,1,0,1,2.0,0.16666666666666666,,,,unstable
220127_F4_run2,c-GC,78,39,3,2,3,2,3.0,0.8333333333333334,,,,unstable
220127_F4_run2,c-GC,78,41,7,0,0,1,,0.0,,,,stable
220127_F4_run2,c-GC,78,44,2,1,0,1,3.0,0.16666666666666666,,,,lost
220127_F4_run2,c-GC,78,49,7,0,0,1,,0.0,,,,stable
220127_F4_run2,c-GC,78,50,1,1,0,1,2.0,0.16666666666666666,,,,unstable
220127_F4_run2,c-GC,78,51,7,0,0,1,,0.0,,,,stable
220127_F4_run2,c-GC,78,52,1,1,0,1,2.0,0.16666666666666666,,,,unstable
220127_F4_run2,c-GC,78,53,7,0,0,1,,0.0,,,,stable
220127_F4_run2,c-GC,78,54,7,0,0,1,,0.0,,,,stable
220127_F4_run2,c-GC,78,56,7,0,0,1,,0.0,,,,stable
220127_F4_run2,c-GC,78,58,2,1,2,2,3.0,0.5,,,,unstable
220127_F4_run2,c-GC,78,59,7,0,0,1,,0.0,,,,stable
220127_F4_run2,c-GC,78,60,7,0,0,1,,0.0,,,,stable
220127_F4_run2,c-GC,78,69,7,0,0,1,,0.0,,,,stable
220127_F4_run2,c-GC,78,72,7,0,0,1,,0.0,,,,stable
220127_F4_run2,c-GC,78,73,7,0,0,1,,0.0,,,,stable
220127_F4_run2,c-GC,78,81,5,1,1,1,5.0,0.3333333333333333,,,,unstable
220127_F4_run2,c-GC,78,82,5,1,2,2,6.0,0.5,,,,unstable
220127_F4_run2,c-GC,78,84,2,1,0,1,3.0,0.16666666666666666,,,,lost
220127_F4_run2,c-GC,78,86,1,1,0,1,2.0,0.16666666666666666,,,,unstable
220127_F4_run2,c-GC,78,88,7,0,0,1,,0.0,,,,stable
220127_F4_run2,c-GC,78,89,1,0,1,7,,0.16666666666666666,,,,novel
220127_F4_run2,c-GC,79,81,2,1,0,1,3.0,0.16666666666666666,,,,lost
220127_F4_run2,c-GC,79,84,1,1,0,1,2.0,0.16666666666666666,,,,unstable
220127_F4_run2,c-GC,81,73,1,0,1,7,,0.16666666666666666,,,,novel
220127_F4_run2,c-GC,81,83,4,1,0,1,5.0,0.16666666666666666,,,,lost
220127_F4_run2,c-GC,82,3,1,0,1,7,,0.16666666666666666,,,,novel
220127_F4_run2,c-GC,82,5,6,0,1,2,,0.16666666666666666,,,,unstable
220127_F4_run2,c-GC,82,7,2,1,2,2,3.0,0.5,,,,unstable
220127_F4_run2,c-GC,82,8,4,1,2,2,4.0,0.5,,,,unstable
220127_F4_run2,c-GC,82,10,6,0,1,2,,0.16666666666666666,,,,unstable
220127_F4_run2,c-GC,82,11,1,1,1,2,3.0,0.3333333333333333,,,,unstable
220127_F4_run2,c-GC,82,12,2,2,1,1,2.0,0.5,,,,unstable
220127_F4_run2,c-GC,82,16,2,1,1,2,4.0,0.3333333333333333,,,,unstable
220127_F4_run2,c-GC,82,22,5,0,1,3,,0.16666666666666666,,,,unstable
220127_F4_run2,c-GC,82,23,2,1,1,3,5.0,0.3333333333333333,,,,unstable
220127_F4_run2,c-GC,82,25,7,0,0,1,,0.0,,,,stable
220127_F4_run2,c-GC,82,29,7,0,0,1,,0.0,,,,stable
220127_F4_run2,c-GC,82,32,7,0,0,1,,0.0,,,,stable
220127_F4_run2,c-GC,82,35,4,1,2,2,5.0,0.5,,,,unstable
220127_F4_run2,c-GC,82,41,6,0,1,2,,0.16666666666666666,,,,unstable
220127_F4_run2,c-GC,82,49,6,0,1,2,,0.16666666666666666,,,,unstable
220127_F4_run2,c-GC,82,53,7,0,0,1,,0.0,,,,stable
220127_F4_run2,c-GC,82,54,6,0,1,2,,0.16666666666666666,,,,unstable
220127_F4_run2,c-GC,82,56,6,0,1,2,,0.16666666666666666,,,,unstable
220127_F4_run2,c-GC,82,58,6,0,1,2,,0.16666666666666666,,,,unstable
220127_F4_run2,c-GC,82,59,7,0,0,1,,0.0,,,,stable
220127_F4_run2,c-GC,82,60,6,0,1,2,,0.16666666666666666,,,,unstable
220127_F4_run2,c-GC,82,61,7,0,0,1,,0.0,,,,stable
220127_F4_run2,c-GC,82,62,7,0,0,1,,0.0,,,,stable
220127_F4_run2,c-GC,82,63,1,1,1,5,6.0,0.3333333333333333,,,,unstable
220127_F4_run2,c-GC,82,72,6,0,1,2,,0.16666666666666666,,,,unstable
220127_F4_run2,c-GC,82,73,6,0,1,2,,0.16666666666666666,,,,unstable
220127_F4_run2,c-GC,82,74,1,1,1,6,7.0,0.3333333333333333,,,,unstable
220127_F4_run2,c-GC,82,78,7,0,0,1,,0.0,,,,stable
220127_F4_run2,c-GC,82,81,5,2,1,1,5.0,0.5,,,,unstable
220127_F4_run2,c-GC,82,86,5,1,2,2,4.0,0.5,,,,unstable
220127_F4_run2,c-GC,82,87,7,0,0,1,,0.0,,,,stable
220127_F4_run2,c-GC,82,88,4,1,0,1,5.0,0.16666666666666666,,,,lost
220127_F4_run2,c-GC,83,12,1,1,0,1,2.0,0.16666666666666666,,,,unstable
220127_F4_run2,c-GC,83,17,1,1,0,1,2.0,0.16666666666666666,,,,unstable
220127_F4_run2,c-GC,83,33,1,1,0,1,2.0,0.16666666666666666,,,,unstable
220127_F4_run2,c-GC,83,55,1,1,0,1,2.0,0.16666666666666666,,,,unstable
220127_F4_run2,c-GC,83,66,1,1,0,1,2.0,0.16666666666666666,,,,unstable
220127_F4_run2,c-GC,84,3,2,2,2,2,3.0,0.6666666666666666,,,,unstable
220127_F4_run2,c-GC,84,4,1,1,0,1,2.0,0.16666666666666666,,,,unstable
220127_F4_run2,c-GC,84,26,1,1,0,1,2.0,0.16666666666666666,,,,unstable
220127_F4_run2,c-GC,84,31,2,1,0,1,3.0,0.16666666666666666,,,,lost
220127_F4_run2,c-GC,84,42,1,1,0,1,2.0,0.16666666666666666,,,,unstable
220127_F4_run2,c-GC,84,65,1,1,0,1,2.0,0.16666666666666666,,,,unstable
220127_F4_run2,c-GC,84,67,5,1,0,1,6.0,0.16666666666666666,,,,lost
220127_F4_run2,c-GC,84,90,6,1,1,1,6.0,0.3333333333333333,,,,unstable
220127_F4_run2,c-GC,84,91,2,1,0,1,3.0,0.16666666666666666,,,,lost
220127_F4_run2,c-GC,86,1,1,1,0,1,2.0,0.16666666666666666,,,,unstable
220127_F4_run2,c-GC,87,1,3,1,0,1,4.0,0.16666666666666666,,,,lost
220127_F4_run2,c-GC,87,7,7,0,0,1,,0.0,,,,stable
220127_F4_run2,c-GC,87,10,2,1,0,1,3.0,0.16666666666666666,,,,lost
220127_F4_run2,c-GC,87,11,1,1,0,1,2.0,0.16666666666666666,,,,unstable
220127_F4_run2,c-GC,87,16,7,0,0,1,,0.0,,,,stable
220127_F4_run2,c-GC,87,25,2,1,1,2,4.0,0.3333333333333333,,,,unstable
220127_F4_run2,c-GC,87,41,7,0,0,1,,0.0,,,,stable
220127_F4_run2,c-GC,87,46,1,1,0,1,2.0,0.16666666666666666,,,,unstable
220127_F4_run2,c-GC,87,49,5,2,2,1,2.0,0.6666666666666666,,,,unstable
220127_F4_run2,c-GC,87,53,3,2,1,1,3.0,0.5,,,,unstable
220127_F4_run2,c-GC,87,54,6,1,0,1,7.0,0.16666666666666666,,,,lost
220127_F4_run2,c-GC,87,56,7,0,0,1,,0.0,,,,stable
220127_F4_run2,c-GC,87,57,7,0,0,1,,0.0,,,,stable
220127_F4_run2,c-GC,87,58,7,0,0,1,,0.0,,,,stable
220127_F4_run2,c-GC,87,59,3,1,2,4,6.0,0.5,,,,unstable
220127_F4_run2,c-GC,87,60,1,1,0,1,2.0,0.16666666666666666,,,,unstable
220127_F4_run2,c-GC,87,69,7,0,0,1,,0.0,,,,stable
220127_F4_run2,c-GC,87,73,7,0,0,1,,0.0,,,,stable
220127_F4_run2,c-GC,87,74,7,0,0,1,,0.0,,,,stable
220127_F4_run2,c-GC,87,86,7,0,0,1,,0.0,,,,stable
220127_F4_run2,c-GC,87,88,7,0,0,1,,0.0,,,,stable
220127_F4_run2,c-GC,88,24,1,1,0,1,2.0,0.16666666666666666,,,,unstable
220127_F4_run2,c-GC,88,47,1,1,0,1,2.0,0.16666666666666666,,,,unstable
220127_F4_run2,c-GC,88,51,1,0,1,7,,0.16666666666666666,,,,novel
220127_F4_run2,c-GC,88,78,2,2,2,4,5.0,0.6666666666666666,,,,unstable
220127_F4_run2,c-GC,89,4,3,1,0,1,4.0,0.16666666666666666,,,,lost
220127_F4_run2,c-GC,89,6,7,0,0,1,,0.0,,,,stable
220127_F4_run2,c-GC,89,39,7,0,0,1,,0.0,,,,stable
220127_F4_run2,c-GC,89,48,5,0,1,3,,0.16666666666666666,,,,unstable
220127_F4_run2,c-GC,89,52,6,0,1,2,,0.16666666666666666,,,,unstable
220127_F4_run2,c-GC,89,56,2,1,2,3,4.0,0.5,,,,unstable
220127_F4_run2,c-GC,89,59,6,1,1,1,5.0,0.3333333333333333,,,,unstable
220127_F4_run2,c-GC,89,60,4,1,1,2,6.0,0.3333333333333333,,,,unstable
220127_F4_run2,c-GC,89,72,2,1,1,2,4.0,0.3333333333333333,,,,unstable
220127_F4_run2,c-GC,89,73,3,1,1,1,3.0,0.3333333333333333,,,,unstable
220127_F4_run2,c-GC,89,90,7,0,0,1,,0.0,,,,stable
220127_F4_run2,c-GC,90,3,7,0,0,1,,0.0,,,,stable
220127_F4_run2,c-GC,90,4,6,0,1,2,,0.16666666666666666,,,,unstable
220127_F4_run2,c-GC,90,6,6,0,1,2,,0.16666666666666666,,,,unstable
220127_F4_run2,c-GC,90,9,6,0,1,2,,0.16666666666666666,,,,unstable
220127_F4_run2,c-GC,90,18,7,0,0,1,,0.0,,,,stable
220127_F4_run2,c-GC,90,30,7,0,0,1,,0.0,,,,stable
220127_F4_run2,c-GC,90,33,5,0,1,3,,0.16666666666666666,,,,unstable
220127_F4_run2,c-GC,90,35,6,0,1,2,,0.16666666666666666,,,,unstable
220127_F4_run2,c-GC,90,39,7,0,0,1,,0.0,,,,stable
220127_F4_run2,c-GC,90,47,1,1,0,1,2.0,0.16666666666666666,,,,unstable
220127_F4_run2,c-GC,90,52,6,0,1,2,,0.16666666666666666,,,,unstable
220127_F4_run2,c-GC,90,55,1,1,0,1,2.0,0.16666666666666666,,,,unstable
220127_F4_run2,c-GC,90,65,7,0,0,1,,0.0,,,,stable
220127_F4_run2,c-GC,90,66,1,1,1,3,4.0,0.3333333333333333,,,,unstable
220127_F4_run2,c-GC,90,67,7,0,0,1,,0.0,,,,stable
220127_F4_run2,c-GC,90,68,3,1,2,3,4.0,0.5,,,,unstable
220127_F4_run2,c-GC,90,77,2,1,0,1,3.0,0.16666666666666666,,,,lost
220127_F4_run2,c-GC,90,79,1,0,1,7,,0.16666666666666666,,,,novel
220127_F4_run2,c-GC,90,84,7,0,0,1,,0.0,,,,stable
220127_F4_run2,c-GC,90,89,6,1,1,1,5.0,0.3333333333333333,,,,unstable
220127_F4_run2,c-GC,90,91,7,0,0,1,,0.0,,,,stable
220127_F4_run2,c-GC,91,3,4,1,1,3,7.0,0.3333333333333333,,,,unstable
220127_F4_run2,c-GC,91,34,1,1,0,1,2.0,0.16666666666666666,,,,unstable
220127_F4_run2,c-GC,91,89,1,1,0,1,2.0,0.16666666666666666,,,,unstable
220210_F1_run6,c-GC,0,2,6,1,1,1,3.0,0.3333333333333333,,,,unstable
220210_F1_run6,c-GC,0,4,1,1,0,1,2.0,0.16666666666666666,,,,unstable
220210_F1_run6,c-GC,0,10,7,0,0,1,,0.0,,,,stable
220210_F1_run6,c-GC,0,11,7,0,0,1,,0.0,,,,stable
220210_F1_run6,c-GC,0,13,1,1,0,1,2.0,0.16666666666666666,,,,unstable
220210_F1_run6,c-GC,0,18,1,1,0,1,2.0,0.16666666666666666,,,,unstable
220210_F1_run6,c-GC,0,20,3,1,0,1,4.0,0.16666666666666666,,,,lost
220210_F1_run6,c-GC,0,22,4,1,1,1,3.0,0.3333333333333333,,,,unstable
220210_F1_run6,c-GC,0,33,5,2,2,1,4.0,0.6666666666666666,,,,unstable
220210_F1_run6,c-GC,0,40,1,1,1,5,6.0,0.3333333333333333,,,,unstable
220210_F1_run6,c-GC,0,41,1,1,0,1,2.0,0.16666666666666666,,,,unstable
220210_F1_run6,c-GC,0,54,1,0,1,7,,0.16666666666666666,,,,novel
220210_F1_run6,c-GC,0,65,2,2,2,3,4.0,0.6666666666666666,,,,unstable
220210_F1_run6,c-GC,0,75,6,0,1,2,,0.16666666666666666,,,,unstable
220210_F1_run6,c-GC,0,78,2,1,1,2,4.0,0.3333333333333333,,,,unstable
220210_F1_run6,c-GC,0,84,1,1,0,1,2.0,0.16666666666666666,,,,unstable
220210_F1_run6,c-GC,0,102,1,1,0,1,2.0,0.16666666666666666,,,,unstable
220210_F1_run6,c-GC,0,108,1,1,0,1,2.0,0.16666666666666666,,,,unstable
220210_F1_run6,c-GC,0,112,1,1,0,1,2.0,0.16666666666666666,,,,unstable
220210_F1_run6,c-GC,0,126,7,0,0,1,,0.0,,,,stable
220210_F1_run6,c-GC,1,11,1,1,1,3,4.0,0.3333333333333333,,,,unstable
220210_F1_run6,c-GC,1,29,1,1,0,1,2.0,0.16666666666666666,,,,unstable
220210_F1_run6,c-GC,1,101,1,1,1,3,4.0,0.3333333333333333,,,,unstable
220210_F1_run6,c-GC,1,106,1,1,0,1,2.0,0.16666666666666666,,,,unstable
220210_F1_run6,c-GC,1,107,1,1,0,1,2.0,0.16666666666666666,,,,unstable
220210_F1_run6,c-GC,1,123,1,1,0,1,2.0,0.16666666666666666,,,,unstable
220210_F1_run6,c-GC,2,4,7,0,0,1,,0.0,,,,stable
220210_F1_run6,c-GC,2,10,4,2,1,1,4.0,0.5,,,,unstable
220210_F1_run6,c-GC,2,11,7,0,0,1,,0.0,,,,stable
220210_F1_run6,c-GC,2,15,1,1,0,1,2.0,0.16666666666666666,,,,unstable
220210_F1_run6,c-GC,2,16,7,0,0,1,,0.0,,,,stable
220210_F1_run6,c-GC,2,17,7,0,0,1,,0.0,,,,stable
220210_F1_run6,c-GC,2,19,6,1,1,1,3.0,0.3333333333333333,,,,unstable
220210_F1_run6,c-GC,2,22,7,0,0,1,,0.0,,,,stable
220210_F1_run6,c-GC,2,25,7,0,0,1,,0.0,,,,stable
220210_F1_run6,c-GC,2,29,1,1,0,1,2.0,0.16666666666666666,,,,unstable
220210_F1_run6,c-GC,2,32,2,1,0,1,3.0,0.16666666666666666,,,,lost
220210_F1_run6,c-GC,2,48,2,1,0,1,3.0,0.16666666666666666,,,,lost
220210_F1_run6,c-GC,2,49,1,0,1,7,,0.16666666666666666,,,,novel
220210_F1_run6,c-GC,2,65,7,0,0,1,,0.0,,,,stable
220210_F1_run6,c-GC,2,66,2,1,0,1,3.0,0.16666666666666666,,,,lost
220210_F1_run6,c-GC,2,67,1,1,1,3,4.0,0.3333333333333333,,,,unstable
220210_F1_run6,c-GC,2,70,1,1,0,1,2.0,0.16666666666666666,,,,unstable
220210_F1_run6,c-GC,2,71,1,1,0,1,2.0,0.16666666666666666,,,,unstable
220210_F1_run6,c-GC,2,83,1,1,0,1,2.0,0.16666666666666666,,,,unstable
220210_F1_run6,c-GC,2,114,6,0,1,2,,0.16666666666666666,,,,unstable
220210_F1_run6,c-GC,2,115,1,1,0,1,2.0,0.16666666666666666,,,,unstable
220210_F1_run6,c-GC,2,126,7,0,0,1,,0.0,,,,stable
220210_F1_run6,c-GC,2,129,1,1,0,1,2.0,0.16666666666666666,,,,unstable
220210_F1_run6,c-GC,3,13,1,1,0,1,2.0,0.16666666666666666,,,,unstable
220210_F1_run6,c-GC,3,42,1,1,0,1,2.0,0.16666666666666666,,,,unstable
220210_F1_run6,c-GC,3,64,1,1,0,1,2.0,0.16666666666666666,,,,unstable
220210_F1_run6,c-GC,3,82,4,2,2,2,3.0,0.6666666666666666,,,,unstable
220210_F1_run6,c-GC,3,106,1,1,0,1,2.0,0.16666666666666666,,,,unstable
220210_F1_run6,c-GC,4,2,7,0,0,1,,0.0,,,,stable
220210_F1_run6,c-GC,4,10,6,1,1,1,3.0,0.3333333333333333,,,,unstable
220210_F1_run6,c-GC,4,11,7,0,0,1,,0.0,,,,stable
220210_F1_run6,c-GC,4,16,7,0,0,1,,0.0,,,,stable
220210_F1_run6,c-GC,4,18,2,1,0,1,3.0,0.16666666666666666,,,,lost
220210_F1_run6,c-GC,4,20,4,3,2,1,2.0,0.8333333333333334,,,,unstable
220210_F1_run6,c-GC,4,22,7,0,0,1,,0.0,,,,stable
220210_F1_run6,c-GC,4,25,1,1,0,1,2.0,0.16666666666666666,,,,unstable
220210_F1_run6,c-GC,4,29,2,2,2,2,3.0,0.6666666666666666,,,,unstable
220210_F1_run6,c-GC,4,32,3,1,1,1,2.0,0.3333333333333333,,,,unstable
220210_F1_run6,c-GC,4,65,7,0,0,1,,0.0,,,,stable
220210_F1_run6,c-GC,4,66,1,0,1,7,,0.16666666666666666,,,,novel
220210_F1_run6,c-GC,4,67,6,0,1,2,,0.16666666666666666,,,,unstable
220210_F1_run6,c-GC,4,71,1,1,0,1,2.0,0.16666666666666666,,,,unstable
220210_F1_run6,c-GC,4,90,5,1,1,1,2.0,0.3333333333333333,,,,unstable
220210_F1_run6,c-GC,4,115,1,1,0,1,2.0,0.16666666666666666,,,,unstable
220210_F1_run6,c-GC,4,126,2,1,0,1,3.0,0.16666666666666666,,,,lost
220210_F1_run6,c-GC,5,7,7,0,0,1,,0.0,,,,stable
220210_F1_run6,c-GC,5,8,3,1,1,2,5.0,0.3333333333333333,,,,unstable
220210_F1_run6,c-GC,5,15,2,0,1,6,,0.16666666666666666,,,,unstable
220210_F1_run6,c-GC,5,21,1,1,1,2,3.0,0.3333333333333333,,,,unstable
220210_F1_run6,c-GC,5,35,5,0,1,3,,0.16666666666666666,,,,unstable
220210_F1_run6,c-GC,5,50,7,0,0,1,,0.0,,,,stable
220210_F1_run6,c-GC,5,64,6,0,1,2,,0.16666666666666666,,,,unstable
220210_F1_run6,c-GC,5,67,2,1,0,1,3.0,0.16666666666666666,,,,lost
220210_F1_run6,c-GC,5,70,6,1,1,1,5.0,0.3333333333333333,,,,unstable
220210_F1_run6,c-GC,5,74,4,1,1,3,7.0,0.3333333333333333,,,,unstable
220210_F1_run6,c-GC,5,76,5,0,1,3,,0.16666666666666666,,,,unstable
220210_F1_run6,c-GC,5,78,2,1,1,5,7.0,0.3333333333333333,,,,unstable
220210_F1_run6,c-GC,5,79,1,1,1,6,7.0,0.3333333333333333,,,,unstable
220210_F1_run6,c-GC,5,82,1,1,1,4,5.0,0.3333333333333333,,,,unstable
220210_F1_run6,c-GC,5,94,1,1,0,1,2.0,0.16666666666666666,,,,unstable
220210_F1_run6,c-GC,5,106,1,1,1,2,3.0,0.3333333333333333,,,,unstable
220210_F1_run6,c-GC,5,109,1,1,1,6,7.0,0.3333333333333333,,,,unstable
220210_F1_run6,c-GC,5,124,7,0,0,1,,0.0,,,,stable
220210_F1_run6,c-GC,6,5,1,1,1,6,7.0,0.3333333333333333,,,,unstable
220210_F1_run6,c-GC,6,27,7,0,0,1,,0.0,,,,stable
220210_F1_run6,c-GC,6,46,4,0,1,4,,0.16666666666666666,,,,unstable
220210_F1_run6,c-GC,6,62,2,2,1,1,2.0,0.5,,,,unstable
220210_F1_run6,c-GC,6,70,1,1,1,4,5.0,0.3333333333333333,,,,unstable
220210_F1_run6,c-GC,6,86,5,0,1,3,,0.16666666666666666,,,,unstable
220210_F1_run6,c-GC,6,99,6,1,1,1,2.0,0.3333333333333333,,,,unstable
220210_F1_run6,c-GC,6,104,1,0,1,7,,0.16666666666666666,,,,novel
220210_F1_run6,c-GC,6,106,4,1,1,3,7.0,0.3333333333333333,,,,unstable
220210_F1_run6,c-GC,6,113,6,0,1,2,,0.16666666666666666,,,,unstable
220210_F1_run6,c-GC,7,1,2,1,1,1,2.0,0.3333333333333333,,,,unstable
220210_F1_run6,c-GC,7,4,1,1,0,1,2.0,0.16666666666666666,,,,unstable
220210_F1_run6,c-GC,7,5,7,0,0,1,,0.0,,,,stable
220210_F1_run6,c-GC,7,8,7,0,0,1,,0.0,,,,stable
220210_F1_run6,c-GC,7,15,1,1,0,1,2.0,0.16666666666666666,,,,unstable
220210_F1_run6,c-GC,7,17,1,1,0,1,2.0,0.16666666666666666,,,,unstable
220210_F1_run6,c-GC,7,23,1,0,1,7,,0.16666666666666666,,,,novel
220210_F1_run6,c-GC,7,32,6,1,1,1,5.0,0.3333333333333333,,,,unstable
220210_F1_run6,c-GC,7,42,1,1,0,1,2.0,0.16666666666666666,,,,unstable
220210_F1_run6,c-GC,7,54,7,0,0,1,,0.0,,,,stable
220210_F1_run6,c-GC,7,58,6,1,1,1,3.0,0.3333333333333333,,,,unstable
220210_F1_run6,c-GC,7,59,4,0,1,4,,0.16666666666666666,,,,unstable
220210_F1_run6,c-GC,7,60,1,1,0,1,2.0,0.16666666666666666,,,,unstable
220210_F1_run6,c-GC,7,75,1,1,0,1,2.0,0.16666666666666666,,,,unstable
220210_F1_run6,c-GC,7,78,1,1,0,1,2.0,0.16666666666666666,,,,unstable
220210_F1_run6,c-GC,7,84,1,1,0,1,2.0,0.16666666666666666,,,,unstable
220210_F1_run6,c-GC,7,89,1,1,0,1,2.0,0.16666666666666666,,,,unstable
220210_F1_run6,c-GC,7,110,2,1,1,1,2.0,0.3333333333333333,,,,unstable
220210_F1_run6,c-GC,7,120,1,1,0,1,2.0,0.16666666666666666,,,,unstable
220210_F1_run6,c-GC,7,124,1,1,1,4,5.0,0.3333333333333333,,,,unstable
220210_F1_run6,c-GC,7,128,1,1,0,1,2.0,0.16666666666666666,,,,unstable
220210_F1_run6,c-GC,8,3,1,1,1,6,7.0,0.3333333333333333,,,,unstable
220210_F1_run6,c-GC,8,6,7,0,0,1,,0.0,,,,stable
220210_F1_run6,c-GC,8,7,2,1,0,1,3.0,0.16666666666666666,,,,lost
220210_F1_run6,c-GC,8,9,2,1,1,1,2.0,0.3333333333333333,,,,unstable
220210_F1_run6,c-GC,8,15,1,0,1,7,,0.16666666666666666,,,,novel
220210_F1_run6,c-GC,8,27,6,1,0,1,7.0,0.16666666666666666,,,,lost
220210_F1_run6,c-GC,8,33,6,1,1,1,4.0,0.3333333333333333,,,,unstable
220210_F1_run6,c-GC,8,34,1,1,1,2,3.0,0.3333333333333333,,,,unstable
220210_F1_run6,c-GC,8,37,6,0,1,2,,0.16666666666666666,,,,unstable
220210_F1_run6,c-GC,8,38,1,1,1,2,3.0,0.3333333333333333,,,,unstable
220210_F1_run6,c-GC,8,43,3,2,1,1,3.0,0.5,,,,unstable
220210_F1_run6,c-GC,8,50,1,1,1,2,3.0,0.3333333333333333,,,,unstable
220210_F1_run6,c-GC,8,59,6,1,1,1,5.0,0.3333333333333333,,,,unstable
220210_F1_run6,c-GC,8,60,5,1,2,2,3.0,0.5,,,,unstable
220210_F1_run6,c-GC,8,66,6,0,1,2,,0.16666666666666666,,,,unstable
220210_F1_run6,c-GC,8,70,2,1,1,2,4.0,0.3333333333333333,,,,unstable
220210_F1_run6,c-GC,8,80,6,0,1,2,,0.16666666666666666,,,,unstable
220210_F1_run6,c-GC,8,89,3,1,2,3,4.0,0.5,,,,unstable
220210_F1_run6,c-GC,8,93,2,1,0,1,3.0,0.16666666666666666,,,,lost
220210_F1_run6,c-GC,8,94,7,0,0,1,,0.0,,,,stable
220210_F1_run6,c-GC,8,100,1,1,1,2,3.0,0.3333333333333333,,,,unstable
220210_F1_run6,c-GC,8,101,2,1,0,1,3.0,0.16666666666666666,,,,lost
220210_F1_run6,c-GC,8,102,1,1,1,2,3.0,0.3333333333333333,,,,unstable
220210_F1_run6,c-GC,8,104,7,0,0,1,,0.0,,,,stable
220210_F1_run6,c-GC,8,110,2,2,2,4,5.0,0.6666666666666666,,,,unstable
220210_F1_run6,c-GC,8,121,2,1,1,5,7.0,0.3333333333333333,,,,unstable
220210_F1_run6,c-GC,8,122,4,2,3,2,3.0,0.8333333333333334,,,,unstable
220210_F1_run6,c-GC,8,126,3,2,3,2,3.0,0.8333333333333334,,,,unstable
220210_F1_run6,c-GC,8,129,1,1,0,1,2.0,0.16666666666666666,,,,unstable
220210_F1_run6,c-GC,9,17,2,1,0,1,3.0,0.16666666666666666,,,,lost
220210_F1_run6,c-GC,9,26,4,1,0,1,5.0,0.16666666666666666,,,,lost
220210_F1_run6,c-GC,9,39,2,0,1,6,,0.16666666666666666,,,,unstable
220210_F1_run6,c-GC,9,70,2,0,1,6,,0.16666666666666666,,,,unstable
220210_F1_run6,c-GC,9,72,4,1,0,1,5.0,0.16666666666666666,,,,lost
220210_F1_run6,c-GC,9,77,7,0,0,1,,0.0,,,,stable
220210_F1_run6,c-GC,9,111,1,1,0,1,2.0,0.16666666666666666,,,,unstable
220210_F1_run6,c-GC,9,123,1,1,0,1,2.0,0.16666666666666666,,,,unstable
220210_F1_run6,c-GC,9,126,1,1,0,1,2.0,0.16666666666666666,,,,unstable
220210_F1_run6,c-GC,10,11,2,1,0,1,3.0,0.16666666666666666,,,,lost
220210_F1_run6,c-GC,10,20,2,1,0,1,3.0,0.16666666666666666,,,,lost
220210_F1_run6,c-GC,10,25,7,0,0,1,,0.0,,,,stable
220210_F1_run6,c-GC,10,62,1,1,0,1,2.0,0.16666666666666666,,,,unstable
220210_F1_run6,c-GC,10,66,2,0,1,6,,0.16666666666666666,,,,unstable
220210_F1_run6,c-GC,10,68,1,1,0,1,2.0,0.16666666666666666,,,,unstable
220210_F1_run6,c-GC,10,72,1,1,1,3,4.0,0.3333333333333333,,,,unstable
220210_F1_run6,c-GC,10,82,7,0,0,1,,0.0,,,,stable
220210_F1_run6,c-GC,10,85,1,1,0,1,2.0,0.16666666666666666,,,,unstable
220210_F1_run6,c-GC,11,4,1,1,0,1,2.0,0.16666666666666666,,,,unstable
220210_F1_run6,c-GC,11,75,6,0,1,2,,0.16666666666666666,,,,unstable
220210_F1_run6,c-GC,11,85,6,1,0,1,7.0,0.16666666666666666,,,,lost
220210_F1_run6,c-GC,11,95,1,1,1,5,6.0,0.3333333333333333,,,,unstable
220210_F1_run6,c-GC,11,115,2,2,1,1,2.0,0.5,,,,unstable
220210_F1_run6,c-GC,12,5,1,1,1,5,6.0,0.3333333333333333,,,,unstable
220210_F1_run6,c-GC,12,6,6,1,1,1,2.0,0.3333333333333333,,,,unstable
220210_F1_run6,c-GC,12,19,1,1,0,1,2.0,0.16666666666666666,,,,unstable
220210_F1_run6,c-GC,12,21,4,1,1,1,3.0,0.3333333333333333,,,,unstable
220210_F1_run6,c-GC,12,23,7,0,0,1,,0.0,,,,stable
220210_F1_run6,c-GC,12,34,1,1,0,1,2.0,0.16666666666666666,,,,unstable
220210_F1_run6,c-GC,12,35,6,1,1,1,3.0,0.3333333333333333,,,,unstable
220210_F1_run6,c-GC,12,53,6,1,1,1,3.0,0.3333333333333333,,,,unstable
220210_F1_run6,c-GC,12,70,4,1,1,1,2.0,0.3333333333333333,,,,unstable
220210_F1_run6,c-GC,12,80,1,1,1,6,7.0,0.3333333333333333,,,,unstable
220210_F1_run6,c-GC,12,86,6,1,1,1,3.0,0.3333333333333333,,,,unstable
220210_F1_run6,c-GC,12,96,4,0,1,4,,0.16666666666666666,,,,unstable
220210_F1_run6,c-GC,12,106,6,1,1,1,3.0,0.3333333333333333,,,,unstable
220210_F1_run6,c-GC,12,115,1,0,1,7,,0.16666666666666666,,,,novel
220210_F1_run6,c-GC,12,118,3,1,2,4,6.0,0.5,,,,unstable
220210_F1_run6,c-GC,12,120,5,2,1,1,3.0,0.5,,,,unstable
220210_F1_run6,c-GC,12,124,4,1,1,1,2.0,0.3333333333333333,,,,unstable
220210_F1_run6,c-GC,12,126,2,0,1,6,,0.16666666666666666,,,,unstable
220210_F1_run6,c-GC,13,3,2,1,0,1,3.0,0.16666666666666666,,,,lost
220210_F1_run6,c-GC,13,4,1,1,0,1,2.0,0.16666666666666666,,,,unstable
220210_F1_run6,c-GC,13,9,1,1,0,1,2.0,0.16666666666666666,,,,unstable
220210_F1_run6,c-GC,13,17,1,1,0,1,2.0,0.16666666666666666,,,,unstable
220210_F1_run6,c-GC,13,24,7,0,0,1,,0.0,,,,stable
220210_F1_run6,c-GC,14,24,1,1,0,1,2.0,0.16666666666666666,,,,unstable
220210_F1_run6,c-GC,14,43,1,1,0,1,2.0,0.16666666666666666,,,,unstable
220210_F1_run6,c-GC,14,44,2,1,0,1,3.0,0.16666666666666666,,,,lost
220210_F1_run6,c-GC,14,55,5,0,1,3,,0.16666666666666666,,,,unstable
220210_F1_run6,c-GC,14,73,1,1,1,6,7.0,0.3333333333333333,,,,unstable
220210_F1_run6,c-GC,15,7,2,2,1,1,2.0,0.5,,,,unstable
220210_F1_run6,c-GC,15,13,1,1,1,2,3.0,0.3333333333333333,,,,unstable
220210_F1_run6,c-GC,15,27,1,1,0,1,2.0,0.16666666666666666,,,,unstable
220210_F1_run6,c-GC,15,29,7,0,0,1,,0.0,,,,stable
220210_F1_run6,c-GC,15,30,5,0,1,3,,0.16666666666666666,,,,unstable
220210_F1_run6,c-GC,15,35,2,0,1,6,,0.16666666666666666,,,,unstable
220210_F1_run6,c-GC,15,37,2,1,1,3,5.0,0.3333333333333333,,,,unstable
220210_F1_run6,c-GC,15,38,3,1,2,2,3.0,0.5,,,,unstable
220210_F1_run6,c-GC,15,71,6,1,1,1,5.0,0.3333333333333333,,,,unstable
220210_F1_run6,c-GC,15,77,6,1,1,1,2.0,0.3333333333333333,,,,unstable
220210_F1_run6,c-GC,15,78,2,0,1,6,,0.16666666666666666,,,,unstable
220210_F1_run6,c-GC,15,83,6,1,0,1,7.0,0.16666666666666666,,,,lost
220210_F1_run6,c-GC,15,102,1,1,1,3,4.0,0.3333333333333333,,,,unstable
220210_F1_run6,c-GC,15,103,1,1,0,1,2.0,0.16666666666666666,,,,unstable
220210_F1_run6,c-GC,15,105,1,1,0,1,2.0,0.16666666666666666,,,,unstable
220210_F1_run6,c-GC,15,121,1,1,0,1,2.0,0.16666666666666666,,,,unstable
220210_F1_run6,c-GC,16,0,1,1,0,1,2.0,0.16666666666666666,,,,unstable
220210_F1_run6,c-GC,16,2,7,0,0,1,,0.0,,,,stable
220210_F1_run6,c-GC,16,4,2,1,0,1,3.0,0.16666666666666666,,,,lost
220210_F1_run6,c-GC,16,18,6,1,1,1,3.0,0.3333333333333333,,,,unstable
220210_F1_run6,c-GC,16,20,3,1,1,1,3.0,0.3333333333333333,,,,unstable
220210_F1_run6,c-GC,16,25,3,2,2,1,2.0,0.6666666666666666,,,,unstable
220210_F1_run6,c-GC,16,31,1,1,1,6,7.0,0.3333333333333333,,,,unstable
220210_F1_run6,c-GC,16,65,7,0,0,1,,0.0,,,,stable
220210_F1_run6,c-GC,16,68,1,1,0,1,2.0,0.16666666666666666,,,,unstable
220210_F1_run6,c-GC,16,71,1,1,0,1,2.0,0.16666666666666666,,,,unstable
220210_F1_run6,c-GC,16,82,1,1,0,1,2.0,0.16666666666666666,,,,unstable
220210_F1_run6,c-GC,16,88,1,0,1,7,,0.16666666666666666,,,,novel
220210_F1_run6,c-GC,16,102,2,1,2,4,5.0,0.5,,,,unstable
220210_F1_run6,c-GC,16,119,1,1,0,1,2.0,0.16666666666666666,,,,unstable
220210_F1_run6,c-GC,17,0,7,0,0,1,,0.0,,,,stable
220210_F1_run6,c-GC,17,2,7,0,0,1,,0.0,,,,stable
220210_F1_run6,c-GC,17,6,7,0,0,1,,0.0,,,,stable
220210_F1_run6,c-GC,17,7,1,1,0,1,2.0,0.16666666666666666,,,,unstable
220210_F1_run6,c-GC,17,10,1,1,0,1,2.0,0.16666666666666666,,,,unstable
220210_F1_run6,c-GC,17,11,3,2,2,3,4.0,0.6666666666666666,,,,unstable
220210_F1_run6,c-GC,17,22,5,1,0,1,6.0,0.16666666666666666,,,,lost
220210_F1_run6,c-GC,17,24,7,0,0,1,,0.0,,,,stable
220210_F1_run6,c-GC,17,29,7,0,0,1,,0.0,,,,stable
220210_F1_run6,c-GC,17,34,1,1,0,1,2.0,0.16666666666666666,,,,unstable
220210_F1_run6,c-GC,17,41,3,1,0,1,4.0,0.16666666666666666,,,,lost
220210_F1_run6,c-GC,17,46,2,1,1,2,4.0,0.3333333333333333,,,,unstable
220210_F1_run6,c-GC,17,48,1,1,0,1,2.0,0.16666666666666666,,,,unstable
220210_F1_run6,c-GC,17,50,1,1,0,1,2.0,0.16666666666666666,,,,unstable
220210_F1_run6,c-GC,17,53,1,1,0,1,2.0,0.16666666666666666,,,,unstable
220210_F1_run6,c-GC,17,62,6,1,1,1,3.0,0.3333333333333333,,,,unstable
220210_F1_run6,c-GC,17,65,1,1,0,1,2.0,0.16666666666666666,,,,unstable
220210_F1_run6,c-GC,17,66,1,1,0,1,2.0,0.16666666666666666,,,,unstable
220210_F1_run6,c-GC,17,78,1,1,0,1,2.0,0.16666666666666666,,,,unstable
220210_F1_run6,c-GC,17,90,1,1,0,1,2.0,0.16666666666666666,,,,unstable
220210_F1_run6,c-GC,17,97,2,1,0,1,3.0,0.16666666666666666,,,,lost
220210_F1_run6,c-GC,17,100,4,1,0,1,5.0,0.16666666666666666,,,,lost
220210_F1_run6,c-GC,17,110,1,1,0,1,2.0,0.16666666666666666,,,,unstable
220210_F1_run6,c-GC,17,119,1,1,0,1,2.0,0.16666666666666666,,,,unstable
220210_F1_run6,c-GC,17,121,1,1,0,1,2.0,0.16666666666666666,,,,unstable
220210_F1_run6,c-GC,17,122,5,1,0,1,6.0,0.16666666666666666,,,,lost
220210_F1_run6,c-GC,17,126,3,1,1,3,6.0,0.3333333333333333,,,,unstable
220210_F1_run6,c-GC,18,0,1,1,0,1,2.0,0.16666666666666666,,,,unstable
220210_F1_run6,c-GC,18,4,1,1,0,1,2.0,0.16666666666666666,,,,unstable
220210_F1_run6,c-GC,18,9,2,2,1,1,2.0,0.5,,,,unstable
220210_F1_run6,c-GC,18,16,1,1,0,1,2.0,0.16666666666666666,,,,unstable
220210_F1_run6,c-GC,18,62,1,1,0,1,2.0,0.16666666666666666,,,,unstable
220210_F1_run6,c-GC,18,117,5,2,1,1,2.0,0.5,,,,unstable
220210_F1_run6,c-GC,19,2,6,1,1,1,3.0,0.3333333333333333,,,,unstable
220210_F1_run6,c-GC,19,30,1,1,0,1,2.0,0.16666666666666666,,,,unstable
220210_F1_run6,c-GC,19,31,1,1,0,1,2.0,0.16666666666666666,,,,unstable
220210_F1_run6,c-GC,19,39,4,3,2,1,2.0,0.8333333333333334,,,,unstable
220210_F1_run6,c-GC,19,60,4,2,1,1,2.0,0.5,,,,unstable
220210_F1_run6,c-GC,19,83,6,1,1,1,3.0,0.3333333333333333,,,,unstable
220210_F1_run6,c-GC,19,93,2,1,2,4,5.0,0.5,,,,unstable
220210_F1_run6,c-GC,20,4,5,1,0,1,6.0,0.16666666666666666,,,,lost
220210_F1_run6,c-GC,20,16,6,1,0,1,7.0,0.16666666666666666,,,,lost
220210_F1_run6,c-GC,20,18,1,1,0,1,2.0,0.16666666666666666,,,,unstable
220210_F1_run6,c-GC,20,29,2,2,1,1,2.0,0.5,,,,unstable
220210_F1_run6,c-GC,20,34,7,0,0,1,,0.0,,,,stable
220210_F1_run6,c-GC,20,65,1,1,0,1,2.0,0.16666666666666666,,,,unstable
220210_F1_run6,c-GC,20,84,1,1,0,1,2.0,0.16666666666666666,,,,unstable
220210_F1_run6,c-GC,20,89,2,0,1,6,,0.16666666666666666,,,,unstable
220210_F1_run6,c-GC,20,97,3,1,2,2,3.0,0.5,,,,unstable
220210_F1_run6,c-GC,20,104,2,0,1,6,,0.16666666666666666,,,,unstable
220210_F1_run6,c-GC,21,3,2,1,2,3,4.0,0.5,,,,unstable
220210_F1_run6,c-GC,21,38,1,1,1,2,3.0,0.3333333333333333,,,,unstable
220210_F1_run6,c-GC,21,68,3,0,1,5,,0.16666666666666666,,,,unstable
220210_F1_run6,c-GC,21,79,5,0,1,3,,0.16666666666666666,,,,unstable
220210_F1_run6,c-GC,21,84,1,1,0,1,2.0,0.16666666666666666,,,,unstable
220210_F1_run6,c-GC,21,102,1,1,0,1,2.0,0.16666666666666666,,,,unstable
220210_F1_run6,c-GC,22,0,1,1,0,1,2.0,0.16666666666666666,,,,unstable
220210_F1_run6,c-GC,22,2,3,1,1,1,2.0,0.3333333333333333,,,,unstable
220210_F1_run6,c-GC,22,4,7,0,0,1,,0.0,,,,stable
220210_F1_run6,c-GC,22,6,1,1,1,2,3.0,0.3333333333333333,,,,unstable
220210_F1_run6,c-GC,22,14,3,0,1,5,,0.16666666666666666,,,,unstable
220210_F1_run6,c-GC,22,15,1,1,0,1,2.0,0.16666666666666666,,,,unstable
220210_F1_run6,c-GC,22,20,1,1,0,1,2.0,0.16666666666666666,,,,unstable
220210_F1_run6,c-GC,22,37,5,1,2,2,4.0,0.5,,,,unstable
220210_F1_run6,c-GC,22,50,1,0,1,7,,0.16666666666666666,,,,novel
220210_F1_run6,c-GC,22,54,1,1,1,3,4.0,0.3333333333333333,,,,unstable
220210_F1_run6,c-GC,22,55,4,1,1,3,7.0,0.3333333333333333,,,,unstable
220210_F1_run6,c-GC,22,62,5,0,1,3,,0.16666666666666666,,,,unstable
220210_F1_run6,c-GC,22,65,1,1,1,6,7.0,0.3333333333333333,,,,unstable
220210_F1_run6,c-GC,22,70,2,1,2,5,6.0,0.5,,,,unstable
220210_F1_run6,c-GC,22,77,1,0,1,7,,0.16666666666666666,,,,novel
220210_F1_run6,c-GC,22,78,6,1,1,1,5.0,0.3333333333333333,,,,unstable
220210_F1_run6,c-GC,22,89,3,1,2,4,6.0,0.5,,,,unstable
220210_F1_run6,c-GC,22,100,4,2,2,1,2.0,0.6666666666666666,,,,unstable
220210_F1_run6,c-GC,22,103,5,1,2,2,4.0,0.5,,,,unstable
220210_F1_run6,c-GC,22,111,2,0,1,6,,0.16666666666666666,,,,unstable
220210_F1_run6,c-GC,22,119,5,0,1,3,,0.16666666666666666,,,,unstable
220210_F1_run6,c-GC,23,10,1,1,0,1,2.0,0.16666666666666666,,,,unstable
220210_F1_run6,c-GC,23,12,2,2,1,1,2.0,0.5,,,,unstable
220210_F1_run6,c-GC,23,14,1,1,1,5,6.0,0.3333333333333333,,,,unstable
220210_F1_run6,c-GC,23,27,7,0,0,1,,0.0,,,,stable
220210_F1_run6,c-GC,23,34,2,2,1,1,2.0,0.5,,,,unstable
220210_F1_run6,c-GC,23,37,7,0,0,1,,0.0,,,,stable
220210_F1_run6,c-GC,23,38,2,1,2,4,5.0,0.5,,,,unstable
220210_F1_run6,c-GC,23,39,1,1,1,6,7.0,0.3333333333333333,,,,unstable
220210_F1_run6,c-GC,23,43,1,1,0,1,2.0,0.16666666666666666,,,,unstable
220210_F1_run6,c-GC,23,45,1,1,1,5,6.0,0.3333333333333333,,,,unstable
220210_F1_run6,c-GC,23,50,1,1,0,1,2.0,0.16666666666666666,,,,unstable
220210_F1_run6,c-GC,23,69,3,1,2,4,6.0,0.5,,,,unstable
220210_F1_run6,c-GC,23,76,2,1,1,1,2.0,0.3333333333333333,,,,unstable
220210_F1_run6,c-GC,23,80,3,3,2,1,2.0,0.8333333333333334,,,,unstable
220210_F1_run6,c-GC,23,84,3,2,1,1,3.0,0.5,,,,unstable
220210_F1_run6,c-GC,23,87,3,1,1,1,2.0,0.3333333333333333,,,,unstable
220210_F1_run6,c-GC,23,94,1,1,0,1,2.0,0.16666666666666666,,,,unstable
220210_F1_run6,c-GC,23,96,7,0,0,1,,0.0,,,,stable
220210_F1_run6,c-GC,23,105,1,1,1,6,7.0,0.3333333333333333,,,,unstable
220210_F1_run6,c-GC,23,106,1,1,1,6,7.0,0.3333333333333333,,,,unstable
220210_F1_run6,c-GC,23,107,4,1,2,3,6.0,0.5,,,,unstable
220210_F1_run6,c-GC,23,108,1,1,0,1,2.0,0.16666666666666666,,,,unstable
220210_F1_run6,c-GC,23,109,4,2,2,1,3.0,0.6666666666666666,,,,unstable
220210_F1_run6,c-GC,23,112,1,0,1,7,,0.16666666666666666,,,,novel
220210_F1_run6,c-GC,23,122,2,0,1,6,,0.16666666666666666,,,,unstable
220210_F1_run6,c-GC,23,123,4,2,2,1,3.0,0.6666666666666666,,,,unstable
220210_F1_run6,c-GC,23,124,7,0,0,1,,0.0,,,,stable
220210_F1_run6,c-GC,24,11,2,0,1,6,,0.16666666666666666,,,,unstable
220210_F1_run6,c-GC,24,13,7,0,0,1,,0.0,,,,stable
220210_F1_run6,c-GC,24,14,5,1,0,1,6.0,0.16666666666666666,,,,lost
220210_F1_run6,c-GC,24,17,1,1,0,1,2.0,0.16666666666666666,,,,unstable
220210_F1_run6,c-GC,24,38,1,1,1,3,4.0,0.3333333333333333,,,,unstable
220210_F1_run6,c-GC,24,87,1,1,1,6,7.0,0.3333333333333333,,,,unstable
220210_F1_run6,c-GC,25,11,7,0,0,1,,0.0,,,,stable
220210_F1_run6,c-GC,25,19,1,0,1,7,,0.16666666666666666,,,,novel
220210_F1_run6,c-GC,25,34,1,1,0,1,2.0,0.16666666666666666,,,,unstable
220210_F1_run6,c-GC,25,37,2,1,1,1,2.0,0.3333333333333333,,,,unstable
220210_F1_run6,c-GC,25,38,3,0,1,5,,0.16666666666666666,,,,unstable
220210_F1_run6,c-GC,25,44,1,1,0,1,2.0,0.16666666666666666,,,,unstable
220210_F1_run6,c-GC,25,53,1,1,0,1,2.0,0.16666666666666666,,,,unstable
220210_F1_run6,c-GC,25,70,1,1,0,1,2.0,0.16666666666666666,,,,unstable
220210_F1_run6,c-GC,25,83,1,1,0,1,2.0,0.16666666666666666,,,,unstable
220210_F1_run6,c-GC,25,124,2,0,1,6,,0.16666666666666666,,,,unstable
220210_F1_run6,c-GC,26,7,1,1,0,1,2.0,0.16666666666666666,,,,unstable
220210_F1_run6,c-GC,26,9,5,1,0,1,6.0,0.16666666666666666,,,,lost
220210_F1_run6,c-GC,26,97,1,0,1,7,,0.16666666666666666,,,,novel
220210_F1_run6,c-GC,27,5,7,0,0,1,,0.0,,,,stable
220210_F1_run6,c-GC,27,6,7,0,0,1,,0.0,,,,stable
220210_F1_run6,c-GC,27,8,7,0,0,1,,0.0,,,,stable
220210_F1_run6,c-GC,27,9,1,1,1,5,6.0,0.3333333333333333,,,,unstable
220210_F1_run6,c-GC,27,15,1,1,0,1,2.0,0.16666666666666666,,,,unstable
220210_F1_run6,c-GC,27,20,1,1,1,6,7.0,0.3333333333333333,,,,unstable
220210_F1_run6,c-GC,27,21,3,1,0,1,4.0,0.16666666666666666,,,,lost
220210_F1_run6,c-GC,27,23,6,0,1,2,,0.16666666666666666,,,,unstable
220210_F1_run6,c-GC,27,25,1,1,0,1,2.0,0.16666666666666666,,,,unstable
220210_F1_run6,c-GC,27,29,1,1,0,1,2.0,0.16666666666666666,,,,unstable
220210_F1_run6,c-GC,27,34,3,0,1,5,,0.16666666666666666,,,,unstable
220210_F1_run6,c-GC,27,35,1,1,1,6,7.0,0.3333333333333333,,,,unstable
220210_F1_run6,c-GC,27,37,6,0,1,2,,0.16666666666666666,,,,unstable
220210_F1_run6,c-GC,27,38,2,1,0,1,3.0,0.16666666666666666,,,,lost
220210_F1_run6,c-GC,27,44,2,0,1,6,,0.16666666666666666,,,,unstable
220210_F1_run6,c-GC,27,45,1,1,1,6,7.0,0.3333333333333333,,,,unstable
220210_F1_run6,c-GC,27,46,1,1,0,1,2.0,0.16666666666666666,,,,unstable
220210_F1_run6,c-GC,27,47,2,1,0,1,3.0,0.16666666666666666,,,,lost
220210_F1_run6,c-GC,27,50,4,2,1,1,2.0,0.5,,,,unstable
220210_F1_run6,c-GC,27,53,2,1,1,1,2.0,0.3333333333333333,,,,unstable
220210_F1_run6,c-GC,27,59,1,1,1,4,5.0,0.3333333333333333,,,,unstable
220210_F1_run6,c-GC,27,60,6,1,1,1,2.0,0.3333333333333333,,,,unstable
220210_F1_run6,c-GC,27,64,6,1,1,1,3.0,0.3333333333333333,,,,unstable
220210_F1_run6,c-GC,27,67,6,0,1,2,,0.16666666666666666,,,,unstable
220210_F1_run6,c-GC,27,69,7,0,0,1,,0.0,,,,stable
220210_F1_run6,c-GC,27,70,7,0,0,1,,0.0,,,,stable
220210_F1_run6,c-GC,27,75,1,1,0,1,2.0,0.16666666666666666,,,,unstable
220210_F1_run6,c-GC,27,76,2,1,0,1,3.0,0.16666666666666666,,,,lost
220210_F1_run6,c-GC,27,89,3,1,0,1,4.0,0.16666666666666666,,,,lost
220210_F1_run6,c-GC,27,93,3,1,0,1,4.0,0.16666666666666666,,,,lost
220210_F1_run6,c-GC,27,98,3,2,1,1,3.0,0.5,,,,unstable
220210_F1_run6,c-GC,27,104,3,1,0,1,4.0,0.16666666666666666,,,,lost
220210_F1_run6,c-GC,27,106,6,1,1,1,6.0,0.3333333333333333,,,,unstable
220210_F1_run6,c-GC,27,107,1,1,0,1,2.0,0.16666666666666666,,,,unstable
220210_F1_run6,c-GC,27,108,1,1,0,1,2.0,0.16666666666666666,,,,unstable
220210_F1_run6,c-GC,27,109,1,1,0,1,2.0,0.16666666666666666,,,,unstable
220210_F1_run6,c-GC,27,121,3,2,1,1,2.0,0.5,,,,unstable
220210_F1_run6,c-GC,27,124,7,0,0,1,,0.0,,,,stable
220210_F1_run6,c-GC,27,128,6,1,0,1,7.0,0.16666666666666666,,,,lost
220210_F1_run6,c-GC,28,12,2,1,2,5,6.0,0.5,,,,unstable
220210_F1_run6,c-GC,28,38,1,1,0,1,2.0,0.16666666666666666,,,,unstable
220210_F1_run6,c-GC,28,90,1,1,1,2,3.0,0.3333333333333333,,,,unstable
220210_F1_run6,c-GC,28,114,5,2,2,1,3.0,0.6666666666666666,,,,unstable
220210_F1_run6,c-GC,28,115,1,1,1,2,3.0,0.3333333333333333,,,,unstable
220210_F1_run6,c-GC,28,119,2,1,1,3,5.0,0.3333333333333333,,,,unstable
220210_F1_run6,c-GC,29,0,7,0,0,1,,0.0,,,,stable
220210_F1_run6,c-GC,29,1,1,1,0,1,2.0,0.16666666666666666,,,,unstable
220210_F1_run6,c-GC,29,2,5,1,2,2,6.0,0.5,,,,unstable
220210_F1_run6,c-GC,29,4,1,1,1,6,7.0,0.3333333333333333,,,,unstable
220210_F1_run6,c-GC,29,10,3,1,1,1,3.0,0.3333333333333333,,,,unstable
220210_F1_run6,c-GC,29,11,1,1,0,1,2.0,0.16666666666666666,,,,unstable
220210_F1_run6,c-GC,29,17,1,1,0,1,2.0,0.16666666666666666,,,,unstable
220210_F1_run6,c-GC,29,20,2,1,0,1,3.0,0.16666666666666666,,,,lost
220210_F1_run6,c-GC,29,22,6,1,1,1,4.0,0.3333333333333333,,,,unstable
220210_F1_run6,c-GC,29,23,2,0,1,6,,0.16666666666666666,,,,unstable
220210_F1_run6,c-GC,29,25,1,1,0,1,2.0,0.16666666666666666,,,,unstable
220210_F1_run6,c-GC,29,37,1,1,0,1,2.0,0.16666666666666666,,,,unstable
220210_F1_run6,c-GC,29,45,2,1,0,1,3.0,0.16666666666666666,,,,lost
220210_F1_run6,c-GC,29,63,1,1,0,1,2.0,0.16666666666666666,,,,unstable
220210_F1_run6,c-GC,29,65,7,0,0,1,,0.0,,,,stable
220210_F1_run6,c-GC,29,67,4,1,1,1,3.0,0.3333333333333333,,,,unstable
220210_F1_run6,c-GC,29,68,1,1,0,1,2.0,0.16666666666666666,,,,unstable
220210_F1_run6,c-GC,29,80,1,1,0,1,2.0,0.16666666666666666,,,,unstable
220210_F1_run6,c-GC,29,89,1,1,0,1,2.0,0.16666666666666666,,,,unstable
220210_F1_run6,c-GC,29,100,7,0,0,1,,0.0,,,,stable
220210_F1_run6,c-GC,29,102,1,1,1,6,7.0,0.3333333333333333,,,,unstable
220210_F1_run6,c-GC,29,103,6,1,0,1,7.0,0.16666666666666666,,,,lost
220210_F1_run6,c-GC,29,108,1,1,0,1,2.0,0.16666666666666666,,,,unstable
220210_F1_run6,c-GC,29,112,1,1,0,1,2.0,0.16666666666666666,,,,unstable
220210_F1_run6,c-GC,29,114,2,1,0,1,3.0,0.16666666666666666,,,,lost
220210_F1_run6,c-GC,29,120,2,1,0,1,3.0,0.16666666666666666,,,,lost
220210_F1_run6,c-GC,29,124,1,1,0,1,2.0,0.16666666666666666,,,,unstable
220210_F1_run6,c-GC,30,44,4,2,1,1,3.0,0.5,,,,unstable
220210_F1_run6,c-GC,30,48,5,2,2,1,2.0,0.6666666666666666,,,,unstable
220210_F1_run6,c-GC,30,66,6,1,0,1,7.0,0.16666666666666666,,,,lost
220210_F1_run6,c-GC,30,67,3,1,0,1,4.0,0.16666666666666666,,,,lost
220210_F1_run6,c-GC,30,68,3,3,2,1,2.0,0.8333333333333334,,,,unstable
220210_F1_run6,c-GC,30,76,1,1,0,1,2.0,0.16666666666666666,,,,unstable
220210_F1_run6,c-GC,30,87,7,0,0,1,,0.0,,,,stable
220210_F1_run6,c-GC,30,101,1,1,1,2,3.0,0.3333333333333333,,,,unstable
220210_F1_run6,c-GC,30,103,1,1,0,1,2.0,0.16666666666666666,,,,unstable
220210_F1_run6,c-GC,30,107,7,0,0,1,,0.0,,,,stable
220210_F1_run6,c-GC,30,119,6,1,1,1,3.0,0.3333333333333333,,,,unstable
220210_F1_run6,c-GC,31,50,1,1,0,1,2.0,0.16666666666666666,,,,unstable
220210_F1_run6,c-GC,31,82,1,1,0,1,2.0,0.16666666666666666,,,,unstable
220210_F1_run6,c-GC,31,101,1,1,1,2,3.0,0.3333333333333333,,,,unstable
220210_F1_run6,c-GC,31,106,4,1,0,1,5.0,0.16666666666666666,,,,lost
220210_F1_run6,c-GC,31,107,1,1,0,1,2.0,0.16666666666666666,,,,unstable
220210_F1_run6,c-GC,32,4,1,1,0,1,2.0,0.16666666666666666,,,,unstable
220210_F1_run6,c-GC,32,27,5,0,1,3,,0.16666666666666666,,,,unstable
220210_F1_run6,c-GC,32,30,1,1,0,1,2.0,0.16666666666666666,,,,unstable
220210_F1_run6,c-GC,32,36,6,0,1,2,,0.16666666666666666,,,,unstable
220210_F1_run6,c-GC,32,38,5,1,0,1,6.0,0.16666666666666666,,,,lost
220210_F1_run6,c-GC,32,40,1,1,0,1,2.0,0.16666666666666666,,,,unstable
220210_F1_run6,c-GC,32,43,2,1,0,1,3.0,0.16666666666666666,,,,lost
220210_F1_run6,c-GC,32,53,1,1,0,1,2.0,0.16666666666666666,,,,unstable
220210_F1_run6,c-GC,32,54,1,1,1,5,6.0,0.3333333333333333,,,,unstable
220210_F1_run6,c-GC,32,55,6,1,0,1,7.0,0.16666666666666666,,,,lost
220210_F1_run6,c-GC,32,66,2,1,0,1,3.0,0.16666666666666666,,,,lost
220210_F1_run6,c-GC,32,84,1,1,0,1,2.0,0.16666666666666666,,,,unstable
220210_F1_run6,c-GC,32,102,1,1,0,1,2.0,0.16666666666666666,,,,unstable
220210_F1_run6,c-GC,32,127,1,0,1,7,,0.16666666666666666,,,,novel
220210_F1_run6,c-GC,32,129,4,0,1,4,,0.16666666666666666,,,,unstable
220210_F1_run6,c-GC,33,26,1,1,0,1,2.0,0.16666666666666666,,,,unstable
220210_F1_run6,c-GC,33,34,1,1,1,4,5.0,0.3333333333333333,,,,unstable
220210_F1_run6,c-GC,33,88,1,1,0,1,2.0,0.16666666666666666,,,,unstable
220210_F1_run6,c-GC,34,27,1,1,0,1,2.0,0.16666666666666666,,,,unstable
220210_F1_run6,c-GC,34,54,1,1,0,1,2.0,0.16666666666666666,,,,unstable
220210_F1_run6,c-GC,34,58,1,1,0,1,2.0,0.16666666666666666,,,,unstable
220210_F1_run6,c-GC,34,84,2,1,0,1,3.0,0.16666666666666666,,,,lost
220210_F1_run6,c-GC,34,121,1,1,0,1,2.0,0.16666666666666666,,,,unstable
220210_F1_run6,c-GC,35,5,5,0,1,3,,0.16666666666666666,,,,unstable
220210_F1_run6,c-GC,35,6,2,1,1,1,2.0,0.3333333333333333,,,,unstable
220210_F1_run6,c-GC,35,9,1,1,0,1,2.0,0.16666666666666666,,,,unstable
220210_F1_run6,c-GC,35,10,1,1,1,2,3.0,0.3333333333333333,,,,unstable
220210_F1_run6,c-GC,35,27,7,0,0,1,,0.0,,,,stable
220210_F1_run6,c-GC,35,30,1,1,1,3,4.0,0.3333333333333333,,,,unstable
220210_F1_run6,c-GC,35,44,4,1,0,1,5.0,0.16666666666666666,,,,lost
220210_F1_run6,c-GC,35,55,2,1,1,3,5.0,0.3333333333333333,,,,unstable
220210_F1_run6,c-GC,35,64,3,1,1,3,6.0,0.3333333333333333,,,,unstable
220210_F1_run6,c-GC,35,67,1,1,1,2,3.0,0.3333333333333333,,,,unstable
220210_F1_run6,c-GC,35,82,2,2,2,2,3.0,0.6666666666666666,,,,unstable
220210_F1_run6,c-GC,35,108,1,1,1,3,4.0,0.3333333333333333,,,,unstable
220210_F1_run6,c-GC,35,113,2,1,0,1,3.0,0.16666666666666666,,,,lost
220210_F1_run6,c-GC,36,12,1,1,1,5,6.0,0.3333333333333333,,,,unstable
220210_F1_run6,c-GC,36,27,4,3,2,1,2.0,0.8333333333333334,,,,unstable
220210_F1_run6,c-GC,36,42,1,1,0,1,2.0,0.16666666666666666,,,,unstable
220210_F1_run6,c-GC,36,53,5,0,1,3,,0.16666666666666666,,,,unstable
220210_F1_run6,c-GC,36,59,4,2,1,1,4.0,0.5,,,,unstable
220210_F1_run6,c-GC,36,73,1,1,0,1,2.0,0.16666666666666666,,,,unstable
220210_F1_run6,c-GC,36,78,5,0,1,3,,0.16666666666666666,,,,unstable
220210_F1_run6,c-GC,36,95,1,1,0,1,2.0,0.16666666666666666,,,,unstable
220210_F1_run6,c-GC,36,101,3,2,2,1,2.0,0.6666666666666666,,,,unstable
220210_F1_run6,c-GC,37,0,3,1,2,4,6.0,0.5,,,,unstable
220210_F1_run6,c-GC,37,2,1,1,0,1,2.0,0.16666666666666666,,,,unstable
220210_F1_run6,c-GC,37,6,7,0,0,1,,0.0,,,,stable
220210_F1_run6,c-GC,37,7,2,2,2,3,4.0,0.6666666666666666,,,,unstable
220210_F1_run6,c-GC,37,8,7,0,0,1,,0.0,,,,stable
220210_F1_run6,c-GC,37,20,4,2,1,1,4.0,0.5,,,,unstable
220210_F1_run6,c-GC,37,22,2,1,0,1,3.0,0.16666666666666666,,,,lost
220210_F1_run6,c-GC,37,30,6,0,1,2,,0.16666666666666666,,,,unstable
220210_F1_run6,c-GC,37,34,6,0,1,2,,0.16666666666666666,,,,unstable
220210_F1_run6,c-GC,37,38,7,0,0,1,,0.0,,,,stable
220210_F1_run6,c-GC,37,43,5,0,1,3,,0.16666666666666666,,,,unstable
220210_F1_run6,c-GC,37,45,1,1,0,1,2.0,0.16666666666666666,,,,unstable
220210_F1_run6,c-GC,37,46,1,1,0,1,2.0,0.16666666666666666,,,,unstable
220210_F1_run6,c-GC,37,50,7,0,0,1,,0.0,,,,stable
220210_F1_run6,c-GC,37,51,1,1,0,1,2.0,0.16666666666666666,,,,unstable
220210_F1_run6,c-GC,37,54,7,0,0,1,,0.0,,,,stable
220210_F1_run6,c-GC,37,59,6,1,1,1,3.0,0.3333333333333333,,,,unstable
220210_F1_run6,c-GC,37,60,1,1,0,1,2.0,0.16666666666666666,,,,unstable
220210_F1_run6,c-GC,37,65,1,1,1,4,5.0,0.3333333333333333,,,,unstable
220210_F1_run6,c-GC,37,67,6,0,1,2,,0.16666666666666666,,,,unstable
220210_F1_run6,c-GC,37,69,5,0,1,3,,0.16666666666666666,,,,unstable
220210_F1_run6,c-GC,37,70,7,0,0,1,,0.0,,,,stable
220210_F1_run6,c-GC,37,76,6,0,1,2,,0.16666666666666666,,,,unstable
220210_F1_run6,c-GC,37,77,7,0,0,1,,0.0,,,,stable
220210_F1_run6,c-GC,37,78,7,0,0,1,,0.0,,,,stable
220210_F1_run6,c-GC,37,79,6,0,1,2,,0.16666666666666666,,,,unstable
220210_F1_run6,c-GC,37,80,6,1,1,1,3.0,0.3333333333333333,,,,unstable
220210_F1_run6,c-GC,37,84,7,0,0,1,,0.0,,,,stable
220210_F1_run6,c-GC,37,85,7,0,0,1,,0.0,,,,stable
220210_F1_run6,c-GC,37,86,5,1,1,1,5.0,0.3333333333333333,,,,unstable
220210_F1_run6,c-GC,37,89,7,0,0,1,,0.0,,,,stable
220210_F1_run6,c-GC,37,90,5,0,1,3,,0.16666666666666666,,,,unstable
220210_F1_run6,c-GC,37,93,5,1,2,2,6.0,0.5,,,,unstable
220210_F1_run6,c-GC,37,94,2,1,1,5,7.0,0.3333333333333333,,,,unstable
220210_F1_run6,c-GC,37,98,1,1,1,2,3.0,0.3333333333333333,,,,unstable
220210_F1_run6,c-GC,37,100,7,0,0,1,,0.0,,,,stable
220210_F1_run6,c-GC,37,106,7,0,0,1,,0.0,,,,stable
220210_F1_run6,c-GC,37,107,5,1,2,2,3.0,0.5,,,,unstable
220210_F1_run6,c-GC,37,108,2,1,1,5,7.0,0.3333333333333333,,,,unstable
220210_F1_run6,c-GC,37,110,6,0,1,2,,0.16666666666666666,,,,unstable
220210_F1_run6,c-GC,37,111,1,1,0,1,2.0,0.16666666666666666,,,,unstable
220210_F1_run6,c-GC,37,118,6,1,1,1,3.0,0.3333333333333333,,,,unstable
220210_F1_run6,c-GC,37,120,7,0,0,1,,0.0,,,,stable
220210_F1_run6,c-GC,37,122,6,0,1,2,,0.16666666666666666,,,,unstable
220210_F1_run6,c-GC,37,126,3,1,1,3,6.0,0.3333333333333333,,,,unstable
220210_F1_run6,c-GC,37,128,1,1,1,3,4.0,0.3333333333333333,,,,unstable
220210_F1_run6,c-GC,38,7,2,1,0,1,3.0,0.16666666666666666,,,,lost
220210_F1_run6,c-GC,38,10,6,1,1,1,4.0,0.3333333333333333,,,,unstable
220210_F1_run6,c-GC,38,45,1,1,1,2,3.0,0.3333333333333333,,,,unstable
220210_F1_run6,c-GC,38,49,1,1,0,1,2.0,0.16666666666666666,,,,unstable
220210_F1_run6,c-GC,38,58,1,1,0,1,2.0,0.16666666666666666,,,,unstable
220210_F1_run6,c-GC,38,61,4,0,1,4,,0.16666666666666666,,,,unstable
220210_F1_run6,c-GC,38,69,1,1,0,1,2.0,0.16666666666666666,,,,unstable
220210_F1_run6,c-GC,38,96,1,1,1,3,4.0,0.3333333333333333,,,,unstable
220210_F1_run6,c-GC,38,98,1,1,0,1,2.0,0.16666666666666666,,,,unstable
220210_F1_run6,c-GC,38,101,6,1,1,1,4.0,0.3333333333333333,,,,unstable
220210_F1_run6,c-GC,38,104,1,1,0,1,2.0,0.16666666666666666,,,,unstable
220210_F1_run6,c-GC,38,105,1,1,0,1,2.0,0.16666666666666666,,,,unstable
220210_F1_run6,c-GC,38,112,1,1,1,4,5.0,0.3333333333333333,,,,unstable
220210_F1_run6,c-GC,38,115,1,1,0,1,2.0,0.16666666666666666,,,,unstable
220210_F1_run6,c-GC,38,121,4,0,1,4,,0.16666666666666666,,,,unstable
220210_F1_run6,c-GC,38,128,1,1,0,1,2.0,0.16666666666666666,,,,unstable
220210_F1_run6,c-GC,39,6,1,1,0,1,2.0,0.16666666666666666,,,,unstable
220210_F1_run6,c-GC,39,7,1,1,0,1,2.0,0.16666666666666666,,,,unstable
220210_F1_run6,c-GC,39,10,3,1,2,4,6.0,0.5,,,,unstable
220210_F1_run6,c-GC,39,26,5,1,0,1,6.0,0.16666666666666666,,,,lost
220210_F1_run6,c-GC,39,37,1,1,0,1,2.0,0.16666666666666666,,,,unstable
220210_F1_run6,c-GC,39,54,1,1,0,1,2.0,0.16666666666666666,,,,unstable
220210_F1_run6,c-GC,39,56,1,1,0,1,2.0,0.16666666666666666,,,,unstable
220210_F1_run6,c-GC,39,58,5,1,0,1,6.0,0.16666666666666666,,,,lost
220210_F1_run6,c-GC,39,64,1,1,0,1,2.0,0.16666666666666666,,,,unstable
220210_F1_run6,c-GC,39,69,1,1,0,1,2.0,0.16666666666666666,,,,unstable
220210_F1_run6,c-GC,39,70,1,1,0,1,2.0,0.16666666666666666,,,,unstable
220210_F1_run6,c-GC,39,75,5,1,2,2,3.0,0.5,,,,unstable
220210_F1_run6,c-GC,39,77,1,1,1,5,6.0,0.3333333333333333,,,,unstable
220210_F1_run6,c-GC,39,82,2,1,0,1,3.0,0.16666666666666666,,,,lost
220210_F1_run6,c-GC,39,89,1,1,0,1,2.0,0.16666666666666666,,,,unstable
220210_F1_run6,c-GC,39,92,5,0,1,3,,0.16666666666666666,,,,unstable
220210_F1_run6,c-GC,39,94,1,1,0,1,2.0,0.16666666666666666,,,,unstable
220210_F1_run6,c-GC,39,96,7,0,0,1,,0.0,,,,stable
220210_F1_run6,c-GC,39,102,6,1,1,1,2.0,0.3333333333333333,,,,unstable
220210_F1_run6,c-GC,39,108,1,1,0,1,2.0,0.16666666666666666,,,,unstable
220210_F1_run6,c-GC,39,109,1,1,0,1,2.0,0.16666666666666666,,,,unstable
220210_F1_run6,c-GC,40,21,1,1,0,1,2.0,0.16666666666666666,,,,unstable
220210_F1_run6,c-GC,40,26,1,1,0,1,2.0,0.16666666666666666,,,,unstable
220210_F1_run6,c-GC,40,30,2,1,0,1,3.0,0.16666666666666666,,,,lost
220210_F1_run6,c-GC,40,43,3,1,2,4,5.0,0.5,,,,unstable
220210_F1_run6,c-GC,40,44,6,1,1,1,5.0,0.3333333333333333,,,,unstable
220210_F1_run6,c-GC,40,67,5,2,1,1,5.0,0.5,,,,unstable
220210_F1_run6,c-GC,40,69,1,1,0,1,2.0,0.16666666666666666,,,,unstable
220210_F1_run6,c-GC,40,86,4,1,0,1,5.0,0.16666666666666666,,,,lost
220210_F1_run6,c-GC,40,89,1,1,1,4,5.0,0.3333333333333333,,,,unstable
220210_F1_run6,c-GC,40,96,2,1,1,4,6.0,0.3333333333333333,,,,unstable
220210_F1_run6,c-GC,40,115,1,1,1,6,7.0,0.3333333333333333,,,,unstable
220210_F1_run6,c-GC,40,118,5,0,1,3,,0.16666666666666666,,,,unstable
220210_F1_run6,c-GC,40,126,2,0,1,6,,0.16666666666666666,,,,unstable
220210_F1_run6,c-GC,41,15,2,2,1,1,2.0,0.5,,,,unstable
220210_F1_run6,c-GC,41,65,1,1,0,1,2.0,0.16666666666666666,,,,unstable
220210_F1_run6,c-GC,41,67,1,1,1,5,6.0,0.3333333333333333,,,,unstable
220210_F1_run6,c-GC,41,89,1,1,1,2,3.0,0.3333333333333333,,,,unstable
220210_F1_run6,c-GC,42,2,3,0,1,5,,0.16666666666666666,,,,unstable
220210_F1_run6,c-GC,42,4,2,1,2,2,3.0,0.5,,,,unstable
220210_F1_run6,c-GC,42,70,1,1,0,1,2.0,0.16666666666666666,,,,unstable
220210_F1_run6,c-GC,42,86,1,1,1,2,3.0,0.3333333333333333,,,,unstable
220210_F1_run6,c-GC,42,87,1,1,0,1,2.0,0.16666666666666666,,,,unstable
220210_F1_run6,c-GC,42,101,1,1,0,1,2.0,0.16666666666666666,,,,unstable
220210_F1_run6,c-GC,42,108,1,1,0,1,2.0,0.16666666666666666,,,,unstable
220210_F1_run6,c-GC,42,129,1,1,0,1,2.0,0.16666666666666666,,,,unstable
220210_F1_run6,c-GC,43,4,1,1,0,1,2.0,0.16666666666666666,,,,unstable
220210_F1_run6,c-GC,43,5,2,1,1,4,6.0,0.3333333333333333,,,,unstable
220210_F1_run6,c-GC,43,59,1,1,0,1,2.0,0.16666666666666666,,,,unstable
220210_F1_run6,c-GC,43,76,2,2,2,4,5.0,0.6666666666666666,,,,unstable
220210_F1_run6,c-GC,43,84,1,1,0,1,2.0,0.16666666666666666,,,,unstable
220210_F1_run6,c-GC,43,89,1,1,0,1,2.0,0.16666666666666666,,,,unstable
220210_F1_run6,c-GC,43,99,7,0,0,1,,0.0,,,,stable
220210_F1_run6,c-GC,43,107,3,1,1,1,3.0,0.3333333333333333,,,,unstable
220210_F1_run6,c-GC,43,110,1,1,0,1,2.0,0.16666666666666666,,,,unstable
220210_F1_run6,c-GC,44,0,1,1,0,1,2.0,0.16666666666666666,,,,unstable
220210_F1_run6,c-GC,44,4,1,1,0,1,2.0,0.16666666666666666,,,,unstable
220210_F1_run6,c-GC,44,6,1,1,0,1,2.0,0.16666666666666666,,,,unstable
220210_F1_run6,c-GC,44,8,2,1,1,4,6.0,0.3333333333333333,,,,unstable
220210_F1_run6,c-GC,44,28,1,1,0,1,2.0,0.16666666666666666,,,,unstable
220210_F1_run6,c-GC,44,29,6,1,1,1,2.0,0.3333333333333333,,,,unstable
220210_F1_run6,c-GC,44,30,1,1,0,1,2.0,0.16666666666666666,,,,unstable
220210_F1_run6,c-GC,44,37,1,1,0,1,2.0,0.16666666666666666,,,,unstable
220210_F1_run6,c-GC,44,38,1,1,0,1,2.0,0.16666666666666666,,,,unstable
220210_F1_run6,c-GC,44,40,3,2,2,3,5.0,0.6666666666666666,,,,unstable
220210_F1_run6,c-GC,44,42,5,0,1,3,,0.16666666666666666,,,,unstable
220210_F1_run6,c-GC,44,48,1,1,0,1,2.0,0.16666666666666666,,,,unstable
220210_F1_run6,c-GC,44,58,1,1,1,6,7.0,0.3333333333333333,,,,unstable
220210_F1_run6,c-GC,44,60,7,0,0,1,,0.0,,,,stable
220210_F1_run6,c-GC,44,65,1,1,0,1,2.0,0.16666666666666666,,,,unstable
220210_F1_run6,c-GC,44,67,2,2,1,1,2.0,0.5,,,,unstable
220210_F1_run6,c-GC,44,69,1,1,0,1,2.0,0.16666666666666666,,,,unstable
220210_F1_run6,c-GC,44,74,1,1,0,1,2.0,0.16666666666666666,,,,unstable
220210_F1_run6,c-GC,44,80,1,1,0,1,2.0,0.16666666666666666,,,,unstable
220210_F1_run6,c-GC,44,82,1,0,1,7,,0.16666666666666666,,,,novel
220210_F1_run6,c-GC,44,84,1,1,0,1,2.0,0.16666666666666666,,,,unstable
220210_F1_run6,c-GC,44,93,1,1,0,1,2.0,0.16666666666666666,,,,unstable
220210_F1_run6,c-GC,44,94,1,1,0,1,2.0,0.16666666666666666,,,,unstable
220210_F1_run6,c-GC,44,95,1,1,0,1,2.0,0.16666666666666666,,,,unstable
220210_F1_run6,c-GC,44,96,5,1,0,1,6.0,0.16666666666666666,,,,lost
220210_F1_run6,c-GC,44,118,1,1,0,1,2.0,0.16666666666666666,,,,unstable
220210_F1_run6,c-GC,44,119,1,1,0,1,2.0,0.16666666666666666,,,,unstable
220210_F1_run6,c-GC,45,21,1,1,0,1,2.0,0.16666666666666666,,,,unstable
220210_F1_run6,c-GC,45,29,5,1,0,1,6.0,0.16666666666666666,,,,lost
220210_F1_run6,c-GC,45,124,1,1,0,1,2.0,0.16666666666666666,,,,unstable
220210_F1_run6,c-GC,46,6,6,1,1,1,5.0,0.3333333333333333,,,,unstable
220210_F1_run6,c-GC,46,7,6,1,1,1,6.0,0.3333333333333333,,,,unstable
220210_F1_run6,c-GC,46,8,1,1,1,6,7.0,0.3333333333333333,,,,unstable
220210_F1_run6,c-GC,46,22,2,1,1,2,4.0,0.3333333333333333,,,,unstable
220210_F1_run6,c-GC,46,23,1,1,0,1,2.0,0.16666666666666666,,,,unstable
220210_F1_run6,c-GC,46,25,7,0,0,1,,0.0,,,,stable
220210_F1_run6,c-GC,46,36,2,1,0,1,3.0,0.16666666666666666,,,,lost
220210_F1_run6,c-GC,46,37,7,0,0,1,,0.0,,,,stable
220210_F1_run6,c-GC,46,38,1,1,1,5,6.0,0.3333333333333333,,,,unstable
220210_F1_run6,c-GC,46,48,1,1,1,2,3.0,0.3333333333333333,,,,unstable
220210_F1_run6,c-GC,46,51,1,1,1,5,6.0,0.3333333333333333,,,,unstable
220210_F1_run6,c-GC,46,62,7,0,0,1,,0.0,,,,stable
220210_F1_run6,c-GC,46,65,3,1,1,2,5.0,0.3333333333333333,,,,unstable
220210_F1_run6,c-GC,46,68,4,1,1,1,3.0,0.3333333333333333,,,,unstable
220210_F1_run6,c-GC,46,81,7,0,0,1,,0.0,,,,stable
220210_F1_run6,c-GC,46,88,1,1,0,1,2.0,0.16666666666666666,,,,unstable
220210_F1_run6,c-GC,46,100,7,0,0,1,,0.0,,,,stable
220210_F1_run6,c-GC,46,101,1,1,0,1,2.0,0.16666666666666666,,,,unstable
220210_F1_run6,c-GC,46,105,4,1,0,1,5.0,0.16666666666666666,,,,lost
220210_F1_run6,c-GC,46,115,4,2,3,2,4.0,0.8333333333333334,,,,unstable
220210_F1_run6,c-GC,46,120,1,1,0,1,2.0,0.16666666666666666,,,,unstable
220210_F1_run6,c-GC,46,128,3,1,1,3,6.0,0.3333333333333333,,,,unstable
220210_F1_run6,c-GC,47,38,1,1,0,1,2.0,0.16666666666666666,,,,unstable
220210_F1_run6,c-GC,47,40,1,1,0,1,2.0,0.16666666666666666,,,,unstable
220210_F1_run6,c-GC,47,51,1,1,0,1,2.0,0.16666666666666666,,,,unstable
220210_F1_run6,c-GC,47,54,3,0,1,5,,0.16666666666666666,,,,unstable
220210_F1_run6,c-GC,47,58,1,1,0,1,2.0,0.16666666666666666,,,,unstable
220210_F1_run6,c-GC,47,62,1,1,0,1,2.0,0.16666666666666666,,,,unstable
220210_F1_run6,c-GC,47,74,4,1,2,3,4.0,0.5,,,,unstable
220210_F1_run6,c-GC,47,75,7,0,0,1,,0.0,,,,stable
220210_F1_run6,c-GC,47,76,3,2,2,3,5.0,0.6666666666666666,,,,unstable
220210_F1_run6,c-GC,47,80,2,2,1,1,2.0,0.5,,,,unstable
220210_F1_run6,c-GC,47,90,3,0,1,5,,0.16666666666666666,,,,unstable
220210_F1_run6,c-GC,47,104,3,1,2,4,5.0,0.5,,,,unstable
220210_F1_run6,c-GC,47,110,2,1,1,5,7.0,0.3333333333333333,,,,unstable
220210_F1_run6,c-GC,47,115,6,1,0,1,7.0,0.16666666666666666,,,,lost
220210_F1_run6,c-GC,47,117,6,0,1,2,,0.16666666666666666,,,,unstable
220210_F1_run6,c-GC,47,119,4,2,1,1,3.0,0.5,,,,unstable
220210_F1_run6,c-GC,47,123,1,0,1,7,,0.16666666666666666,,,,novel
220210_F1_run6,c-GC,48,10,1,1,0,1,2.0,0.16666666666666666,,,,unstable
220210_F1_run6,c-GC,48,11,1,1,0,1,2.0,0.16666666666666666,,,,unstable
220210_F1_run6,c-GC,48,25,1,1,0,1,2.0,0.16666666666666666,,,,unstable
220210_F1_run6,c-GC,48,47,6,1,1,1,2.0,0.3333333333333333,,,,unstable
220210_F1_run6,c-GC,48,64,1,1,1,6,7.0,0.3333333333333333,,,,unstable
220210_F1_run6,c-GC,48,72,1,0,1,7,,0.16666666666666666,,,,novel
220210_F1_run6,c-GC,48,90,3,1,2,4,5.0,0.5,,,,unstable
220210_F1_run6,c-GC,48,106,1,1,0,1,2.0,0.16666666666666666,,,,unstable
220210_F1_run6,c-GC,49,5,4,0,1,4,,0.16666666666666666,,,,unstable
220210_F1_run6,c-GC,49,6,3,1,2,4,5.0,0.5,,,,unstable
220210_F1_run6,c-GC,49,10,5,1,2,2,3.0,0.5,,,,unstable
220210_F1_run6,c-GC,49,37,4,1,1,3,7.0,0.3333333333333333,,,,unstable
220210_F1_run6,c-GC,49,48,1,0,1,7,,0.16666666666666666,,,,novel
220210_F1_run6,c-GC,49,61,2,1,1,5,7.0,0.3333333333333333,,,,unstable
220210_F1_run6,c-GC,49,93,4,1,2,3,6.0,0.5,,,,unstable
220210_F1_run6,c-GC,49,94,6,1,1,1,5.0,0.3333333333333333,,,,unstable
220210_F1_run6,c-GC,49,100,2,2,2,2,3.0,0.6666666666666666,,,,unstable
220210_F1_run6,c-GC,49,113,1,1,0,1,2.0,0.16666666666666666,,,,unstable
220210_F1_run6,c-GC,50,13,1,1,0,1,2.0,0.16666666666666666,,,,unstable
220210_F1_run6,c-GC,50,27,1,0,1,7,,0.16666666666666666,,,,novel
220210_F1_run6,c-GC,50,34,1,1,1,4,5.0,0.3333333333333333,,,,unstable
220210_F1_run6,c-GC,50,38,6,1,0,1,7.0,0.16666666666666666,,,,lost
220210_F1_run6,c-GC,50,47,7,0,0,1,,0.0,,,,stable
220210_F1_run6,c-GC,50,48,2,2,1,1,2.0,0.5,,,,unstable
220210_F1_run6,c-GC,50,59,1,1,1,3,4.0,0.3333333333333333,,,,unstable
220210_F1_run6,c-GC,50,69,2,2,1,1,2.0,0.5,,,,unstable
220210_F1_run6,c-GC,50,70,4,2,2,2,4.0,0.6666666666666666,,,,unstable
220210_F1_run6,c-GC,50,73,1,1,0,1,2.0,0.16666666666666666,,,,unstable
220210_F1_run6,c-GC,50,74,7,0,0,1,,0.0,,,,stable
220210_F1_run6,c-GC,50,75,7,0,0,1,,0.0,,,,stable
220210_F1_run6,c-GC,50,76,7,0,0,1,,0.0,,,,stable
220210_F1_run6,c-GC,50,77,6,1,1,1,5.0,0.3333333333333333,,,,unstable
220210_F1_run6,c-GC,50,78,4,1,0,1,5.0,0.16666666666666666,,,,lost
220210_F1_run6,c-GC,50,79,1,1,0,1,2.0,0.16666666666666666,,,,unstable
220210_F1_run6,c-GC,50,80,3,1,2,3,5.0,0.5,,,,unstable
220210_F1_run6,c-GC,50,84,4,1,1,1,2.0,0.3333333333333333,,,,unstable
220210_F1_run6,c-GC,50,85,2,1,2,4,5.0,0.5,,,,unstable
220210_F1_run6,c-GC,50,86,1,1,1,6,7.0,0.3333333333333333,,,,unstable
220210_F1_run6,c-GC,50,89,1,1,1,4,5.0,0.3333333333333333,,,,unstable
220210_F1_run6,c-GC,50,93,7,0,0,1,,0.0,,,,stable
220210_F1_run6,c-GC,50,109,7,0,0,1,,0.0,,,,stable
220210_F1_run6,c-GC,50,110,4,1,1,3,7.0,0.3333333333333333,,,,unstable
220210_F1_run6,c-GC,50,119,3,2,2,1,2.0,0.6666666666666666,,,,unstable
220210_F1_run6,c-GC,50,128,1,1,0,1,2.0,0.16666666666666666,,,,unstable
220210_F1_run6,c-GC,51,15,1,1,1,3,4.0,0.3333333333333333,,,,unstable
220210_F1_run6,c-GC,51,74,2,2,1,1,2.0,0.5,,,,unstable
220210_F1_run6,c-GC,51,86,1,1,1,5,6.0,0.3333333333333333,,,,unstable
220210_F1_run6,c-GC,51,106,2,0,1,6,,0.16666666666666666,,,,unstable
220210_F1_run6,c-GC,52,36,1,1,0,1,2.0,0.16666666666666666,,,,unstable
220210_F1_run6,c-GC,52,39,1,1,0,1,2.0,0.16666666666666666,,,,unstable
220210_F1_run6,c-GC,52,61,1,1,1,5,6.0,0.3333333333333333,,,,unstable
220210_F1_run6,c-GC,52,71,1,1,1,5,6.0,0.3333333333333333,,,,unstable
220210_F1_run6,c-GC,52,92,2,1,1,4,6.0,0.3333333333333333,,,,unstable
220210_F1_run6,c-GC,52,93,7,0,0,1,,0.0,,,,stable
220210_F1_run6,c-GC,52,109,3,2,3,2,3.0,0.8333333333333334,,,,unstable
220210_F1_run6,c-GC,53,5,7,0,0,1,,0.0,,,,stable
220210_F1_run6,c-GC,53,6,3,2,2,2,3.0,0.6666666666666666,,,,unstable
220210_F1_run6,c-GC,53,17,7,0,0,1,,0.0,,,,stable
220210_F1_run6,c-GC,53,39,1,1,1,6,7.0,0.3333333333333333,,,,unstable
220210_F1_run6,c-GC,53,44,2,0,1,6,,0.16666666666666666,,,,unstable
220210_F1_run6,c-GC,53,46,3,1,1,1,2.0,0.3333333333333333,,,,unstable
220210_F1_run6,c-GC,53,59,1,1,0,1,2.0,0.16666666666666666,,,,unstable
220210_F1_run6,c-GC,53,70,1,0,1,7,,0.16666666666666666,,,,novel
220210_F1_run6,c-GC,53,82,3,2,1,1,3.0,0.5,,,,unstable
220210_F1_run6,c-GC,53,107,7,0,0,1,,0.0,,,,stable
220210_F1_run6,c-GC,53,108,7,0,0,1,,0.0,,,,stable
220210_F1_run6,c-GC,53,111,1,1,1,2,3.0,0.3333333333333333,,,,unstable
220210_F1_run6,c-GC,53,117,1,1,0,1,2.0,0.16666666666666666,,,,unstable
220210_F1_run6,c-GC,53,120,4,0,1,4,,0.16666666666666666,,,,unstable
220210_F1_run6,c-GC,54,6,5,1,2,2,4.0,0.5,,,,unstable
220210_F1_run6,c-GC,54,7,4,2,2,2,5.0,0.6666666666666666,,,,unstable
220210_F1_run6,c-GC,54,8,6,0,1,2,,0.16666666666666666,,,,unstable
220210_F1_run6,c-GC,54,13,6,0,1,2,,0.16666666666666666,,,,unstable
220210_F1_run6,c-GC,54,15,2,1,0,1,3.0,0.16666666666666666,,,,lost
220210_F1_run6,c-GC,54,27,7,0,0,1,,0.0,,,,stable
220210_F1_run6,c-GC,54,30,1,1,1,3,4.0,0.3333333333333333,,,,unstable
220210_F1_run6,c-GC,54,37,7,0,0,1,,0.0,,,,stable
220210_F1_run6,c-GC,54,38,7,0,0,1,,0.0,,,,stable
220210_F1_run6,c-GC,54,43,7,0,0,1,,0.0,,,,stable
220210_F1_run6,c-GC,54,48,2,1,2,4,5.0,0.5,,,,unstable
220210_F1_run6,c-GC,54,50,7,0,0,1,,0.0,,,,stable
220210_F1_run6,c-GC,54,53,2,0,1,6,,0.16666666666666666,,,,unstable
220210_F1_run6,c-GC,54,64,1,1,0,1,2.0,0.16666666666666666,,,,unstable
220210_F1_run6,c-GC,54,67,7,0,0,1,,0.0,,,,stable
220210_F1_run6,c-GC,54,70,3,0,1,5,,0.16666666666666666,,,,unstable
220210_F1_run6,c-GC,54,74,7,0,0,1,,0.0,,,,stable
220210_F1_run6,c-GC,54,75,7,0,0,1,,0.0,,,,stable
220210_F1_run6,c-GC,54,76,7,0,0,1,,0.0,,,,stable
220210_F1_run6,c-GC,54,77,7,0,0,1,,0.0,,,,stable
220210_F1_run6,c-GC,54,78,1,1,1,2,3.0,0.3333333333333333,,,,unstable
220210_F1_run6,c-GC,54,80,5,0,1,3,,0.16666666666666666,,,,unstable
220210_F1_run6,c-GC,54,86,2,0,1,6,,0.16666666666666666,,,,unstable
220210_F1_run6,c-GC,54,87,1,1,1,5,6.0,0.3333333333333333,,,,unstable
220210_F1_run6,c-GC,54,89,7,0,0,1,,0.0,,,,stable
220210_F1_run6,c-GC,54,94,7,0,0,1,,0.0,,,,stable
220210_F1_run6,c-GC,54,96,3,1,2,3,4.0,0.5,,,,unstable
220210_F1_run6,c-GC,54,98,3,0,1,5,,0.16666666666666666,,,,unstable
220210_F1_run6,c-GC,54,100,5,0,1,3,,0.16666666666666666,,,,unstable
220210_F1_run6,c-GC,54,106,7,0,0,1,,0.0,,,,stable
220210_F1_run6,c-GC,54,107,7,0,0,1,,0.0,,,,stable
220210_F1_run6,c-GC,54,108,7,0,0,1,,0.0,,,,stable
220210_F1_run6,c-GC,54,109,7,0,0,1,,0.0,,,,stable
220210_F1_run6,c-GC,54,117,1,1,0,1,2.0,0.16666666666666666,,,,unstable
220210_F1_run6,c-GC,54,118,2,0,1,6,,0.16666666666666666,,,,unstable
220210_F1_run6,c-GC,54,128,4,1,0,1,5.0,0.16666666666666666,,,,lost
220210_F1_run6,c-GC,55,3,4,1,1,3,7.0,0.3333333333333333,,,,unstable
220210_F1_run6,c-GC,55,24,1,0,1,7,,0.16666666666666666,,,,novel
220210_F1_run6,c-GC,55,73,1,1,0,1,2.0,0.16666666666666666,,,,unstable
220210_F1_run6,c-GC,55,86,3,2,2,1,2.0,0.6666666666666666,,,,unstable
220210_F1_run6,c-GC,56,5,1,1,0,1,2.0,0.16666666666666666,,,,unstable
220210_F1_run6,c-GC,56,47,1,1,0,1,2.0,0.16666666666666666,,,,unstable
220210_F1_run6,c-GC,56,58,1,1,0,1,2.0,0.16666666666666666,,,,unstable
220210_F1_run6,c-GC,56,59,1,1,0,1,2.0,0.16666666666666666,,,,unstable
220210_F1_run6,c-GC,56,75,1,1,0,1,2.0,0.16666666666666666,,,,unstable
220210_F1_run6,c-GC,56,86,1,1,0,1,2.0,0.16666666666666666,,,,unstable
220210_F1_run6,c-GC,56,108,1,1,0,1,2.0,0.16666666666666666,,,,unstable
220210_F1_run6,c-GC,56,115,1,1,1,5,6.0,0.3333333333333333,,,,unstable
220210_F1_run6,c-GC,57,34,1,0,1,7,,0.16666666666666666,,,,novel
220210_F1_run6,c-GC,57,52,4,0,1,4,,0.16666666666666666,,,,unstable
220210_F1_run6,c-GC,57,62,1,1,0,1,2.0,0.16666666666666666,,,,unstable
220210_F1_run6,c-GC,57,96,3,1,2,4,6.0,0.5,,,,unstable
220210_F1_run6,c-GC,57,122,6,1,1,1,5.0,0.3333333333333333,,,,unstable
220210_F1_run6,c-GC,58,34,2,1,0,1,3.0,0.16666666666666666,,,,lost
220210_F1_run6,c-GC,58,52,2,1,1,3,5.0,0.3333333333333333,,,,unstable
220210_F1_run6,c-GC,58,56,1,1,1,4,5.0,0.3333333333333333,,,,unstable
220210_F1_run6,c-GC,58,62,4,1,0,1,5.0,0.16666666666666666,,,,lost
220210_F1_run6,c-GC,58,67,1,1,0,1,2.0,0.16666666666666666,,,,unstable
220210_F1_run6,c-GC,58,77,3,2,1,1,3.0,0.5,,,,unstable
220210_F1_run6,c-GC,58,80,1,1,0,1,2.0,0.16666666666666666,,,,unstable
220210_F1_run6,c-GC,58,98,1,1,0,1,2.0,0.16666666666666666,,,,unstable
220210_F1_run6,c-GC,58,110,1,1,0,1,2.0,0.16666666666666666,,,,unstable
220210_F1_run6,c-GC,59,5,6,0,1,2,,0.16666666666666666,,,,unstable
220210_F1_run6,c-GC,59,6,5,1,2,2,4.0,0.5,,,,unstable
220210_F1_run6,c-GC,59,36,1,1,0,1,2.0,0.16666666666666666,,,,unstable
220210_F1_run6,c-GC,59,43,4,1,1,1,2.0,0.3333333333333333,,,,unstable
220210_F1_run6,c-GC,59,53,6,1,1,1,4.0,0.3333333333333333,,,,unstable
220210_F1_run6,c-GC,59,60,5,2,1,1,2.0,0.5,,,,unstable
220210_F1_run6,c-GC,59,74,1,1,0,1,2.0,0.16666666666666666,,,,unstable
220210_F1_run6,c-GC,59,81,1,1,0,1,2.0,0.16666666666666666,,,,unstable
220210_F1_run6,c-GC,59,89,1,0,1,7,,0.16666666666666666,,,,novel
220210_F1_run6,c-GC,59,98,1,1,0,1,2.0,0.16666666666666666,,,,unstable
220210_F1_run6,c-GC,59,101,1,1,1,5,6.0,0.3333333333333333,,,,unstable
220210_F1_run6,c-GC,59,113,4,1,2,3,4.0,0.5,,,,unstable
220210_F1_run6,c-GC,59,114,2,1,0,1,3.0,0.16666666666666666,,,,lost
220210_F1_run6,c-GC,59,124,6,1,1,1,3.0,0.3333333333333333,,,,unstable
220210_F1_run6,c-GC,59,126,1,0,1,7,,0.16666666666666666,,,,novel
220210_F1_run6,c-GC,60,0,1,1,0,1,2.0,0.16666666666666666,,,,unstable
220210_F1_run6,c-GC,60,5,1,1,1,6,7.0,0.3333333333333333,,,,unstable
220210_F1_run6,c-GC,60,6,6,0,1,2,,0.16666666666666666,,,,unstable
220210_F1_run6,c-GC,60,11,1,0,1,7,,0.16666666666666666,,,,novel
220210_F1_run6,c-GC,60,12,2,1,0,1,3.0,0.16666666666666666,,,,lost
220210_F1_run6,c-GC,60,17,1,1,0,1,2.0,0.16666666666666666,,,,unstable
220210_F1_run6,c-GC,60,37,1,1,0,1,2.0,0.16666666666666666,,,,unstable
220210_F1_run6,c-GC,60,46,4,1,2,3,4.0,0.5,,,,unstable
220210_F1_run6,c-GC,60,52,2,1,2,3,4.0,0.5,,,,unstable
220210_F1_run6,c-GC,60,59,3,2,2,1,2.0,0.6666666666666666,,,,unstable
220210_F1_run6,c-GC,60,63,2,1,0,1,3.0,0.16666666666666666,,,,lost
220210_F1_run6,c-GC,60,66,7,0,0,1,,0.0,,,,stable
220210_F1_run6,c-GC,60,70,6,0,1,2,,0.16666666666666666,,,,unstable
220210_F1_run6,c-GC,60,76,6,0,1,2,,0.16666666666666666,,,,unstable
220210_F1_run6,c-GC,60,89,4,1,2,3,4.0,0.5,,,,unstable
220210_F1_run6,c-GC,60,93,6,0,1,2,,0.16666666666666666,,,,unstable
220210_F1_run6,c-GC,60,104,1,1,1,3,4.0,0.3333333333333333,,,,unstable
220210_F1_run6,c-GC,60,109,6,0,1,2,,0.16666666666666666,,,,unstable
220210_F1_run6,c-GC,60,117,1,1,1,2,3.0,0.3333333333333333,,,,unstable
220210_F1_run6,c-GC,60,124,7,0,0,1,,0.0,,,,stable
220210_F1_run6,c-GC,60,128,1,1,0,1,2.0,0.16666666666666666,,,,unstable
220210_F1_run6,c-GC,61,10,3,2,3,3,4.0,0.8333333333333334,,,,unstable
220210_F1_run6,c-GC,61,38,1,1,0,1,2.0,0.16666666666666666,,,,unstable
220210_F1_run6,c-GC,61,43,4,1,1,1,2.0,0.3333333333333333,,,,unstable
220210_F1_run6,c-GC,61,77,1,1,0,1,2.0,0.16666666666666666,,,,unstable
220210_F1_run6,c-GC,61,83,1,1,0,1,2.0,0.16666666666666666,,,,unstable
220210_F1_run6,c-GC,61,87,1,1,0,1,2.0,0.16666666666666666,,,,unstable
220210_F1_run6,c-GC,61,124,6,1,0,1,7.0,0.16666666666666666,,,,lost
220210_F1_run6,c-GC,62,10,1,1,0,1,2.0,0.16666666666666666,,,,unstable
220210_F1_run6,c-GC,62,58,1,1,0,1,2.0,0.16666666666666666,,,,unstable
220210_F1_run6,c-GC,62,70,3,1,0,1,4.0,0.16666666666666666,,,,lost
220210_F1_run6,c-GC,62,84,1,1,0,1,2.0,0.16666666666666666,,,,unstable
220210_F1_run6,c-GC,62,89,1,0,1,7,,0.16666666666666666,,,,novel
220210_F1_run6,c-GC,62,123,3,1,0,1,4.0,0.16666666666666666,,,,lost
220210_F1_run6,c-GC,62,124,1,0,1,7,,0.16666666666666666,,,,novel
220210_F1_run6,c-GC,62,129,1,1,0,1,2.0,0.16666666666666666,,,,unstable
220210_F1_run6,c-GC,63,2,1,1,1,6,7.0,0.3333333333333333,,,,unstable
220210_F1_run6,c-GC,63,25,1,1,0,1,2.0,0.16666666666666666,,,,unstable
220210_F1_run6,c-GC,63,41,1,1,0,1,2.0,0.16666666666666666,,,,unstable
220210_F1_run6,c-GC,63,65,1,1,1,6,7.0,0.3333333333333333,,,,unstable
220210_F1_run6,c-GC,63,75,1,1,1,6,7.0,0.3333333333333333,,,,unstable
220210_F1_run6,c-GC,63,88,6,1,1,1,6.0,0.3333333333333333,,,,unstable
220210_F1_run6,c-GC,63,98,1,1,0,1,2.0,0.16666666666666666,,,,unstable
220210_F1_run6,c-GC,63,120,1,1,0,1,2.0,0.16666666666666666,,,,unstable
220210_F1_run6,c-GC,63,129,1,1,1,6,7.0,0.3333333333333333,,,,unstable
220210_F1_run6,c-GC,64,15,2,1,1,2,4.0,0.3333333333333333,,,,unstable
220210_F1_run6,c-GC,64,22,1,1,0,1,2.0,0.16666666666666666,,,,unstable
220210_F1_run6,c-GC,64,37,5,1,2,2,4.0,0.5,,,,unstable
220210_F1_run6,c-GC,64,38,4,1,2,3,4.0,0.5,,,,unstable
220210_F1_run6,c-GC,64,48,2,1,1,5,7.0,0.3333333333333333,,,,unstable
220210_F1_run6,c-GC,64,67,6,0,1,2,,0.16666666666666666,,,,unstable
220210_F1_run6,c-GC,64,69,4,1,2,2,4.0,0.5,,,,unstable
220210_F1_run6,c-GC,64,70,5,1,1,2,7.0,0.3333333333333333,,,,unstable
220210_F1_run6,c-GC,64,71,2,1,0,1,3.0,0.16666666666666666,,,,lost
220210_F1_run6,c-GC,64,74,2,1,1,4,6.0,0.3333333333333333,,,,unstable
220210_F1_run6,c-GC,64,75,7,0,0,1,,0.0,,,,stable
220210_F1_run6,c-GC,64,82,3,1,0,1,4.0,0.16666666666666666,,,,lost
220210_F1_run6,c-GC,64,108,4,2,3,2,3.0,0.8333333333333334,,,,unstable
220210_F1_run6,c-GC,64,113,6,1,1,1,2.0,0.3333333333333333,,,,unstable
220210_F1_run6,c-GC,64,115,1,1,0,1,2.0,0.16666666666666666,,,,unstable
220210_F1_run6,c-GC,64,122,2,0,1,6,,0.16666666666666666,,,,unstable
220210_F1_run6,c-GC,64,124,1,1,1,6,7.0,0.3333333333333333,,,,unstable
220210_F1_run6,c-GC,64,129,2,0,1,6,,0.16666666666666666,,,,unstable
220210_F1_run6,c-GC,65,0,5,2,1,1,5.0,0.5,,,,unstable
220210_F1_run6,c-GC,65,2,7,0,0,1,,0.0,,,,stable
220210_F1_run6,c-GC,65,4,6,0,1,2,,0.16666666666666666,,,,unstable
220210_F1_run6,c-GC,65,20,7,0,0,1,,0.0,,,,stable
220210_F1_run6,c-GC,65,22,7,0,0,1,,0.0,,,,stable
220210_F1_run6,c-GC,65,29,6,0,1,2,,0.16666666666666666,,,,unstable
220210_F1_run6,c-GC,65,31,1,1,0,1,2.0,0.16666666666666666,,,,unstable
220210_F1_run6,c-GC,65,41,1,1,0,1,2.0,0.16666666666666666,,,,unstable
220210_F1_run6,c-GC,65,45,2,0,1,6,,0.16666666666666666,,,,unstable
220210_F1_run6,c-GC,65,50,1,0,1,7,,0.16666666666666666,,,,novel
220210_F1_run6,c-GC,65,97,1,1,0,1,2.0,0.16666666666666666,,,,unstable
220210_F1_run6,c-GC,65,100,1,1,1,4,5.0,0.3333333333333333,,,,unstable
220210_F1_run6,c-GC,65,102,7,0,0,1,,0.0,,,,stable
220210_F1_run6,c-GC,65,103,1,1,0,1,2.0,0.16666666666666666,,,,unstable
220210_F1_run6,c-GC,65,106,1,1,0,1,2.0,0.16666666666666666,,,,unstable
220210_F1_run6,c-GC,65,114,1,1,1,4,5.0,0.3333333333333333,,,,unstable
220210_F1_run6,c-GC,65,118,1,1,0,1,2.0,0.16666666666666666,,,,unstable
220210_F1_run6,c-GC,65,126,1,1,1,3,4.0,0.3333333333333333,,,,unstable
220210_F1_run6,c-GC,66,0,1,1,1,5,6.0,0.3333333333333333,,,,unstable
220210_F1_run6,c-GC,66,22,6,0,1,2,,0.16666666666666666,,,,unstable
220210_F1_run6,c-GC,66,24,7,0,0,1,,0.0,,,,stable
220210_F1_run6,c-GC,66,30,4,2,2,1,3.0,0.6666666666666666,,,,unstable
220210_F1_run6,c-GC,66,45,2,1,0,1,3.0,0.16666666666666666,,,,lost
220210_F1_run6,c-GC,66,53,3,2,3,2,3.0,0.8333333333333334,,,,unstable
220210_F1_run6,c-GC,66,60,1,1,0,1,2.0,0.16666666666666666,,,,unstable
220210_F1_run6,c-GC,66,65,6,0,1,2,,0.16666666666666666,,,,unstable
220210_F1_run6,c-GC,66,90,1,1,0,1,2.0,0.16666666666666666,,,,unstable
220210_F1_run6,c-GC,66,100,7,0,0,1,,0.0,,,,stable
220210_F1_run6,c-GC,66,104,4,3,2,1,2.0,0.8333333333333334,,,,unstable
220210_F1_run6,c-GC,66,129,2,1,0,1,3.0,0.16666666666666666,,,,lost
220210_F1_run6,c-GC,67,17,1,1,0,1,2.0,0.16666666666666666,,,,unstable
220210_F1_run6,c-GC,67,19,3,1,1,2,5.0,0.3333333333333333,,,,unstable
220210_F1_run6,c-GC,67,25,7,0,0,1,,0.0,,,,stable
220210_F1_run6,c-GC,67,27,1,0,1,7,,0.16666666666666666,,,,novel
220210_F1_run6,c-GC,67,40,7,0,0,1,,0.0,,,,stable
220210_F1_run6,c-GC,67,44,7,0,0,1,,0.0,,,,stable
220210_F1_run6,c-GC,67,47,3,1,1,3,6.0,0.3333333333333333,,,,unstable
220210_F1_run6,c-GC,67,52,1,0,1,7,,0.16666666666666666,,,,novel
220210_F1_run6,c-GC,67,58,1,1,1,2,3.0,0.3333333333333333,,,,unstable
220210_F1_run6,c-GC,67,60,1,1,0,1,2.0,0.16666666666666666,,,,unstable
220210_F1_run6,c-GC,67,62,2,1,0,1,3.0,0.16666666666666666,,,,lost
220210_F1_run6,c-GC,67,66,7,0,0,1,,0.0,,,,stable
220210_F1_run6,c-GC,67,95,1,1,1,2,3.0,0.3333333333333333,,,,unstable
220210_F1_run6,c-GC,67,97,2,1,1,4,6.0,0.3333333333333333,,,,unstable
220210_F1_run6,c-GC,67,100,2,1,0,1,3.0,0.16666666666666666,,,,lost
220210_F1_run6,c-GC,67,102,1,1,0,1,2.0,0.16666666666666666,,,,unstable
220210_F1_run6,c-GC,67,103,2,2,1,1,2.0,0.5,,,,unstable
220210_F1_run6,c-GC,67,104,7,0,0,1,,0.0,,,,stable
220210_F1_run6,c-GC,67,107,1,1,0,1,2.0,0.16666666666666666,,,,unstable
220210_F1_run6,c-GC,67,126,7,0,0,1,,0.0,,,,stable
220210_F1_run6,c-GC,67,129,1,1,0,1,2.0,0.16666666666666666,,,,unstable
220210_F1_run6,c-GC,68,2,1,1,0,1,2.0,0.16666666666666666,,,,unstable
220210_F1_run6,c-GC,68,6,1,1,0,1,2.0,0.16666666666666666,,,,unstable
220210_F1_run6,c-GC,68,8,1,1,0,1,2.0,0.16666666666666666,,,,unstable
220210_F1_run6,c-GC,68,15,1,1,0,1,2.0,0.16666666666666666,,,,unstable
220210_F1_run6,c-GC,68,16,1,1,0,1,2.0,0.16666666666666666,,,,unstable
220210_F1_run6,c-GC,68,22,1,1,0,1,2.0,0.16666666666666666,,,,unstable
220210_F1_run6,c-GC,68,24,1,1,0,1,2.0,0.16666666666666666,,,,unstable
220210_F1_run6,c-GC,68,25,1,1,0,1,2.0,0.16666666666666666,,,,unstable
220210_F1_run6,c-GC,68,27,1,1,0,1,2.0,0.16666666666666666,,,,unstable
220210_F1_run6,c-GC,68,35,1,1,0,1,2.0,0.16666666666666666,,,,unstable
220210_F1_run6,c-GC,68,38,1,1,0,1,2.0,0.16666666666666666,,,,unstable
220210_F1_run6,c-GC,68,40,1,1,0,1,2.0,0.16666666666666666,,,,unstable
220210_F1_run6,c-GC,68,46,2,1,0,1,3.0,0.16666666666666666,,,,lost
220210_F1_run6,c-GC,68,47,1,1,0,1,2.0,0.16666666666666666,,,,unstable
220210_F1_run6,c-GC,68,48,6,1,0,1,7.0,0.16666666666666666,,,,lost
220210_F1_run6,c-GC,68,50,1,1,0,1,2.0,0.16666666666666666,,,,unstable
220210_F1_run6,c-GC,68,52,1,1,0,1,2.0,0.16666666666666666,,,,unstable
220210_F1_run6,c-GC,68,53,1,1,0,1,2.0,0.16666666666666666,,,,unstable
220210_F1_run6,c-GC,68,54,1,1,0,1,2.0,0.16666666666666666,,,,unstable
220210_F1_run6,c-GC,68,59,1,1,0,1,2.0,0.16666666666666666,,,,unstable
220210_F1_run6,c-GC,68,60,1,1,0,1,2.0,0.16666666666666666,,,,unstable
220210_F1_run6,c-GC,68,64,5,1,1,1,4.0,0.3333333333333333,,,,unstable
220210_F1_run6,c-GC,68,67,1,1,0,1,2.0,0.16666666666666666,,,,unstable
220210_F1_run6,c-GC,68,70,2,1,0,1,3.0,0.16666666666666666,,,,lost
220210_F1_run6,c-GC,68,71,1,1,0,1,2.0,0.16666666666666666,,,,unstable
220210_F1_run6,c-GC,68,73,7,0,0,1,,0.0,,,,stable
220210_F1_run6,c-GC,68,74,1,1,0,1,2.0,0.16666666666666666,,,,unstable
220210_F1_run6,c-GC,68,75,1,1,0,1,2.0,0.16666666666666666,,,,unstable
220210_F1_run6,c-GC,68,76,1,1,0,1,2.0,0.16666666666666666,,,,unstable
220210_F1_run6,c-GC,68,78,5,2,2,1,3.0,0.6666666666666666,,,,unstable
220210_F1_run6,c-GC,68,82,1,1,0,1,2.0,0.16666666666666666,,,,unstable
220210_F1_run6,c-GC,68,84,1,1,0,1,2.0,0.16666666666666666,,,,unstable
220210_F1_run6,c-GC,68,86,1,1,0,1,2.0,0.16666666666666666,,,,unstable
220210_F1_run6,c-GC,68,88,1,1,0,1,2.0,0.16666666666666666,,,,unstable
220210_F1_run6,c-GC,68,89,1,1,0,1,2.0,0.16666666666666666,,,,unstable
220210_F1_run6,c-GC,68,92,7,0,0,1,,0.0,,,,stable
220210_F1_run6,c-GC,68,93,1,1,0,1,2.0,0.16666666666666666,,,,unstable
220210_F1_run6,c-GC,68,94,1,1,0,1,2.0,0.16666666666666666,,,,unstable
220210_F1_run6,c-GC,68,105,2,1,0,1,3.0,0.16666666666666666,,,,lost
220210_F1_run6,c-GC,68,106,1,1,0,1,2.0,0.16666666666666666,,,,unstable
220210_F1_run6,c-GC,68,107,1,1,0,1,2.0,0.16666666666666666,,,,unstable
220210_F1_run6,c-GC,68,108,1,1,0,1,2.0,0.16666666666666666,,,,unstable
220210_F1_run6,c-GC,68,109,4,1,1,1,3.0,0.3333333333333333,,,,unstable
220210_F1_run6,c-GC,68,110,1,1,0,1,2.0,0.16666666666666666,,,,unstable
220210_F1_run6,c-GC,68,117,1,1,0,1,2.0,0.16666666666666666,,,,unstable
220210_F1_run6,c-GC,68,121,1,1,0,1,2.0,0.16666666666666666,,,,unstable
220210_F1_run6,c-GC,68,122,1,1,0,1,2.0,0.16666666666666666,,,,unstable
220210_F1_run6,c-GC,68,125,1,1,0,1,2.0,0.16666666666666666,,,,unstable
220210_F1_run6,c-GC,69,7,1,1,0,1,2.0,0.16666666666666666,,,,unstable
220210_F1_run6,c-GC,69,8,6,0,1,2,,0.16666666666666666,,,,unstable
220210_F1_run6,c-GC,69,21,1,1,0,1,2.0,0.16666666666666666,,,,unstable
220210_F1_run6,c-GC,69,23,1,1,0,1,2.0,0.16666666666666666,,,,unstable
220210_F1_run6,c-GC,69,27,1,1,0,1,2.0,0.16666666666666666,,,,unstable
220210_F1_run6,c-GC,69,30,4,2,1,1,4.0,0.5,,,,unstable
220210_F1_run6,c-GC,69,34,1,1,0,1,2.0,0.16666666666666666,,,,unstable
220210_F1_run6,c-GC,69,36,1,1,0,1,2.0,0.16666666666666666,,,,unstable
220210_F1_run6,c-GC,69,37,1,1,0,1,2.0,0.16666666666666666,,,,unstable
220210_F1_run6,c-GC,69,39,1,1,0,1,2.0,0.16666666666666666,,,,unstable
220210_F1_run6,c-GC,69,40,1,1,0,1,2.0,0.16666666666666666,,,,unstable
220210_F1_run6,c-GC,69,43,1,1,0,1,2.0,0.16666666666666666,,,,unstable
220210_F1_run6,c-GC,69,50,1,1,0,1,2.0,0.16666666666666666,,,,unstable
220210_F1_run6,c-GC,69,53,6,1,1,1,2.0,0.3333333333333333,,,,unstable
220210_F1_run6,c-GC,69,56,7,0,0,1,,0.0,,,,stable
220210_F1_run6,c-GC,69,58,2,1,0,1,3.0,0.16666666666666666,,,,lost
220210_F1_run6,c-GC,69,68,1,1,0,1,2.0,0.16666666666666666,,,,unstable
220210_F1_run6,c-GC,69,70,1,1,0,1,2.0,0.16666666666666666,,,,unstable
220210_F1_run6,c-GC,69,77,2,0,1,6,,0.16666666666666666,,,,unstable
220210_F1_run6,c-GC,69,89,1,1,0,1,2.0,0.16666666666666666,,,,unstable
220210_F1_run6,c-GC,69,93,1,1,0,1,2.0,0.16666666666666666,,,,unstable
220210_F1_run6,c-GC,69,94,1,1,0,1,2.0,0.16666666666666666,,,,unstable
220210_F1_run6,c-GC,69,95,1,1,0,1,2.0,0.16666666666666666,,,,unstable
220210_F1_run6,c-GC,69,96,3,1,0,1,4.0,0.16666666666666666,,,,lost
220210_F1_run6,c-GC,69,107,4,2,2,1,3.0,0.6666666666666666,,,,unstable
220210_F1_run6,c-GC,69,108,1,1,0,1,2.0,0.16666666666666666,,,,unstable
220210_F1_run6,c-GC,69,110,6,0,1,2,,0.16666666666666666,,,,unstable
220210_F1_run6,c-GC,69,120,2,2,2,2,3.0,0.6666666666666666,,,,unstable
220210_F1_run6,c-GC,69,122,1,1,0,1,2.0,0.16666666666666666,,,,unstable
220210_F1_run6,c-GC,69,128,1,1,0,1,2.0,0.16666666666666666,,,,unstable
220210_F1_run6,c-GC,70,5,7,0,0,1,,0.0,,,,stable
220210_F1_run6,c-GC,70,6,5,0,1,3,,0.16666666666666666,,,,unstable
220210_F1_run6,c-GC,70,8,5,2,1,1,5.0,0.5,,,,unstable
220210_F1_run6,c-GC,70,12,3,0,1,5,,0.16666666666666666,,,,unstable
220210_F1_run6,c-GC,70,25,1,1,0,1,2.0,0.16666666666666666,,,,unstable
220210_F1_run6,c-GC,70,27,7,0,0,1,,0.0,,,,stable
220210_F1_run6,c-GC,70,30,3,0,1,5,,0.16666666666666666,,,,unstable
220210_F1_run6,c-GC,70,36,2,0,1,6,,0.16666666666666666,,,,unstable
220210_F1_run6,c-GC,70,37,7,0,0,1,,0.0,,,,stable
220210_F1_run6,c-GC,70,38,5,0,1,3,,0.16666666666666666,,,,unstable
220210_F1_run6,c-GC,70,42,1,1,0,1,2.0,0.16666666666666666,,,,unstable
220210_F1_run6,c-GC,70,43,5,1,2,2,5.0,0.5,,,,unstable
220210_F1_run6,c-GC,70,48,1,1,1,2,3.0,0.3333333333333333,,,,unstable
220210_F1_run6,c-GC,70,53,6,1,1,1,3.0,0.3333333333333333,,,,unstable
220210_F1_run6,c-GC,70,69,4,2,2,2,3.0,0.6666666666666666,,,,unstable
220210_F1_run6,c-GC,70,72,2,0,1,6,,0.16666666666666666,,,,unstable
220210_F1_run6,c-GC,70,74,1,1,1,2,3.0,0.3333333333333333,,,,unstable
220210_F1_run6,c-GC,70,76,2,0,1,6,,0.16666666666666666,,,,unstable
220210_F1_run6,c-GC,70,77,1,1,1,2,3.0,0.3333333333333333,,,,unstable
220210_F1_run6,c-GC,70,80,6,0,1,2,,0.16666666666666666,,,,unstable
220210_F1_run6,c-GC,70,81,5,0,1,3,,0.16666666666666666,,,,unstable
220210_F1_run6,c-GC,70,86,1,1,1,3,4.0,0.3333333333333333,,,,unstable
220210_F1_run6,c-GC,70,89,1,1,1,5,6.0,0.3333333333333333,,,,unstable
220210_F1_run6,c-GC,70,93,2,1,1,5,7.0,0.3333333333333333,,,,unstable
220210_F1_run6,c-GC,70,106,6,0,1,2,,0.16666666666666666,,,,unstable
220210_F1_run6,c-GC,70,107,1,1,1,2,3.0,0.3333333333333333,,,,unstable
220210_F1_run6,c-GC,70,109,2,2,1,1,2.0,0.5,,,,unstable
220210_F1_run6,c-GC,70,110,7,0,0,1,,0.0,,,,stable
220210_F1_run6,c-GC,70,120,2,1,0,1,3.0,0.16666666666666666,,,,lost
220210_F1_run6,c-GC,70,121,1,1,1,5,6.0,0.3333333333333333,,,,unstable
220210_F1_run6,c-GC,70,124,6,1,1,1,6.0,0.3333333333333333,,,,unstable
220210_F1_run6,c-GC,70,129,1,1,0,1,2.0,0.16666666666666666,,,,unstable
220210_F1_run6,c-GC,71,18,4,1,1,1,2.0,0.3333333333333333,,,,unstable
220210_F1_run6,c-GC,71,38,1,1,1,2,3.0,0.3333333333333333,,,,unstable
220210_F1_run6,c-GC,71,46,3,3,2,1,2.0,0.8333333333333334,,,,unstable
220210_F1_run6,c-GC,71,50,1,1,0,1,2.0,0.16666666666666666,,,,unstable
220210_F1_run6,c-GC,71,63,1,1,0,1,2.0,0.16666666666666666,,,,unstable
220210_F1_run6,c-GC,71,76,1,1,0,1,2.0,0.16666666666666666,,,,unstable
220210_F1_run6,c-GC,71,87,3,2,1,1,3.0,0.5,,,,unstable
220210_F1_run6,c-GC,71,89,1,1,0,1,2.0,0.16666666666666666,,,,unstable
220210_F1_run6,c-GC,71,94,2,2,2,3,4.0,0.6666666666666666,,,,unstable
220210_F1_run6,c-GC,71,114,7,0,0,1,,0.0,,,,stable
220210_F1_run6,c-GC,71,120,4,1,1,1,3.0,0.3333333333333333,,,,unstable
220210_F1_run6,c-GC,72,0,1,1,1,6,7.0,0.3333333333333333,,,,unstable
220210_F1_run6,c-GC,72,6,1,1,0,1,2.0,0.16666666666666666,,,,unstable
220210_F1_run6,c-GC,72,24,3,1,2,4,6.0,0.5,,,,unstable
220210_F1_run6,c-GC,72,55,7,0,0,1,,0.0,,,,stable
220210_F1_run6,c-GC,72,75,7,0,0,1,,0.0,,,,stable
220210_F1_run6,c-GC,72,76,4,1,1,1,2.0,0.3333333333333333,,,,unstable
220210_F1_run6,c-GC,72,88,7,0,0,1,,0.0,,,,stable
220210_F1_run6,c-GC,72,107,1,1,1,4,5.0,0.3333333333333333,,,,unstable
220210_F1_run6,c-GC,72,117,7,0,0,1,,0.0,,,,stable
220210_F1_run6,c-GC,72,121,1,1,0,1,2.0,0.16666666666666666,,,,unstable
220210_F1_run6,c-GC,73,5,4,1,1,3,7.0,0.3333333333333333,,,,unstable
220210_F1_run6,c-GC,73,6,6,0,1,2,,0.16666666666666666,,,,unstable
220210_F1_run6,c-GC,73,8,5,1,2,2,3.0,0.5,,,,unstable
220210_F1_run6,c-GC,73,17,1,1,1,3,4.0,0.3333333333333333,,,,unstable
220210_F1_run6,c-GC,73,34,4,1,1,2,6.0,0.3333333333333333,,,,unstable
220210_F1_run6,c-GC,73,36,1,1,1,2,3.0,0.3333333333333333,,,,unstable
220210_F1_run6,c-GC,73,37,6,0,1,2,,0.16666666666666666,,,,unstable
220210_F1_run6,c-GC,73,38,6,0,1,2,,0.16666666666666666,,,,unstable
220210_F1_run6,c-GC,73,43,6,0,1,2,,0.16666666666666666,,,,unstable
220210_F1_run6,c-GC,73,48,2,2,1,1,2.0,0.5,,,,unstable
220210_F1_run6,c-GC,73,49,1,1,1,4,5.0,0.3333333333333333,,,,unstable
220210_F1_run6,c-GC,73,50,7,0,0,1,,0.0,,,,stable
220210_F1_run6,c-GC,73,51,1,1,1,3,4.0,0.3333333333333333,,,,unstable
220210_F1_run6,c-GC,73,59,2,0,1,6,,0.16666666666666666,,,,unstable
220210_F1_run6,c-GC,73,64,5,0,1,3,,0.16666666666666666,,,,unstable
220210_F1_run6,c-GC,73,67,1,1,1,4,5.0,0.3333333333333333,,,,unstable
220210_F1_run6,c-GC,73,69,1,1,1,4,5.0,0.3333333333333333,,,,unstable
220210_F1_run6,c-GC,73,74,7,0,0,1,,0.0,,,,stable
220210_F1_run6,c-GC,73,75,3,1,1,2,5.0,0.3333333333333333,,,,unstable
220210_F1_run6,c-GC,73,76,3,1,1,2,5.0,0.3333333333333333,,,,unstable
220210_F1_run6,c-GC,73,79,1,1,1,2,3.0,0.3333333333333333,,,,unstable
220210_F1_run6,c-GC,73,80,7,0,0,1,,0.0,,,,stable
220210_F1_run6,c-GC,73,84,6,1,0,1,7.0,0.16666666666666666,,,,lost
220210_F1_run6,c-GC,73,85,7,0,0,1,,0.0,,,,stable
220210_F1_run6,c-GC,73,86,7,0,0,1,,0.0,,,,stable
220210_F1_run6,c-GC,73,89,6,0,1,2,,0.16666666666666666,,,,unstable
220210_F1_run6,c-GC,73,94,6,0,1,2,,0.16666666666666666,,,,unstable
220210_F1_run6,c-GC,73,96,3,0,1,5,,0.16666666666666666,,,,unstable
220210_F1_run6,c-GC,73,98,6,0,1,2,,0.16666666666666666,,,,unstable
220210_F1_run6,c-GC,73,106,7,0,0,1,,0.0,,,,stable
220210_F1_run6,c-GC,73,110,7,0,0,1,,0.0,,,,stable
220210_F1_run6,c-GC,73,111,1,1,1,5,6.0,0.3333333333333333,,,,unstable
220210_F1_run6,c-GC,73,118,6,0,1,2,,0.16666666666666666,,,,unstable
220210_F1_run6,c-GC,73,126,6,1,0,1,7.0,0.16666666666666666,,,,lost
220210_F1_run6,c-GC,73,129,4,1,1,1,3.0,0.3333333333333333,,,,unstable
220210_F1_run6,c-GC,74,15,1,1,1,2,3.0,0.3333333333333333,,,,unstable
220210_F1_run6,c-GC,74,38,6,0,1,2,,0.16666666666666666,,,,unstable
220210_F1_run6,c-GC,74,39,5,2,1,1,5.0,0.5,,,,unstable
220210_F1_run6,c-GC,74,44,2,1,1,2,4.0,0.3333333333333333,,,,unstable
220210_F1_run6,c-GC,74,45,1,1,0,1,2.0,0.16666666666666666,,,,unstable
220210_F1_run6,c-GC,74,46,6,0,1,2,,0.16666666666666666,,,,unstable
220210_F1_run6,c-GC,74,47,7,0,0,1,,0.0,,,,stable
220210_F1_run6,c-GC,74,48,2,1,0,1,3.0,0.16666666666666666,,,,lost
220210_F1_run6,c-GC,74,50,7,0,0,1,,0.0,,,,stable
220210_F1_run6,c-GC,74,53,4,1,1,2,6.0,0.3333333333333333,,,,unstable
220210_F1_run6,c-GC,74,54,7,0,0,1,,0.0,,,,stable
220210_F1_run6,c-GC,74,58,3,1,1,1,3.0,0.3333333333333333,,,,unstable
220210_F1_run6,c-GC,74,60,5,1,1,1,5.0,0.3333333333333333,,,,unstable
220210_F1_run6,c-GC,74,63,1,1,1,2,3.0,0.3333333333333333,,,,unstable
220210_F1_run6,c-GC,74,66,1,1,0,1,2.0,0.16666666666666666,,,,unstable
220210_F1_run6,c-GC,74,67,3,1,1,2,5.0,0.3333333333333333,,,,unstable
220210_F1_run6,c-GC,74,68,1,1,0,1,2.0,0.16666666666666666,,,,unstable
220210_F1_run6,c-GC,74,70,3,1,1,2,5.0,0.3333333333333333,,,,unstable
220210_F1_run6,c-GC,74,73,7,0,0,1,,0.0,,,,stable
220210_F1_run6,c-GC,74,75,7,0,0,1,,0.0,,,,stable
220210_F1_run6,c-GC,74,76,6,0,1,2,,0.16666666666666666,,,,unstable
220210_F1_run6,c-GC,74,77,6,0,1,2,,0.16666666666666666,,,,unstable
220210_F1_run6,c-GC,74,78,6,0,1,2,,0.16666666666666666,,,,unstable
220210_F1_run6,c-GC,74,80,7,0,0,1,,0.0,,,,stable
220210_F1_run6,c-GC,74,84,7,0,0,1,,0.0,,,,stable
220210_F1_run6,c-GC,74,86,4,1,0,1,5.0,0.16666666666666666,,,,lost
220210_F1_run6,c-GC,74,89,6,0,1,2,,0.16666666666666666,,,,unstable
220210_F1_run6,c-GC,74,90,1,1,1,3,4.0,0.3333333333333333,,,,unstable
220210_F1_run6,c-GC,74,93,7,0,0,1,,0.0,,,,stable
220210_F1_run6,c-GC,74,94,7,0,0,1,,0.0,,,,stable
220210_F1_run6,c-GC,74,100,2,1,2,5,6.0,0.5,,,,unstable
220210_F1_run6,c-GC,74,107,7,0,0,1,,0.0,,,,stable
220210_F1_run6,c-GC,74,108,7,0,0,1,,0.0,,,,stable
220210_F1_run6,c-GC,74,109,4,1,0,1,5.0,0.16666666666666666,,,,lost
220210_F1_run6,c-GC,74,110,7,0,0,1,,0.0,,,,stable
220210_F1_run6,c-GC,74,117,2,1,1,2,4.0,0.3333333333333333,,,,unstable
220210_F1_run6,c-GC,74,128,4,1,1,2,6.0,0.3333333333333333,,,,unstable
220210_F1_run6,c-GC,75,37,1,1,1,6,7.0,0.3333333333333333,,,,unstable
220210_F1_run6,c-GC,75,47,1,1,1,2,3.0,0.3333333333333333,,,,unstable
220210_F1_run6,c-GC,75,54,1,1,0,1,2.0,0.16666666666666666,,,,unstable
220210_F1_run6,c-GC,75,74,1,1,1,6,7.0,0.3333333333333333,,,,unstable
220210_F1_run6,c-GC,75,84,4,0,1,4,,0.16666666666666666,,,,unstable
220210_F1_run6,c-GC,75,89,3,2,2,2,3.0,0.6666666666666666,,,,unstable
220210_F1_run6,c-GC,75,92,7,0,0,1,,0.0,,,,stable
220210_F1_run6,c-GC,75,102,1,1,1,2,3.0,0.3333333333333333,,,,unstable
220210_F1_run6,c-GC,75,117,7,0,0,1,,0.0,,,,stable
220210_F1_run6,c-GC,76,7,3,2,2,2,3.0,0.6666666666666666,,,,unstable
220210_F1_run6,c-GC,76,27,1,0,1,7,,0.16666666666666666,,,,novel
220210_F1_run6,c-GC,76,28,1,1,0,1,2.0,0.16666666666666666,,,,unstable
220210_F1_run6,c-GC,76,30,1,0,1,7,,0.16666666666666666,,,,novel
220210_F1_run6,c-GC,76,50,6,1,1,1,3.0,0.3333333333333333,,,,unstable
220210_F1_run6,c-GC,76,54,2,1,1,3,5.0,0.3333333333333333,,,,unstable
220210_F1_run6,c-GC,76,77,2,1,1,3,5.0,0.3333333333333333,,,,unstable
220210_F1_run6,c-GC,76,80,1,0,1,7,,0.16666666666666666,,,,novel
220210_F1_run6,c-GC,76,86,4,2,1,1,3.0,0.5,,,,unstable
220210_F1_run6,c-GC,76,94,6,1,1,1,4.0,0.3333333333333333,,,,unstable
220210_F1_run6,c-GC,76,100,1,1,1,4,5.0,0.3333333333333333,,,,unstable
220210_F1_run6,c-GC,76,104,5,1,1,1,2.0,0.3333333333333333,,,,unstable
220210_F1_run6,c-GC,76,117,4,2,2,2,3.0,0.6666666666666666,,,,unstable
220210_F1_run6,c-GC,77,4,1,1,0,1,2.0,0.16666666666666666,,,,unstable
220210_F1_run6,c-GC,77,11,6,1,0,1,7.0,0.16666666666666666,,,,lost
220210_F1_run6,c-GC,77,16,2,1,0,1,3.0,0.16666666666666666,,,,lost
220210_F1_run6,c-GC,77,25,2,1,0,1,3.0,0.16666666666666666,,,,lost
220210_F1_run6,c-GC,77,30,1,0,1,7,,0.16666666666666666,,,,novel
220210_F1_run6,c-GC,77,37,1,0,1,7,,0.16666666666666666,,,,novel
220210_F1_run6,c-GC,77,38,2,0,1,6,,0.16666666666666666,,,,unstable
220210_F1_run6,c-GC,77,39,2,0,1,6,,0.16666666666666666,,,,unstable
220210_F1_run6,c-GC,77,43,2,0,1,6,,0.16666666666666666,,,,unstable
220210_F1_run6,c-GC,77,46,1,0,1,7,,0.16666666666666666,,,,novel
220210_F1_run6,c-GC,77,50,1,0,1,7,,0.16666666666666666,,,,novel
220210_F1_run6,c-GC,77,67,1,1,1,2,3.0,0.3333333333333333,,,,unstable
220210_F1_run6,c-GC,77,78,6,0,1,2,,0.16666666666666666,,,,unstable
220210_F1_run6,c-GC,77,79,1,1,1,6,7.0,0.3333333333333333,,,,unstable
220210_F1_run6,c-GC,77,80,6,1,1,1,3.0,0.3333333333333333,,,,unstable
220210_F1_run6,c-GC,77,83,2,1,1,5,7.0,0.3333333333333333,,,,unstable
220210_F1_run6,c-GC,77,89,3,1,1,3,6.0,0.3333333333333333,,,,unstable
220210_F1_run6,c-GC,77,93,3,0,1,5,,0.16666666666666666,,,,unstable
220210_F1_run6,c-GC,77,94,7,0,0,1,,0.0,,,,stable
220210_F1_run6,c-GC,77,96,1,1,1,5,6.0,0.3333333333333333,,,,unstable
220210_F1_run6,c-GC,77,100,5,0,1,3,,0.16666666666666666,,,,unstable
220210_F1_run6,c-GC,77,122,1,0,1,7,,0.16666666666666666,,,,novel
220210_F1_run6,c-GC,77,123,7,0,0,1,,0.0,,,,stable
220210_F1_run6,c-GC,78,8,5,1,1,2,7.0,0.3333333333333333,,,,unstable
220210_F1_run6,c-GC,78,13,7,0,0,1,,0.0,,,,stable
220210_F1_run6,c-GC,78,17,4,2,1,1,4.0,0.5,,,,unstable
220210_F1_run6,c-GC,78,18,1,1,0,1,2.0,0.16666666666666666,,,,unstable
220210_F1_run6,c-GC,78,37,7,0,0,1,,0.0,,,,stable
220210_F1_run6,c-GC,78,39,2,1,0,1,3.0,0.16666666666666666,,,,lost
220210_F1_run6,c-GC,78,50,1,1,0,1,2.0,0.16666666666666666,,,,unstable
220210_F1_run6,c-GC,78,76,7,0,0,1,,0.0,,,,stable
220210_F1_run6,c-GC,78,79,2,1,2,4,5.0,0.5,,,,unstable
220210_F1_run6,c-GC,78,80,1,1,0,1,2.0,0.16666666666666666,,,,unstable
220210_F1_run6,c-GC,78,87,3,1,0,1,4.0,0.16666666666666666,,,,lost
220210_F1_run6,c-GC,78,88,1,1,1,3,4.0,0.3333333333333333,,,,unstable
220210_F1_run6,c-GC,78,89,1,1,0,1,2.0,0.16666666666666666,,,,unstable
220210_F1_run6,c-GC,78,93,1,1,1,4,5.0,0.3333333333333333,,,,unstable
220210_F1_run6,c-GC,78,94,1,1,1,3,4.0,0.3333333333333333,,,,unstable
220210_F1_run6,c-GC,78,95,1,1,0,1,2.0,0.16666666666666666,,,,unstable
220210_F1_run6,c-GC,78,102,1,1,0,1,2.0,0.16666666666666666,,,,unstable
220210_F1_run6,c-GC,78,116,3,1,1,1,2.0,0.3333333333333333,,,,unstable
220210_F1_run6,c-GC,78,122,3,1,0,1,4.0,0.16666666666666666,,,,lost
220210_F1_run6,c-GC,79,9,1,1,0,1,2.0,0.16666666666666666,,,,unstable
220210_F1_run6,c-GC,79,31,4,0,1,4,,0.16666666666666666,,,,unstable
220210_F1_run6,c-GC,79,45,1,0,1,7,,0.16666666666666666,,,,novel
220210_F1_run6,c-GC,79,46,2,1,0,1,3.0,0.16666666666666666,,,,lost
220210_F1_run6,c-GC,79,48,1,1,0,1,2.0,0.16666666666666666,,,,unstable
220210_F1_run6,c-GC,79,49,1,1,1,2,3.0,0.3333333333333333,,,,unstable
220210_F1_run6,c-GC,79,61,3,0,1,5,,0.16666666666666666,,,,unstable
220210_F1_run6,c-GC,79,80,1,1,0,1,2.0,0.16666666666666666,,,,unstable
220210_F1_run6,c-GC,79,81,6,1,1,1,2.0,0.3333333333333333,,,,unstable
220210_F1_run6,c-GC,79,93,1,1,0,1,2.0,0.16666666666666666,,,,unstable
220210_F1_run6,c-GC,79,114,1,1,0,1,2.0,0.16666666666666666,,,,unstable
220210_F1_run6,c-GC,79,119,1,1,0,1,2.0,0.16666666666666666,,,,unstable
220210_F1_run6,c-GC,79,120,1,1,0,1,2.0,0.16666666666666666,,,,unstable
220210_F1_run6,c-GC,80,9,3,0,1,5,,0.16666666666666666,,,,unstable
220210_F1_run6,c-GC,80,10,2,1,1,2,4.0,0.3333333333333333,,,,unstable
220210_F1_run6,c-GC,80,34,4,2,1,1,4.0,0.5,,,,unstable
220210_F1_run6,c-GC,80,46,1,1,0,1,2.0,0.16666666666666666,,,,unstable
220210_F1_run6,c-GC,80,47,6,0,1,2,,0.16666666666666666,,,,unstable
220210_F1_run6,c-GC,80,50,1,1,1,2,3.0,0.3333333333333333,,,,unstable
220210_F1_run6,c-GC,80,72,5,1,1,1,4.0,0.3333333333333333,,,,unstable
220210_F1_run6,c-GC,80,73,5,1,1,1,4.0,0.3333333333333333,,,,unstable
220210_F1_run6,c-GC,80,74,6,0,1,2,,0.16666666666666666,,,,unstable
220210_F1_run6,c-GC,80,76,4,2,2,2,3.0,0.6666666666666666,,,,unstable
220210_F1_run6,c-GC,80,79,1,1,0,1,2.0,0.16666666666666666,,,,unstable
220210_F1_run6,c-GC,80,85,5,0,1,3,,0.16666666666666666,,,,unstable
220210_F1_run6,c-GC,80,89,6,0,1,2,,0.16666666666666666,,,,unstable
220210_F1_run6,c-GC,80,93,4,3,2,1,3.0,0.8333333333333334,,,,unstable
220210_F1_run6,c-GC,80,96,2,2,1,1,2.0,0.5,,,,unstable
220210_F1_run6,c-GC,80,98,4,0,1,4,,0.16666666666666666,,,,unstable
220210_F1_run6,c-GC,80,107,1,1,0,1,2.0,0.16666666666666666,,,,unstable
220210_F1_run6,c-GC,80,108,7,0,0,1,,0.0,,,,stable
220210_F1_run6,c-GC,80,109,6,1,1,1,5.0,0.3333333333333333,,,,unstable
220210_F1_run6,c-GC,80,110,4,1,0,1,5.0,0.16666666666666666,,,,lost
220210_F1_run6,c-GC,80,111,1,1,0,1,2.0,0.16666666666666666,,,,unstable
220210_F1_run6,c-GC,80,117,5,1,2,2,6.0,0.5,,,,unstable
220210_F1_run6,c-GC,80,120,1,1,0,1,2.0,0.16666666666666666,,,,unstable
220210_F1_run6,c-GC,80,122,1,1,0,1,2.0,0.16666666666666666,,,,unstable
220210_F1_run6,c-GC,80,128,1,1,0,1,2.0,0.16666666666666666,,,,unstable
220210_F1_run6,c-GC,80,129,1,1,0,1,2.0,0.16666666666666666,,,,unstable
220210_F1_run6,c-GC,81,12,1,1,1,2,3.0,0.3333333333333333,,,,unstable
220210_F1_run6,c-GC,81,13,1,0,1,7,,0.16666666666666666,,,,novel
220210_F1_run6,c-GC,81,36,2,1,0,1,3.0,0.16666666666666666,,,,lost
220210_F1_run6,c-GC,81,38,2,1,1,2,4.0,0.3333333333333333,,,,unstable
220210_F1_run6,c-GC,81,39,1,1,1,2,3.0,0.3333333333333333,,,,unstable
220210_F1_run6,c-GC,81,59,4,0,1,4,,0.16666666666666666,,,,unstable
220210_F1_run6,c-GC,81,109,6,0,1,2,,0.16666666666666666,,,,unstable
220210_F1_run6,c-GC,81,128,3,2,3,2,3.0,0.8333333333333334,,,,unstable
220210_F1_run6,c-GC,82,0,1,1,0,1,2.0,0.16666666666666666,,,,unstable
220210_F1_run6,c-GC,82,4,1,1,0,1,2.0,0.16666666666666666,,,,unstable
220210_F1_run6,c-GC,82,9,1,1,0,1,2.0,0.16666666666666666,,,,unstable
220210_F1_run6,c-GC,82,10,5,1,0,1,6.0,0.16666666666666666,,,,lost
220210_F1_run6,c-GC,82,12,1,1,0,1,2.0,0.16666666666666666,,,,unstable
220210_F1_run6,c-GC,82,25,1,1,1,2,3.0,0.3333333333333333,,,,unstable
220210_F1_run6,c-GC,82,30,1,1,0,1,2.0,0.16666666666666666,,,,unstable
220210_F1_run6,c-GC,82,31,1,1,0,1,2.0,0.16666666666666666,,,,unstable
220210_F1_run6,c-GC,82,39,7,0,0,1,,0.0,,,,stable
220210_F1_run6,c-GC,82,43,1,1,0,1,2.0,0.16666666666666666,,,,unstable
220210_F1_run6,c-GC,82,45,1,1,1,4,5.0,0.3333333333333333,,,,unstable
220210_F1_run6,c-GC,82,53,1,1,0,1,2.0,0.16666666666666666,,,,unstable
220210_F1_run6,c-GC,82,54,4,1,1,1,2.0,0.3333333333333333,,,,unstable
220210_F1_run6,c-GC,82,58,1,1,0,1,2.0,0.16666666666666666,,,,unstable
220210_F1_run6,c-GC,82,59,1,1,0,1,2.0,0.16666666666666666,,,,unstable
220210_F1_run6,c-GC,82,66,1,1,0,1,2.0,0.16666666666666666,,,,unstable
220210_F1_run6,c-GC,82,68,1,1,0,1,2.0,0.16666666666666666,,,,unstable
220210_F1_run6,c-GC,82,79,2,1,1,1,2.0,0.3333333333333333,,,,unstable
220210_F1_run6,c-GC,82,110,1,1,0,1,2.0,0.16666666666666666,,,,unstable
220210_F1_run6,c-GC,82,116,1,1,0,1,2.0,0.16666666666666666,,,,unstable
220210_F1_run6,c-GC,82,122,1,1,0,1,2.0,0.16666666666666666,,,,unstable
220210_F1_run6,c-GC,83,8,7,0,0,1,,0.0,,,,stable
220210_F1_run6,c-GC,83,24,1,1,0,1,2.0,0.16666666666666666,,,,unstable
220210_F1_run6,c-GC,83,25,1,1,0,1,2.0,0.16666666666666666,,,,unstable
220210_F1_run6,c-GC,83,43,3,2,1,1,2.0,0.5,,,,unstable
220210_F1_run6,c-GC,83,76,4,0,1,4,,0.16666666666666666,,,,unstable
220210_F1_run6,c-GC,83,84,4,0,1,4,,0.16666666666666666,,,,unstable
220210_F1_run6,c-GC,83,89,3,0,1,5,,0.16666666666666666,,,,unstable
220210_F1_run6,c-GC,83,96,2,1,2,5,6.0,0.5,,,,unstable
220210_F1_run6,c-GC,83,98,1,1,0,1,2.0,0.16666666666666666,,,,unstable
220210_F1_run6,c-GC,83,104,5,1,0,1,6.0,0.16666666666666666,,,,lost
220210_F1_run6,c-GC,83,124,4,0,1,4,,0.16666666666666666,,,,unstable
220210_F1_run6,c-GC,84,2,2,2,1,1,2.0,0.5,,,,unstable
220210_F1_run6,c-GC,84,5,1,1,0,1,2.0,0.16666666666666666,,,,unstable
220210_F1_run6,c-GC,84,6,4,2,1,1,3.0,0.5,,,,unstable
220210_F1_run6,c-GC,84,10,1,1,0,1,2.0,0.16666666666666666,,,,unstable
220210_F1_run6,c-GC,84,11,5,2,1,1,2.0,0.5,,,,unstable
220210_F1_run6,c-GC,84,12,1,1,1,6,7.0,0.3333333333333333,,,,unstable
220210_F1_run6,c-GC,84,16,1,1,0,1,2.0,0.16666666666666666,,,,unstable
220210_F1_run6,c-GC,84,21,2,1,0,1,3.0,0.16666666666666666,,,,lost
220210_F1_run6,c-GC,84,31,1,1,1,2,3.0,0.3333333333333333,,,,unstable
220210_F1_run6,c-GC,84,32,6,1,0,1,7.0,0.16666666666666666,,,,lost
220210_F1_run6,c-GC,84,34,7,0,0,1,,0.0,,,,stable
220210_F1_run6,c-GC,84,37,2,1,0,1,3.0,0.16666666666666666,,,,lost
220210_F1_run6,c-GC,84,40,4,2,2,2,3.0,0.6666666666666666,,,,unstable
220210_F1_run6,c-GC,84,42,1,1,0,1,2.0,0.16666666666666666,,,,unstable
220210_F1_run6,c-GC,84,47,6,0,1,2,,0.16666666666666666,,,,unstable
220210_F1_run6,c-GC,84,49,1,1,0,1,2.0,0.16666666666666666,,,,unstable
220210_F1_run6,c-GC,84,50,7,0,0,1,,0.0,,,,stable
220210_F1_run6,c-GC,84,51,1,1,0,1,2.0,0.16666666666666666,,,,unstable
220210_F1_run6,c-GC,84,57,1,1,0,1,2.0,0.16666666666666666,,,,unstable
220210_F1_run6,c-GC,84,62,7,0,0,1,,0.0,,,,stable
220210_F1_run6,c-GC,84,66,1,1,1,6,7.0,0.3333333333333333,,,,unstable
220210_F1_run6,c-GC,84,73,1,1,1,2,3.0,0.3333333333333333,,,,unstable
220210_F1_run6,c-GC,84,75,3,1,1,2,5.0,0.3333333333333333,,,,unstable
220210_F1_run6,c-GC,84,76,7,0,0,1,,0.0,,,,stable
220210_F1_run6,c-GC,84,85,1,1,0,1,2.0,0.16666666666666666,,,,unstable
220210_F1_run6,c-GC,84,86,1,1,0,1,2.0,0.16666666666666666,,,,unstable
220210_F1_run6,c-GC,84,89,2,2,2,2,3.0,0.6666666666666666,,,,unstable
220210_F1_run6,c-GC,84,93,4,2,1,1,3.0,0.5,,,,unstable
220210_F1_run6,c-GC,84,106,1,1,0,1,2.0,0.16666666666666666,,,,unstable
220210_F1_run6,c-GC,84,117,1,1,1,4,5.0,0.3333333333333333,,,,unstable
220210_F1_run6,c-GC,84,121,1,1,0,1,2.0,0.16666666666666666,,,,unstable
220210_F1_run6,c-GC,84,124,1,1,0,1,2.0,0.16666666666666666,,,,unstable
220210_F1_run6,c-GC,85,12,1,1,1,6,7.0,0.3333333333333333,,,,unstable
220210_F1_run6,c-GC,85,46,2,2,1,1,2.0,0.5,,,,unstable
220210_F1_run6,c-GC,85,54,4,1,0,1,5.0,0.16666666666666666,,,,lost
220210_F1_run6,c-GC,85,64,3,2,1,1,2.0,0.5,,,,unstable
220210_F1_run6,c-GC,85,72,2,1,1,1,2.0,0.3333333333333333,,,,unstable
220210_F1_run6,c-GC,85,75,7,0,0,1,,0.0,,,,stable
220210_F1_run6,c-GC,85,80,3,1,0,1,4.0,0.16666666666666666,,,,lost
220210_F1_run6,c-GC,85,88,6,0,1,2,,0.16666666666666666,,,,unstable
220210_F1_run6,c-GC,85,102,4,1,0,1,5.0,0.16666666666666666,,,,lost
220210_F1_run6,c-GC,85,106,2,1,2,5,6.0,0.5,,,,unstable
220210_F1_run6,c-GC,85,111,1,0,1,7,,0.16666666666666666,,,,novel
220210_F1_run6,c-GC,85,117,6,1,1,1,4.0,0.3333333333333333,,,,unstable
220210_F1_run6,c-GC,85,118,5,0,1,3,,0.16666666666666666,,,,unstable
220210_F1_run6,c-GC,85,128,1,1,1,3,4.0,0.3333333333333333,,,,unstable
220210_F1_run6,c-GC,86,6,5,0,1,3,,0.16666666666666666,,,,unstable
220210_F1_run6,c-GC,86,8,4,0,1,4,,0.16666666666666666,,,,unstable
220210_F1_run6,c-GC,86,17,1,1,0,1,2.0,0.16666666666666666,,,,unstable
220210_F1_run6,c-GC,86,18,1,1,0,1,2.0,0.16666666666666666,,,,unstable
220210_F1_run6,c-GC,86,21,1,1,0,1,2.0,0.16666666666666666,,,,unstable
220210_F1_run6,c-GC,86,26,2,1,0,1,3.0,0.16666666666666666,,,,lost
220210_F1_run6,c-GC,86,29,1,0,1,7,,0.16666666666666666,,,,novel
220210_F1_run6,c-GC,86,30,1,0,1,7,,0.16666666666666666,,,,novel
220210_F1_run6,c-GC,86,35,2,0,1,6,,0.16666666666666666,,,,unstable
220210_F1_run6,c-GC,86,47,2,2,1,1,2.0,0.5,,,,unstable
220210_F1_run6,c-GC,86,53,5,0,1,3,,0.16666666666666666,,,,unstable
220210_F1_run6,c-GC,86,54,1,1,1,5,6.0,0.3333333333333333,,,,unstable
220210_F1_run6,c-GC,86,55,6,1,0,1,7.0,0.16666666666666666,,,,lost
220210_F1_run6,c-GC,86,65,2,1,2,3,4.0,0.5,,,,unstable
220210_F1_run6,c-GC,86,74,1,1,1,2,3.0,0.3333333333333333,,,,unstable
220210_F1_run6,c-GC,86,75,7,0,0,1,,0.0,,,,stable
220210_F1_run6,c-GC,86,76,7,0,0,1,,0.0,,,,stable
220210_F1_run6,c-GC,86,77,6,0,1,2,,0.16666666666666666,,,,unstable
220210_F1_run6,c-GC,86,84,7,0,0,1,,0.0,,,,stable
220210_F1_run6,c-GC,86,89,2,2,2,2,3.0,0.6666666666666666,,,,unstable
220210_F1_run6,c-GC,86,95,6,1,1,1,3.0,0.3333333333333333,,,,unstable
220210_F1_run6,c-GC,86,103,1,1,0,1,2.0,0.16666666666666666,,,,unstable
220210_F1_run6,c-GC,86,107,4,0,1,4,,0.16666666666666666,,,,unstable
220210_F1_run6,c-GC,86,115,1,1,0,1,2.0,0.16666666666666666,,,,unstable
220210_F1_run6,c-GC,86,129,1,1,1,2,3.0,0.3333333333333333,,,,unstable
220210_F1_run6,c-GC,87,30,1,1,0,1,2.0,0.16666666666666666,,,,unstable
220210_F1_run6,c-GC,87,61,4,1,0,1,5.0,0.16666666666666666,,,,lost
220210_F1_run6,c-GC,87,75,5,0,1,3,,0.16666666666666666,,,,unstable
220210_F1_run6,c-GC,87,78,7,0,0,1,,0.0,,,,stable
220210_F1_run6,c-GC,87,79,2,0,1,6,,0.16666666666666666,,,,unstable
220210_F1_run6,c-GC,87,88,4,2,2,1,2.0,0.6666666666666666,,,,unstable
220210_F1_run6,c-GC,87,90,1,1,0,1,2.0,0.16666666666666666,,,,unstable
220210_F1_run6,c-GC,87,95,5,1,1,1,3.0,0.3333333333333333,,,,unstable
220210_F1_run6,c-GC,87,104,2,1,0,1,3.0,0.16666666666666666,,,,lost
220210_F1_run6,c-GC,88,6,1,1,1,5,6.0,0.3333333333333333,,,,unstable
220210_F1_run6,c-GC,88,50,1,1,0,1,2.0,0.16666666666666666,,,,unstable
220210_F1_run6,c-GC,88,66,2,1,1,3,5.0,0.3333333333333333,,,,unstable
220210_F1_run6,c-GC,88,67,4,1,2,3,4.0,0.5,,,,unstable
220210_F1_run6,c-GC,88,86,7,0,0,1,,0.0,,,,stable
220210_F1_run6,c-GC,88,108,3,3,2,1,2.0,0.8333333333333334,,,,unstable
220210_F1_run6,c-GC,89,5,4,1,0,1,5.0,0.16666666666666666,,,,lost
220210_F1_run6,c-GC,89,6,2,2,2,2,3.0,0.6666666666666666,,,,unstable
220210_F1_run6,c-GC,89,7,2,1,0,1,3.0,0.16666666666666666,,,,lost
220210_F1_run6,c-GC,89,8,4,2,2,2,5.0,0.6666666666666666,,,,unstable
220210_F1_run6,c-GC,89,22,1,1,0,1,2.0,0.16666666666666666,,,,unstable
220210_F1_run6,c-GC,89,27,5,1,0,1,6.0,0.16666666666666666,,,,lost
220210_F1_run6,c-GC,89,29,1,1,0,1,2.0,0.16666666666666666,,,,unstable
220210_F1_run6,c-GC,89,34,5,1,1,2,7.0,0.3333333333333333,,,,unstable
220210_F1_run6,c-GC,89,35,1,1,0,1,2.0,0.16666666666666666,,,,unstable
220210_F1_run6,c-GC,89,37,7,0,0,1,,0.0,,,,stable
220210_F1_run6,c-GC,89,38,7,0,0,1,,0.0,,,,stable
220210_F1_run6,c-GC,89,46,7,0,0,1,,0.0,,,,stable
220210_F1_run6,c-GC,89,47,7,0,0,1,,0.0,,,,stable
220210_F1_run6,c-GC,89,48,7,0,0,1,,0.0,,,,stable
220210_F1_run6,c-GC,89,50,7,0,0,1,,0.0,,,,stable
220210_F1_run6,c-GC,89,53,3,1,2,4,5.0,0.5,,,,unstable
220210_F1_run6,c-GC,89,54,7,0,0,1,,0.0,,,,stable
220210_F1_run6,c-GC,89,59,3,0,1,5,,0.16666666666666666,,,,unstable
220210_F1_run6,c-GC,89,60,1,0,1,7,,0.16666666666666666,,,,novel
220210_F1_run6,c-GC,89,64,1,1,1,2,3.0,0.3333333333333333,,,,unstable
220210_F1_run6,c-GC,89,66,1,1,1,4,5.0,0.3333333333333333,,,,unstable
220210_F1_run6,c-GC,89,67,7,0,0,1,,0.0,,,,stable
220210_F1_run6,c-GC,89,68,7,0,0,1,,0.0,,,,stable
220210_F1_run6,c-GC,89,69,1,0,1,7,,0.16666666666666666,,,,novel
220210_F1_run6,c-GC,89,74,7,0,0,1,,0.0,,,,stable
220210_F1_run6,c-GC,89,75,5,1,2,2,4.0,0.5,,,,unstable
220210_F1_run6,c-GC,89,76,7,0,0,1,,0.0,,,,stable
220210_F1_run6,c-GC,89,77,6,1,1,1,6.0,0.3333333333333333,,,,unstable
220210_F1_run6,c-GC,89,78,7,0,0,1,,0.0,,,,stable
220210_F1_run6,c-GC,89,79,7,0,0,1,,0.0,,,,stable
220210_F1_run6,c-GC,89,80,7,0,0,1,,0.0,,,,stable
220210_F1_run6,c-GC,89,82,1,0,1,7,,0.16666666666666666,,,,novel
220210_F1_run6,c-GC,89,84,6,0,1,2,,0.16666666666666666,,,,unstable
220210_F1_run6,c-GC,89,86,7,0,0,1,,0.0,,,,stable
220210_F1_run6,c-GC,89,88,2,1,0,1,3.0,0.16666666666666666,,,,lost
220210_F1_run6,c-GC,89,90,7,0,0,1,,0.0,,,,stable
220210_F1_run6,c-GC,89,93,7,0,0,1,,0.0,,,,stable
220210_F1_run6,c-GC,89,94,7,0,0,1,,0.0,,,,stable
220210_F1_run6,c-GC,89,96,1,1,0,1,2.0,0.16666666666666666,,,,unstable
220210_F1_run6,c-GC,89,99,3,2,2,2,3.0,0.6666666666666666,,,,unstable
220210_F1_run6,c-GC,89,100,2,1,1,2,4.0,0.3333333333333333,,,,unstable
220210_F1_run6,c-GC,89,102,1,1,1,4,5.0,0.3333333333333333,,,,unstable
220210_F1_run6,c-GC,89,106,6,0,1,2,,0.16666666666666666,,,,unstable
220210_F1_run6,c-GC,89,107,7,0,0,1,,0.0,,,,stable
220210_F1_run6,c-GC,89,109,6,1,1,1,6.0,0.3333333333333333,,,,unstable
220210_F1_run6,c-GC,89,110,7,0,0,1,,0.0,,,,stable
220210_F1_run6,c-GC,89,114,7,0,0,1,,0.0,,,,stable
220210_F1_run6,c-GC,89,116,7,0,0,1,,0.0,,,,stable
220210_F1_run6,c-GC,89,123,1,1,1,4,5.0,0.3333333333333333,,,,unstable
220210_F1_run6,c-GC,89,124,3,2,1,1,2.0,0.5,,,,unstable
220210_F1_run6,c-GC,90,49,1,1,0,1,2.0,0.16666666666666666,,,,unstable
220210_F1_run6,c-GC,90,50,3,1,1,4,7.0,0.3333333333333333,,,,unstable
220210_F1_run6,c-GC,90,51,1,1,0,1,2.0,0.16666666666666666,,,,unstable
220210_F1_run6,c-GC,90,54,7,0,0,1,,0.0,,,,stable
220210_F1_run6,c-GC,90,71,1,1,0,1,2.0,0.16666666666666666,,,,unstable
220210_F1_run6,c-GC,90,72,1,1,0,1,2.0,0.16666666666666666,,,,unstable
220210_F1_run6,c-GC,90,74,6,0,1,2,,0.16666666666666666,,,,unstable
220210_F1_run6,c-GC,90,75,6,0,1,2,,0.16666666666666666,,,,unstable
220210_F1_run6,c-GC,90,77,6,0,1,2,,0.16666666666666666,,,,unstable
220210_F1_run6,c-GC,90,78,1,1,1,3,4.0,0.3333333333333333,,,,unstable
220210_F1_run6,c-GC,90,87,1,1,0,1,2.0,0.16666666666666666,,,,unstable
220210_F1_run6,c-GC,90,92,1,1,1,2,3.0,0.3333333333333333,,,,unstable
220210_F1_run6,c-GC,90,103,1,1,0,1,2.0,0.16666666666666666,,,,unstable
220210_F1_run6,c-GC,90,110,6,0,1,2,,0.16666666666666666,,,,unstable
220210_F1_run6,c-GC,90,115,6,0,1,2,,0.16666666666666666,,,,unstable
220210_F1_run6,c-GC,90,117,1,1,1,3,4.0,0.3333333333333333,,,,unstable
220210_F1_run6,c-GC,91,33,1,1,0,1,2.0,0.16666666666666666,,,,unstable
220210_F1_run6,c-GC,91,49,1,1,0,1,2.0,0.16666666666666666,,,,unstable
220210_F1_run6,c-GC,91,51,1,1,0,1,2.0,0.16666666666666666,,,,unstable
220210_F1_run6,c-GC,91,66,1,1,0,1,2.0,0.16666666666666666,,,,unstable
220210_F1_run6,c-GC,91,83,1,1,0,1,2.0,0.16666666666666666,,,,unstable
220210_F1_run6,c-GC,91,96,1,1,0,1,2.0,0.16666666666666666,,,,unstable
220210_F1_run6,c-GC,91,98,4,2,3,2,3.0,0.8333333333333334,,,,unstable
220210_F1_run6,c-GC,91,116,1,1,0,1,2.0,0.16666666666666666,,,,unstable
220210_F1_run6,c-GC,92,34,4,0,1,4,,0.16666666666666666,,,,unstable
220210_F1_run6,c-GC,92,37,5,0,1,3,,0.16666666666666666,,,,unstable
220210_F1_run6,c-GC,92,79,2,0,1,6,,0.16666666666666666,,,,unstable
220210_F1_run6,c-GC,92,91,1,1,1,6,7.0,0.3333333333333333,,,,unstable
220210_F1_run6,c-GC,93,47,2,1,2,4,5.0,0.5,,,,unstable
220210_F1_run6,c-GC,93,63,1,1,0,1,2.0,0.16666666666666666,,,,unstable
220210_F1_run6,c-GC,93,65,1,1,0,1,2.0,0.16666666666666666,,,,unstable
220210_F1_run6,c-GC,93,96,4,2,2,1,2.0,0.6666666666666666,,,,unstable
220210_F1_run6,c-GC,93,122,1,1,1,3,4.0,0.3333333333333333,,,,unstable
220210_F1_run6,c-GC,94,5,6,1,0,1,7.0,0.16666666666666666,,,,lost
220210_F1_run6,c-GC,94,11,2,1,0,1,3.0,0.16666666666666666,,,,lost
220210_F1_run6,c-GC,94,33,1,0,1,7,,0.16666666666666666,,,,novel
220210_F1_run6,c-GC,94,47,6,1,1,1,5.0,0.3333333333333333,,,,unstable
220210_F1_run6,c-GC,94,49,2,1,0,1,3.0,0.16666666666666666,,,,lost
220210_F1_run6,c-GC,94,76,4,2,2,2,3.0,0.6666666666666666,,,,unstable
220210_F1_run6,c-GC,94,80,1,1,0,1,2.0,0.16666666666666666,,,,unstable
220210_F1_run6,c-GC,94,81,1,1,1,3,4.0,0.3333333333333333,,,,unstable
220210_F1_run6,c-GC,94,84,1,1,0,1,2.0,0.16666666666666666,,,,unstable
220210_F1_run6,c-GC,94,90,6,0,1,2,,0.16666666666666666,,,,unstable
220210_F1_run6,c-GC,94,98,3,1,2,4,5.0,0.5,,,,unstable
220210_F1_run6,c-GC,94,103,1,1,0,1,2.0,0.16666666666666666,,,,unstable
220210_F1_run6,c-GC,94,109,3,0,1,5,,0.16666666666666666,,,,unstable
220210_F1_run6,c-GC,94,125,1,0,1,7,,0.16666666666666666,,,,novel
220210_F1_run6,c-GC,95,21,5,2,2,1,4.0,0.6666666666666666,,,,unstable
220210_F1_run6,c-GC,95,77,1,1,0,1,2.0,0.16666666666666666,,,,unstable
220210_F1_run6,c-GC,95,86,4,3,2,1,3.0,0.8333333333333334,,,,unstable
220210_F1_run6,c-GC,95,115,3,1,1,1,2.0,0.3333333333333333,,,,unstable
220210_F1_run6,c-GC,95,119,1,1,0,1,2.0,0.16666666666666666,,,,unstable
220210_F1_run6,c-GC,96,6,3,0,1,5,,0.16666666666666666,,,,unstable
220210_F1_run6,c-GC,96,12,1,1,1,6,7.0,0.3333333333333333,,,,unstable
220210_F1_run6,c-GC,96,23,1,1,0,1,2.0,0.16666666666666666,,,,unstable
220210_F1_run6,c-GC,96,26,7,0,0,1,,0.0,,,,stable
220210_F1_run6,c-GC,96,30,1,1,0,1,2.0,0.16666666666666666,,,,unstable
220210_F1_run6,c-GC,96,39,7,0,0,1,,0.0,,,,stable
220210_F1_run6,c-GC,96,57,1,0,1,7,,0.16666666666666666,,,,novel
220210_F1_run6,c-GC,96,58,1,1,0,1,2.0,0.16666666666666666,,,,unstable
220210_F1_run6,c-GC,96,64,2,1,2,2,3.0,0.5,,,,unstable
220210_F1_run6,c-GC,96,68,1,1,0,1,2.0,0.16666666666666666,,,,unstable
220210_F1_run6,c-GC,96,69,2,2,1,1,2.0,0.5,,,,unstable
220210_F1_run6,c-GC,96,76,1,1,0,1,2.0,0.16666666666666666,,,,unstable
220210_F1_run6,c-GC,96,80,1,1,0,1,2.0,0.16666666666666666,,,,unstable
220210_F1_run6,c-GC,96,100,1,1,0,1,2.0,0.16666666666666666,,,,unstable
220210_F1_run6,c-GC,96,101,1,1,0,1,2.0,0.16666666666666666,,,,unstable
220210_F1_run6,c-GC,96,107,1,1,0,1,2.0,0.16666666666666666,,,,unstable
220210_F1_run6,c-GC,96,122,1,1,0,1,2.0,0.16666666666666666,,,,unstable
220210_F1_run6,c-GC,96,123,7,0,0,1,,0.0,,,,stable
220210_F1_run6,c-GC,96,128,1,1,0,1,2.0,0.16666666666666666,,,,unstable
220210_F1_run6,c-GC,97,27,1,1,0,1,2.0,0.16666666666666666,,,,unstable
220210_F1_run6,c-GC,97,58,2,1,0,1,3.0,0.16666666666666666,,,,lost
220210_F1_run6,c-GC,97,114,2,1,0,1,3.0,0.16666666666666666,,,,lost
220210_F1_run6,c-GC,97,119,7,0,0,1,,0.0,,,,stable
220210_F1_run6,c-GC,98,34,4,2,2,1,2.0,0.6666666666666666,,,,unstable
220210_F1_run6,c-GC,98,36,1,1,0,1,2.0,0.16666666666666666,,,,unstable
220210_F1_run6,c-GC,98,40,1,1,1,6,7.0,0.3333333333333333,,,,unstable
220210_F1_run6,c-GC,98,49,5,1,1,1,2.0,0.3333333333333333,,,,unstable
220210_F1_run6,c-GC,98,56,1,1,0,1,2.0,0.16666666666666666,,,,unstable
220210_F1_run6,c-GC,98,64,4,2,1,1,2.0,0.5,,,,unstable
220210_F1_run6,c-GC,98,68,3,1,2,3,4.0,0.5,,,,unstable
220210_F1_run6,c-GC,98,72,7,0,0,1,,0.0,,,,stable
220210_F1_run6,c-GC,98,73,1,1,0,1,2.0,0.16666666666666666,,,,unstable
220210_F1_run6,c-GC,98,110,1,1,0,1,2.0,0.16666666666666666,,,,unstable
220210_F1_run6,c-GC,98,113,6,0,1,2,,0.16666666666666666,,,,unstable
220210_F1_run6,c-GC,98,123,1,1,0,1,2.0,0.16666666666666666,,,,unstable
220210_F1_run6,c-GC,98,126,1,1,0,1,2.0,0.16666666666666666,,,,unstable
220210_F1_run6,c-GC,99,2,1,1,1,5,6.0,0.3333333333333333,,,,unstable
220210_F1_run6,c-GC,99,6,1,1,1,2,3.0,0.3333333333333333,,,,unstable
220210_F1_run6,c-GC,99,12,1,1,1,2,3.0,0.3333333333333333,,,,unstable
220210_F1_run6,c-GC,99,31,7,0,0,1,,0.0,,,,stable
220210_F1_run6,c-GC,99,43,7,0,0,1,,0.0,,,,stable
220210_F1_run6,c-GC,99,64,1,1,1,2,3.0,0.3333333333333333,,,,unstable
220210_F1_run6,c-GC,99,65,7,0,0,1,,0.0,,,,stable
220210_F1_run6,c-GC,99,76,3,1,2,4,6.0,0.5,,,,unstable
220210_F1_run6,c-GC,99,82,1,1,1,6,7.0,0.3333333333333333,,,,unstable
220210_F1_run6,c-GC,99,88,3,1,1,4,7.0,0.3333333333333333,,,,unstable
220210_F1_run6,c-GC,99,89,2,2,2,2,3.0,0.6666666666666666,,,,unstable
220210_F1_run6,c-GC,99,114,7,0,0,1,,0.0,,,,stable
220210_F1_run6,c-GC,100,1,1,1,1,5,6.0,0.3333333333333333,,,,unstable
220210_F1_run6,c-GC,100,14,1,1,0,1,2.0,0.16666666666666666,,,,unstable
220210_F1_run6,c-GC,100,32,1,1,0,1,2.0,0.16666666666666666,,,,unstable
220210_F1_run6,c-GC,100,44,3,2,2,1,2.0,0.6666666666666666,,,,unstable
220210_F1_run6,c-GC,100,62,3,1,1,3,6.0,0.3333333333333333,,,,unstable
220210_F1_run6,c-GC,100,66,1,1,0,1,2.0,0.16666666666666666,,,,unstable
220210_F1_run6,c-GC,101,4,2,2,1,1,2.0,0.5,,,,unstable
220210_F1_run6,c-GC,101,6,4,2,1,1,4.0,0.5,,,,unstable
220210_F1_run6,c-GC,101,10,1,1,0,1,2.0,0.16666666666666666,,,,unstable
220210_F1_run6,c-GC,101,28,1,1,1,6,7.0,0.3333333333333333,,,,unstable
220210_F1_run6,c-GC,101,37,1,1,0,1,2.0,0.16666666666666666,,,,unstable
220210_F1_run6,c-GC,101,42,2,1,0,1,3.0,0.16666666666666666,,,,lost
220210_F1_run6,c-GC,101,46,1,1,0,1,2.0,0.16666666666666666,,,,unstable
220210_F1_run6,c-GC,101,61,1,1,0,1,2.0,0.16666666666666666,,,,unstable
220210_F1_run6,c-GC,101,99,1,1,0,1,2.0,0.16666666666666666,,,,unstable
220210_F1_run6,c-GC,101,111,1,0,1,7,,0.16666666666666666,,,,novel
220210_F1_run6,c-GC,102,0,1,1,0,1,2.0,0.16666666666666666,,,,unstable
220210_F1_run6,c-GC,102,5,1,0,1,7,,0.16666666666666666,,,,novel
220210_F1_run6,c-GC,102,7,5,2,2,1,2.0,0.6666666666666666,,,,unstable
220210_F1_run6,c-GC,102,21,1,1,0,1,2.0,0.16666666666666666,,,,unstable
220210_F1_run6,c-GC,102,37,4,1,2,3,6.0,0.5,,,,unstable
220210_F1_run6,c-GC,102,39,6,0,1,2,,0.16666666666666666,,,,unstable
220210_F1_run6,c-GC,102,40,3,1,1,3,6.0,0.3333333333333333,,,,unstable
220210_F1_run6,c-GC,102,43,1,1,0,1,2.0,0.16666666666666666,,,,unstable
220210_F1_run6,c-GC,102,50,3,1,0,1,4.0,0.16666666666666666,,,,lost
220210_F1_run6,c-GC,102,53,1,0,1,7,,0.16666666666666666,,,,novel
220210_F1_run6,c-GC,102,65,7,0,0,1,,0.0,,,,stable
220210_F1_run6,c-GC,102,68,1,1,0,1,2.0,0.16666666666666666,,,,unstable
220210_F1_run6,c-GC,102,73,3,1,0,1,4.0,0.16666666666666666,,,,lost
220210_F1_run6,c-GC,102,74,4,2,2,1,2.0,0.6666666666666666,,,,unstable
220210_F1_run6,c-GC,102,77,5,1,2,2,4.0,0.5,,,,unstable
220210_F1_run6,c-GC,102,79,1,1,1,6,7.0,0.3333333333333333,,,,unstable
220210_F1_run6,c-GC,102,86,7,0,0,1,,0.0,,,,stable
220210_F1_run6,c-GC,102,90,7,0,0,1,,0.0,,,,stable
220210_F1_run6,c-GC,102,91,1,1,0,1,2.0,0.16666666666666666,,,,unstable
220210_F1_run6,c-GC,102,98,3,0,1,5,,0.16666666666666666,,,,unstable
220210_F1_run6,c-GC,102,104,5,0,1,3,,0.16666666666666666,,,,unstable
220210_F1_run6,c-GC,102,107,1,1,0,1,2.0,0.16666666666666666,,,,unstable
220210_F1_run6,c-GC,102,108,2,1,0,1,3.0,0.16666666666666666,,,,lost
220210_F1_run6,c-GC,102,109,7,0,0,1,,0.0,,,,stable
220210_F1_run6,c-GC,102,110,7,0,0,1,,0.0,,,,stable
220210_F1_run6,c-GC,102,117,1,1,0,1,2.0,0.16666666666666666,,,,unstable
220210_F1_run6,c-GC,102,125,1,1,0,1,2.0,0.16666666666666666,,,,unstable
220210_F1_run6,c-GC,103,40,2,1,0,1,3.0,0.16666666666666666,,,,lost
220210_F1_run6,c-GC,103,45,4,2,2,1,2.0,0.6666666666666666,,,,unstable
220210_F1_run6,c-GC,103,59,1,1,0,1,2.0,0.16666666666666666,,,,unstable
220210_F1_run6,c-GC,103,90,1,1,0,1,2.0,0.16666666666666666,,,,unstable
220210_F1_run6,c-GC,103,107,2,1,2,4,5.0,0.5,,,,unstable
220210_F1_run6,c-GC,103,119,1,1,0,1,2.0,0.16666666666666666,,,,unstable
220210_F1_run6,c-GC,103,126,1,1,1,6,7.0,0.3333333333333333,,,,unstable
220210_F1_run6,c-GC,103,127,1,1,0,1,2.0,0.16666666666666666,,,,unstable
220210_F1_run6,c-GC,104,0,1,1,0,1,2.0,0.16666666666666666,,,,unstable
220210_F1_run6,c-GC,104,4,3,1,1,2,5.0,0.3333333333333333,,,,unstable
220210_F1_run6,c-GC,104,9,4,0,1,4,,0.16666666666666666,,,,unstable
220210_F1_run6,c-GC,104,19,1,1,0,1,2.0,0.16666666666666666,,,,unstable
220210_F1_run6,c-GC,104,25,6,1,0,1,7.0,0.16666666666666666,,,,lost
220210_F1_run6,c-GC,104,29,3,2,2,2,4.0,0.6666666666666666,,,,unstable
220210_F1_run6,c-GC,104,30,1,1,0,1,2.0,0.16666666666666666,,,,unstable
220210_F1_run6,c-GC,104,44,6,0,1,2,,0.16666666666666666,,,,unstable
220210_F1_run6,c-GC,104,55,3,1,1,1,2.0,0.3333333333333333,,,,unstable
220210_F1_run6,c-GC,104,66,7,0,0,1,,0.0,,,,stable
220210_F1_run6,c-GC,104,67,7,0,0,1,,0.0,,,,stable
220210_F1_run6,c-GC,104,76,7,0,0,1,,0.0,,,,stable
220210_F1_run6,c-GC,104,100,1,1,1,2,3.0,0.3333333333333333,,,,unstable
220210_F1_run6,c-GC,104,101,1,1,0,1,2.0,0.16666666666666666,,,,unstable
220210_F1_run6,c-GC,104,117,2,0,1,6,,0.16666666666666666,,,,unstable
220210_F1_run6,c-GC,104,124,3,0,1,5,,0.16666666666666666,,,,unstable
220210_F1_run6,c-GC,104,126,1,1,1,2,3.0,0.3333333333333333,,,,unstable
220210_F1_run6,c-GC,104,127,3,1,2,3,4.0,0.5,,,,unstable
220210_F1_run6,c-GC,105,4,4,0,1,4,,0.16666666666666666,,,,unstable
220210_F1_run6,c-GC,105,5,1,1,1,2,3.0,0.3333333333333333,,,,unstable
220210_F1_run6,c-GC,105,16,1,1,0,1,2.0,0.16666666666666666,,,,unstable
220210_F1_run6,c-GC,105,54,5,2,2,1,3.0,0.6666666666666666,,,,unstable
220210_F1_run6,c-GC,105,62,1,1,0,1,2.0,0.16666666666666666,,,,unstable
220210_F1_run6,c-GC,105,68,1,1,0,1,2.0,0.16666666666666666,,,,unstable
220210_F1_run6,c-GC,105,73,1,1,0,1,2.0,0.16666666666666666,,,,unstable
220210_F1_run6,c-GC,105,84,2,1,1,5,7.0,0.3333333333333333,,,,unstable
220210_F1_run6,c-GC,105,98,4,0,1,4,,0.16666666666666666,,,,unstable
220210_F1_run6,c-GC,105,127,2,2,1,1,2.0,0.5,,,,unstable
220210_F1_run6,c-GC,106,3,1,1,0,1,2.0,0.16666666666666666,,,,unstable
220210_F1_run6,c-GC,106,6,1,1,0,1,2.0,0.16666666666666666,,,,unstable
220210_F1_run6,c-GC,106,8,2,0,1,6,,0.16666666666666666,,,,unstable
220210_F1_run6,c-GC,106,11,1,1,0,1,2.0,0.16666666666666666,,,,unstable
220210_F1_run6,c-GC,106,21,1,1,0,1,2.0,0.16666666666666666,,,,unstable
220210_F1_run6,c-GC,106,27,1,1,0,1,2.0,0.16666666666666666,,,,unstable
220210_F1_run6,c-GC,106,31,7,0,0,1,,0.0,,,,stable
220210_F1_run6,c-GC,106,32,2,1,0,1,3.0,0.16666666666666666,,,,lost
220210_F1_run6,c-GC,106,37,7,0,0,1,,0.0,,,,stable
220210_F1_run6,c-GC,106,47,2,1,0,1,3.0,0.16666666666666666,,,,lost
220210_F1_run6,c-GC,106,54,5,1,1,1,3.0,0.3333333333333333,,,,unstable
220210_F1_run6,c-GC,106,65,2,1,0,1,3.0,0.16666666666666666,,,,lost
220210_F1_run6,c-GC,106,67,1,1,0,1,2.0,0.16666666666666666,,,,unstable
220210_F1_run6,c-GC,106,75,1,1,0,1,2.0,0.16666666666666666,,,,unstable
220210_F1_run6,c-GC,106,78,3,1,1,1,2.0,0.3333333333333333,,,,unstable
220210_F1_run6,c-GC,106,84,1,1,0,1,2.0,0.16666666666666666,,,,unstable
220210_F1_run6,c-GC,106,86,1,1,0,1,2.0,0.16666666666666666,,,,unstable
220210_F1_run6,c-GC,106,89,1,1,0,1,2.0,0.16666666666666666,,,,unstable
220210_F1_run6,c-GC,106,107,1,1,0,1,2.0,0.16666666666666666,,,,unstable
220210_F1_run6,c-GC,106,108,3,1,1,1,2.0,0.3333333333333333,,,,unstable
220210_F1_run6,c-GC,106,117,1,1,0,1,2.0,0.16666666666666666,,,,unstable
220210_F1_run6,c-GC,106,120,1,1,0,1,2.0,0.16666666666666666,,,,unstable
220210_F1_run6,c-GC,107,20,1,1,0,1,2.0,0.16666666666666666,,,,unstable
220210_F1_run6,c-GC,107,26,1,1,0,1,2.0,0.16666666666666666,,,,unstable
220210_F1_run6,c-GC,107,30,2,1,0,1,3.0,0.16666666666666666,,,,lost
220210_F1_run6,c-GC,107,31,1,1,0,1,2.0,0.16666666666666666,,,,unstable
220210_F1_run6,c-GC,107,35,1,1,0,1,2.0,0.16666666666666666,,,,unstable
220210_F1_run6,c-GC,107,36,6,1,0,1,7.0,0.16666666666666666,,,,lost
220210_F1_run6,c-GC,107,53,7,0,0,1,,0.0,,,,stable
220210_F1_run6,c-GC,107,54,5,1,0,1,6.0,0.16666666666666666,,,,lost
220210_F1_run6,c-GC,107,69,7,0,0,1,,0.0,,,,stable
220210_F1_run6,c-GC,107,84,1,1,0,1,2.0,0.16666666666666666,,,,unstable
220210_F1_run6,c-GC,107,108,1,1,0,1,2.0,0.16666666666666666,,,,unstable
220210_F1_run6,c-GC,107,117,1,1,0,1,2.0,0.16666666666666666,,,,unstable
220210_F1_run6,c-GC,108,4,1,1,1,2,3.0,0.3333333333333333,,,,unstable
220210_F1_run6,c-GC,108,11,6,1,1,1,5.0,0.3333333333333333,,,,unstable
220210_F1_run6,c-GC,108,34,6,1,1,1,5.0,0.3333333333333333,,,,unstable
220210_F1_run6,c-GC,108,58,1,1,0,1,2.0,0.16666666666666666,,,,unstable
220210_F1_run6,c-GC,108,81,1,1,0,1,2.0,0.16666666666666666,,,,unstable
220210_F1_run6,c-GC,108,88,1,0,1,7,,0.16666666666666666,,,,novel
220210_F1_run6,c-GC,108,90,1,1,0,1,2.0,0.16666666666666666,,,,unstable
220210_F1_run6,c-GC,108,103,1,1,0,1,2.0,0.16666666666666666,,,,unstable
220210_F1_run6,c-GC,108,112,2,1,0,1,3.0,0.16666666666666666,,,,lost
220210_F1_run6,c-GC,109,10,1,1,1,4,5.0,0.3333333333333333,,,,unstable
220210_F1_run6,c-GC,109,29,1,1,0,1,2.0,0.16666666666666666,,,,unstable
220210_F1_run6,c-GC,109,34,1,1,0,1,2.0,0.16666666666666666,,,,unstable
220210_F1_run6,c-GC,109,47,1,1,0,1,2.0,0.16666666666666666,,,,unstable
220210_F1_run6,c-GC,109,76,1,1,0,1,2.0,0.16666666666666666,,,,unstable
220210_F1_run6,c-GC,109,88,2,1,1,1,2.0,0.3333333333333333,,,,unstable
220210_F1_run6,c-GC,109,91,2,1,0,1,3.0,0.16666666666666666,,,,lost
220210_F1_run6,c-GC,109,94,6,0,1,2,,0.16666666666666666,,,,unstable
220210_F1_run6,c-GC,109,98,2,2,2,4,5.0,0.6666666666666666,,,,unstable
220210_F1_run6,c-GC,109,102,1,1,0,1,2.0,0.16666666666666666,,,,unstable
220210_F1_run6,c-GC,109,114,3,1,1,2,5.0,0.3333333333333333,,,,unstable
220210_F1_run6,c-GC,109,118,2,1,1,4,6.0,0.3333333333333333,,,,unstable
220210_F1_run6,c-GC,109,120,1,0,1,7,,0.16666666666666666,,,,novel
220210_F1_run6,c-GC,110,7,1,1,0,1,2.0,0.16666666666666666,,,,unstable
220210_F1_run6,c-GC,110,9,1,1,0,1,2.0,0.16666666666666666,,,,unstable
220210_F1_run6,c-GC,110,50,1,1,1,5,6.0,0.3333333333333333,,,,unstable
220210_F1_run6,c-GC,110,58,1,1,0,1,2.0,0.16666666666666666,,,,unstable
220210_F1_run6,c-GC,110,64,3,2,3,3,4.0,0.8333333333333334,,,,unstable
220210_F1_run6,c-GC,110,69,6,1,1,1,4.0,0.3333333333333333,,,,unstable
220210_F1_run6,c-GC,110,73,2,2,1,1,2.0,0.5,,,,unstable
220210_F1_run6,c-GC,110,90,2,0,1,6,,0.16666666666666666,,,,unstable
220210_F1_run6,c-GC,110,107,2,1,1,5,7.0,0.3333333333333333,,,,unstable
220210_F1_run6,c-GC,110,124,1,1,0,1,2.0,0.16666666666666666,,,,unstable
220210_F1_run6,c-GC,111,42,1,1,1,3,4.0,0.3333333333333333,,,,unstable
220210_F1_run6,c-GC,111,71,1,1,1,2,3.0,0.3333333333333333,,,,unstable
220210_F1_run6,c-GC,111,83,2,1,2,2,3.0,0.5,,,,unstable
220210_F1_run6,c-GC,111,99,1,1,0,1,2.0,0.16666666666666666,,,,unstable
220210_F1_run6,c-GC,111,101,2,2,1,1,2.0,0.5,,,,unstable
220210_F1_run6,c-GC,111,102,6,1,1,1,3.0,0.3333333333333333,,,,unstable
220210_F1_run6,c-GC,111,110,1,0,1,7,,0.16666666666666666,,,,novel
220210_F1_run6,c-GC,111,124,3,0,1,5,,0.16666666666666666,,,,unstable
220210_F1_run6,c-GC,112,12,1,1,0,1,2.0,0.16666666666666666,,,,unstable
220210_F1_run6,c-GC,112,13,3,0,1,5,,0.16666666666666666,,,,unstable
220210_F1_run6,c-GC,112,20,1,1,1,5,6.0,0.3333333333333333,,,,unstable
220210_F1_run6,c-GC,112,84,1,1,0,1,2.0,0.16666666666666666,,,,unstable
220210_F1_run6,c-GC,112,87,1,1,0,1,2.0,0.16666666666666666,,,,unstable
220210_F1_run6,c-GC,112,123,1,1,0,1,2.0,0.16666666666666666,,,,unstable
220210_F1_run6,c-GC,113,5,4,3,3,1,2.0,1.0,,,,unstable
220210_F1_run6,c-GC,113,6,3,3,2,1,2.0,0.8333333333333334,,,,unstable
220210_F1_run6,c-GC,113,8,6,1,1,1,6.0,0.3333333333333333,,,,unstable
220210_F1_run6,c-GC,113,32,1,1,0,1,2.0,0.16666666666666666,,,,unstable
220210_F1_run6,c-GC,113,35,1,1,0,1,2.0,0.16666666666666666,,,,unstable
220210_F1_run6,c-GC,113,42,1,1,1,2,3.0,0.3333333333333333,,,,unstable
220210_F1_run6,c-GC,113,48,4,1,0,1,5.0,0.16666666666666666,,,,lost
220210_F1_run6,c-GC,113,49,7,0,0,1,,0.0,,,,stable
220210_F1_run6,c-GC,113,52,1,1,0,1,2.0,0.16666666666666666,,,,unstable
220210_F1_run6,c-GC,113,64,1,1,0,1,2.0,0.16666666666666666,,,,unstable
220210_F1_run6,c-GC,113,74,1,1,0,1,2.0,0.16666666666666666,,,,unstable
220210_F1_run6,c-GC,113,77,1,1,0,1,2.0,0.16666666666666666,,,,unstable
220210_F1_run6,c-GC,113,91,1,1,0,1,2.0,0.16666666666666666,,,,unstable
220210_F1_run6,c-GC,113,94,2,1,0,1,3.0,0.16666666666666666,,,,lost
220210_F1_run6,c-GC,113,97,1,1,0,1,2.0,0.16666666666666666,,,,unstable
220210_F1_run6,c-GC,113,98,6,1,1,1,2.0,0.3333333333333333,,,,unstable
220210_F1_run6,c-GC,113,99,4,1,1,1,3.0,0.3333333333333333,,,,unstable
220210_F1_run6,c-GC,113,118,1,1,0,1,2.0,0.16666666666666666,,,,unstable
220210_F1_run6,c-GC,114,0,1,1,0,1,2.0,0.16666666666666666,,,,unstable
220210_F1_run6,c-GC,114,6,1,1,1,3,4.0,0.3333333333333333,,,,unstable
220210_F1_run6,c-GC,114,20,1,1,0,1,2.0,0.16666666666666666,,,,unstable
220210_F1_run6,c-GC,114,29,2,2,1,1,2.0,0.5,,,,unstable
220210_F1_run6,c-GC,114,46,6,0,1,2,,0.16666666666666666,,,,unstable
220210_F1_run6,c-GC,114,55,2,1,1,5,7.0,0.3333333333333333,,,,unstable
220210_F1_run6,c-GC,114,59,1,1,0,1,2.0,0.16666666666666666,,,,unstable
220210_F1_run6,c-GC,114,71,1,1,0,1,2.0,0.16666666666666666,,,,unstable
220210_F1_run6,c-GC,114,72,1,1,1,3,4.0,0.3333333333333333,,,,unstable
220210_F1_run6,c-GC,115,2,1,1,0,1,2.0,0.16666666666666666,,,,unstable
220210_F1_run6,c-GC,115,8,1,1,0,1,2.0,0.16666666666666666,,,,unstable
220210_F1_run6,c-GC,115,17,4,3,2,1,2.0,0.8333333333333334,,,,unstable
220210_F1_run6,c-GC,115,36,1,1,0,1,2.0,0.16666666666666666,,,,unstable
220210_F1_run6,c-GC,115,37,1,1,1,6,7.0,0.3333333333333333,,,,unstable
220210_F1_run6,c-GC,115,46,2,2,2,3,4.0,0.6666666666666666,,,,unstable
220210_F1_run6,c-GC,115,65,4,1,1,1,4.0,0.3333333333333333,,,,unstable
220210_F1_run6,c-GC,115,71,1,1,0,1,2.0,0.16666666666666666,,,,unstable
220210_F1_run6,c-GC,115,76,2,1,1,1,2.0,0.3333333333333333,,,,unstable
220210_F1_run6,c-GC,115,79,1,1,0,1,2.0,0.16666666666666666,,,,unstable
220210_F1_run6,c-GC,115,86,1,1,0,1,2.0,0.16666666666666666,,,,unstable
220210_F1_run6,c-GC,115,95,7,0,0,1,,0.0,,,,stable
220210_F1_run6,c-GC,115,102,4,1,1,1,4.0,0.3333333333333333,,,,unstable
220210_F1_run6,c-GC,115,109,1,1,0,1,2.0,0.16666666666666666,,,,unstable
220210_F1_run6,c-GC,115,116,1,1,0,1,2.0,0.16666666666666666,,,,unstable
220210_F1_run6,c-GC,115,121,1,1,0,1,2.0,0.16666666666666666,,,,unstable
220210_F1_run6,c-GC,116,8,1,1,0,1,2.0,0.16666666666666666,,,,unstable
220210_F1_run6,c-GC,116,12,1,1,0,1,2.0,0.16666666666666666,,,,unstable
220210_F1_run6,c-GC,116,15,1,1,0,1,2.0,0.16666666666666666,,,,unstable
220210_F1_run6,c-GC,116,21,1,1,0,1,2.0,0.16666666666666666,,,,unstable
220210_F1_run6,c-GC,116,34,3,1,1,1,2.0,0.3333333333333333,,,,unstable
220210_F1_run6,c-GC,116,37,1,1,0,1,2.0,0.16666666666666666,,,,unstable
220210_F1_run6,c-GC,116,38,1,1,0,1,2.0,0.16666666666666666,,,,unstable
220210_F1_run6,c-GC,116,39,1,1,0,1,2.0,0.16666666666666666,,,,unstable
220210_F1_run6,c-GC,116,43,1,1,0,1,2.0,0.16666666666666666,,,,unstable
220210_F1_run6,c-GC,116,50,1,1,0,1,2.0,0.16666666666666666,,,,unstable
220210_F1_run6,c-GC,116,60,3,0,1,5,,0.16666666666666666,,,,unstable
220210_F1_run6,c-GC,116,67,1,1,0,1,2.0,0.16666666666666666,,,,unstable
220210_F1_run6,c-GC,116,68,1,1,0,1,2.0,0.16666666666666666,,,,unstable
220210_F1_run6,c-GC,116,69,2,0,1,6,,0.16666666666666666,,,,unstable
220210_F1_run6,c-GC,116,70,1,1,0,1,2.0,0.16666666666666666,,,,unstable
220210_F1_run6,c-GC,116,74,1,1,0,1,2.0,0.16666666666666666,,,,unstable
220210_F1_run6,c-GC,116,75,1,1,0,1,2.0,0.16666666666666666,,,,unstable
220210_F1_run6,c-GC,116,77,1,1,0,1,2.0,0.16666666666666666,,,,unstable
220210_F1_run6,c-GC,116,80,1,1,0,1,2.0,0.16666666666666666,,,,unstable
220210_F1_run6,c-GC,116,84,1,1,0,1,2.0,0.16666666666666666,,,,unstable
220210_F1_run6,c-GC,116,86,1,1,0,1,2.0,0.16666666666666666,,,,unstable
220210_F1_run6,c-GC,116,89,1,1,1,3,4.0,0.3333333333333333,,,,unstable
220210_F1_run6,c-GC,116,94,1,1,0,1,2.0,0.16666666666666666,,,,unstable
220210_F1_run6,c-GC,116,100,1,1,0,1,2.0,0.16666666666666666,,,,unstable
220210_F1_run6,c-GC,116,106,1,1,0,1,2.0,0.16666666666666666,,,,unstable
220210_F1_run6,c-GC,116,110,1,1,0,1,2.0,0.16666666666666666,,,,unstable
220210_F1_run6,c-GC,116,124,2,1,1,2,4.0,0.3333333333333333,,,,unstable
220210_F1_run6,c-GC,116,127,1,1,0,1,2.0,0.16666666666666666,,,,unstable
220210_F1_run6,c-GC,116,128,1,1,0,1,2.0,0.16666666666666666,,,,unstable
220210_F1_run6,c-GC,117,4,5,1,1,1,5.0,0.3333333333333333,,,,unstable
220210_F1_run6,c-GC,117,27,1,1,0,1,2.0,0.16666666666666666,,,,unstable
220210_F1_run6,c-GC,117,35,1,0,1,7,,0.16666666666666666,,,,novel
220210_F1_run6,c-GC,117,52,1,1,0,1,2.0,0.16666666666666666,,,,unstable
220210_F1_run6,c-GC,117,75,1,1,0,1,2.0,0.16666666666666666,,,,unstable
220210_F1_run6,c-GC,117,76,5,1,1,1,2.0,0.3333333333333333,,,,unstable
220210_F1_run6,c-GC,117,79,1,1,0,1,2.0,0.16666666666666666,,,,unstable
220210_F1_run6,c-GC,117,95,3,2,1,1,2.0,0.5,,,,unstable
220210_F1_run6,c-GC,117,103,1,1,0,1,2.0,0.16666666666666666,,,,unstable
220210_F1_run6,c-GC,118,1,1,1,0,1,2.0,0.16666666666666666,,,,unstable
220210_F1_run6,c-GC,118,39,1,1,0,1,2.0,0.16666666666666666,,,,unstable
220210_F1_run6,c-GC,118,47,7,0,0,1,,0.0,,,,stable
220210_F1_run6,c-GC,118,60,1,1,0,1,2.0,0.16666666666666666,,,,unstable
220210_F1_run6,c-GC,118,96,2,0,1,6,,0.16666666666666666,,,,unstable
220210_F1_run6,c-GC,118,119,1,1,0,1,2.0,0.16666666666666666,,,,unstable
220210_F1_run6,c-GC,119,16,1,1,0,1,2.0,0.16666666666666666,,,,unstable
220210_F1_run6,c-GC,119,77,1,1,0,1,2.0,0.16666666666666666,,,,unstable
220210_F1_run6,c-GC,119,78,1,1,0,1,2.0,0.16666666666666666,,,,unstable
220210_F1_run6,c-GC,119,79,1,1,0,1,2.0,0.16666666666666666,,,,unstable
220210_F1_run6,c-GC,119,83,1,1,0,1,2.0,0.16666666666666666,,,,unstable
220210_F1_run6,c-GC,119,95,1,1,0,1,2.0,0.16666666666666666,,,,unstable
220210_F1_run6,c-GC,119,109,1,1,0,1,2.0,0.16666666666666666,,,,unstable
220210_F1_run6,c-GC,119,120,5,1,1,1,2.0,0.3333333333333333,,,,unstable
220210_F1_run6,c-GC,119,128,1,1,0,1,2.0,0.16666666666666666,,,,unstable
220210_F1_run6,c-GC,120,12,1,0,1,7,,0.16666666666666666,,,,novel
220210_F1_run6,c-GC,120,23,3,1,1,1,3.0,0.3333333333333333,,,,unstable
220210_F1_run6,c-GC,120,46,1,1,0,1,2.0,0.16666666666666666,,,,unstable
220210_F1_run6,c-GC,120,53,1,1,0,1,2.0,0.16666666666666666,,,,unstable
220210_F1_run6,c-GC,120,63,1,1,0,1,2.0,0.16666666666666666,,,,unstable
220210_F1_run6,c-GC,120,70,3,1,0,1,4.0,0.16666666666666666,,,,lost
220210_F1_run6,c-GC,121,8,1,1,0,1,2.0,0.16666666666666666,,,,unstable
220210_F1_run6,c-GC,121,15,3,1,0,1,4.0,0.16666666666666666,,,,lost
220210_F1_run6,c-GC,121,16,1,1,0,1,2.0,0.16666666666666666,,,,unstable
220210_F1_run6,c-GC,121,17,2,1,0,1,3.0,0.16666666666666666,,,,lost
220210_F1_run6,c-GC,121,37,1,1,0,1,2.0,0.16666666666666666,,,,unstable
220210_F1_run6,c-GC,121,38,1,1,0,1,2.0,0.16666666666666666,,,,unstable
220210_F1_run6,c-GC,121,53,1,1,0,1,2.0,0.16666666666666666,,,,unstable
220210_F1_run6,c-GC,121,58,1,1,0,1,2.0,0.16666666666666666,,,,unstable
220210_F1_run6,c-GC,121,80,1,1,0,1,2.0,0.16666666666666666,,,,unstable
220210_F1_run6,c-GC,121,84,1,1,0,1,2.0,0.16666666666666666,,,,unstable
220210_F1_run6,c-GC,121,92,5,0,1,3,,0.16666666666666666,,,,unstable
220210_F1_run6,c-GC,121,96,1,1,1,2,3.0,0.3333333333333333,,,,unstable
220210_F1_run6,c-GC,121,100,1,1,0,1,2.0,0.16666666666666666,,,,unstable
220210_F1_run6,c-GC,121,106,1,1,0,1,2.0,0.16666666666666666,,,,unstable
220210_F1_run6,c-GC,121,108,1,1,0,1,2.0,0.16666666666666666,,,,unstable
220210_F1_run6,c-GC,121,116,1,1,0,1,2.0,0.16666666666666666,,,,unstable
220210_F1_run6,c-GC,121,129,1,1,0,1,2.0,0.16666666666666666,,,,unstable
220210_F1_run6,c-GC,122,26,1,1,1,6,7.0,0.3333333333333333,,,,unstable
220210_F1_run6,c-GC,122,37,3,1,2,4,5.0,0.5,,,,unstable
220210_F1_run6,c-GC,122,39,7,0,0,1,,0.0,,,,stable
220210_F1_run6,c-GC,122,46,1,1,0,1,2.0,0.16666666666666666,,,,unstable
220210_F1_run6,c-GC,122,57,2,1,0,1,3.0,0.16666666666666666,,,,lost
220210_F1_run6,c-GC,122,79,2,2,1,1,2.0,0.5,,,,unstable
220210_F1_run6,c-GC,122,80,2,1,0,1,3.0,0.16666666666666666,,,,lost
220210_F1_run6,c-GC,122,90,1,1,0,1,2.0,0.16666666666666666,,,,unstable
220210_F1_run6,c-GC,122,108,3,1,2,3,5.0,0.5,,,,unstable
220210_F1_run6,c-GC,122,109,3,1,0,1,4.0,0.16666666666666666,,,,lost
220210_F1_run6,c-GC,122,123,3,1,0,1,4.0,0.16666666666666666,,,,lost
220210_F1_run6,c-GC,122,124,5,1,2,2,4.0,0.5,,,,unstable
220210_F1_run6,c-GC,123,23,1,1,0,1,2.0,0.16666666666666666,,,,unstable
220210_F1_run6,c-GC,123,44,1,1,0,1,2.0,0.16666666666666666,,,,unstable
220210_F1_run6,c-GC,123,78,1,1,0,1,2.0,0.16666666666666666,,,,unstable
220210_F1_run6,c-GC,123,96,7,0,0,1,,0.0,,,,stable
220210_F1_run6,c-GC,123,112,1,1,0,1,2.0,0.16666666666666666,,,,unstable
220210_F1_run6,c-GC,123,122,7,0,0,1,,0.0,,,,stable
220210_F1_run6,c-GC,124,5,7,0,0,1,,0.0,,,,stable
220210_F1_run6,c-GC,124,23,1,1,0,1,2.0,0.16666666666666666,,,,unstable
220210_F1_run6,c-GC,124,25,1,1,0,1,2.0,0.16666666666666666,,,,unstable
220210_F1_run6,c-GC,124,26,7,0,0,1,,0.0,,,,stable
220210_F1_run6,c-GC,124,27,6,0,1,2,,0.16666666666666666,,,,unstable
220210_F1_run6,c-GC,124,48,3,0,1,5,,0.16666666666666666,,,,unstable
220210_F1_run6,c-GC,124,59,2,1,2,5,6.0,0.5,,,,unstable
220210_F1_run6,c-GC,124,87,1,1,0,1,2.0,0.16666666666666666,,,,unstable
220210_F1_run6,c-GC,124,104,1,1,0,1,2.0,0.16666666666666666,,,,unstable
220210_F1_run6,c-GC,124,106,1,0,1,7,,0.16666666666666666,,,,novel
220210_F1_run6,c-GC,124,110,2,0,1,6,,0.16666666666666666,,,,unstable
220210_F1_run6,c-GC,124,120,1,1,0,1,2.0,0.16666666666666666,,,,unstable
220210_F1_run6,c-GC,125,7,1,1,1,3,4.0,0.3333333333333333,,,,unstable
220210_F1_run6,c-GC,125,27,4,0,1,4,,0.16666666666666666,,,,unstable
220210_F1_run6,c-GC,125,42,3,1,0,1,4.0,0.16666666666666666,,,,lost
220210_F1_run6,c-GC,125,76,4,0,1,4,,0.16666666666666666,,,,unstable
220210_F1_run6,c-GC,125,84,2,1,0,1,3.0,0.16666666666666666,,,,lost
220210_F1_run6,c-GC,126,4,1,1,1,3,4.0,0.3333333333333333,,,,unstable
220210_F1_run6,c-GC,126,22,1,1,0,1,2.0,0.16666666666666666,,,,unstable
220210_F1_run6,c-GC,126,47,1,1,0,1,2.0,0.16666666666666666,,,,unstable
220210_F1_run6,c-GC,126,53,2,1,2,2,3.0,0.5,,,,unstable
220210_F1_run6,c-GC,126,59,1,1,0,1,2.0,0.16666666666666666,,,,unstable
220210_F1_run6,c-GC,126,67,7,0,0,1,,0.0,,,,stable
220210_F1_run6,c-GC,126,74,4,1,2,3,5.0,0.5,,,,unstable
220210_F1_run6,c-GC,126,100,3,2,2,2,3.0,0.6666666666666666,,,,unstable
220210_F1_run6,c-GC,126,110,1,1,0,1,2.0,0.16666666666666666,,,,unstable
220210_F1_run6,c-GC,126,120,1,1,0,1,2.0,0.16666666666666666,,,,unstable
220210_F1_run6,c-GC,126,127,1,1,0,1,2.0,0.16666666666666666,,,,unstable
220210_F1_run6,c-GC,127,9,2,1,0,1,3.0,0.16666666666666666,,,,lost
220210_F1_run6,c-GC,127,10,2,1,0,1,3.0,0.16666666666666666,,,,lost
220210_F1_run6,c-GC,127,22,4,1,1,1,2.0,0.3333333333333333,,,,unstable
220210_F1_run6,c-GC,127,25,1,1,0,1,2.0,0.16666666666666666,,,,unstable
220210_F1_run6,c-GC,127,36,1,1,0,1,2.0,0.16666666666666666,,,,unstable
220210_F1_run6,c-GC,127,37,1,1,0,1,2.0,0.16666666666666666,,,,unstable
220210_F1_run6,c-GC,127,50,1,1,0,1,2.0,0.16666666666666666,,,,unstable
220210_F1_run6,c-GC,127,53,1,1,0,1,2.0,0.16666666666666666,,,,unstable
220210_F1_run6,c-GC,127,76,1,1,0,1,2.0,0.16666666666666666,,,,unstable
220210_F1_run6,c-GC,127,77,1,1,0,1,2.0,0.16666666666666666,,,,unstable
220210_F1_run6,c-GC,127,84,2,1,1,4,6.0,0.3333333333333333,,,,unstable
220210_F1_run6,c-GC,127,102,1,1,0,1,2.0,0.16666666666666666,,,,unstable
220210_F1_run6,c-GC,127,103,4,3,2,1,3.0,0.8333333333333334,,,,unstable
220210_F1_run6,c-GC,127,106,1,1,0,1,2.0,0.16666666666666666,,,,unstable
220210_F1_run6,c-GC,127,112,1,1,0,1,2.0,0.16666666666666666,,,,unstable
220210_F1_run6,c-GC,127,122,1,0,1,7,,0.16666666666666666,,,,novel
220210_F1_run6,c-GC,128,18,1,0,1,7,,0.16666666666666666,,,,novel
220210_F1_run6,c-GC,128,28,2,1,0,1,3.0,0.16666666666666666,,,,lost
220210_F1_run6,c-GC,128,39,1,1,0,1,2.0,0.16666666666666666,,,,unstable
220210_F1_run6,c-GC,128,51,1,1,0,1,2.0,0.16666666666666666,,,,unstable
220210_F1_run6,c-GC,128,59,3,1,1,1,2.0,0.3333333333333333,,,,unstable
220210_F1_run6,c-GC,128,67,3,2,2,3,5.0,0.6666666666666666,,,,unstable
220210_F1_run6,c-GC,128,73,1,0,1,7,,0.16666666666666666,,,,novel
220210_F1_run6,c-GC,128,75,7,0,0,1,,0.0,,,,stable
220210_F1_run6,c-GC,128,80,1,1,0,1,2.0,0.16666666666666666,,,,unstable
220210_F1_run6,c-GC,128,93,3,1,2,4,6.0,0.5,,,,unstable
220210_F1_run6,c-GC,128,119,6,1,0,1,7.0,0.16666666666666666,,,,lost
220210_F1_run6,c-GC,129,42,1,1,0,1,2.0,0.16666666666666666,,,,unstable
220210_F1_run6,c-GC,129,55,1,0,1,7,,0.16666666666666666,,,,novel
220210_F1_run6,c-GC,129,84,1,1,0,1,2.0,0.16666666666666666,,,,unstable
220210_F1_run6,c-GC,129,108,1,1,1,2,3.0,0.3333333333333333,,,,unstable
220210_F1_run6,c-GC,129,116,3,2,1,1,3.0,0.5,,,,unstable
220210_F1_run6,c-GC,129,126,1,1,0,1,2.0,0.16666666666666666,,,,unstable
220210_F2_run5,c-GC,0,7,2,0,1,6,,0.16666666666666666,,,,unstable
220210_F2_run5,c-GC,0,69,1,1,1,6,7.0,0.3333333333333333,,,,unstable
220210_F2_run5,c-GC,1,2,1,1,0,1,2.0,0.16666666666666666,,,,unstable
220210_F2_run5,c-GC,1,14,1,1,0,1,2.0,0.16666666666666666,,,,unstable
220210_F2_run5,c-GC,1,15,6,1,1,1,6.0,0.3333333333333333,,,,unstable
220210_F2_run5,c-GC,1,18,3,0,1,5,,0.16666666666666666,,,,unstable
220210_F2_run5,c-GC,1,43,4,2,1,1,2.0,0.5,,,,unstable
220210_F2_run5,c-GC,1,56,1,1,1,3,4.0,0.3333333333333333,,,,unstable
220210_F2_run5,c-GC,1,93,4,1,0,1,5.0,0.16666666666666666,,,,lost
220210_F2_run5,c-GC,2,1,4,2,2,1,2.0,0.6666666666666666,,,,unstable
220210_F2_run5,c-GC,2,19,1,1,0,1,2.0,0.16666666666666666,,,,unstable
220210_F2_run5,c-GC,2,27,1,0,1,7,,0.16666666666666666,,,,novel
220210_F2_run5,c-GC,2,29,6,1,1,1,3.0,0.3333333333333333,,,,unstable
220210_F2_run5,c-GC,2,40,1,1,0,1,2.0,0.16666666666666666,,,,unstable
220210_F2_run5,c-GC,3,1,3,1,1,1,3.0,0.3333333333333333,,,,unstable
220210_F2_run5,c-GC,3,5,1,1,0,1,2.0,0.16666666666666666,,,,unstable
220210_F2_run5,c-GC,3,9,3,1,0,1,4.0,0.16666666666666666,,,,lost
220210_F2_run5,c-GC,3,14,1,1,0,1,2.0,0.16666666666666666,,,,unstable
220210_F2_run5,c-GC,3,15,1,1,0,1,2.0,0.16666666666666666,,,,unstable
220210_F2_run5,c-GC,3,20,3,1,1,1,2.0,0.3333333333333333,,,,unstable
220210_F2_run5,c-GC,3,24,7,0,0,1,,0.0,,,,stable
220210_F2_run5,c-GC,3,25,1,1,0,1,2.0,0.16666666666666666,,,,unstable
220210_F2_run5,c-GC,3,28,7,0,0,1,,0.0,,,,stable
220210_F2_run5,c-GC,3,35,4,2,2,1,3.0,0.6666666666666666,,,,unstable
220210_F2_run5,c-GC,3,37,1,1,0,1,2.0,0.16666666666666666,,,,unstable
220210_F2_run5,c-GC,3,38,1,1,0,1,2.0,0.16666666666666666,,,,unstable
220210_F2_run5,c-GC,3,58,1,1,1,5,6.0,0.3333333333333333,,,,unstable
220210_F2_run5,c-GC,3,96,1,1,0,1,2.0,0.16666666666666666,,,,unstable
220210_F2_run5,c-GC,4,17,6,1,1,1,4.0,0.3333333333333333,,,,unstable
220210_F2_run5,c-GC,4,27,1,1,0,1,2.0,0.16666666666666666,,,,unstable
220210_F2_run5,c-GC,4,29,3,0,1,5,,0.16666666666666666,,,,unstable
220210_F2_run5,c-GC,4,101,1,1,0,1,2.0,0.16666666666666666,,,,unstable
220210_F2_run5,c-GC,5,15,1,1,0,1,2.0,0.16666666666666666,,,,unstable
220210_F2_run5,c-GC,5,24,2,1,1,1,2.0,0.3333333333333333,,,,unstable
220210_F2_run5,c-GC,5,28,3,2,1,1,3.0,0.5,,,,unstable
220210_F2_run5,c-GC,5,56,1,1,0,1,2.0,0.16666666666666666,,,,unstable
220210_F2_run5,c-GC,5,58,1,0,1,7,,0.16666666666666666,,,,novel
220210_F2_run5,c-GC,5,67,1,1,1,5,6.0,0.3333333333333333,,,,unstable
220210_F2_run5,c-GC,5,91,1,1,1,2,3.0,0.3333333333333333,,,,unstable
220210_F2_run5,c-GC,5,114,1,1,1,5,6.0,0.3333333333333333,,,,unstable
220210_F2_run5,c-GC,5,129,7,0,0,1,,0.0,,,,stable
220210_F2_run5,c-GC,5,130,3,1,0,1,4.0,0.16666666666666666,,,,lost
220210_F2_run5,c-GC,6,7,6,1,1,1,3.0,0.3333333333333333,,,,unstable
220210_F2_run5,c-GC,6,41,1,1,0,1,2.0,0.16666666666666666,,,,unstable
220210_F2_run5,c-GC,6,88,1,0,1,7,,0.16666666666666666,,,,novel
220210_F2_run5,c-GC,6,94,2,1,2,2,3.0,0.5,,,,unstable
220210_F2_run5,c-GC,6,108,3,3,2,1,2.0,0.8333333333333334,,,,unstable
220210_F2_run5,c-GC,6,130,3,0,1,5,,0.16666666666666666,,,,unstable
220210_F2_run5,c-GC,6,131,1,1,1,5,6.0,0.3333333333333333,,,,unstable
220210_F2_run5,c-GC,6,151,7,0,0,1,,0.0,,,,stable
220210_F2_run5,c-GC,7,6,7,0,0,1,,0.0,,,,stable
220210_F2_run5,c-GC,7,15,1,1,0,1,2.0,0.16666666666666666,,,,unstable
220210_F2_run5,c-GC,7,40,7,0,0,1,,0.0,,,,stable
220210_F2_run5,c-GC,7,52,1,1,0,1,2.0,0.16666666666666666,,,,unstable
220210_F2_run5,c-GC,7,72,1,1,1,6,7.0,0.3333333333333333,,,,unstable
220210_F2_run5,c-GC,7,85,1,1,1,3,4.0,0.3333333333333333,,,,unstable
220210_F2_run5,c-GC,7,97,1,1,0,1,2.0,0.16666666666666666,,,,unstable
220210_F2_run5,c-GC,7,116,4,2,2,2,3.0,0.6666666666666666,,,,unstable
220210_F2_run5,c-GC,7,120,2,1,1,3,5.0,0.3333333333333333,,,,unstable
220210_F2_run5,c-GC,8,12,1,1,0,1,2.0,0.16666666666666666,,,,unstable
220210_F2_run5,c-GC,8,37,1,1,0,1,2.0,0.16666666666666666,,,,unstable
220210_F2_run5,c-GC,8,57,1,1,0,1,2.0,0.16666666666666666,,,,unstable
220210_F2_run5,c-GC,8,95,1,1,0,1,2.0,0.16666666666666666,,,,unstable
220210_F2_run5,c-GC,8,117,2,1,1,5,7.0,0.3333333333333333,,,,unstable
220210_F2_run5,c-GC,8,126,1,1,0,1,2.0,0.16666666666666666,,,,unstable
220210_F2_run5,c-GC,8,140,1,1,0,1,2.0,0.16666666666666666,,,,unstable
220210_F2_run5,c-GC,8,154,1,0,1,7,,0.16666666666666666,,,,novel
220210_F2_run5,c-GC,8,156,1,0,1,7,,0.16666666666666666,,,,novel
220210_F2_run5,c-GC,9,20,1,0,1,7,,0.16666666666666666,,,,novel
220210_F2_run5,c-GC,9,38,1,1,1,2,3.0,0.3333333333333333,,,,unstable
220210_F2_run5,c-GC,9,39,7,0,0,1,,0.0,,,,stable
220210_F2_run5,c-GC,9,41,7,0,0,1,,0.0,,,,stable
220210_F2_run5,c-GC,9,53,7,0,0,1,,0.0,,,,stable
220210_F2_run5,c-GC,9,94,2,1,1,3,5.0,0.3333333333333333,,,,unstable
220210_F2_run5,c-GC,9,117,3,2,3,2,3.0,0.8333333333333334,,,,unstable
220210_F2_run5,c-GC,10,1,1,1,1,6,7.0,0.3333333333333333,,,,unstable
220210_F2_run5,c-GC,10,3,4,2,2,2,3.0,0.6666666666666666,,,,unstable
220210_F2_run5,c-GC,10,6,3,0,1,5,,0.16666666666666666,,,,unstable
220210_F2_run5,c-GC,10,9,4,1,1,1,2.0,0.3333333333333333,,,,unstable
220210_F2_run5,c-GC,10,15,4,1,2,2,3.0,0.5,,,,unstable
220210_F2_run5,c-GC,10,32,1,1,1,6,7.0,0.3333333333333333,,,,unstable
220210_F2_run5,c-GC,10,38,7,0,0,1,,0.0,,,,stable
220210_F2_run5,c-GC,10,42,7,0,0,1,,0.0,,,,stable
220210_F2_run5,c-GC,10,106,3,2,1,1,2.0,0.5,,,,unstable
220210_F2_run5,c-GC,10,129,3,1,1,4,7.0,0.3333333333333333,,,,unstable
220210_F2_run5,c-GC,11,31,1,1,0,1,2.0,0.16666666666666666,,,,unstable
220210_F2_run5,c-GC,11,34,5,1,2,2,5.0,0.5,,,,unstable
220210_F2_run5,c-GC,11,40,4,1,0,1,5.0,0.16666666666666666,,,,lost
220210_F2_run5,c-GC,11,65,3,1,1,1,3.0,0.3333333333333333,,,,unstable
220210_F2_run5,c-GC,11,153,1,1,0,1,2.0,0.16666666666666666,,,,unstable
220210_F2_run5,c-GC,12,63,3,1,0,1,4.0,0.16666666666666666,,,,lost
220210_F2_run5,c-GC,12,102,3,2,2,1,2.0,0.6666666666666666,,,,unstable
220210_F2_run5,c-GC,12,133,1,1,0,1,2.0,0.16666666666666666,,,,unstable
220210_F2_run5,c-GC,13,1,5,1,2,2,5.0,0.5,,,,unstable
220210_F2_run5,c-GC,13,6,4,2,2,2,5.0,0.6666666666666666,,,,unstable
220210_F2_run5,c-GC,13,7,6,0,1,2,,0.16666666666666666,,,,unstable
220210_F2_run5,c-GC,13,9,2,1,1,2,4.0,0.3333333333333333,,,,unstable
220210_F2_run5,c-GC,13,10,6,0,1,2,,0.16666666666666666,,,,unstable
220210_F2_run5,c-GC,13,15,1,1,1,2,3.0,0.3333333333333333,,,,unstable
220210_F2_run5,c-GC,13,18,2,1,1,3,5.0,0.3333333333333333,,,,unstable
220210_F2_run5,c-GC,13,24,7,0,0,1,,0.0,,,,stable
220210_F2_run5,c-GC,13,35,1,1,1,2,3.0,0.3333333333333333,,,,unstable
220210_F2_run5,c-GC,13,37,1,1,1,6,7.0,0.3333333333333333,,,,unstable
220210_F2_run5,c-GC,13,38,6,0,1,2,,0.16666666666666666,,,,unstable
220210_F2_run5,c-GC,13,39,2,2,2,2,3.0,0.6666666666666666,,,,unstable
220210_F2_run5,c-GC,13,40,6,1,1,1,3.0,0.3333333333333333,,,,unstable
220210_F2_run5,c-GC,13,47,7,0,0,1,,0.0,,,,stable
220210_F2_run5,c-GC,13,52,2,2,2,2,3.0,0.6666666666666666,,,,unstable
220210_F2_run5,c-GC,13,67,7,0,0,1,,0.0,,,,stable
220210_F2_run5,c-GC,13,86,6,0,1,2,,0.16666666666666666,,,,unstable
220210_F2_run5,c-GC,13,87,5,1,2,2,3.0,0.5,,,,unstable
220210_F2_run5,c-GC,13,95,1,0,1,7,,0.16666666666666666,,,,novel
220210_F2_run5,c-GC,13,96,2,2,1,1,2.0,0.5,,,,unstable
220210_F2_run5,c-GC,13,97,1,1,1,4,5.0,0.3333333333333333,,,,unstable
220210_F2_run5,c-GC,13,104,6,0,1,2,,0.16666666666666666,,,,unstable
220210_F2_run5,c-GC,13,105,6,0,1,2,,0.16666666666666666,,,,unstable
220210_F2_run5,c-GC,13,107,4,0,1,4,,0.16666666666666666,,,,unstable
220210_F2_run5,c-GC,13,117,3,3,3,2,3.0,1.0,,,,unstable
220210_F2_run5,c-GC,13,119,2,1,1,2,4.0,0.3333333333333333,,,,unstable
220210_F2_run5,c-GC,13,128,7,0,0,1,,0.0,,,,stable
220210_F2_run5,c-GC,13,130,6,0,1,2,,0.16666666666666666,,,,unstable
220210_F2_run5,c-GC,13,144,7,0,0,1,,0.0,,,,stable
220210_F2_run5,c-GC,13,151,7,0,0,1,,0.0,,,,stable
220210_F2_run5,c-GC,14,0,7,0,0,1,,0.0,,,,stable
220210_F2_run5,c-GC,14,6,3,0,1,5,,0.16666666666666666,,,,unstable
220210_F2_run5,c-GC,14,15,2,2,1,1,2.0,0.5,,,,unstable
220210_F2_run5,c-GC,14,17,1,1,0,1,2.0,0.16666666666666666,,,,unstable
220210_F2_run5,c-GC,14,147,3,1,2,4,5.0,0.5,,,,unstable
220210_F2_run5,c-GC,15,0,4,1,1,1,3.0,0.3333333333333333,,,,unstable
220210_F2_run5,c-GC,15,1,1,1,0,1,2.0,0.16666666666666666,,,,unstable
220210_F2_run5,c-GC,15,6,1,1,0,1,2.0,0.16666666666666666,,,,unstable
220210_F2_run5,c-GC,15,11,1,1,1,5,6.0,0.3333333333333333,,,,unstable
220210_F2_run5,c-GC,15,14,6,1,0,1,7.0,0.16666666666666666,,,,lost
220210_F2_run5,c-GC,15,24,1,1,1,4,5.0,0.3333333333333333,,,,unstable
220210_F2_run5,c-GC,15,34,7,0,0,1,,0.0,,,,stable
220210_F2_run5,c-GC,15,39,1,1,0,1,2.0,0.16666666666666666,,,,unstable
220210_F2_run5,c-GC,15,40,1,0,1,7,,0.16666666666666666,,,,novel
220210_F2_run5,c-GC,15,86,3,1,0,1,4.0,0.16666666666666666,,,,lost
220210_F2_run5,c-GC,15,95,1,1,1,2,3.0,0.3333333333333333,,,,unstable
220210_F2_run5,c-GC,15,97,3,1,0,1,4.0,0.16666666666666666,,,,lost
220210_F2_run5,c-GC,15,111,1,1,0,1,2.0,0.16666666666666666,,,,unstable
220210_F2_run5,c-GC,15,129,1,1,0,1,2.0,0.16666666666666666,,,,unstable
220210_F2_run5,c-GC,15,130,7,0,0,1,,0.0,,,,stable
220210_F2_run5,c-GC,15,133,1,0,1,7,,0.16666666666666666,,,,novel
220210_F2_run5,c-GC,15,157,7,0,0,1,,0.0,,,,stable
220210_F2_run5,c-GC,16,34,1,1,0,1,2.0,0.16666666666666666,,,,unstable
220210_F2_run5,c-GC,16,83,5,1,1,1,2.0,0.3333333333333333,,,,unstable
220210_F2_run5,c-GC,16,148,1,1,0,1,2.0,0.16666666666666666,,,,unstable
220210_F2_run5,c-GC,16,149,1,1,0,1,2.0,0.16666666666666666,,,,unstable
220210_F2_run5,c-GC,17,4,1,1,0,1,2.0,0.16666666666666666,,,,unstable
220210_F2_run5,c-GC,17,27,1,1,0,1,2.0,0.16666666666666666,,,,unstable
220210_F2_run5,c-GC,17,71,1,1,1,6,7.0,0.3333333333333333,,,,unstable
220210_F2_run5,c-GC,17,100,1,0,1,7,,0.16666666666666666,,,,novel
220210_F2_run5,c-GC,18,1,6,1,1,1,5.0,0.3333333333333333,,,,unstable
220210_F2_run5,c-GC,18,9,6,0,1,2,,0.16666666666666666,,,,unstable
220210_F2_run5,c-GC,18,14,7,0,0,1,,0.0,,,,stable
220210_F2_run5,c-GC,18,15,6,1,1,1,6.0,0.3333333333333333,,,,unstable
220210_F2_run5,c-GC,18,34,7,0,0,1,,0.0,,,,stable
220210_F2_run5,c-GC,18,38,6,0,1,2,,0.16666666666666666,,,,unstable
220210_F2_run5,c-GC,18,39,1,1,1,2,3.0,0.3333333333333333,,,,unstable
220210_F2_run5,c-GC,18,43,7,0,0,1,,0.0,,,,stable
220210_F2_run5,c-GC,18,73,7,0,0,1,,0.0,,,,stable
220210_F2_run5,c-GC,18,94,1,1,1,3,4.0,0.3333333333333333,,,,unstable
220210_F2_run5,c-GC,19,112,1,1,0,1,2.0,0.16666666666666666,,,,unstable
220210_F2_run5,c-GC,20,5,1,1,0,1,2.0,0.16666666666666666,,,,unstable
220210_F2_run5,c-GC,20,11,1,1,0,1,2.0,0.16666666666666666,,,,unstable
220210_F2_run5,c-GC,20,17,1,1,1,6,7.0,0.3333333333333333,,,,unstable
220210_F2_run5,c-GC,20,23,1,1,0,1,2.0,0.16666666666666666,,,,unstable
220210_F2_run5,c-GC,20,28,2,1,0,1,3.0,0.16666666666666666,,,,lost
220210_F2_run5,c-GC,20,36,2,1,1,3,5.0,0.3333333333333333,,,,unstable
220210_F2_run5,c-GC,20,140,1,1,1,3,4.0,0.3333333333333333,,,,unstable
220210_F2_run5,c-GC,21,35,2,1,0,1,3.0,0.16666666666666666,,,,lost
220210_F2_run5,c-GC,22,8,4,1,0,1,5.0,0.16666666666666666,,,,lost
220210_F2_run5,c-GC,22,26,6,0,1,2,,0.16666666666666666,,,,unstable
220210_F2_run5,c-GC,22,46,3,1,0,1,4.0,0.16666666666666666,,,,lost
220210_F2_run5,c-GC,22,88,1,1,1,5,6.0,0.3333333333333333,,,,unstable
220210_F2_run5,c-GC,22,119,2,0,1,6,,0.16666666666666666,,,,unstable
220210_F2_run5,c-GC,22,128,1,0,1,7,,0.16666666666666666,,,,novel
220210_F2_run5,c-GC,22,147,5,0,1,3,,0.16666666666666666,,,,unstable
220210_F2_run5,c-GC,22,148,1,0,1,7,,0.16666666666666666,,,,novel
220210_F2_run5,c-GC,22,152,1,1,0,1,2.0,0.16666666666666666,,,,unstable
220210_F2_run5,c-GC,23,4,1,1,1,5,6.0,0.3333333333333333,,,,unstable
220210_F2_run5,c-GC,23,15,2,1,1,4,6.0,0.3333333333333333,,,,unstable
220210_F2_run5,c-GC,23,19,4,1,1,3,7.0,0.3333333333333333,,,,unstable
220210_F2_run5,c-GC,23,31,1,1,1,5,6.0,0.3333333333333333,,,,unstable
220210_F2_run5,c-GC,23,54,1,1,1,5,6.0,0.3333333333333333,,,,unstable
220210_F2_run5,c-GC,23,153,2,1,1,2,4.0,0.3333333333333333,,,,unstable
220210_F2_run5,c-GC,24,1,5,1,2,2,3.0,0.5,,,,unstable
220210_F2_run5,c-GC,24,3,7,0,0,1,,0.0,,,,stable
220210_F2_run5,c-GC,24,8,1,1,1,5,6.0,0.3333333333333333,,,,unstable
220210_F2_run5,c-GC,24,20,1,1,1,4,5.0,0.3333333333333333,,,,unstable
220210_F2_run5,c-GC,24,28,6,1,0,1,7.0,0.16666666666666666,,,,lost
220210_F2_run5,c-GC,24,50,1,1,0,1,2.0,0.16666666666666666,,,,unstable
220210_F2_run5,c-GC,24,66,1,1,0,1,2.0,0.16666666666666666,,,,unstable
220210_F2_run5,c-GC,24,73,1,1,0,1,2.0,0.16666666666666666,,,,unstable
220210_F2_run5,c-GC,24,74,3,2,1,1,3.0,0.5,,,,unstable
220210_F2_run5,c-GC,24,94,1,1,0,1,2.0,0.16666666666666666,,,,unstable
220210_F2_run5,c-GC,24,97,3,2,2,1,2.0,0.6666666666666666,,,,unstable
220210_F2_run5,c-GC,24,130,1,1,0,1,2.0,0.16666666666666666,,,,unstable
220210_F2_run5,c-GC,24,134,1,1,1,3,4.0,0.3333333333333333,,,,unstable
220210_F2_run5,c-GC,24,157,1,1,0,1,2.0,0.16666666666666666,,,,unstable
220210_F2_run5,c-GC,25,78,1,0,1,7,,0.16666666666666666,,,,novel
220210_F2_run5,c-GC,25,85,2,1,2,2,3.0,0.5,,,,unstable
220210_F2_run5,c-GC,25,126,1,0,1,7,,0.16666666666666666,,,,novel
220210_F2_run5,c-GC,25,136,2,1,0,1,3.0,0.16666666666666666,,,,lost
220210_F2_run5,c-GC,26,2,4,0,1,4,,0.16666666666666666,,,,unstable
220210_F2_run5,c-GC,26,4,5,2,1,1,3.0,0.5,,,,unstable
220210_F2_run5,c-GC,26,8,2,0,1,6,,0.16666666666666666,,,,unstable
220210_F2_run5,c-GC,26,37,1,0,1,7,,0.16666666666666666,,,,novel
220210_F2_run5,c-GC,26,46,1,1,1,2,3.0,0.3333333333333333,,,,unstable
220210_F2_run5,c-GC,26,86,1,1,0,1,2.0,0.16666666666666666,,,,unstable
220210_F2_run5,c-GC,27,0,1,1,1,4,5.0,0.3333333333333333,,,,unstable
220210_F2_run5,c-GC,27,18,1,1,0,1,2.0,0.16666666666666666,,,,unstable
220210_F2_run5,c-GC,27,30,3,2,2,2,4.0,0.6666666666666666,,,,unstable
220210_F2_run5,c-GC,27,47,1,1,0,1,2.0,0.16666666666666666,,,,unstable
220210_F2_run5,c-GC,27,105,1,0,1,7,,0.16666666666666666,,,,novel
220210_F2_run5,c-GC,27,109,1,1,1,4,5.0,0.3333333333333333,,,,unstable
220210_F2_run5,c-GC,27,111,2,2,2,4,5.0,0.6666666666666666,,,,unstable
220210_F2_run5,c-GC,27,118,2,1,1,5,7.0,0.3333333333333333,,,,unstable
220210_F2_run5,c-GC,27,119,1,1,1,4,5.0,0.3333333333333333,,,,unstable
220210_F2_run5,c-GC,28,20,7,0,0,1,,0.0,,,,stable
220210_F2_run5,c-GC,28,23,1,0,1,7,,0.16666666666666666,,,,novel
220210_F2_run5,c-GC,28,24,7,0,0,1,,0.0,,,,stable
220210_F2_run5,c-GC,28,37,1,1,0,1,2.0,0.16666666666666666,,,,unstable
220210_F2_run5,c-GC,28,78,1,1,0,1,2.0,0.16666666666666666,,,,unstable
220210_F2_run5,c-GC,28,82,2,2,1,1,2.0,0.5,,,,unstable
220210_F2_run5,c-GC,28,104,2,1,0,1,3.0,0.16666666666666666,,,,lost
220210_F2_run5,c-GC,28,141,7,0,0,1,,0.0,,,,stable
220210_F2_run5,c-GC,28,143,1,1,0,1,2.0,0.16666666666666666,,,,unstable
220210_F2_run5,c-GC,29,1,1,1,0,1,2.0,0.16666666666666666,,,,unstable
220210_F2_run5,c-GC,29,2,1,1,0,1,2.0,0.16666666666666666,,,,unstable
220210_F2_run5,c-GC,29,4,1,1,0,1,2.0,0.16666666666666666,,,,unstable
220210_F2_run5,c-GC,29,17,1,1,0,1,2.0,0.16666666666666666,,,,unstable
220210_F2_run5,c-GC,29,23,1,1,0,1,2.0,0.16666666666666666,,,,unstable
220210_F2_run5,c-GC,29,37,1,1,0,1,2.0,0.16666666666666666,,,,unstable
220210_F2_run5,c-GC,29,102,1,1,1,6,7.0,0.3333333333333333,,,,unstable
220210_F2_run5,c-GC,30,5,1,1,0,1,2.0,0.16666666666666666,,,,unstable
220210_F2_run5,c-GC,30,23,1,1,0,1,2.0,0.16666666666666666,,,,unstable
220210_F2_run5,c-GC,30,25,1,1,0,1,2.0,0.16666666666666666,,,,unstable
220210_F2_run5,c-GC,30,35,1,1,0,1,2.0,0.16666666666666666,,,,unstable
220210_F2_run5,c-GC,30,40,2,0,1,6,,0.16666666666666666,,,,unstable
220210_F2_run5,c-GC,30,69,1,1,0,1,2.0,0.16666666666666666,,,,unstable
220210_F2_run5,c-GC,30,73,1,0,1,7,,0.16666666666666666,,,,novel
220210_F2_run5,c-GC,30,108,2,1,2,3,4.0,0.5,,,,unstable
220210_F2_run5,c-GC,30,117,1,0,1,7,,0.16666666666666666,,,,novel
220210_F2_run5,c-GC,30,130,1,1,0,1,2.0,0.16666666666666666,,,,unstable
220210_F2_run5,c-GC,31,0,1,1,1,2,3.0,0.3333333333333333,,,,unstable
220210_F2_run5,c-GC,31,7,3,1,1,4,7.0,0.3333333333333333,,,,unstable
220210_F2_run5,c-GC,31,24,6,1,0,1,7.0,0.16666666666666666,,,,lost
220210_F2_run5,c-GC,31,59,5,1,2,2,3.0,0.5,,,,unstable
220210_F2_run5,c-GC,31,97,1,1,0,1,2.0,0.16666666666666666,,,,unstable
220210_F2_run5,c-GC,31,151,1,1,0,1,2.0,0.16666666666666666,,,,unstable
220210_F2_run5,c-GC,32,10,1,1,0,1,2.0,0.16666666666666666,,,,unstable
220210_F2_run5,c-GC,32,42,3,1,1,1,2.0,0.3333333333333333,,,,unstable
220210_F2_run5,c-GC,32,104,2,2,1,1,2.0,0.5,,,,unstable
220210_F2_run5,c-GC,32,106,1,1,0,1,2.0,0.16666666666666666,,,,unstable
220210_F2_run5,c-GC,32,146,5,2,1,1,4.0,0.5,,,,unstable
220210_F2_run5,c-GC,32,158,1,1,0,1,2.0,0.16666666666666666,,,,unstable
220210_F2_run5,c-GC,33,6,4,1,1,1,2.0,0.3333333333333333,,,,unstable
220210_F2_run5,c-GC,33,7,1,1,1,4,5.0,0.3333333333333333,,,,unstable
220210_F2_run5,c-GC,33,19,7,0,0,1,,0.0,,,,stable
220210_F2_run5,c-GC,33,65,1,1,1,4,5.0,0.3333333333333333,,,,unstable
220210_F2_run5,c-GC,33,76,2,1,1,5,7.0,0.3333333333333333,,,,unstable
220210_F2_run5,c-GC,33,128,2,0,1,6,,0.16666666666666666,,,,unstable
220210_F2_run5,c-GC,33,151,1,1,1,5,6.0,0.3333333333333333,,,,unstable
220210_F2_run5,c-GC,34,1,1,1,0,1,2.0,0.16666666666666666,,,,unstable
220210_F2_run5,c-GC,34,7,2,1,1,3,5.0,0.3333333333333333,,,,unstable
220210_F2_run5,c-GC,34,15,1,1,0,1,2.0,0.16666666666666666,,,,unstable
220210_F2_run5,c-GC,34,57,4,0,1,4,,0.16666666666666666,,,,unstable
220210_F2_run5,c-GC,34,70,1,0,1,7,,0.16666666666666666,,,,novel
220210_F2_run5,c-GC,34,91,1,0,1,7,,0.16666666666666666,,,,novel
220210_F2_run5,c-GC,34,104,1,1,1,3,4.0,0.3333333333333333,,,,unstable
220210_F2_run5,c-GC,34,107,1,1,0,1,2.0,0.16666666666666666,,,,unstable
220210_F2_run5,c-GC,35,0,1,0,1,7,,0.16666666666666666,,,,novel
220210_F2_run5,c-GC,35,3,6,1,0,1,7.0,0.16666666666666666,,,,lost
220210_F2_run5,c-GC,35,6,2,0,1,6,,0.16666666666666666,,,,unstable
220210_F2_run5,c-GC,35,7,4,2,1,1,4.0,0.5,,,,unstable
220210_F2_run5,c-GC,35,21,1,1,1,6,7.0,0.3333333333333333,,,,unstable
220210_F2_run5,c-GC,35,28,5,1,0,1,6.0,0.16666666666666666,,,,lost
220210_F2_run5,c-GC,35,44,2,1,0,1,3.0,0.16666666666666666,,,,lost
220210_F2_run5,c-GC,35,62,3,1,1,3,6.0,0.3333333333333333,,,,unstable
220210_F2_run5,c-GC,35,74,1,1,1,2,3.0,0.3333333333333333,,,,unstable
220210_F2_run5,c-GC,35,106,1,1,0,1,2.0,0.16666666666666666,,,,unstable
220210_F2_run5,c-GC,35,122,2,1,1,2,4.0,0.3333333333333333,,,,unstable
220210_F2_run5,c-GC,35,127,3,2,2,1,2.0,0.6666666666666666,,,,unstable
220210_F2_run5,c-GC,35,146,1,1,0,1,2.0,0.16666666666666666,,,,unstable
220210_F2_run5,c-GC,36,27,1,0,1,7,,0.16666666666666666,,,,novel
220210_F2_run5,c-GC,37,3,5,1,1,1,2.0,0.3333333333333333,,,,unstable
220210_F2_run5,c-GC,37,8,2,2,1,1,2.0,0.5,,,,unstable
220210_F2_run5,c-GC,37,22,7,0,0,1,,0.0,,,,stable
220210_F2_run5,c-GC,37,29,3,1,0,1,4.0,0.16666666666666666,,,,lost
220210_F2_run5,c-GC,37,45,7,0,0,1,,0.0,,,,stable
220210_F2_run5,c-GC,37,50,1,1,0,1,2.0,0.16666666666666666,,,,unstable
220210_F2_run5,c-GC,37,60,1,1,0,1,2.0,0.16666666666666666,,,,unstable
220210_F2_run5,c-GC,37,62,1,1,0,1,2.0,0.16666666666666666,,,,unstable
220210_F2_run5,c-GC,37,85,4,2,2,1,2.0,0.6666666666666666,,,,unstable
220210_F2_run5,c-GC,37,103,3,2,2,3,4.0,0.6666666666666666,,,,unstable
220210_F2_run5,c-GC,37,108,1,1,0,1,2.0,0.16666666666666666,,,,unstable
220210_F2_run5,c-GC,37,134,1,1,0,1,2.0,0.16666666666666666,,,,unstable
220210_F2_run5,c-GC,37,135,6,1,1,1,2.0,0.3333333333333333,,,,unstable
220210_F2_run5,c-GC,37,160,2,1,1,1,2.0,0.3333333333333333,,,,unstable
220210_F2_run5,c-GC,38,1,1,0,1,7,,0.16666666666666666,,,,novel
220210_F2_run5,c-GC,38,3,1,0,1,7,,0.16666666666666666,,,,novel
220210_F2_run5,c-GC,38,7,2,2,2,2,3.0,0.6666666666666666,,,,unstable
220210_F2_run5,c-GC,38,9,6,0,1,2,,0.16666666666666666,,,,unstable
220210_F2_run5,c-GC,38,10,7,0,0,1,,0.0,,,,stable
220210_F2_run5,c-GC,38,13,5,1,1,2,7.0,0.3333333333333333,,,,unstable
220210_F2_run5,c-GC,38,15,2,0,1,6,,0.16666666666666666,,,,unstable
220210_F2_run5,c-GC,38,24,6,0,1,2,,0.16666666666666666,,,,unstable
220210_F2_run5,c-GC,38,25,1,1,1,4,5.0,0.3333333333333333,,,,unstable
220210_F2_run5,c-GC,38,35,3,1,2,4,5.0,0.5,,,,unstable
220210_F2_run5,c-GC,38,39,7,0,0,1,,0.0,,,,stable
220210_F2_run5,c-GC,38,41,7,0,0,1,,0.0,,,,stable
220210_F2_run5,c-GC,38,42,7,0,0,1,,0.0,,,,stable
220210_F2_run5,c-GC,38,80,1,1,1,5,6.0,0.3333333333333333,,,,unstable
220210_F2_run5,c-GC,38,117,4,1,1,2,6.0,0.3333333333333333,,,,unstable
220210_F2_run5,c-GC,39,1,2,0,1,6,,0.16666666666666666,,,,unstable
220210_F2_run5,c-GC,39,3,7,0,0,1,,0.0,,,,stable
220210_F2_run5,c-GC,39,5,7,0,0,1,,0.0,,,,stable
220210_F2_run5,c-GC,39,7,7,0,0,1,,0.0,,,,stable
220210_F2_run5,c-GC,39,9,7,0,0,1,,0.0,,,,stable
220210_F2_run5,c-GC,39,10,7,0,0,1,,0.0,,,,stable
220210_F2_run5,c-GC,39,18,2,1,0,1,3.0,0.16666666666666666,,,,lost
220210_F2_run5,c-GC,39,20,7,0,0,1,,0.0,,,,stable
220210_F2_run5,c-GC,39,24,7,0,0,1,,0.0,,,,stable
220210_F2_run5,c-GC,39,28,6,0,1,2,,0.16666666666666666,,,,unstable
220210_F2_run5,c-GC,39,34,1,1,0,1,2.0,0.16666666666666666,,,,unstable
220210_F2_run5,c-GC,39,35,1,1,0,1,2.0,0.16666666666666666,,,,unstable
220210_F2_run5,c-GC,39,38,5,1,1,1,5.0,0.3333333333333333,,,,unstable
220210_F2_run5,c-GC,39,41,7,0,0,1,,0.0,,,,stable
220210_F2_run5,c-GC,39,42,6,1,1,1,5.0,0.3333333333333333,,,,unstable
220210_F2_run5,c-GC,39,45,5,0,1,3,,0.16666666666666666,,,,unstable
220210_F2_run5,c-GC,39,52,1,1,0,1,2.0,0.16666666666666666,,,,unstable
220210_F2_run5,c-GC,39,55,1,0,1,7,,0.16666666666666666,,,,novel
220210_F2_run5,c-GC,39,66,1,1,0,1,2.0,0.16666666666666666,,,,unstable
220210_F2_run5,c-GC,39,74,2,0,1,6,,0.16666666666666666,,,,unstable
220210_F2_run5,c-GC,39,87,7,0,0,1,,0.0,,,,stable
220210_F2_run5,c-GC,39,96,3,1,0,1,4.0,0.16666666666666666,,,,lost
220210_F2_run5,c-GC,39,108,7,0,0,1,,0.0,,,,stable
220210_F2_run5,c-GC,39,118,7,0,0,1,,0.0,,,,stable
220210_F2_run5,c-GC,40,6,2,0,1,6,,0.16666666666666666,,,,unstable
220210_F2_run5,c-GC,40,7,7,0,0,1,,0.0,,,,stable
220210_F2_run5,c-GC,40,11,7,0,0,1,,0.0,,,,stable
220210_F2_run5,c-GC,40,23,1,1,1,2,3.0,0.3333333333333333,,,,unstable
220210_F2_run5,c-GC,40,60,1,1,1,3,4.0,0.3333333333333333,,,,unstable
220210_F2_run5,c-GC,40,62,2,1,1,3,5.0,0.3333333333333333,,,,unstable
220210_F2_run5,c-GC,40,82,1,1,1,5,6.0,0.3333333333333333,,,,unstable
220210_F2_run5,c-GC,40,102,2,1,1,3,5.0,0.3333333333333333,,,,unstable
220210_F2_run5,c-GC,40,130,2,1,1,3,5.0,0.3333333333333333,,,,unstable
220210_F2_run5,c-GC,40,151,4,1,2,3,5.0,0.5,,,,unstable
220210_F2_run5,c-GC,40,152,5,0,1,3,,0.16666666666666666,,,,unstable
220210_F2_run5,c-GC,40,160,1,1,1,3,4.0,0.3333333333333333,,,,unstable
220210_F2_run5,c-GC,41,9,4,1,0,1,5.0,0.16666666666666666,,,,lost
220210_F2_run5,c-GC,41,38,2,1,1,3,5.0,0.3333333333333333,,,,unstable
220210_F2_run5,c-GC,41,52,1,0,1,7,,0.16666666666666666,,,,novel
220210_F2_run5,c-GC,41,56,1,1,1,2,3.0,0.3333333333333333,,,,unstable
220210_F2_run5,c-GC,41,78,2,1,1,4,6.0,0.3333333333333333,,,,unstable
220210_F2_run5,c-GC,41,95,1,1,0,1,2.0,0.16666666666666666,,,,unstable
220210_F2_run5,c-GC,42,0,2,0,1,6,,0.16666666666666666,,,,unstable
220210_F2_run5,c-GC,42,10,7,0,0,1,,0.0,,,,stable
220210_F2_run5,c-GC,42,18,4,0,1,4,,0.16666666666666666,,,,unstable
220210_F2_run5,c-GC,42,86,2,1,2,5,6.0,0.5,,,,unstable
220210_F2_run5,c-GC,42,94,7,0,0,1,,0.0,,,,stable
220210_F2_run5,c-GC,42,136,6,0,1,2,,0.16666666666666666,,,,unstable
220210_F2_run5,c-GC,42,151,1,0,1,7,,0.16666666666666666,,,,novel
220210_F2_run5,c-GC,42,152,1,0,1,7,,0.16666666666666666,,,,novel
220210_F2_run5,c-GC,43,1,7,0,0,1,,0.0,,,,stable
220210_F2_run5,c-GC,43,17,1,1,0,1,2.0,0.16666666666666666,,,,unstable
220210_F2_run5,c-GC,43,18,7,0,0,1,,0.0,,,,stable
220210_F2_run5,c-GC,43,34,3,1,1,1,2.0,0.3333333333333333,,,,unstable
220210_F2_run5,c-GC,43,112,4,2,1,1,3.0,0.5,,,,unstable
220210_F2_run5,c-GC,44,20,2,0,1,6,,0.16666666666666666,,,,unstable
220210_F2_run5,c-GC,44,62,1,0,1,7,,0.16666666666666666,,,,novel
220210_F2_run5,c-GC,44,65,1,1,0,1,2.0,0.16666666666666666,,,,unstable
220210_F2_run5,c-GC,44,67,2,2,1,1,2.0,0.5,,,,unstable
220210_F2_run5,c-GC,44,68,3,1,2,4,5.0,0.5,,,,unstable
220210_F2_run5,c-GC,44,71,1,1,0,1,2.0,0.16666666666666666,,,,unstable
220210_F2_run5,c-GC,44,72,7,0,0,1,,0.0,,,,stable
220210_F2_run5,c-GC,44,74,1,1,1,6,7.0,0.3333333333333333,,,,unstable
220210_F2_run5,c-GC,44,79,7,0,0,1,,0.0,,,,stable
220210_F2_run5,c-GC,44,89,1,1,0,1,2.0,0.16666666666666666,,,,unstable
220210_F2_run5,c-GC,44,94,1,1,0,1,2.0,0.16666666666666666,,,,unstable
220210_F2_run5,c-GC,44,106,1,0,1,7,,0.16666666666666666,,,,novel
220210_F2_run5,c-GC,44,114,1,1,0,1,2.0,0.16666666666666666,,,,unstable
220210_F2_run5,c-GC,44,116,1,0,1,7,,0.16666666666666666,,,,novel
220210_F2_run5,c-GC,44,127,1,1,0,1,2.0,0.16666666666666666,,,,unstable
220210_F2_run5,c-GC,44,129,2,2,1,1,2.0,0.5,,,,unstable
220210_F2_run5,c-GC,44,130,1,1,0,1,2.0,0.16666666666666666,,,,unstable
220210_F2_run5,c-GC,44,132,1,1,0,1,2.0,0.16666666666666666,,,,unstable
220210_F2_run5,c-GC,44,134,1,1,0,1,2.0,0.16666666666666666,,,,unstable
220210_F2_run5,c-GC,44,146,1,1,0,1,2.0,0.16666666666666666,,,,unstable
220210_F2_run5,c-GC,44,152,2,1,1,1,2.0,0.3333333333333333,,,,unstable
220210_F2_run5,c-GC,44,153,2,1,1,1,2.0,0.3333333333333333,,,,unstable
220210_F2_run5,c-GC,44,164,3,1,1,1,3.0,0.3333333333333333,,,,unstable
220210_F2_run5,c-GC,45,5,1,0,1,7,,0.16666666666666666,,,,novel
220210_F2_run5,c-GC,45,6,1,1,0,1,2.0,0.16666666666666666,,,,unstable
220210_F2_run5,c-GC,45,25,2,1,2,4,5.0,0.5,,,,unstable
220210_F2_run5,c-GC,45,35,1,1,0,1,2.0,0.16666666666666666,,,,unstable
220210_F2_run5,c-GC,45,42,1,1,0,1,2.0,0.16666666666666666,,,,unstable
220210_F2_run5,c-GC,45,95,7,0,0,1,,0.0,,,,stable
220210_F2_run5,c-GC,45,114,1,1,1,4,5.0,0.3333333333333333,,,,unstable
220210_F2_run5,c-GC,45,118,6,0,1,2,,0.16666666666666666,,,,unstable
220210_F2_run5,c-GC,45,137,1,1,1,6,7.0,0.3333333333333333,,,,unstable
220210_F2_run5,c-GC,45,141,1,1,0,1,2.0,0.16666666666666666,,,,unstable
220210_F2_run5,c-GC,45,157,1,1,0,1,2.0,0.16666666666666666,,,,unstable
220210_F2_run5,c-GC,46,8,5,1,2,2,6.0,0.5,,,,unstable
220210_F2_run5,c-GC,46,44,1,1,1,3,4.0,0.3333333333333333,,,,unstable
220210_F2_run5,c-GC,46,45,1,1,0,1,2.0,0.16666666666666666,,,,unstable
220210_F2_run5,c-GC,46,49,1,1,0,1,2.0,0.16666666666666666,,,,unstable
220210_F2_run5,c-GC,46,50,2,0,1,6,,0.16666666666666666,,,,unstable
220210_F2_run5,c-GC,46,60,2,1,1,1,2.0,0.3333333333333333,,,,unstable
220210_F2_run5,c-GC,46,62,1,1,0,1,2.0,0.16666666666666666,,,,unstable
220210_F2_run5,c-GC,46,78,1,1,0,1,2.0,0.16666666666666666,,,,unstable
220210_F2_run5,c-GC,46,83,4,1,0,1,5.0,0.16666666666666666,,,,lost
220210_F2_run5,c-GC,46,102,1,1,0,1,2.0,0.16666666666666666,,,,unstable
220210_F2_run5,c-GC,46,103,1,0,1,7,,0.16666666666666666,,,,novel
220210_F2_run5,c-GC,46,114,3,1,2,2,4.0,0.5,,,,unstable
220210_F2_run5,c-GC,46,118,3,3,2,1,2.0,0.8333333333333334,,,,unstable
220210_F2_run5,c-GC,46,124,5,1,1,1,5.0,0.3333333333333333,,,,unstable
220210_F2_run5,c-GC,46,134,7,0,0,1,,0.0,,,,stable
220210_F2_run5,c-GC,46,156,7,0,0,1,,0.0,,,,stable
220210_F2_run5,c-GC,46,164,1,1,0,1,2.0,0.16666666666666666,,,,unstable
220210_F2_run5,c-GC,47,33,2,0,1,6,,0.16666666666666666,,,,unstable
220210_F2_run5,c-GC,47,50,3,0,1,5,,0.16666666666666666,,,,unstable
220210_F2_run5,c-GC,47,128,1,1,1,6,7.0,0.3333333333333333,,,,unstable
220210_F2_run5,c-GC,48,60,1,1,1,3,4.0,0.3333333333333333,,,,unstable
220210_F2_run5,c-GC,48,62,2,1,2,5,6.0,0.5,,,,unstable
220210_F2_run5,c-GC,48,64,5,0,1,3,,0.16666666666666666,,,,unstable
220210_F2_run5,c-GC,48,102,7,0,0,1,,0.0,,,,stable
220210_F2_run5,c-GC,48,124,6,0,1,2,,0.16666666666666666,,,,unstable
220210_F2_run5,c-GC,48,140,6,0,1,2,,0.16666666666666666,,,,unstable
220210_F2_run5,c-GC,48,163,2,1,2,4,5.0,0.5,,,,unstable
220210_F2_run5,c-GC,48,164,2,1,1,2,4.0,0.3333333333333333,,,,unstable
220210_F2_run5,c-GC,49,22,1,1,0,1,2.0,0.16666666666666666,,,,unstable
220210_F2_run5,c-GC,49,30,1,1,0,1,2.0,0.16666666666666666,,,,unstable
220210_F2_run5,c-GC,49,37,3,1,0,1,4.0,0.16666666666666666,,,,lost
220210_F2_run5,c-GC,49,45,1,1,0,1,2.0,0.16666666666666666,,,,unstable
220210_F2_run5,c-GC,49,48,1,1,0,1,2.0,0.16666666666666666,,,,unstable
220210_F2_run5,c-GC,49,61,4,1,0,1,5.0,0.16666666666666666,,,,lost
220210_F2_run5,c-GC,49,69,1,1,0,1,2.0,0.16666666666666666,,,,unstable
220210_F2_run5,c-GC,49,75,6,1,1,1,4.0,0.3333333333333333,,,,unstable
220210_F2_run5,c-GC,49,76,1,1,0,1,2.0,0.16666666666666666,,,,unstable
220210_F2_run5,c-GC,49,102,1,1,0,1,2.0,0.16666666666666666,,,,unstable
220210_F2_run5,c-GC,49,119,1,1,0,1,2.0,0.16666666666666666,,,,unstable
220210_F2_run5,c-GC,49,127,1,1,0,1,2.0,0.16666666666666666,,,,unstable
220210_F2_run5,c-GC,49,138,1,1,0,1,2.0,0.16666666666666666,,,,unstable
220210_F2_run5,c-GC,49,148,1,1,0,1,2.0,0.16666666666666666,,,,unstable
220210_F2_run5,c-GC,49,156,1,1,1,3,4.0,0.3333333333333333,,,,unstable
220210_F2_run5,c-GC,50,28,2,1,2,5,6.0,0.5,,,,unstable
220210_F2_run5,c-GC,50,41,2,1,1,4,6.0,0.3333333333333333,,,,unstable
220210_F2_run5,c-GC,50,70,1,1,0,1,2.0,0.16666666666666666,,,,unstable
220210_F2_run5,c-GC,50,74,1,1,1,2,3.0,0.3333333333333333,,,,unstable
220210_F2_run5,c-GC,50,75,4,1,1,1,2.0,0.3333333333333333,,,,unstable
220210_F2_run5,c-GC,50,87,1,1,0,1,2.0,0.16666666666666666,,,,unstable
220210_F2_run5,c-GC,50,108,1,1,0,1,2.0,0.16666666666666666,,,,unstable
220210_F2_run5,c-GC,50,133,1,1,1,3,4.0,0.3333333333333333,,,,unstable
220210_F2_run5,c-GC,50,154,1,1,0,1,2.0,0.16666666666666666,,,,unstable
220210_F2_run5,c-GC,50,156,1,1,0,1,2.0,0.16666666666666666,,,,unstable
220210_F2_run5,c-GC,50,162,2,1,2,5,6.0,0.5,,,,unstable
220210_F2_run5,c-GC,51,12,1,0,1,7,,0.16666666666666666,,,,novel
220210_F2_run5,c-GC,51,14,4,2,1,1,3.0,0.5,,,,unstable
220210_F2_run5,c-GC,51,15,4,1,2,3,5.0,0.5,,,,unstable
220210_F2_run5,c-GC,51,41,1,0,1,7,,0.16666666666666666,,,,novel
220210_F2_run5,c-GC,51,56,7,0,0,1,,0.0,,,,stable
220210_F2_run5,c-GC,51,57,7,0,0,1,,0.0,,,,stable
220210_F2_run5,c-GC,51,66,7,0,0,1,,0.0,,,,stable
220210_F2_run5,c-GC,51,70,6,1,1,1,2.0,0.3333333333333333,,,,unstable
220210_F2_run5,c-GC,51,78,1,1,0,1,2.0,0.16666666666666666,,,,unstable
220210_F2_run5,c-GC,51,80,5,1,0,1,6.0,0.16666666666666666,,,,lost
220210_F2_run5,c-GC,51,89,2,1,1,1,2.0,0.3333333333333333,,,,unstable
220210_F2_run5,c-GC,51,103,1,1,1,6,7.0,0.3333333333333333,,,,unstable
220210_F2_run5,c-GC,51,127,7,0,0,1,,0.0,,,,stable
220210_F2_run5,c-GC,52,57,6,0,1,2,,0.16666666666666666,,,,unstable
220210_F2_run5,c-GC,52,68,7,0,0,1,,0.0,,,,stable
220210_F2_run5,c-GC,52,96,1,1,0,1,2.0,0.16666666666666666,,,,unstable
220210_F2_run5,c-GC,52,114,1,1,0,1,2.0,0.16666666666666666,,,,unstable
220210_F2_run5,c-GC,53,20,1,1,1,3,4.0,0.3333333333333333,,,,unstable
220210_F2_run5,c-GC,53,22,1,1,0,1,2.0,0.16666666666666666,,,,unstable
220210_F2_run5,c-GC,53,25,4,1,0,1,5.0,0.16666666666666666,,,,lost
220210_F2_run5,c-GC,53,54,1,1,0,1,2.0,0.16666666666666666,,,,unstable
220210_F2_run5,c-GC,53,78,1,1,0,1,2.0,0.16666666666666666,,,,unstable
220210_F2_run5,c-GC,53,98,4,1,0,1,5.0,0.16666666666666666,,,,lost
220210_F2_run5,c-GC,53,106,2,1,0,1,3.0,0.16666666666666666,,,,lost
220210_F2_run5,c-GC,53,107,1,1,1,6,7.0,0.3333333333333333,,,,unstable
220210_F2_run5,c-GC,53,118,3,0,1,5,,0.16666666666666666,,,,unstable
220210_F2_run5,c-GC,53,124,2,1,2,3,4.0,0.5,,,,unstable
220210_F2_run5,c-GC,53,134,2,0,1,6,,0.16666666666666666,,,,unstable
220210_F2_run5,c-GC,53,137,2,1,1,5,7.0,0.3333333333333333,,,,unstable
220210_F2_run5,c-GC,53,139,2,1,0,1,3.0,0.16666666666666666,,,,lost
220210_F2_run5,c-GC,53,143,2,1,0,1,3.0,0.16666666666666666,,,,lost
220210_F2_run5,c-GC,53,145,1,1,0,1,2.0,0.16666666666666666,,,,unstable
220210_F2_run5,c-GC,53,149,2,0,1,6,,0.16666666666666666,,,,unstable
220210_F2_run5,c-GC,53,154,3,1,2,4,5.0,0.5,,,,unstable
220210_F2_run5,c-GC,54,34,3,1,1,2,5.0,0.3333333333333333,,,,unstable
220210_F2_run5,c-GC,54,158,1,0,1,7,,0.16666666666666666,,,,novel
220210_F2_run5,c-GC,55,45,3,2,2,1,2.0,0.6666666666666666,,,,unstable
220210_F2_run5,c-GC,56,14,3,0,1,5,,0.16666666666666666,,,,unstable
220210_F2_run5,c-GC,56,16,5,1,0,1,6.0,0.16666666666666666,,,,lost
220210_F2_run5,c-GC,56,34,1,1,1,6,7.0,0.3333333333333333,,,,unstable
220210_F2_run5,c-GC,56,49,1,1,0,1,2.0,0.16666666666666666,,,,unstable
220210_F2_run5,c-GC,56,57,1,1,1,2,3.0,0.3333333333333333,,,,unstable
220210_F2_run5,c-GC,56,70,4,0,1,4,,0.16666666666666666,,,,unstable
220210_F2_run5,c-GC,56,75,2,1,0,1,3.0,0.16666666666666666,,,,lost
220210_F2_run5,c-GC,57,7,1,1,1,3,4.0,0.3333333333333333,,,,unstable
220210_F2_run5,c-GC,57,8,5,1,1,2,7.0,0.3333333333333333,,,,unstable
220210_F2_run5,c-GC,57,37,1,1,1,2,3.0,0.3333333333333333,,,,unstable
220210_F2_run5,c-GC,57,44,4,2,2,1,3.0,0.6666666666666666,,,,unstable
220210_F2_run5,c-GC,57,46,1,1,0,1,2.0,0.16666666666666666,,,,unstable
220210_F2_run5,c-GC,57,50,4,2,2,2,4.0,0.6666666666666666,,,,unstable
220210_F2_run5,c-GC,57,52,6,0,1,2,,0.16666666666666666,,,,unstable
220210_F2_run5,c-GC,57,53,1,1,1,5,6.0,0.3333333333333333,,,,unstable
220210_F2_run5,c-GC,57,56,6,0,1,2,,0.16666666666666666,,,,unstable
220210_F2_run5,c-GC,57,59,3,2,1,1,3.0,0.5,,,,unstable
220210_F2_run5,c-GC,57,68,6,0,1,2,,0.16666666666666666,,,,unstable
220210_F2_run5,c-GC,57,70,7,0,0,1,,0.0,,,,stable
220210_F2_run5,c-GC,57,73,3,2,2,2,4.0,0.6666666666666666,,,,unstable
220210_F2_run5,c-GC,57,75,3,1,2,4,5.0,0.5,,,,unstable
220210_F2_run5,c-GC,57,85,5,0,1,3,,0.16666666666666666,,,,unstable
220210_F2_run5,c-GC,57,89,7,0,0,1,,0.0,,,,stable
220210_F2_run5,c-GC,57,91,7,0,0,1,,0.0,,,,stable
220210_F2_run5,c-GC,57,92,2,1,0,1,3.0,0.16666666666666666,,,,lost
220210_F2_run5,c-GC,57,97,2,1,0,1,3.0,0.16666666666666666,,,,lost
220210_F2_run5,c-GC,57,102,2,1,2,5,6.0,0.5,,,,unstable
220210_F2_run5,c-GC,57,104,3,1,2,3,5.0,0.5,,,,unstable
220210_F2_run5,c-GC,57,114,5,1,2,2,3.0,0.5,,,,unstable
220210_F2_run5,c-GC,57,118,4,0,1,4,,0.16666666666666666,,,,unstable
220210_F2_run5,c-GC,57,147,4,1,1,2,6.0,0.3333333333333333,,,,unstable
220210_F2_run5,c-GC,58,34,2,1,2,2,3.0,0.5,,,,unstable
220210_F2_run5,c-GC,58,52,4,1,1,3,7.0,0.3333333333333333,,,,unstable
220210_F2_run5,c-GC,58,56,3,0,1,5,,0.16666666666666666,,,,unstable
220210_F2_run5,c-GC,58,57,7,0,0,1,,0.0,,,,stable
220210_F2_run5,c-GC,58,66,4,0,1,4,,0.16666666666666666,,,,unstable
220210_F2_run5,c-GC,58,69,6,0,1,2,,0.16666666666666666,,,,unstable
220210_F2_run5,c-GC,58,70,6,0,1,2,,0.16666666666666666,,,,unstable
220210_F2_run5,c-GC,58,75,4,1,1,3,7.0,0.3333333333333333,,,,unstable
220210_F2_run5,c-GC,58,89,2,0,1,6,,0.16666666666666666,,,,unstable
220210_F2_run5,c-GC,58,91,3,0,1,5,,0.16666666666666666,,,,unstable
220210_F2_run5,c-GC,58,102,2,0,1,6,,0.16666666666666666,,,,unstable
220210_F2_run5,c-GC,58,114,2,1,2,5,6.0,0.5,,,,unstable
220210_F2_run5,c-GC,58,127,1,0,1,7,,0.16666666666666666,,,,novel
220210_F2_run5,c-GC,58,153,3,0,1,5,,0.16666666666666666,,,,unstable
220210_F2_run5,c-GC,58,155,2,1,1,5,7.0,0.3333333333333333,,,,unstable
220210_F2_run5,c-GC,59,109,1,1,1,4,5.0,0.3333333333333333,,,,unstable
220210_F2_run5,c-GC,59,114,3,2,1,1,2.0,0.5,,,,unstable
220210_F2_run5,c-GC,60,20,2,1,1,5,7.0,0.3333333333333333,,,,unstable
220210_F2_run5,c-GC,60,45,5,1,1,2,7.0,0.3333333333333333,,,,unstable
220210_F2_run5,c-GC,60,48,7,0,0,1,,0.0,,,,stable
220210_F2_run5,c-GC,60,58,1,1,1,6,7.0,0.3333333333333333,,,,unstable
220210_F2_run5,c-GC,60,61,7,0,0,1,,0.0,,,,stable
220210_F2_run5,c-GC,60,65,5,0,1,3,,0.16666666666666666,,,,unstable
220210_F2_run5,c-GC,60,80,4,1,2,2,5.0,0.5,,,,unstable
220210_F2_run5,c-GC,60,83,7,0,0,1,,0.0,,,,stable
220210_F2_run5,c-GC,60,85,5,0,1,3,,0.16666666666666666,,,,unstable
220210_F2_run5,c-GC,60,88,2,2,2,3,4.0,0.6666666666666666,,,,unstable
220210_F2_run5,c-GC,60,90,2,0,1,6,,0.16666666666666666,,,,unstable
220210_F2_run5,c-GC,60,102,6,0,1,2,,0.16666666666666666,,,,unstable
220210_F2_run5,c-GC,60,118,2,1,2,5,6.0,0.5,,,,unstable
220210_F2_run5,c-GC,60,119,7,0,0,1,,0.0,,,,stable
220210_F2_run5,c-GC,60,120,1,0,1,7,,0.16666666666666666,,,,novel
220210_F2_run5,c-GC,60,121,1,0,1,7,,0.16666666666666666,,,,novel
220210_F2_run5,c-GC,60,124,5,1,1,2,7.0,0.3333333333333333,,,,unstable
220210_F2_run5,c-GC,60,125,6,0,1,2,,0.16666666666666666,,,,unstable
220210_F2_run5,c-GC,60,126,1,1,1,5,6.0,0.3333333333333333,,,,unstable
220210_F2_run5,c-GC,60,127,2,1,1,2,4.0,0.3333333333333333,,,,unstable
220210_F2_run5,c-GC,60,135,6,0,1,2,,0.16666666666666666,,,,unstable
220210_F2_run5,c-GC,60,139,7,0,0,1,,0.0,,,,stable
220210_F2_run5,c-GC,60,140,7,0,0,1,,0.0,,,,stable
220210_F2_run5,c-GC,60,154,2,2,2,2,3.0,0.6666666666666666,,,,unstable
220210_F2_run5,c-GC,60,156,4,1,2,3,4.0,0.5,,,,unstable
220210_F2_run5,c-GC,60,157,2,1,1,4,6.0,0.3333333333333333,,,,unstable
220210_F2_run5,c-GC,60,163,5,1,0,1,6.0,0.16666666666666666,,,,lost
220210_F2_run5,c-GC,61,12,1,1,1,5,6.0,0.3333333333333333,,,,unstable
220210_F2_run5,c-GC,61,37,1,1,0,1,2.0,0.16666666666666666,,,,unstable
220210_F2_run5,c-GC,61,62,6,1,1,1,3.0,0.3333333333333333,,,,unstable
220210_F2_run5,c-GC,61,65,1,1,0,1,2.0,0.16666666666666666,,,,unstable
220210_F2_run5,c-GC,61,73,7,0,0,1,,0.0,,,,stable
220210_F2_run5,c-GC,61,75,1,0,1,7,,0.16666666666666666,,,,novel
220210_F2_run5,c-GC,61,102,1,1,0,1,2.0,0.16666666666666666,,,,unstable
220210_F2_run5,c-GC,61,103,1,1,1,5,6.0,0.3333333333333333,,,,unstable
220210_F2_run5,c-GC,61,114,1,1,0,1,2.0,0.16666666666666666,,,,unstable
220210_F2_run5,c-GC,61,116,2,0,1,6,,0.16666666666666666,,,,unstable
220210_F2_run5,c-GC,61,118,4,1,1,1,3.0,0.3333333333333333,,,,unstable
220210_F2_run5,c-GC,61,119,2,0,1,6,,0.16666666666666666,,,,unstable
220210_F2_run5,c-GC,61,131,2,0,1,6,,0.16666666666666666,,,,unstable
220210_F2_run5,c-GC,61,133,1,0,1,7,,0.16666666666666666,,,,novel
220210_F2_run5,c-GC,61,134,1,0,1,7,,0.16666666666666666,,,,novel
220210_F2_run5,c-GC,61,141,1,0,1,7,,0.16666666666666666,,,,novel
220210_F2_run5,c-GC,61,147,1,0,1,7,,0.16666666666666666,,,,novel
220210_F2_run5,c-GC,62,3,1,1,0,1,2.0,0.16666666666666666,,,,unstable
220210_F2_run5,c-GC,62,7,6,1,1,1,4.0,0.3333333333333333,,,,unstable
220210_F2_run5,c-GC,62,9,1,1,0,1,2.0,0.16666666666666666,,,,unstable
220210_F2_run5,c-GC,62,24,7,0,0,1,,0.0,,,,stable
220210_F2_run5,c-GC,62,28,6,1,0,1,7.0,0.16666666666666666,,,,lost
220210_F2_run5,c-GC,62,30,3,2,2,3,5.0,0.6666666666666666,,,,unstable
220210_F2_run5,c-GC,62,41,1,1,0,1,2.0,0.16666666666666666,,,,unstable
220210_F2_run5,c-GC,62,48,1,1,0,1,2.0,0.16666666666666666,,,,unstable
220210_F2_run5,c-GC,62,51,3,2,1,1,2.0,0.5,,,,unstable
220210_F2_run5,c-GC,62,56,1,1,0,1,2.0,0.16666666666666666,,,,unstable
220210_F2_run5,c-GC,62,57,7,0,0,1,,0.0,,,,stable
220210_F2_run5,c-GC,62,58,1,1,0,1,2.0,0.16666666666666666,,,,unstable
220210_F2_run5,c-GC,62,60,6,1,1,1,4.0,0.3333333333333333,,,,unstable
220210_F2_run5,c-GC,62,63,6,1,1,1,3.0,0.3333333333333333,,,,unstable
220210_F2_run5,c-GC,62,66,1,1,0,1,2.0,0.16666666666666666,,,,unstable
220210_F2_run5,c-GC,62,69,7,0,0,1,,0.0,,,,stable
220210_F2_run5,c-GC,62,70,7,0,0,1,,0.0,,,,stable
220210_F2_run5,c-GC,62,72,7,0,0,1,,0.0,,,,stable
220210_F2_run5,c-GC,62,80,7,0,0,1,,0.0,,,,stable
220210_F2_run5,c-GC,62,88,1,1,0,1,2.0,0.16666666666666666,,,,unstable
220210_F2_run5,c-GC,62,89,3,1,2,4,5.0,0.5,,,,unstable
220210_F2_run5,c-GC,62,91,4,1,2,3,5.0,0.5,,,,unstable
220210_F2_run5,c-GC,62,102,5,2,2,1,4.0,0.6666666666666666,,,,unstable
220210_F2_run5,c-GC,62,113,1,1,0,1,2.0,0.16666666666666666,,,,unstable
220210_F2_run5,c-GC,62,117,7,0,0,1,,0.0,,,,stable
220210_F2_run5,c-GC,62,124,7,0,0,1,,0.0,,,,stable
220210_F2_run5,c-GC,62,125,2,1,1,1,2.0,0.3333333333333333,,,,unstable
220210_F2_run5,c-GC,62,127,3,2,1,1,2.0,0.5,,,,unstable
220210_F2_run5,c-GC,62,146,1,0,1,7,,0.16666666666666666,,,,novel
220210_F2_run5,c-GC,63,44,2,0,1,6,,0.16666666666666666,,,,unstable
220210_F2_run5,c-GC,63,61,3,1,0,1,4.0,0.16666666666666666,,,,lost
220210_F2_run5,c-GC,63,83,1,0,1,7,,0.16666666666666666,,,,novel
220210_F2_run5,c-GC,63,111,3,1,1,2,5.0,0.3333333333333333,,,,unstable
220210_F2_run5,c-GC,63,117,5,0,1,3,,0.16666666666666666,,,,unstable
220210_F2_run5,c-GC,63,120,6,1,1,1,3.0,0.3333333333333333,,,,unstable
220210_F2_run5,c-GC,63,124,2,1,1,2,4.0,0.3333333333333333,,,,unstable
220210_F2_run5,c-GC,63,140,1,0,1,7,,0.16666666666666666,,,,novel
220210_F2_run5,c-GC,64,18,1,0,1,7,,0.16666666666666666,,,,novel
220210_F2_run5,c-GC,64,59,1,1,0,1,2.0,0.16666666666666666,,,,unstable
220210_F2_run5,c-GC,64,67,2,1,0,1,3.0,0.16666666666666666,,,,lost
220210_F2_run5,c-GC,64,85,2,1,0,1,3.0,0.16666666666666666,,,,lost
220210_F2_run5,c-GC,64,95,4,1,0,1,5.0,0.16666666666666666,,,,lost
220210_F2_run5,c-GC,64,114,1,1,1,6,7.0,0.3333333333333333,,,,unstable
220210_F2_run5,c-GC,64,125,2,1,1,3,5.0,0.3333333333333333,,,,unstable
220210_F2_run5,c-GC,64,132,2,2,2,3,4.0,0.6666666666666666,,,,unstable
220210_F2_run5,c-GC,64,133,1,0,1,7,,0.16666666666666666,,,,novel
220210_F2_run5,c-GC,64,151,1,0,1,7,,0.16666666666666666,,,,novel
220210_F2_run5,c-GC,65,14,1,0,1,7,,0.16666666666666666,,,,novel
220210_F2_run5,c-GC,65,43,3,1,1,1,3.0,0.3333333333333333,,,,unstable
220210_F2_run5,c-GC,65,44,7,0,0,1,,0.0,,,,stable
220210_F2_run5,c-GC,65,49,1,1,0,1,2.0,0.16666666666666666,,,,unstable
220210_F2_run5,c-GC,65,50,2,0,1,6,,0.16666666666666666,,,,unstable
220210_F2_run5,c-GC,65,59,4,1,2,2,3.0,0.5,,,,unstable
220210_F2_run5,c-GC,65,60,5,1,2,2,4.0,0.5,,,,unstable
220210_F2_run5,c-GC,65,62,5,1,2,2,4.0,0.5,,,,unstable
220210_F2_run5,c-GC,65,68,4,0,1,4,,0.16666666666666666,,,,unstable
220210_F2_run5,c-GC,65,72,3,1,0,1,4.0,0.16666666666666666,,,,lost
220210_F2_run5,c-GC,65,83,6,0,1,2,,0.16666666666666666,,,,unstable
220210_F2_run5,c-GC,65,101,2,0,1,6,,0.16666666666666666,,,,unstable
220210_F2_run5,c-GC,65,104,3,2,1,1,2.0,0.5,,,,unstable
220210_F2_run5,c-GC,65,107,1,1,1,5,6.0,0.3333333333333333,,,,unstable
220210_F2_run5,c-GC,65,124,6,0,1,2,,0.16666666666666666,,,,unstable
220210_F2_run5,c-GC,65,125,1,1,1,5,6.0,0.3333333333333333,,,,unstable
220210_F2_run5,c-GC,65,127,2,2,2,2,3.0,0.6666666666666666,,,,unstable
220210_F2_run5,c-GC,65,130,4,1,2,3,4.0,0.5,,,,unstable
220210_F2_run5,c-GC,65,133,7,0,0,1,,0.0,,,,stable
220210_F2_run5,c-GC,65,137,4,0,1,4,,0.16666666666666666,,,,unstable
220210_F2_run5,c-GC,65,141,1,1,1,6,7.0,0.3333333333333333,,,,unstable
220210_F2_run5,c-GC,65,153,5,1,0,1,6.0,0.16666666666666666,,,,lost
220210_F2_run5,c-GC,65,164,3,1,1,2,5.0,0.3333333333333333,,,,unstable
220210_F2_run5,c-GC,66,8,4,1,1,2,6.0,0.3333333333333333,,,,unstable
220210_F2_run5,c-GC,66,9,2,1,1,4,6.0,0.3333333333333333,,,,unstable
220210_F2_run5,c-GC,66,23,1,1,1,3,4.0,0.3333333333333333,,,,unstable
220210_F2_run5,c-GC,66,46,1,1,1,4,5.0,0.3333333333333333,,,,unstable
220210_F2_run5,c-GC,66,47,3,2,1,1,2.0,0.5,,,,unstable
220210_F2_run5,c-GC,66,50,7,0,0,1,,0.0,,,,stable
220210_F2_run5,c-GC,66,51,7,0,0,1,,0.0,,,,stable
220210_F2_run5,c-GC,66,52,7,0,0,1,,0.0,,,,stable
220210_F2_run5,c-GC,66,56,7,0,0,1,,0.0,,,,stable
220210_F2_run5,c-GC,66,57,7,0,0,1,,0.0,,,,stable
220210_F2_run5,c-GC,66,64,1,1,0,1,2.0,0.16666666666666666,,,,unstable
220210_F2_run5,c-GC,66,65,3,0,1,5,,0.16666666666666666,,,,unstable
220210_F2_run5,c-GC,66,68,7,0,0,1,,0.0,,,,stable
220210_F2_run5,c-GC,66,70,6,0,1,2,,0.16666666666666666,,,,unstable
220210_F2_run5,c-GC,66,89,7,0,0,1,,0.0,,,,stable
220210_F2_run5,c-GC,66,91,5,1,0,1,6.0,0.16666666666666666,,,,lost
220210_F2_run5,c-GC,66,108,1,1,0,1,2.0,0.16666666666666666,,,,unstable
220210_F2_run5,c-GC,66,109,7,0,0,1,,0.0,,,,stable
220210_F2_run5,c-GC,66,147,7,0,0,1,,0.0,,,,stable
220210_F2_run5,c-GC,66,151,7,0,0,1,,0.0,,,,stable
220210_F2_run5,c-GC,66,152,7,0,0,1,,0.0,,,,stable
220210_F2_run5,c-GC,67,9,4,0,1,4,,0.16666666666666666,,,,unstable
220210_F2_run5,c-GC,67,10,6,1,1,1,5.0,0.3333333333333333,,,,unstable
220210_F2_run5,c-GC,67,13,7,0,0,1,,0.0,,,,stable
220210_F2_run5,c-GC,67,14,1,1,0,1,2.0,0.16666666666666666,,,,unstable
220210_F2_run5,c-GC,67,34,4,0,1,4,,0.16666666666666666,,,,unstable
220210_F2_run5,c-GC,67,35,3,1,0,1,4.0,0.16666666666666666,,,,lost
220210_F2_run5,c-GC,67,38,7,0,0,1,,0.0,,,,stable
220210_F2_run5,c-GC,67,39,7,0,0,1,,0.0,,,,stable
220210_F2_run5,c-GC,67,41,7,0,0,1,,0.0,,,,stable
220210_F2_run5,c-GC,67,53,1,0,1,7,,0.16666666666666666,,,,novel
220210_F2_run5,c-GC,67,73,1,1,1,2,3.0,0.3333333333333333,,,,unstable
220210_F2_run5,c-GC,67,74,5,1,1,1,5.0,0.3333333333333333,,,,unstable
220210_F2_run5,c-GC,67,86,7,0,0,1,,0.0,,,,stable
220210_F2_run5,c-GC,67,104,2,2,1,1,2.0,0.5,,,,unstable
220210_F2_run5,c-GC,67,144,7,0,0,1,,0.0,,,,stable
220210_F2_run5,c-GC,68,6,3,1,2,4,6.0,0.5,,,,unstable
220210_F2_run5,c-GC,68,7,4,0,1,4,,0.16666666666666666,,,,unstable
220210_F2_run5,c-GC,68,22,1,1,0,1,2.0,0.16666666666666666,,,,unstable
220210_F2_run5,c-GC,68,30,1,1,1,2,3.0,0.3333333333333333,,,,unstable
220210_F2_run5,c-GC,68,31,7,0,0,1,,0.0,,,,stable
220210_F2_run5,c-GC,68,45,3,1,2,4,5.0,0.5,,,,unstable
220210_F2_run5,c-GC,68,49,1,1,1,6,7.0,0.3333333333333333,,,,unstable
220210_F2_run5,c-GC,68,50,5,0,1,3,,0.16666666666666666,,,,unstable
220210_F2_run5,c-GC,68,52,7,0,0,1,,0.0,,,,stable
220210_F2_run5,c-GC,68,56,7,0,0,1,,0.0,,,,stable
220210_F2_run5,c-GC,68,58,4,0,1,4,,0.16666666666666666,,,,unstable
220210_F2_run5,c-GC,68,62,3,1,2,4,5.0,0.5,,,,unstable
220210_F2_run5,c-GC,68,63,1,0,1,7,,0.16666666666666666,,,,novel
220210_F2_run5,c-GC,68,66,7,0,0,1,,0.0,,,,stable
220210_F2_run5,c-GC,68,70,5,1,2,2,3.0,0.5,,,,unstable
220210_F2_run5,c-GC,68,74,7,0,0,1,,0.0,,,,stable
220210_F2_run5,c-GC,68,75,4,0,1,4,,0.16666666666666666,,,,unstable
220210_F2_run5,c-GC,68,78,7,0,0,1,,0.0,,,,stable
220210_F2_run5,c-GC,68,80,1,0,1,7,,0.16666666666666666,,,,novel
220210_F2_run5,c-GC,68,85,1,1,1,4,5.0,0.3333333333333333,,,,unstable
220210_F2_run5,c-GC,68,87,6,0,1,2,,0.16666666666666666,,,,unstable
220210_F2_run5,c-GC,68,95,1,0,1,7,,0.16666666666666666,,,,novel
220210_F2_run5,c-GC,68,96,5,0,1,3,,0.16666666666666666,,,,unstable
220210_F2_run5,c-GC,68,102,3,0,1,5,,0.16666666666666666,,,,unstable
220210_F2_run5,c-GC,68,105,5,1,0,1,6.0,0.16666666666666666,,,,lost
220210_F2_run5,c-GC,68,108,1,1,0,1,2.0,0.16666666666666666,,,,unstable
220210_F2_run5,c-GC,68,109,7,0,0,1,,0.0,,,,stable
220210_F2_run5,c-GC,68,114,4,1,2,3,5.0,0.5,,,,unstable
220210_F2_run5,c-GC,68,120,2,0,1,6,,0.16666666666666666,,,,unstable
220210_F2_run5,c-GC,68,125,2,0,1,6,,0.16666666666666666,,,,unstable
220210_F2_run5,c-GC,68,126,2,1,2,4,5.0,0.5,,,,unstable
220210_F2_run5,c-GC,68,127,6,0,1,2,,0.16666666666666666,,,,unstable
220210_F2_run5,c-GC,68,128,5,1,1,1,2.0,0.3333333333333333,,,,unstable
220210_F2_run5,c-GC,68,130,5,0,1,3,,0.16666666666666666,,,,unstable
220210_F2_run5,c-GC,68,131,4,0,1,4,,0.16666666666666666,,,,unstable
220210_F2_run5,c-GC,68,133,6,0,1,2,,0.16666666666666666,,,,unstable
220210_F2_run5,c-GC,68,134,4,0,1,4,,0.16666666666666666,,,,unstable
220210_F2_run5,c-GC,68,138,3,2,1,1,3.0,0.5,,,,unstable
220210_F2_run5,c-GC,68,146,1,1,0,1,2.0,0.16666666666666666,,,,unstable
220210_F2_run5,c-GC,68,147,4,1,1,2,6.0,0.3333333333333333,,,,unstable
220210_F2_run5,c-GC,68,151,6,1,0,1,7.0,0.16666666666666666,,,,lost
220210_F2_run5,c-GC,68,155,2,2,2,2,3.0,0.6666666666666666,,,,unstable
220210_F2_run5,c-GC,68,162,3,2,1,1,3.0,0.5,,,,unstable
220210_F2_run5,c-GC,69,29,1,1,1,3,4.0,0.3333333333333333,,,,unstable
220210_F2_run5,c-GC,69,45,2,1,2,4,5.0,0.5,,,,unstable
220210_F2_run5,c-GC,69,46,1,1,0,1,2.0,0.16666666666666666,,,,unstable
220210_F2_run5,c-GC,69,60,1,1,1,5,6.0,0.3333333333333333,,,,unstable
220210_F2_run5,c-GC,69,70,1,1,0,1,2.0,0.16666666666666666,,,,unstable
220210_F2_run5,c-GC,69,75,4,0,1,4,,0.16666666666666666,,,,unstable
220210_F2_run5,c-GC,69,134,2,1,2,5,6.0,0.5,,,,unstable
220210_F2_run5,c-GC,69,149,1,0,1,7,,0.16666666666666666,,,,novel
220210_F2_run5,c-GC,69,152,6,1,1,1,3.0,0.3333333333333333,,,,unstable
220210_F2_run5,c-GC,70,6,5,0,1,3,,0.16666666666666666,,,,unstable
220210_F2_run5,c-GC,70,55,1,1,0,1,2.0,0.16666666666666666,,,,unstable
220210_F2_run5,c-GC,70,56,6,1,1,1,5.0,0.3333333333333333,,,,unstable
220210_F2_run5,c-GC,70,57,7,0,0,1,,0.0,,,,stable
220210_F2_run5,c-GC,70,61,1,1,0,1,2.0,0.16666666666666666,,,,unstable
220210_F2_run5,c-GC,70,69,1,1,0,1,2.0,0.16666666666666666,,,,unstable
220210_F2_run5,c-GC,70,73,1,0,1,7,,0.16666666666666666,,,,novel
220210_F2_run5,c-GC,70,103,1,1,0,1,2.0,0.16666666666666666,,,,unstable
220210_F2_run5,c-GC,70,130,1,1,1,6,7.0,0.3333333333333333,,,,unstable
220210_F2_run5,c-GC,70,132,3,0,1,5,,0.16666666666666666,,,,unstable
220210_F2_run5,c-GC,70,133,1,0,1,7,,0.16666666666666666,,,,novel
220210_F2_run5,c-GC,71,83,1,0,1,7,,0.16666666666666666,,,,novel
220210_F2_run5,c-GC,71,92,2,1,0,1,3.0,0.16666666666666666,,,,lost
220210_F2_run5,c-GC,72,44,7,0,0,1,,0.0,,,,stable
220210_F2_run5,c-GC,72,62,2,1,0,1,3.0,0.16666666666666666,,,,lost
220210_F2_run5,c-GC,72,65,1,1,0,1,2.0,0.16666666666666666,,,,unstable
220210_F2_run5,c-GC,72,79,1,1,1,5,6.0,0.3333333333333333,,,,unstable
220210_F2_run5,c-GC,72,84,1,1,1,5,6.0,0.3333333333333333,,,,unstable
220210_F2_run5,c-GC,72,101,1,1,1,5,6.0,0.3333333333333333,,,,unstable
220210_F2_run5,c-GC,72,118,1,1,0,1,2.0,0.16666666666666666,,,,unstable
220210_F2_run5,c-GC,72,151,3,1,0,1,4.0,0.16666666666666666,,,,lost
220210_F2_run5,c-GC,72,152,4,1,0,1,5.0,0.16666666666666666,,,,lost
220210_F2_run5,c-GC,73,0,6,0,1,2,,0.16666666666666666,,,,unstable
220210_F2_run5,c-GC,73,1,2,1,1,2,4.0,0.3333333333333333,,,,unstable
220210_F2_run5,c-GC,73,3,6,0,1,2,,0.16666666666666666,,,,unstable
220210_F2_run5,c-GC,73,5,7,0,0,1,,0.0,,,,stable
220210_F2_run5,c-GC,73,7,5,0,1,3,,0.16666666666666666,,,,unstable
220210_F2_run5,c-GC,73,9,7,0,0,1,,0.0,,,,stable
220210_F2_run5,c-GC,73,10,7,0,0,1,,0.0,,,,stable
220210_F2_run5,c-GC,73,13,7,0,0,1,,0.0,,,,stable
220210_F2_run5,c-GC,73,14,6,0,1,2,,0.16666666666666666,,,,unstable
220210_F2_run5,c-GC,73,15,6,0,1,2,,0.16666666666666666,,,,unstable
220210_F2_run5,c-GC,73,18,7,0,0,1,,0.0,,,,stable
220210_F2_run5,c-GC,73,22,3,1,2,4,5.0,0.5,,,,unstable
220210_F2_run5,c-GC,73,23,3,1,1,2,5.0,0.3333333333333333,,,,unstable
220210_F2_run5,c-GC,73,24,7,0,0,1,,0.0,,,,stable
220210_F2_run5,c-GC,73,27,2,1,0,1,3.0,0.16666666666666666,,,,lost
220210_F2_run5,c-GC,73,28,4,1,1,3,7.0,0.3333333333333333,,,,unstable
220210_F2_run5,c-GC,73,34,1,1,1,6,7.0,0.3333333333333333,,,,unstable
220210_F2_run5,c-GC,73,35,5,0,1,3,,0.16666666666666666,,,,unstable
220210_F2_run5,c-GC,73,38,6,0,1,2,,0.16666666666666666,,,,unstable
220210_F2_run5,c-GC,73,39,7,0,0,1,,0.0,,,,stable
220210_F2_run5,c-GC,73,41,7,0,0,1,,0.0,,,,stable
220210_F2_run5,c-GC,73,42,6,0,1,2,,0.16666666666666666,,,,unstable
220210_F2_run5,c-GC,73,44,7,0,0,1,,0.0,,,,stable
220210_F2_run5,c-GC,73,45,4,1,1,1,4.0,0.3333333333333333,,,,unstable
220210_F2_run5,c-GC,73,64,1,1,1,6,7.0,0.3333333333333333,,,,unstable
220210_F2_run5,c-GC,73,65,3,0,1,5,,0.16666666666666666,,,,unstable
220210_F2_run5,c-GC,73,66,3,0,1,5,,0.16666666666666666,,,,unstable
220210_F2_run5,c-GC,73,67,6,0,1,2,,0.16666666666666666,,,,unstable
220210_F2_run5,c-GC,73,68,6,0,1,2,,0.16666666666666666,,,,unstable
220210_F2_run5,c-GC,73,74,7,0,0,1,,0.0,,,,stable
220210_F2_run5,c-GC,73,86,7,0,0,1,,0.0,,,,stable
220210_F2_run5,c-GC,73,87,7,0,0,1,,0.0,,,,stable
220210_F2_run5,c-GC,73,94,7,0,0,1,,0.0,,,,stable
220210_F2_run5,c-GC,73,95,7,0,0,1,,0.0,,,,stable
220210_F2_run5,c-GC,73,97,4,2,2,1,3.0,0.6666666666666666,,,,unstable
220210_F2_run5,c-GC,73,103,1,1,0,1,2.0,0.16666666666666666,,,,unstable
220210_F2_run5,c-GC,73,105,1,1,0,1,2.0,0.16666666666666666,,,,unstable
220210_F2_run5,c-GC,73,107,3,1,1,3,6.0,0.3333333333333333,,,,unstable
220210_F2_run5,c-GC,73,109,5,0,1,3,,0.16666666666666666,,,,unstable
220210_F2_run5,c-GC,73,111,5,1,2,2,4.0,0.5,,,,unstable
220210_F2_run5,c-GC,73,117,2,2,1,1,2.0,0.5,,,,unstable
220210_F2_run5,c-GC,73,128,1,1,1,5,6.0,0.3333333333333333,,,,unstable
220210_F2_run5,c-GC,73,140,1,1,0,1,2.0,0.16666666666666666,,,,unstable
220210_F2_run5,c-GC,73,141,1,1,1,5,6.0,0.3333333333333333,,,,unstable
220210_F2_run5,c-GC,73,143,2,2,2,3,4.0,0.6666666666666666,,,,unstable
220210_F2_run5,c-GC,73,157,5,0,1,3,,0.16666666666666666,,,,unstable
220210_F2_run5,c-GC,74,0,7,0,0,1,,0.0,,,,stable
220210_F2_run5,c-GC,74,1,5,1,1,1,2.0,0.3333333333333333,,,,unstable
220210_F2_run5,c-GC,74,5,7,0,0,1,,0.0,,,,stable
220210_F2_run5,c-GC,74,6,7,0,0,1,,0.0,,,,stable
220210_F2_run5,c-GC,74,7,5,0,1,3,,0.16666666666666666,,,,unstable
220210_F2_run5,c-GC,74,9,7,0,0,1,,0.0,,,,stable
220210_F2_run5,c-GC,74,10,7,0,0,1,,0.0,,,,stable
220210_F2_run5,c-GC,74,13,7,0,0,1,,0.0,,,,stable
220210_F2_run5,c-GC,74,14,7,0,0,1,,0.0,,,,stable
220210_F2_run5,c-GC,74,15,7,0,0,1,,0.0,,,,stable
220210_F2_run5,c-GC,74,18,7,0,0,1,,0.0,,,,stable
220210_F2_run5,c-GC,74,20,1,1,1,4,5.0,0.3333333333333333,,,,unstable
220210_F2_run5,c-GC,74,24,1,1,0,1,2.0,0.16666666666666666,,,,unstable
220210_F2_run5,c-GC,74,27,3,1,2,4,5.0,0.5,,,,unstable
220210_F2_run5,c-GC,74,28,5,2,2,1,2.0,0.6666666666666666,,,,unstable
220210_F2_run5,c-GC,74,33,1,1,1,4,5.0,0.3333333333333333,,,,unstable
220210_F2_run5,c-GC,74,34,7,0,0,1,,0.0,,,,stable
220210_F2_run5,c-GC,74,35,5,1,1,1,2.0,0.3333333333333333,,,,unstable
220210_F2_run5,c-GC,74,38,7,0,0,1,,0.0,,,,stable
220210_F2_run5,c-GC,74,39,7,0,0,1,,0.0,,,,stable
220210_F2_run5,c-GC,74,41,7,0,0,1,,0.0,,,,stable
220210_F2_run5,c-GC,74,42,7,0,0,1,,0.0,,,,stable
220210_F2_run5,c-GC,74,45,4,0,1,4,,0.16666666666666666,,,,unstable
220210_F2_run5,c-GC,74,51,6,1,0,1,7.0,0.16666666666666666,,,,lost
220210_F2_run5,c-GC,74,52,7,0,0,1,,0.0,,,,stable
220210_F2_run5,c-GC,74,53,1,1,1,6,7.0,0.3333333333333333,,,,unstable
220210_F2_run5,c-GC,74,56,3,2,1,1,2.0,0.5,,,,unstable
220210_F2_run5,c-GC,74,57,4,1,1,1,2.0,0.3333333333333333,,,,unstable
220210_F2_run5,c-GC,74,66,7,0,0,1,,0.0,,,,stable
220210_F2_run5,c-GC,74,67,7,0,0,1,,0.0,,,,stable
220210_F2_run5,c-GC,74,68,7,0,0,1,,0.0,,,,stable
220210_F2_run5,c-GC,74,70,4,1,1,1,2.0,0.3333333333333333,,,,unstable
220210_F2_run5,c-GC,74,73,7,0,0,1,,0.0,,,,stable
220210_F2_run5,c-GC,74,75,4,1,1,1,2.0,0.3333333333333333,,,,unstable
220210_F2_run5,c-GC,74,76,4,1,1,3,7.0,0.3333333333333333,,,,unstable
220210_F2_run5,c-GC,74,78,2,0,1,6,,0.16666666666666666,,,,unstable
220210_F2_run5,c-GC,74,79,3,1,1,4,7.0,0.3333333333333333,,,,unstable
220210_F2_run5,c-GC,74,86,4,2,1,1,2.0,0.5,,,,unstable
220210_F2_run5,c-GC,74,87,7,0,0,1,,0.0,,,,stable
220210_F2_run5,c-GC,74,89,1,0,1,7,,0.16666666666666666,,,,novel
220210_F2_run5,c-GC,74,91,5,0,1,3,,0.16666666666666666,,,,unstable
220210_F2_run5,c-GC,74,94,7,0,0,1,,0.0,,,,stable
220210_F2_run5,c-GC,74,95,1,1,1,3,4.0,0.3333333333333333,,,,unstable
220210_F2_run5,c-GC,74,97,1,0,1,7,,0.16666666666666666,,,,novel
220210_F2_run5,c-GC,74,102,4,2,2,1,2.0,0.6666666666666666,,,,unstable
220210_F2_run5,c-GC,74,105,7,0,0,1,,0.0,,,,stable
220210_F2_run5,c-GC,74,107,2,2,2,3,4.0,0.6666666666666666,,,,unstable
220210_F2_run5,c-GC,74,109,7,0,0,1,,0.0,,,,stable
220210_F2_run5,c-GC,74,111,3,1,1,4,7.0,0.3333333333333333,,,,unstable
220210_F2_run5,c-GC,74,119,4,1,1,1,2.0,0.3333333333333333,,,,unstable
220210_F2_run5,c-GC,74,127,4,2,2,2,3.0,0.6666666666666666,,,,unstable
220210_F2_run5,c-GC,74,128,5,0,1,3,,0.16666666666666666,,,,unstable
220210_F2_run5,c-GC,74,129,5,1,2,2,4.0,0.5,,,,unstable
220210_F2_run5,c-GC,74,130,7,0,0,1,,0.0,,,,stable
220210_F2_run5,c-GC,74,133,4,0,1,4,,0.16666666666666666,,,,unstable
220210_F2_run5,c-GC,74,140,1,1,0,1,2.0,0.16666666666666666,,,,unstable
220210_F2_run5,c-GC,74,144,4,1,1,3,7.0,0.3333333333333333,,,,unstable
220210_F2_run5,c-GC,74,151,7,0,0,1,,0.0,,,,stable
220210_F2_run5,c-GC,74,155,1,1,0,1,2.0,0.16666666666666666,,,,unstable
220210_F2_run5,c-GC,75,8,7,0,0,1,,0.0,,,,stable
220210_F2_run5,c-GC,75,37,2,1,1,1,2.0,0.3333333333333333,,,,unstable
220210_F2_run5,c-GC,75,47,1,1,1,3,4.0,0.3333333333333333,,,,unstable
220210_F2_run5,c-GC,75,56,3,0,1,5,,0.16666666666666666,,,,unstable
220210_F2_run5,c-GC,75,57,7,0,0,1,,0.0,,,,stable
220210_F2_run5,c-GC,75,70,7,0,0,1,,0.0,,,,stable
220210_F2_run5,c-GC,75,87,1,1,1,2,3.0,0.3333333333333333,,,,unstable
220210_F2_run5,c-GC,75,89,7,0,0,1,,0.0,,,,stable
220210_F2_run5,c-GC,75,91,7,0,0,1,,0.0,,,,stable
220210_F2_run5,c-GC,75,102,2,2,2,3,4.0,0.6666666666666666,,,,unstable
220210_F2_run5,c-GC,75,108,1,0,1,7,,0.16666666666666666,,,,novel
220210_F2_run5,c-GC,75,114,7,0,0,1,,0.0,,,,stable
220210_F2_run5,c-GC,75,126,1,1,0,1,2.0,0.16666666666666666,,,,unstable
220210_F2_run5,c-GC,75,131,2,0,1,6,,0.16666666666666666,,,,unstable
220210_F2_run5,c-GC,75,147,6,1,0,1,7.0,0.16666666666666666,,,,lost
220210_F2_run5,c-GC,76,12,2,0,1,6,,0.16666666666666666,,,,unstable
220210_F2_run5,c-GC,76,65,1,1,1,4,5.0,0.3333333333333333,,,,unstable
220210_F2_run5,c-GC,76,90,3,0,1,5,,0.16666666666666666,,,,unstable
220210_F2_run5,c-GC,76,112,1,1,0,1,2.0,0.16666666666666666,,,,unstable
220210_F2_run5,c-GC,76,135,1,0,1,7,,0.16666666666666666,,,,novel
220210_F2_run5,c-GC,76,142,7,0,0,1,,0.0,,,,stable
220210_F2_run5,c-GC,76,143,4,0,1,4,,0.16666666666666666,,,,unstable
220210_F2_run5,c-GC,77,19,1,1,0,1,2.0,0.16666666666666666,,,,unstable
220210_F2_run5,c-GC,77,107,1,0,1,7,,0.16666666666666666,,,,novel
220210_F2_run5,c-GC,77,124,1,0,1,7,,0.16666666666666666,,,,novel
220210_F2_run5,c-GC,78,10,2,1,1,2,4.0,0.3333333333333333,,,,unstable
220210_F2_run5,c-GC,78,42,1,0,1,7,,0.16666666666666666,,,,novel
220210_F2_run5,c-GC,78,45,1,1,1,2,3.0,0.3333333333333333,,,,unstable
220210_F2_run5,c-GC,78,57,5,1,2,2,5.0,0.5,,,,unstable
220210_F2_run5,c-GC,78,115,4,2,1,1,3.0,0.5,,,,unstable
220210_F2_run5,c-GC,78,127,1,1,0,1,2.0,0.16666666666666666,,,,unstable
220210_F2_run5,c-GC,78,135,7,0,0,1,,0.0,,,,stable
220210_F2_run5,c-GC,79,25,2,1,2,2,3.0,0.5,,,,unstable
220210_F2_run5,c-GC,79,101,1,1,0,1,2.0,0.16666666666666666,,,,unstable
220210_F2_run5,c-GC,79,153,1,1,1,6,7.0,0.3333333333333333,,,,unstable
220210_F2_run5,c-GC,79,157,1,1,0,1,2.0,0.16666666666666666,,,,unstable
220210_F2_run5,c-GC,80,39,6,0,1,2,,0.16666666666666666,,,,unstable
220210_F2_run5,c-GC,80,51,6,0,1,2,,0.16666666666666666,,,,unstable
220210_F2_run5,c-GC,80,62,1,1,1,2,3.0,0.3333333333333333,,,,unstable
220210_F2_run5,c-GC,80,74,2,2,1,1,2.0,0.5,,,,unstable
220210_F2_run5,c-GC,80,85,1,1,1,2,3.0,0.3333333333333333,,,,unstable
220210_F2_run5,c-GC,80,87,6,0,1,2,,0.16666666666666666,,,,unstable
220210_F2_run5,c-GC,80,89,1,1,0,1,2.0,0.16666666666666666,,,,unstable
220210_F2_run5,c-GC,80,94,7,0,0,1,,0.0,,,,stable
220210_F2_run5,c-GC,80,109,2,1,2,5,6.0,0.5,,,,unstable
220210_F2_run5,c-GC,80,115,1,1,0,1,2.0,0.16666666666666666,,,,unstable
220210_F2_run5,c-GC,80,129,1,1,0,1,2.0,0.16666666666666666,,,,unstable
220210_F2_run5,c-GC,80,130,1,1,1,2,3.0,0.3333333333333333,,,,unstable
220210_F2_run5,c-GC,80,131,1,0,1,7,,0.16666666666666666,,,,novel
220210_F2_run5,c-GC,80,164,2,1,1,2,4.0,0.3333333333333333,,,,unstable
220210_F2_run5,c-GC,81,26,1,1,0,1,2.0,0.16666666666666666,,,,unstable
220210_F2_run5,c-GC,81,37,1,0,1,7,,0.16666666666666666,,,,novel
220210_F2_run5,c-GC,81,50,1,1,1,4,5.0,0.3333333333333333,,,,unstable
220210_F2_run5,c-GC,82,22,1,1,0,1,2.0,0.16666666666666666,,,,unstable
220210_F2_run5,c-GC,82,93,6,1,1,1,5.0,0.3333333333333333,,,,unstable
220210_F2_run5,c-GC,82,100,1,1,0,1,2.0,0.16666666666666666,,,,unstable
220210_F2_run5,c-GC,82,106,1,1,0,1,2.0,0.16666666666666666,,,,unstable
220210_F2_run5,c-GC,82,110,2,2,1,1,2.0,0.5,,,,unstable
220210_F2_run5,c-GC,82,126,1,1,1,2,3.0,0.3333333333333333,,,,unstable
220210_F2_run5,c-GC,82,138,7,0,0,1,,0.0,,,,stable
220210_F2_run5,c-GC,82,141,1,1,0,1,2.0,0.16666666666666666,,,,unstable
220210_F2_run5,c-GC,82,143,1,1,0,1,2.0,0.16666666666666666,,,,unstable
220210_F2_run5,c-GC,82,146,2,1,0,1,3.0,0.16666666666666666,,,,lost
220210_F2_run5,c-GC,83,124,1,0,1,7,,0.16666666666666666,,,,novel
220210_F2_run5,c-GC,83,125,1,1,1,2,3.0,0.3333333333333333,,,,unstable
220210_F2_run5,c-GC,84,22,1,1,0,1,2.0,0.16666666666666666,,,,unstable
220210_F2_run5,c-GC,84,82,1,1,0,1,2.0,0.16666666666666666,,,,unstable
220210_F2_run5,c-GC,84,99,1,1,0,1,2.0,0.16666666666666666,,,,unstable
220210_F2_run5,c-GC,85,7,1,1,0,1,2.0,0.16666666666666666,,,,unstable
220210_F2_run5,c-GC,85,12,2,0,1,6,,0.16666666666666666,,,,unstable
220210_F2_run5,c-GC,85,24,1,1,0,1,2.0,0.16666666666666666,,,,unstable
220210_F2_run5,c-GC,85,26,1,1,1,2,3.0,0.3333333333333333,,,,unstable
220210_F2_run5,c-GC,85,41,2,1,0,1,3.0,0.16666666666666666,,,,lost
220210_F2_run5,c-GC,85,46,1,1,0,1,2.0,0.16666666666666666,,,,unstable
220210_F2_run5,c-GC,85,49,1,1,0,1,2.0,0.16666666666666666,,,,unstable
220210_F2_run5,c-GC,85,50,1,1,0,1,2.0,0.16666666666666666,,,,unstable
220210_F2_run5,c-GC,85,51,2,1,0,1,3.0,0.16666666666666666,,,,lost
220210_F2_run5,c-GC,85,56,1,1,0,1,2.0,0.16666666666666666,,,,unstable
220210_F2_run5,c-GC,85,59,1,1,0,1,2.0,0.16666666666666666,,,,unstable
220210_F2_run5,c-GC,85,60,2,1,1,1,2.0,0.3333333333333333,,,,unstable
220210_F2_run5,c-GC,85,62,3,1,1,1,3.0,0.3333333333333333,,,,unstable
220210_F2_run5,c-GC,85,64,2,1,0,1,3.0,0.16666666666666666,,,,lost
220210_F2_run5,c-GC,85,70,2,1,0,1,3.0,0.16666666666666666,,,,lost
220210_F2_run5,c-GC,85,73,1,1,0,1,2.0,0.16666666666666666,,,,unstable
220210_F2_run5,c-GC,85,89,1,1,0,1,2.0,0.16666666666666666,,,,unstable
220210_F2_run5,c-GC,85,95,7,0,0,1,,0.0,,,,stable
220210_F2_run5,c-GC,85,102,2,1,0,1,3.0,0.16666666666666666,,,,lost
220210_F2_run5,c-GC,85,103,4,2,1,1,4.0,0.5,,,,unstable
220210_F2_run5,c-GC,85,107,1,1,0,1,2.0,0.16666666666666666,,,,unstable
220210_F2_run5,c-GC,85,114,1,1,0,1,2.0,0.16666666666666666,,,,unstable
220210_F2_run5,c-GC,85,118,2,1,0,1,3.0,0.16666666666666666,,,,lost
220210_F2_run5,c-GC,85,119,1,1,0,1,2.0,0.16666666666666666,,,,unstable
220210_F2_run5,c-GC,85,120,1,1,0,1,2.0,0.16666666666666666,,,,unstable
220210_F2_run5,c-GC,85,124,7,0,0,1,,0.0,,,,stable
220210_F2_run5,c-GC,85,125,7,0,0,1,,0.0,,,,stable
220210_F2_run5,c-GC,85,126,7,0,0,1,,0.0,,,,stable
220210_F2_run5,c-GC,85,127,1,1,0,1,2.0,0.16666666666666666,,,,unstable
220210_F2_run5,c-GC,85,131,3,1,0,1,4.0,0.16666666666666666,,,,lost
220210_F2_run5,c-GC,85,132,4,1,0,1,5.0,0.16666666666666666,,,,lost
220210_F2_run5,c-GC,85,133,1,1,0,1,2.0,0.16666666666666666,,,,unstable
220210_F2_run5,c-GC,85,134,3,1,0,1,4.0,0.16666666666666666,,,,lost
220210_F2_run5,c-GC,85,135,1,1,0,1,2.0,0.16666666666666666,,,,unstable
220210_F2_run5,c-GC,85,136,1,1,0,1,2.0,0.16666666666666666,,,,unstable
220210_F2_run5,c-GC,85,140,1,1,0,1,2.0,0.16666666666666666,,,,unstable
220210_F2_run5,c-GC,85,160,1,1,0,1,2.0,0.16666666666666666,,,,unstable
220210_F2_run5,c-GC,85,164,7,0,0,1,,0.0,,,,stable
220210_F2_run5,c-GC,86,1,1,1,0,1,2.0,0.16666666666666666,,,,unstable
220210_F2_run5,c-GC,86,3,5,0,1,3,,0.16666666666666666,,,,unstable
220210_F2_run5,c-GC,86,5,6,0,1,2,,0.16666666666666666,,,,unstable
220210_F2_run5,c-GC,86,7,3,0,1,5,,0.16666666666666666,,,,unstable
220210_F2_run5,c-GC,86,9,6,0,1,2,,0.16666666666666666,,,,unstable
220210_F2_run5,c-GC,86,10,6,0,1,2,,0.16666666666666666,,,,unstable
220210_F2_run5,c-GC,86,11,5,0,1,3,,0.16666666666666666,,,,unstable
220210_F2_run5,c-GC,86,13,7,0,0,1,,0.0,,,,stable
220210_F2_run5,c-GC,86,23,1,1,1,2,3.0,0.3333333333333333,,,,unstable
220210_F2_run5,c-GC,86,24,3,2,2,3,5.0,0.6666666666666666,,,,unstable
220210_F2_run5,c-GC,86,26,1,1,0,1,2.0,0.16666666666666666,,,,unstable
220210_F2_run5,c-GC,86,29,3,1,2,4,6.0,0.5,,,,unstable
220210_F2_run5,c-GC,86,38,6,0,1,2,,0.16666666666666666,,,,unstable
220210_F2_run5,c-GC,86,39,5,1,2,2,5.0,0.5,,,,unstable
220210_F2_run5,c-GC,86,41,6,0,1,2,,0.16666666666666666,,,,unstable
220210_F2_run5,c-GC,86,42,6,0,1,2,,0.16666666666666666,,,,unstable
220210_F2_run5,c-GC,86,44,4,1,2,2,3.0,0.5,,,,unstable
220210_F2_run5,c-GC,86,67,6,0,1,2,,0.16666666666666666,,,,unstable
220210_F2_run5,c-GC,86,73,4,1,2,3,6.0,0.5,,,,unstable
220210_F2_run5,c-GC,86,74,6,0,1,2,,0.16666666666666666,,,,unstable
220210_F2_run5,c-GC,86,95,3,2,3,2,3.0,0.8333333333333334,,,,unstable
220210_F2_run5,c-GC,86,104,7,0,0,1,,0.0,,,,stable
220210_F2_run5,c-GC,86,128,3,1,1,2,5.0,0.3333333333333333,,,,unstable
220210_F2_run5,c-GC,86,130,1,1,1,2,3.0,0.3333333333333333,,,,unstable
220210_F2_run5,c-GC,86,144,7,0,0,1,,0.0,,,,stable
220210_F2_run5,c-GC,86,157,2,1,1,2,4.0,0.3333333333333333,,,,unstable
220210_F2_run5,c-GC,87,10,1,1,0,1,2.0,0.16666666666666666,,,,unstable
220210_F2_run5,c-GC,87,11,2,1,1,1,2.0,0.3333333333333333,,,,unstable
220210_F2_run5,c-GC,87,24,6,0,1,2,,0.16666666666666666,,,,unstable
220210_F2_run5,c-GC,87,33,2,1,0,1,3.0,0.16666666666666666,,,,lost
220210_F2_run5,c-GC,87,68,1,1,0,1,2.0,0.16666666666666666,,,,unstable
220210_F2_run5,c-GC,87,96,1,1,0,1,2.0,0.16666666666666666,,,,unstable
220210_F2_run5,c-GC,87,107,1,1,0,1,2.0,0.16666666666666666,,,,unstable
220210_F2_run5,c-GC,87,108,1,1,0,1,2.0,0.16666666666666666,,,,unstable
220210_F2_run5,c-GC,87,109,7,0,0,1,,0.0,,,,stable
220210_F2_run5,c-GC,87,117,3,2,1,1,3.0,0.5,,,,unstable
220210_F2_run5,c-GC,88,8,6,0,1,2,,0.16666666666666666,,,,unstable
220210_F2_run5,c-GC,88,20,2,1,0,1,3.0,0.16666666666666666,,,,lost
220210_F2_run5,c-GC,88,37,5,2,1,1,5.0,0.5,,,,unstable
220210_F2_run5,c-GC,88,40,1,1,1,5,6.0,0.3333333333333333,,,,unstable
220210_F2_run5,c-GC,88,44,1,1,0,1,2.0,0.16666666666666666,,,,unstable
220210_F2_run5,c-GC,88,45,7,0,0,1,,0.0,,,,stable
220210_F2_run5,c-GC,88,48,7,0,0,1,,0.0,,,,stable
220210_F2_run5,c-GC,88,50,1,1,0,1,2.0,0.16666666666666666,,,,unstable
220210_F2_run5,c-GC,88,51,2,1,0,1,3.0,0.16666666666666666,,,,lost
220210_F2_run5,c-GC,88,57,4,1,2,3,5.0,0.5,,,,unstable
220210_F2_run5,c-GC,88,58,5,1,2,2,3.0,0.5,,,,unstable
220210_F2_run5,c-GC,88,59,6,1,1,1,6.0,0.3333333333333333,,,,unstable
220210_F2_run5,c-GC,88,61,1,1,0,1,2.0,0.16666666666666666,,,,unstable
220210_F2_run5,c-GC,88,62,6,1,0,1,7.0,0.16666666666666666,,,,lost
220210_F2_run5,c-GC,88,65,7,0,0,1,,0.0,,,,stable
220210_F2_run5,c-GC,88,75,7,0,0,1,,0.0,,,,stable
220210_F2_run5,c-GC,88,78,6,1,1,1,6.0,0.3333333333333333,,,,unstable
220210_F2_run5,c-GC,88,80,7,0,0,1,,0.0,,,,stable
220210_F2_run5,c-GC,88,85,7,0,0,1,,0.0,,,,stable
220210_F2_run5,c-GC,88,89,1,1,0,1,2.0,0.16666666666666666,,,,unstable
220210_F2_run5,c-GC,88,91,1,0,1,7,,0.16666666666666666,,,,novel
220210_F2_run5,c-GC,88,93,1,1,0,1,2.0,0.16666666666666666,,,,unstable
220210_F2_run5,c-GC,88,95,1,1,0,1,2.0,0.16666666666666666,,,,unstable
220210_F2_run5,c-GC,88,102,6,1,1,1,6.0,0.3333333333333333,,,,unstable
220210_F2_run5,c-GC,88,108,1,1,0,1,2.0,0.16666666666666666,,,,unstable
220210_F2_run5,c-GC,88,110,6,1,1,1,4.0,0.3333333333333333,,,,unstable
220210_F2_run5,c-GC,88,111,2,1,0,1,3.0,0.16666666666666666,,,,lost
220210_F2_run5,c-GC,88,113,2,1,0,1,3.0,0.16666666666666666,,,,lost
220210_F2_run5,c-GC,88,114,2,2,1,1,2.0,0.5,,,,unstable
220210_F2_run5,c-GC,88,116,7,0,0,1,,0.0,,,,stable
220210_F2_run5,c-GC,88,117,4,1,0,1,5.0,0.16666666666666666,,,,lost
220210_F2_run5,c-GC,88,118,4,1,2,2,3.0,0.5,,,,unstable
220210_F2_run5,c-GC,88,119,1,1,1,2,3.0,0.3333333333333333,,,,unstable
220210_F2_run5,c-GC,88,120,7,0,0,1,,0.0,,,,stable
220210_F2_run5,c-GC,88,124,1,1,0,1,2.0,0.16666666666666666,,,,unstable
220210_F2_run5,c-GC,88,125,7,0,0,1,,0.0,,,,stable
220210_F2_run5,c-GC,88,127,7,0,0,1,,0.0,,,,stable
220210_F2_run5,c-GC,88,130,6,1,1,1,3.0,0.3333333333333333,,,,unstable
220210_F2_run5,c-GC,88,133,2,1,0,1,3.0,0.16666666666666666,,,,lost
220210_F2_run5,c-GC,88,134,7,0,0,1,,0.0,,,,stable
220210_F2_run5,c-GC,88,135,5,1,2,2,6.0,0.5,,,,unstable
220210_F2_run5,c-GC,88,136,1,1,0,1,2.0,0.16666666666666666,,,,unstable
220210_F2_run5,c-GC,88,138,4,1,1,1,4.0,0.3333333333333333,,,,unstable
220210_F2_run5,c-GC,88,140,3,1,0,1,4.0,0.16666666666666666,,,,lost
220210_F2_run5,c-GC,88,147,7,0,0,1,,0.0,,,,stable
220210_F2_run5,c-GC,88,154,7,0,0,1,,0.0,,,,stable
220210_F2_run5,c-GC,88,155,1,1,0,1,2.0,0.16666666666666666,,,,unstable
220210_F2_run5,c-GC,88,156,6,1,0,1,7.0,0.16666666666666666,,,,lost
220210_F2_run5,c-GC,88,160,7,0,0,1,,0.0,,,,stable
220210_F2_run5,c-GC,88,164,4,1,0,1,5.0,0.16666666666666666,,,,lost
220210_F2_run5,c-GC,89,8,7,0,0,1,,0.0,,,,stable
220210_F2_run5,c-GC,89,47,1,1,1,6,7.0,0.3333333333333333,,,,unstable
220210_F2_run5,c-GC,89,56,7,0,0,1,,0.0,,,,stable
220210_F2_run5,c-GC,89,57,7,0,0,1,,0.0,,,,stable
220210_F2_run5,c-GC,89,70,7,0,0,1,,0.0,,,,stable
220210_F2_run5,c-GC,89,75,7,0,0,1,,0.0,,,,stable
220210_F2_run5,c-GC,89,102,3,1,1,2,5.0,0.3333333333333333,,,,unstable
220210_F2_run5,c-GC,89,114,7,0,0,1,,0.0,,,,stable
220210_F2_run5,c-GC,89,127,3,2,1,1,3.0,0.5,,,,unstable
220210_F2_run5,c-GC,89,129,1,0,1,7,,0.16666666666666666,,,,novel
220210_F2_run5,c-GC,89,147,4,2,1,1,3.0,0.5,,,,unstable
220210_F2_run5,c-GC,90,25,1,0,1,7,,0.16666666666666666,,,,novel
220210_F2_run5,c-GC,90,59,1,1,1,5,6.0,0.3333333333333333,,,,unstable
220210_F2_run5,c-GC,90,65,1,1,1,6,7.0,0.3333333333333333,,,,unstable
220210_F2_run5,c-GC,90,112,5,1,0,1,6.0,0.16666666666666666,,,,lost
220210_F2_run5,c-GC,91,6,2,1,1,3,5.0,0.3333333333333333,,,,unstable
220210_F2_run5,c-GC,91,10,1,1,1,6,7.0,0.3333333333333333,,,,unstable
220210_F2_run5,c-GC,91,44,1,1,0,1,2.0,0.16666666666666666,,,,unstable
220210_F2_run5,c-GC,91,53,5,1,2,2,5.0,0.5,,,,unstable
220210_F2_run5,c-GC,91,57,7,0,0,1,,0.0,,,,stable
220210_F2_run5,c-GC,91,70,1,0,1,7,,0.16666666666666666,,,,novel
220210_F2_run5,c-GC,91,74,1,1,0,1,2.0,0.16666666666666666,,,,unstable
220210_F2_run5,c-GC,91,89,7,0,0,1,,0.0,,,,stable
220210_F2_run5,c-GC,91,104,3,2,2,1,2.0,0.6666666666666666,,,,unstable
220210_F2_run5,c-GC,91,108,1,0,1,7,,0.16666666666666666,,,,novel
220210_F2_run5,c-GC,91,130,6,1,1,1,4.0,0.3333333333333333,,,,unstable
220210_F2_run5,c-GC,92,16,2,0,1,6,,0.16666666666666666,,,,unstable
220210_F2_run5,c-GC,92,26,2,0,1,6,,0.16666666666666666,,,,unstable
220210_F2_run5,c-GC,92,36,1,1,0,1,2.0,0.16666666666666666,,,,unstable
220210_F2_run5,c-GC,92,44,4,1,0,1,5.0,0.16666666666666666,,,,lost
220210_F2_run5,c-GC,92,62,1,1,1,2,3.0,0.3333333333333333,,,,unstable
220210_F2_run5,c-GC,92,139,1,0,1,7,,0.16666666666666666,,,,novel
220210_F2_run5,c-GC,92,144,5,0,1,3,,0.16666666666666666,,,,unstable
220210_F2_run5,c-GC,92,152,1,0,1,7,,0.16666666666666666,,,,novel
220210_F2_run5,c-GC,93,28,1,0,1,7,,0.16666666666666666,,,,novel
220210_F2_run5,c-GC,93,106,1,1,1,5,6.0,0.3333333333333333,,,,unstable
220210_F2_run5,c-GC,93,112,4,1,1,1,3.0,0.3333333333333333,,,,unstable
220210_F2_run5,c-GC,93,116,4,2,1,1,4.0,0.5,,,,unstable
220210_F2_run5,c-GC,93,136,3,2,2,2,3.0,0.6666666666666666,,,,unstable
220210_F2_run5,c-GC,93,164,1,1,1,6,7.0,0.3333333333333333,,,,unstable
220210_F2_run5,c-GC,94,9,3,1,1,3,6.0,0.3333333333333333,,,,unstable
220210_F2_run5,c-GC,94,14,4,2,2,2,3.0,0.6666666666666666,,,,unstable
220210_F2_run5,c-GC,94,15,6,0,1,2,,0.16666666666666666,,,,unstable
220210_F2_run5,c-GC,94,18,3,0,1,5,,0.16666666666666666,,,,unstable
220210_F2_run5,c-GC,94,20,6,0,1,2,,0.16666666666666666,,,,unstable
220210_F2_run5,c-GC,94,39,4,1,2,3,4.0,0.5,,,,unstable
220210_F2_run5,c-GC,94,41,6,0,1,2,,0.16666666666666666,,,,unstable
220210_F2_run5,c-GC,94,51,6,0,1,2,,0.16666666666666666,,,,unstable
220210_F2_run5,c-GC,94,52,3,1,1,3,6.0,0.3333333333333333,,,,unstable
220210_F2_run5,c-GC,94,57,1,1,1,2,3.0,0.3333333333333333,,,,unstable
220210_F2_run5,c-GC,94,66,6,0,1,2,,0.16666666666666666,,,,unstable
220210_F2_run5,c-GC,94,68,7,0,0,1,,0.0,,,,stable
220210_F2_run5,c-GC,94,73,7,0,0,1,,0.0,,,,stable
220210_F2_run5,c-GC,94,74,7,0,0,1,,0.0,,,,stable
220210_F2_run5,c-GC,94,78,2,1,2,3,4.0,0.5,,,,unstable
220210_F2_run5,c-GC,94,102,2,0,1,6,,0.16666666666666666,,,,unstable
220210_F2_run5,c-GC,94,105,1,1,0,1,2.0,0.16666666666666666,,,,unstable
220210_F2_run5,c-GC,94,109,6,0,1,2,,0.16666666666666666,,,,unstable
220210_F2_run5,c-GC,94,134,1,0,1,7,,0.16666666666666666,,,,novel
220210_F2_run5,c-GC,95,8,1,1,0,1,2.0,0.16666666666666666,,,,unstable
220210_F2_run5,c-GC,95,9,1,1,0,1,2.0,0.16666666666666666,,,,unstable
220210_F2_run5,c-GC,95,10,1,1,0,1,2.0,0.16666666666666666,,,,unstable
220210_F2_run5,c-GC,95,40,1,1,0,1,2.0,0.16666666666666666,,,,unstable
220210_F2_run5,c-GC,95,41,2,1,1,1,2.0,0.3333333333333333,,,,unstable
220210_F2_run5,c-GC,95,45,1,1,0,1,2.0,0.16666666666666666,,,,unstable
220210_F2_run5,c-GC,95,56,1,1,0,1,2.0,0.16666666666666666,,,,unstable
220210_F2_run5,c-GC,95,58,2,1,0,1,3.0,0.16666666666666666,,,,lost
220210_F2_run5,c-GC,95,62,2,0,1,6,,0.16666666666666666,,,,unstable
220210_F2_run5,c-GC,95,64,1,1,0,1,2.0,0.16666666666666666,,,,unstable
220210_F2_run5,c-GC,95,73,1,1,1,3,4.0,0.3333333333333333,,,,unstable
220210_F2_run5,c-GC,95,94,1,1,0,1,2.0,0.16666666666666666,,,,unstable
220210_F2_run5,c-GC,95,103,1,1,0,1,2.0,0.16666666666666666,,,,unstable
220210_F2_run5,c-GC,95,105,1,1,0,1,2.0,0.16666666666666666,,,,unstable
220210_F2_run5,c-GC,95,109,4,0,1,4,,0.16666666666666666,,,,unstable
220210_F2_run5,c-GC,96,16,1,1,0,1,2.0,0.16666666666666666,,,,unstable
220210_F2_run5,c-GC,96,46,1,1,0,1,2.0,0.16666666666666666,,,,unstable
220210_F2_run5,c-GC,96,80,1,1,0,1,2.0,0.16666666666666666,,,,unstable
220210_F2_run5,c-GC,96,87,7,0,0,1,,0.0,,,,stable
220210_F2_run5,c-GC,97,30,4,0,1,4,,0.16666666666666666,,,,unstable
220210_F2_run5,c-GC,97,91,2,0,1,6,,0.16666666666666666,,,,unstable
220210_F2_run5,c-GC,97,117,1,1,1,5,6.0,0.3333333333333333,,,,unstable
220210_F2_run5,c-GC,97,130,1,1,0,1,2.0,0.16666666666666666,,,,unstable
220210_F2_run5,c-GC,97,157,1,1,0,1,2.0,0.16666666666666666,,,,unstable
220210_F2_run5,c-GC,98,61,1,1,0,1,2.0,0.16666666666666666,,,,unstable
220210_F2_run5,c-GC,99,28,1,0,1,7,,0.16666666666666666,,,,novel
220210_F2_run5,c-GC,99,84,6,1,1,1,3.0,0.3333333333333333,,,,unstable
220210_F2_run5,c-GC,100,112,2,2,1,1,2.0,0.5,,,,unstable
220210_F2_run5,c-GC,101,107,3,1,1,2,5.0,0.3333333333333333,,,,unstable
220210_F2_run5,c-GC,102,8,6,0,1,2,,0.16666666666666666,,,,unstable
220210_F2_run5,c-GC,102,15,2,2,2,4,5.0,0.6666666666666666,,,,unstable
220210_F2_run5,c-GC,102,37,7,0,0,1,,0.0,,,,stable
220210_F2_run5,c-GC,102,48,7,0,0,1,,0.0,,,,stable
220210_F2_run5,c-GC,102,49,5,2,1,1,5.0,0.5,,,,unstable
220210_F2_run5,c-GC,102,50,7,0,0,1,,0.0,,,,stable
220210_F2_run5,c-GC,102,56,6,0,1,2,,0.16666666666666666,,,,unstable
220210_F2_run5,c-GC,102,57,7,0,0,1,,0.0,,,,stable
220210_F2_run5,c-GC,102,63,1,0,1,7,,0.16666666666666666,,,,novel
220210_F2_run5,c-GC,102,66,2,0,1,6,,0.16666666666666666,,,,unstable
220210_F2_run5,c-GC,102,68,1,0,1,7,,0.16666666666666666,,,,novel
220210_F2_run5,c-GC,102,70,7,0,0,1,,0.0,,,,stable
220210_F2_run5,c-GC,102,74,6,1,1,1,2.0,0.3333333333333333,,,,unstable
220210_F2_run5,c-GC,102,85,1,1,0,1,2.0,0.16666666666666666,,,,unstable
220210_F2_run5,c-GC,102,89,3,2,2,3,5.0,0.6666666666666666,,,,unstable
220210_F2_run5,c-GC,102,109,4,1,2,3,4.0,0.5,,,,unstable
220210_F2_run5,c-GC,102,114,7,0,0,1,,0.0,,,,stable
220210_F2_run5,c-GC,102,120,1,1,0,1,2.0,0.16666666666666666,,,,unstable
220210_F2_run5,c-GC,102,135,2,1,1,2,4.0,0.3333333333333333,,,,unstable
220210_F2_run5,c-GC,102,147,6,0,1,2,,0.16666666666666666,,,,unstable
220210_F2_run5,c-GC,102,160,1,0,1,7,,0.16666666666666666,,,,novel
220210_F2_run5,c-GC,103,44,5,2,1,1,2.0,0.5,,,,unstable
220210_F2_run5,c-GC,103,46,3,3,2,1,2.0,0.8333333333333334,,,,unstable
220210_F2_run5,c-GC,103,49,1,1,0,1,2.0,0.16666666666666666,,,,unstable
220210_F2_run5,c-GC,103,50,2,1,0,1,3.0,0.16666666666666666,,,,lost
220210_F2_run5,c-GC,103,57,7,0,0,1,,0.0,,,,stable
220210_F2_run5,c-GC,103,94,1,1,0,1,2.0,0.16666666666666666,,,,unstable
220210_F2_run5,c-GC,103,95,1,1,0,1,2.0,0.16666666666666666,,,,unstable
220210_F2_run5,c-GC,103,105,4,1,1,1,3.0,0.3333333333333333,,,,unstable
220210_F2_run5,c-GC,103,107,1,1,0,1,2.0,0.16666666666666666,,,,unstable
220210_F2_run5,c-GC,103,114,4,0,1,4,,0.16666666666666666,,,,unstable
220210_F2_run5,c-GC,103,126,1,1,0,1,2.0,0.16666666666666666,,,,unstable
220210_F2_run5,c-GC,103,130,7,0,0,1,,0.0,,,,stable
220210_F2_run5,c-GC,103,133,1,1,0,1,2.0,0.16666666666666666,,,,unstable
220210_F2_run5,c-GC,103,164,7,0,0,1,,0.0,,,,stable
220210_F2_run5,c-GC,104,9,7,0,0,1,,0.0,,,,stable
220210_F2_run5,c-GC,104,10,3,1,1,4,7.0,0.3333333333333333,,,,unstable
220210_F2_run5,c-GC,104,13,2,1,2,4,5.0,0.5,,,,unstable
220210_F2_run5,c-GC,104,27,2,2,1,1,2.0,0.5,,,,unstable
220210_F2_run5,c-GC,104,31,5,0,1,3,,0.16666666666666666,,,,unstable
220210_F2_run5,c-GC,104,38,7,0,0,1,,0.0,,,,stable
220210_F2_run5,c-GC,104,39,7,0,0,1,,0.0,,,,stable
220210_F2_run5,c-GC,104,41,7,0,0,1,,0.0,,,,stable
220210_F2_run5,c-GC,104,42,7,0,0,1,,0.0,,,,stable
220210_F2_run5,c-GC,104,45,6,0,1,2,,0.16666666666666666,,,,unstable
220210_F2_run5,c-GC,104,55,1,0,1,7,,0.16666666666666666,,,,novel
220210_F2_run5,c-GC,104,57,3,1,1,3,6.0,0.3333333333333333,,,,unstable
220210_F2_run5,c-GC,104,67,1,1,1,5,6.0,0.3333333333333333,,,,unstable
220210_F2_run5,c-GC,104,73,5,1,0,1,6.0,0.16666666666666666,,,,lost
220210_F2_run5,c-GC,104,74,6,0,1,2,,0.16666666666666666,,,,unstable
220210_F2_run5,c-GC,104,86,7,0,0,1,,0.0,,,,stable
220210_F2_run5,c-GC,104,94,4,2,2,2,3.0,0.6666666666666666,,,,unstable
220210_F2_run5,c-GC,104,150,1,1,1,3,4.0,0.3333333333333333,,,,unstable
220210_F2_run5,c-GC,104,151,7,0,0,1,,0.0,,,,stable
220210_F2_run5,c-GC,104,157,4,0,1,4,,0.16666666666666666,,,,unstable
220210_F2_run5,c-GC,105,0,1,0,1,7,,0.16666666666666666,,,,novel
220210_F2_run5,c-GC,105,37,6,1,1,1,6.0,0.3333333333333333,,,,unstable
220210_F2_run5,c-GC,105,59,3,0,1,5,,0.16666666666666666,,,,unstable
220210_F2_run5,c-GC,105,64,4,0,1,4,,0.16666666666666666,,,,unstable
220210_F2_run5,c-GC,105,95,6,0,1,2,,0.16666666666666666,,,,unstable
220210_F2_run5,c-GC,105,136,3,0,1,5,,0.16666666666666666,,,,unstable
220210_F2_run5,c-GC,106,23,1,1,0,1,2.0,0.16666666666666666,,,,unstable
220210_F2_run5,c-GC,106,100,1,1,1,6,7.0,0.3333333333333333,,,,unstable
220210_F2_run5,c-GC,106,154,1,1,1,3,4.0,0.3333333333333333,,,,unstable
220210_F2_run5,c-GC,107,6,1,0,1,7,,0.16666666666666666,,,,novel
220210_F2_run5,c-GC,107,14,2,0,1,6,,0.16666666666666666,,,,unstable
220210_F2_run5,c-GC,107,15,1,1,0,1,2.0,0.16666666666666666,,,,unstable
220210_F2_run5,c-GC,107,46,1,1,0,1,2.0,0.16666666666666666,,,,unstable
220210_F2_run5,c-GC,107,103,1,1,0,1,2.0,0.16666666666666666,,,,unstable
220210_F2_run5,c-GC,107,125,1,1,0,1,2.0,0.16666666666666666,,,,unstable
220210_F2_run5,c-GC,107,132,1,0,1,7,,0.16666666666666666,,,,novel
220210_F2_run5,c-GC,107,134,1,1,0,1,2.0,0.16666666666666666,,,,unstable
220210_F2_run5,c-GC,108,1,4,2,3,2,3.0,0.8333333333333334,,,,unstable
220210_F2_run5,c-GC,108,15,7,0,0,1,,0.0,,,,stable
220210_F2_run5,c-GC,108,20,7,0,0,1,,0.0,,,,stable
220210_F2_run5,c-GC,108,38,7,0,0,1,,0.0,,,,stable
220210_F2_run5,c-GC,108,41,2,1,1,4,6.0,0.3333333333333333,,,,unstable
220210_F2_run5,c-GC,108,55,2,1,0,1,3.0,0.16666666666666666,,,,lost
220210_F2_run5,c-GC,108,64,6,0,1,2,,0.16666666666666666,,,,unstable
220210_F2_run5,c-GC,108,78,1,1,0,1,2.0,0.16666666666666666,,,,unstable
220210_F2_run5,c-GC,108,85,1,1,0,1,2.0,0.16666666666666666,,,,unstable
220210_F2_run5,c-GC,108,87,7,0,0,1,,0.0,,,,stable
220210_F2_run5,c-GC,108,89,1,1,0,1,2.0,0.16666666666666666,,,,unstable
220210_F2_run5,c-GC,108,120,3,1,1,1,2.0,0.3333333333333333,,,,unstable
220210_F2_run5,c-GC,109,0,1,1,0,1,2.0,0.16666666666666666,,,,unstable
220210_F2_run5,c-GC,109,1,1,1,0,1,2.0,0.16666666666666666,,,,unstable
220210_F2_run5,c-GC,109,3,1,1,0,1,2.0,0.16666666666666666,,,,unstable
220210_F2_run5,c-GC,109,5,2,1,0,1,3.0,0.16666666666666666,,,,lost
220210_F2_run5,c-GC,109,6,1,1,0,1,2.0,0.16666666666666666,,,,unstable
220210_F2_run5,c-GC,109,7,1,1,0,1,2.0,0.16666666666666666,,,,unstable
220210_F2_run5,c-GC,109,9,6,1,0,1,7.0,0.16666666666666666,,,,lost
220210_F2_run5,c-GC,109,10,4,1,0,1,5.0,0.16666666666666666,,,,lost
220210_F2_run5,c-GC,109,14,1,1,0,1,2.0,0.16666666666666666,,,,unstable
220210_F2_run5,c-GC,109,15,1,1,0,1,2.0,0.16666666666666666,,,,unstable
220210_F2_run5,c-GC,109,20,1,1,0,1,2.0,0.16666666666666666,,,,unstable
220210_F2_run5,c-GC,109,27,1,1,1,5,6.0,0.3333333333333333,,,,unstable
220210_F2_run5,c-GC,109,28,2,1,0,1,3.0,0.16666666666666666,,,,lost
220210_F2_run5,c-GC,109,34,1,1,0,1,2.0,0.16666666666666666,,,,unstable
220210_F2_run5,c-GC,109,35,1,1,0,1,2.0,0.16666666666666666,,,,unstable
220210_F2_run5,c-GC,109,38,6,1,1,1,5.0,0.3333333333333333,,,,unstable
220210_F2_run5,c-GC,109,39,3,1,0,1,4.0,0.16666666666666666,,,,lost
220210_F2_run5,c-GC,109,40,1,1,0,1,2.0,0.16666666666666666,,,,unstable
220210_F2_run5,c-GC,109,41,7,0,0,1,,0.0,,,,stable
220210_F2_run5,c-GC,109,42,1,1,0,1,2.0,0.16666666666666666,,,,unstable
220210_F2_run5,c-GC,109,45,1,1,0,1,2.0,0.16666666666666666,,,,unstable
220210_F2_run5,c-GC,109,50,1,1,0,1,2.0,0.16666666666666666,,,,unstable
220210_F2_run5,c-GC,109,52,7,0,0,1,,0.0,,,,stable
220210_F2_run5,c-GC,109,56,1,1,1,2,3.0,0.3333333333333333,,,,unstable
220210_F2_run5,c-GC,109,58,2,1,0,1,3.0,0.16666666666666666,,,,lost
220210_F2_run5,c-GC,109,66,7,0,0,1,,0.0,,,,stable
220210_F2_run5,c-GC,109,68,7,0,0,1,,0.0,,,,stable
220210_F2_run5,c-GC,109,70,3,1,0,1,4.0,0.16666666666666666,,,,lost
220210_F2_run5,c-GC,109,73,1,1,0,1,2.0,0.16666666666666666,,,,unstable
220210_F2_run5,c-GC,109,74,5,1,0,1,6.0,0.16666666666666666,,,,lost
220210_F2_run5,c-GC,109,80,1,1,0,1,2.0,0.16666666666666666,,,,unstable
220210_F2_run5,c-GC,109,86,6,1,0,1,7.0,0.16666666666666666,,,,lost
220210_F2_run5,c-GC,109,87,7,0,0,1,,0.0,,,,stable
220210_F2_run5,c-GC,109,91,1,1,1,2,3.0,0.3333333333333333,,,,unstable
220210_F2_run5,c-GC,109,94,7,0,0,1,,0.0,,,,stable
220210_F2_run5,c-GC,109,95,1,1,0,1,2.0,0.16666666666666666,,,,unstable
220210_F2_run5,c-GC,109,96,1,1,0,1,2.0,0.16666666666666666,,,,unstable
220210_F2_run5,c-GC,109,104,3,1,2,2,3.0,0.5,,,,unstable
220210_F2_run5,c-GC,109,114,1,1,0,1,2.0,0.16666666666666666,,,,unstable
220210_F2_run5,c-GC,109,127,1,1,0,1,2.0,0.16666666666666666,,,,unstable
220210_F2_run5,c-GC,109,144,1,1,0,1,2.0,0.16666666666666666,,,,unstable
220210_F2_run5,c-GC,110,44,1,1,0,1,2.0,0.16666666666666666,,,,unstable
220210_F2_run5,c-GC,110,80,1,1,0,1,2.0,0.16666666666666666,,,,unstable
220210_F2_run5,c-GC,110,105,2,2,1,1,2.0,0.5,,,,unstable
220210_F2_run5,c-GC,110,112,3,3,2,1,2.0,0.8333333333333334,,,,unstable
220210_F2_run5,c-GC,110,124,7,0,0,1,,0.0,,,,stable
220210_F2_run5,c-GC,110,127,1,1,0,1,2.0,0.16666666666666666,,,,unstable
220210_F2_run5,c-GC,110,156,2,2,1,1,2.0,0.5,,,,unstable
220210_F2_run5,c-GC,111,14,2,2,2,2,3.0,0.6666666666666666,,,,unstable
220210_F2_run5,c-GC,111,31,3,1,2,4,6.0,0.5,,,,unstable
220210_F2_run5,c-GC,111,55,1,1,0,1,2.0,0.16666666666666666,,,,unstable
220210_F2_run5,c-GC,111,84,7,0,0,1,,0.0,,,,stable
220210_F2_run5,c-GC,111,94,1,1,0,1,2.0,0.16666666666666666,,,,unstable
220210_F2_run5,c-GC,111,105,2,2,1,1,2.0,0.5,,,,unstable
220210_F2_run5,c-GC,111,132,1,1,1,6,7.0,0.3333333333333333,,,,unstable
220210_F2_run5,c-GC,112,8,1,1,1,2,3.0,0.3333333333333333,,,,unstable
220210_F2_run5,c-GC,112,60,2,0,1,6,,0.16666666666666666,,,,unstable
220210_F2_run5,c-GC,112,90,4,2,1,1,3.0,0.5,,,,unstable
220210_F2_run5,c-GC,112,93,1,1,0,1,2.0,0.16666666666666666,,,,unstable
220210_F2_run5,c-GC,112,116,2,2,1,1,2.0,0.5,,,,unstable
220210_F2_run5,c-GC,113,12,6,1,0,1,7.0,0.16666666666666666,,,,lost
220210_F2_run5,c-GC,113,26,5,1,2,2,3.0,0.5,,,,unstable
220210_F2_run5,c-GC,113,80,6,1,1,1,2.0,0.3333333333333333,,,,unstable
220210_F2_run5,c-GC,113,112,3,1,2,4,6.0,0.5,,,,unstable
220210_F2_run5,c-GC,113,118,4,0,1,4,,0.16666666666666666,,,,unstable
220210_F2_run5,c-GC,113,137,1,0,1,7,,0.16666666666666666,,,,novel
220210_F2_run5,c-GC,113,141,1,1,0,1,2.0,0.16666666666666666,,,,unstable
220210_F2_run5,c-GC,114,8,7,0,0,1,,0.0,,,,stable
220210_F2_run5,c-GC,114,37,7,0,0,1,,0.0,,,,stable
220210_F2_run5,c-GC,114,45,1,1,0,1,2.0,0.16666666666666666,,,,unstable
220210_F2_run5,c-GC,114,49,3,1,2,3,4.0,0.5,,,,unstable
220210_F2_run5,c-GC,114,50,2,1,0,1,3.0,0.16666666666666666,,,,lost
220210_F2_run5,c-GC,114,56,6,0,1,2,,0.16666666666666666,,,,unstable
220210_F2_run5,c-GC,114,57,6,0,1,2,,0.16666666666666666,,,,unstable
220210_F2_run5,c-GC,114,65,2,1,1,1,2.0,0.3333333333333333,,,,unstable
220210_F2_run5,c-GC,114,66,1,0,1,7,,0.16666666666666666,,,,novel
220210_F2_run5,c-GC,114,69,2,0,1,6,,0.16666666666666666,,,,unstable
220210_F2_run5,c-GC,114,70,6,0,1,2,,0.16666666666666666,,,,unstable
220210_F2_run5,c-GC,114,74,1,1,0,1,2.0,0.16666666666666666,,,,unstable
220210_F2_run5,c-GC,114,75,7,0,0,1,,0.0,,,,stable
220210_F2_run5,c-GC,114,89,7,0,0,1,,0.0,,,,stable
220210_F2_run5,c-GC,114,91,7,0,0,1,,0.0,,,,stable
220210_F2_run5,c-GC,114,99,1,1,0,1,2.0,0.16666666666666666,,,,unstable
220210_F2_run5,c-GC,114,102,7,0,0,1,,0.0,,,,stable
220210_F2_run5,c-GC,114,103,1,0,1,7,,0.16666666666666666,,,,novel
220210_F2_run5,c-GC,114,129,5,1,1,2,7.0,0.3333333333333333,,,,unstable
220210_F2_run5,c-GC,114,132,1,1,1,4,5.0,0.3333333333333333,,,,unstable
220210_F2_run5,c-GC,114,155,1,1,0,1,2.0,0.16666666666666666,,,,unstable
220210_F2_run5,c-GC,114,156,1,1,1,2,3.0,0.3333333333333333,,,,unstable
220210_F2_run5,c-GC,115,80,3,1,0,1,4.0,0.16666666666666666,,,,lost
220210_F2_run5,c-GC,115,108,1,1,0,1,2.0,0.16666666666666666,,,,unstable
220210_F2_run5,c-GC,115,113,1,1,0,1,2.0,0.16666666666666666,,,,unstable
220210_F2_run5,c-GC,116,1,2,1,1,4,6.0,0.3333333333333333,,,,unstable
220210_F2_run5,c-GC,116,24,6,0,1,2,,0.16666666666666666,,,,unstable
220210_F2_run5,c-GC,116,28,1,1,1,2,3.0,0.3333333333333333,,,,unstable
220210_F2_run5,c-GC,116,77,3,1,1,1,3.0,0.3333333333333333,,,,unstable
220210_F2_run5,c-GC,116,78,1,1,0,1,2.0,0.16666666666666666,,,,unstable
220210_F2_run5,c-GC,116,80,2,0,1,6,,0.16666666666666666,,,,unstable
220210_F2_run5,c-GC,116,82,2,2,2,2,3.0,0.6666666666666666,,,,unstable
220210_F2_run5,c-GC,116,93,5,2,1,1,5.0,0.5,,,,unstable
220210_F2_run5,c-GC,116,101,1,0,1,7,,0.16666666666666666,,,,novel
220210_F2_run5,c-GC,116,112,7,0,0,1,,0.0,,,,stable
220210_F2_run5,c-GC,116,125,2,1,2,5,6.0,0.5,,,,unstable
220210_F2_run5,c-GC,116,139,1,1,1,5,6.0,0.3333333333333333,,,,unstable
220210_F2_run5,c-GC,116,164,1,1,1,5,6.0,0.3333333333333333,,,,unstable
220210_F2_run5,c-GC,117,8,1,1,0,1,2.0,0.16666666666666666,,,,unstable
220210_F2_run5,c-GC,117,37,2,1,1,2,4.0,0.3333333333333333,,,,unstable
220210_F2_run5,c-GC,117,47,1,1,0,1,2.0,0.16666666666666666,,,,unstable
220210_F2_run5,c-GC,117,70,4,2,1,1,4.0,0.5,,,,unstable
220210_F2_run5,c-GC,117,83,1,0,1,7,,0.16666666666666666,,,,novel
220210_F2_run5,c-GC,117,88,4,1,2,2,4.0,0.5,,,,unstable
220210_F2_run5,c-GC,117,89,2,1,0,1,3.0,0.16666666666666666,,,,lost
220210_F2_run5,c-GC,117,124,1,1,1,2,3.0,0.3333333333333333,,,,unstable
220210_F2_run5,c-GC,117,137,3,1,2,4,5.0,0.5,,,,unstable
220210_F2_run5,c-GC,118,0,3,0,1,5,,0.16666666666666666,,,,unstable
220210_F2_run5,c-GC,118,15,1,0,1,7,,0.16666666666666666,,,,novel
220210_F2_run5,c-GC,118,22,1,1,0,1,2.0,0.16666666666666666,,,,unstable
220210_F2_run5,c-GC,118,45,4,3,2,1,2.0,0.8333333333333334,,,,unstable
220210_F2_run5,c-GC,118,48,7,0,0,1,,0.0,,,,stable
220210_F2_run5,c-GC,118,49,1,1,0,1,2.0,0.16666666666666666,,,,unstable
220210_F2_run5,c-GC,118,50,3,2,1,1,3.0,0.5,,,,unstable
220210_F2_run5,c-GC,118,56,4,1,2,2,5.0,0.5,,,,unstable
220210_F2_run5,c-GC,118,58,4,1,0,1,5.0,0.16666666666666666,,,,lost
220210_F2_run5,c-GC,118,62,7,0,0,1,,0.0,,,,stable
220210_F2_run5,c-GC,118,72,4,2,2,1,2.0,0.6666666666666666,,,,unstable
220210_F2_run5,c-GC,118,75,3,1,1,2,5.0,0.3333333333333333,,,,unstable
220210_F2_run5,c-GC,118,85,7,0,0,1,,0.0,,,,stable
220210_F2_run5,c-GC,118,88,6,1,0,1,7.0,0.16666666666666666,,,,lost
220210_F2_run5,c-GC,118,89,7,0,0,1,,0.0,,,,stable
220210_F2_run5,c-GC,118,91,6,0,1,2,,0.16666666666666666,,,,unstable
220210_F2_run5,c-GC,118,102,7,0,0,1,,0.0,,,,stable
220210_F2_run5,c-GC,118,107,1,1,0,1,2.0,0.16666666666666666,,,,unstable
220210_F2_run5,c-GC,118,109,5,1,2,2,6.0,0.5,,,,unstable
220210_F2_run5,c-GC,118,110,1,1,0,1,2.0,0.16666666666666666,,,,unstable
220210_F2_run5,c-GC,118,114,7,0,0,1,,0.0,,,,stable
220210_F2_run5,c-GC,118,130,6,1,1,1,6.0,0.3333333333333333,,,,unstable
220210_F2_run5,c-GC,118,133,7,0,0,1,,0.0,,,,stable
220210_F2_run5,c-GC,118,134,6,0,1,2,,0.16666666666666666,,,,unstable
220210_F2_run5,c-GC,118,135,5,2,2,1,2.0,0.6666666666666666,,,,unstable
220210_F2_run5,c-GC,118,136,1,1,0,1,2.0,0.16666666666666666,,,,unstable
220210_F2_run5,c-GC,118,140,3,2,1,1,3.0,0.5,,,,unstable
220210_F2_run5,c-GC,118,143,1,1,0,1,2.0,0.16666666666666666,,,,unstable
220210_F2_run5,c-GC,118,156,7,0,0,1,,0.0,,,,stable
220210_F2_run5,c-GC,118,157,1,1,0,1,2.0,0.16666666666666666,,,,unstable
220210_F2_run5,c-GC,119,34,1,1,1,3,4.0,0.3333333333333333,,,,unstable
220210_F2_run5,c-GC,119,44,1,1,1,2,3.0,0.3333333333333333,,,,unstable
220210_F2_run5,c-GC,119,50,2,1,0,1,3.0,0.16666666666666666,,,,lost
220210_F2_run5,c-GC,119,58,4,0,1,4,,0.16666666666666666,,,,unstable
220210_F2_run5,c-GC,119,67,2,1,1,5,7.0,0.3333333333333333,,,,unstable
220210_F2_run5,c-GC,119,68,4,1,1,3,7.0,0.3333333333333333,,,,unstable
220210_F2_run5,c-GC,119,71,1,0,1,7,,0.16666666666666666,,,,novel
220210_F2_run5,c-GC,119,88,3,0,1,5,,0.16666666666666666,,,,unstable
220210_F2_run5,c-GC,119,109,4,1,0,1,5.0,0.16666666666666666,,,,lost
220210_F2_run5,c-GC,119,138,2,2,2,2,3.0,0.6666666666666666,,,,unstable
220210_F2_run5,c-GC,119,164,3,1,2,2,3.0,0.5,,,,unstable
220210_F2_run5,c-GC,120,7,1,1,0,1,2.0,0.16666666666666666,,,,unstable
220210_F2_run5,c-GC,120,23,1,0,1,7,,0.16666666666666666,,,,novel
220210_F2_run5,c-GC,120,46,1,1,1,6,7.0,0.3333333333333333,,,,unstable
220210_F2_run5,c-GC,120,59,4,1,1,1,2.0,0.3333333333333333,,,,unstable
220210_F2_run5,c-GC,120,63,1,1,0,1,2.0,0.16666666666666666,,,,unstable
220210_F2_run5,c-GC,120,88,2,1,0,1,3.0,0.16666666666666666,,,,lost
220210_F2_run5,c-GC,120,129,1,1,0,1,2.0,0.16666666666666666,,,,unstable
220210_F2_run5,c-GC,120,134,5,1,1,1,3.0,0.3333333333333333,,,,unstable
220210_F2_run5,c-GC,121,136,2,1,2,3,4.0,0.5,,,,unstable
220210_F2_run5,c-GC,121,156,2,0,1,6,,0.16666666666666666,,,,unstable
220210_F2_run5,c-GC,122,126,1,1,0,1,2.0,0.16666666666666666,,,,unstable
220210_F2_run5,c-GC,123,151,1,1,0,1,2.0,0.16666666666666666,,,,unstable
220210_F2_run5,c-GC,124,7,5,0,1,3,,0.16666666666666666,,,,unstable
220210_F2_run5,c-GC,124,8,2,1,2,5,6.0,0.5,,,,unstable
220210_F2_run5,c-GC,124,22,2,1,2,2,3.0,0.5,,,,unstable
220210_F2_run5,c-GC,124,26,5,0,1,3,,0.16666666666666666,,,,unstable
220210_F2_run5,c-GC,124,28,5,1,2,2,5.0,0.5,,,,unstable
220210_F2_run5,c-GC,124,45,6,0,1,2,,0.16666666666666666,,,,unstable
220210_F2_run5,c-GC,124,46,2,1,1,2,4.0,0.3333333333333333,,,,unstable
220210_F2_run5,c-GC,124,48,5,1,1,2,7.0,0.3333333333333333,,,,unstable
220210_F2_run5,c-GC,124,59,1,0,1,7,,0.16666666666666666,,,,novel
220210_F2_run5,c-GC,124,62,1,1,1,2,3.0,0.3333333333333333,,,,unstable
220210_F2_run5,c-GC,124,75,1,1,1,4,5.0,0.3333333333333333,,,,unstable
220210_F2_run5,c-GC,124,83,7,0,0,1,,0.0,,,,stable
220210_F2_run5,c-GC,124,85,6,0,1,2,,0.16666666666666666,,,,unstable
220210_F2_run5,c-GC,124,88,1,1,1,5,6.0,0.3333333333333333,,,,unstable
220210_F2_run5,c-GC,124,102,6,0,1,2,,0.16666666666666666,,,,unstable
220210_F2_run5,c-GC,124,108,1,1,1,2,3.0,0.3333333333333333,,,,unstable
220210_F2_run5,c-GC,124,118,3,0,1,5,,0.16666666666666666,,,,unstable
220210_F2_run5,c-GC,124,125,5,0,1,3,,0.16666666666666666,,,,unstable
220210_F2_run5,c-GC,124,126,7,0,0,1,,0.0,,,,stable
220210_F2_run5,c-GC,124,134,5,1,1,2,7.0,0.3333333333333333,,,,unstable
220210_F2_run5,c-GC,124,135,5,0,1,3,,0.16666666666666666,,,,unstable
220210_F2_run5,c-GC,124,136,6,0,1,2,,0.16666666666666666,,,,unstable
220210_F2_run5,c-GC,124,140,1,1,1,5,6.0,0.3333333333333333,,,,unstable
220210_F2_run5,c-GC,124,154,6,0,1,2,,0.16666666666666666,,,,unstable
220210_F2_run5,c-GC,125,7,1,1,1,4,5.0,0.3333333333333333,,,,unstable
220210_F2_run5,c-GC,125,24,1,0,1,7,,0.16666666666666666,,,,novel
220210_F2_run5,c-GC,125,25,4,0,1,4,,0.16666666666666666,,,,unstable
220210_F2_run5,c-GC,125,43,1,0,1,7,,0.16666666666666666,,,,novel
220210_F2_run5,c-GC,125,45,3,0,1,5,,0.16666666666666666,,,,unstable
220210_F2_run5,c-GC,125,48,1,1,1,2,3.0,0.3333333333333333,,,,unstable
220210_F2_run5,c-GC,125,51,1,0,1,7,,0.16666666666666666,,,,novel
220210_F2_run5,c-GC,125,60,1,1,1,4,5.0,0.3333333333333333,,,,unstable
220210_F2_run5,c-GC,125,62,7,0,0,1,,0.0,,,,stable
220210_F2_run5,c-GC,125,65,1,0,1,7,,0.16666666666666666,,,,novel
220210_F2_run5,c-GC,125,95,4,2,2,2,5.0,0.6666666666666666,,,,unstable
220210_F2_run5,c-GC,125,102,1,1,1,4,5.0,0.3333333333333333,,,,unstable
220210_F2_run5,c-GC,125,118,4,1,1,2,6.0,0.3333333333333333,,,,unstable
220210_F2_run5,c-GC,125,124,1,1,1,3,4.0,0.3333333333333333,,,,unstable
220210_F2_run5,c-GC,125,134,5,0,1,3,,0.16666666666666666,,,,unstable
220210_F2_run5,c-GC,125,135,3,1,2,4,6.0,0.5,,,,unstable
220210_F2_run5,c-GC,125,137,6,0,1,2,,0.16666666666666666,,,,unstable
220210_F2_run5,c-GC,125,140,2,2,2,2,3.0,0.6666666666666666,,,,unstable
220210_F2_run5,c-GC,125,149,2,1,1,1,2.0,0.3333333333333333,,,,unstable
220210_F2_run5,c-GC,125,156,6,0,1,2,,0.16666666666666666,,,,unstable
220210_F2_run5,c-GC,126,62,1,1,1,6,7.0,0.3333333333333333,,,,unstable
220210_F2_run5,c-GC,127,7,1,1,1,4,5.0,0.3333333333333333,,,,unstable
220210_F2_run5,c-GC,127,39,4,2,2,2,3.0,0.6666666666666666,,,,unstable
220210_F2_run5,c-GC,127,42,7,0,0,1,,0.0,,,,stable
220210_F2_run5,c-GC,127,44,6,0,1,2,,0.16666666666666666,,,,unstable
220210_F2_run5,c-GC,127,51,1,1,0,1,2.0,0.16666666666666666,,,,unstable
220210_F2_run5,c-GC,127,56,2,1,0,1,3.0,0.16666666666666666,,,,lost
220210_F2_run5,c-GC,127,64,1,1,0,1,2.0,0.16666666666666666,,,,unstable
220210_F2_run5,c-GC,127,78,1,1,0,1,2.0,0.16666666666666666,,,,unstable
220210_F2_run5,c-GC,127,79,1,1,1,5,6.0,0.3333333333333333,,,,unstable
220210_F2_run5,c-GC,127,80,1,1,0,1,2.0,0.16666666666666666,,,,unstable
220210_F2_run5,c-GC,127,88,1,1,0,1,2.0,0.16666666666666666,,,,unstable
220210_F2_run5,c-GC,127,96,2,2,2,3,4.0,0.6666666666666666,,,,unstable
220210_F2_run5,c-GC,127,104,1,1,0,1,2.0,0.16666666666666666,,,,unstable
220210_F2_run5,c-GC,128,30,3,1,2,3,4.0,0.5,,,,unstable
220210_F2_run5,c-GC,128,38,3,1,2,4,6.0,0.5,,,,unstable
220210_F2_run5,c-GC,128,109,1,0,1,7,,0.16666666666666666,,,,novel
220210_F2_run5,c-GC,128,143,1,1,1,4,5.0,0.3333333333333333,,,,unstable
220210_F2_run5,c-GC,129,10,2,0,1,6,,0.16666666666666666,,,,unstable
220210_F2_run5,c-GC,129,30,1,1,0,1,2.0,0.16666666666666666,,,,unstable
220210_F2_run5,c-GC,129,40,2,2,2,3,4.0,0.6666666666666666,,,,unstable
220210_F2_run5,c-GC,129,44,1,1,0,1,2.0,0.16666666666666666,,,,unstable
220210_F2_run5,c-GC,129,71,1,1,0,1,2.0,0.16666666666666666,,,,unstable
220210_F2_run5,c-GC,129,80,1,1,0,1,2.0,0.16666666666666666,,,,unstable
220210_F2_run5,c-GC,129,120,1,1,0,1,2.0,0.16666666666666666,,,,unstable
220210_F2_run5,c-GC,129,133,3,1,2,3,4.0,0.5,,,,unstable
220210_F2_run5,c-GC,130,6,6,1,1,1,6.0,0.3333333333333333,,,,unstable
220210_F2_run5,c-GC,130,10,1,0,1,7,,0.16666666666666666,,,,novel
220210_F2_run5,c-GC,130,11,7,0,0,1,,0.0,,,,stable
220210_F2_run5,c-GC,130,28,1,1,1,2,3.0,0.3333333333333333,,,,unstable
220210_F2_run5,c-GC,130,31,7,0,0,1,,0.0,,,,stable
220210_F2_run5,c-GC,130,37,2,2,2,2,3.0,0.6666666666666666,,,,unstable
220210_F2_run5,c-GC,130,40,7,0,0,1,,0.0,,,,stable
220210_F2_run5,c-GC,130,42,1,1,0,1,2.0,0.16666666666666666,,,,unstable
220210_F2_run5,c-GC,130,44,7,0,0,1,,0.0,,,,stable
220210_F2_run5,c-GC,130,57,4,1,0,1,5.0,0.16666666666666666,,,,lost
220210_F2_run5,c-GC,130,59,2,0,1,6,,0.16666666666666666,,,,unstable
220210_F2_run5,c-GC,130,61,7,0,0,1,,0.0,,,,stable
220210_F2_run5,c-GC,130,62,7,0,0,1,,0.0,,,,stable
220210_F2_run5,c-GC,130,64,5,0,1,3,,0.16666666666666666,,,,unstable
220210_F2_run5,c-GC,130,65,2,1,0,1,3.0,0.16666666666666666,,,,lost
220210_F2_run5,c-GC,130,72,3,0,1,5,,0.16666666666666666,,,,unstable
220210_F2_run5,c-GC,130,94,7,0,0,1,,0.0,,,,stable
220210_F2_run5,c-GC,130,105,7,0,0,1,,0.0,,,,stable
220210_F2_run5,c-GC,130,118,6,0,1,2,,0.16666666666666666,,,,unstable
220210_F2_run5,c-GC,130,128,1,1,0,1,2.0,0.16666666666666666,,,,unstable
220210_F2_run5,c-GC,130,132,1,1,0,1,2.0,0.16666666666666666,,,,unstable
220210_F2_run5,c-GC,130,133,7,0,0,1,,0.0,,,,stable
220210_F2_run5,c-GC,130,134,1,1,1,4,5.0,0.3333333333333333,,,,unstable
220210_F2_run5,c-GC,130,144,1,0,1,7,,0.16666666666666666,,,,novel
220210_F2_run5,c-GC,130,151,7,0,0,1,,0.0,,,,stable
220210_F2_run5,c-GC,130,152,7,0,0,1,,0.0,,,,stable
220210_F2_run5,c-GC,130,154,7,0,0,1,,0.0,,,,stable
220210_F2_run5,c-GC,130,157,1,1,0,1,2.0,0.16666666666666666,,,,unstable
220210_F2_run5,c-GC,131,63,6,1,1,1,5.0,0.3333333333333333,,,,unstable
220210_F2_run5,c-GC,131,77,3,1,0,1,4.0,0.16666666666666666,,,,lost
220210_F2_run5,c-GC,131,107,4,1,2,3,5.0,0.5,,,,unstable
220210_F2_run5,c-GC,131,108,7,0,0,1,,0.0,,,,stable
220210_F2_run5,c-GC,131,119,5,1,0,1,6.0,0.16666666666666666,,,,lost
220210_F2_run5,c-GC,131,154,1,0,1,7,,0.16666666666666666,,,,novel
220210_F2_run5,c-GC,131,156,1,1,1,4,5.0,0.3333333333333333,,,,unstable
220210_F2_run5,c-GC,131,160,6,1,1,1,4.0,0.3333333333333333,,,,unstable
220210_F2_run5,c-GC,132,0,7,0,0,1,,0.0,,,,stable
220210_F2_run5,c-GC,132,6,6,1,1,1,3.0,0.3333333333333333,,,,unstable
220210_F2_run5,c-GC,132,28,2,0,1,6,,0.16666666666666666,,,,unstable
220210_F2_run5,c-GC,132,57,4,1,2,3,5.0,0.5,,,,unstable
220210_F2_run5,c-GC,132,62,1,1,0,1,2.0,0.16666666666666666,,,,unstable
220210_F2_run5,c-GC,132,85,6,1,0,1,7.0,0.16666666666666666,,,,lost
220210_F2_run5,c-GC,132,89,1,0,1,7,,0.16666666666666666,,,,novel
220210_F2_run5,c-GC,132,94,3,1,0,1,4.0,0.16666666666666666,,,,lost
220210_F2_run5,c-GC,132,103,5,1,0,1,6.0,0.16666666666666666,,,,lost
220210_F2_run5,c-GC,132,109,2,1,1,2,4.0,0.3333333333333333,,,,unstable
220210_F2_run5,c-GC,132,114,2,0,1,6,,0.16666666666666666,,,,unstable
220210_F2_run5,c-GC,132,121,1,1,0,1,2.0,0.16666666666666666,,,,unstable
220210_F2_run5,c-GC,132,130,5,1,0,1,6.0,0.16666666666666666,,,,lost
220210_F2_run5,c-GC,132,134,2,1,0,1,3.0,0.16666666666666666,,,,lost
220210_F2_run5,c-GC,132,164,2,1,1,2,4.0,0.3333333333333333,,,,unstable
220210_F2_run5,c-GC,133,7,3,2,1,1,3.0,0.5,,,,unstable
220210_F2_run5,c-GC,133,9,1,0,1,7,,0.16666666666666666,,,,novel
220210_F2_run5,c-GC,133,10,1,0,1,7,,0.16666666666666666,,,,novel
220210_F2_run5,c-GC,133,30,2,1,1,5,7.0,0.3333333333333333,,,,unstable
220210_F2_run5,c-GC,133,31,5,1,0,1,6.0,0.16666666666666666,,,,lost
220210_F2_run5,c-GC,133,45,6,0,1,2,,0.16666666666666666,,,,unstable
220210_F2_run5,c-GC,133,49,1,1,0,1,2.0,0.16666666666666666,,,,unstable
220210_F2_run5,c-GC,133,50,1,1,0,1,2.0,0.16666666666666666,,,,unstable
220210_F2_run5,c-GC,133,62,5,0,1,3,,0.16666666666666666,,,,unstable
220210_F2_run5,c-GC,133,66,3,0,1,5,,0.16666666666666666,,,,unstable
220210_F2_run5,c-GC,133,70,3,0,1,5,,0.16666666666666666,,,,unstable
220210_F2_run5,c-GC,133,75,5,1,2,2,4.0,0.5,,,,unstable
220210_F2_run5,c-GC,133,87,3,1,1,4,7.0,0.3333333333333333,,,,unstable
220210_F2_run5,c-GC,133,91,5,1,1,1,3.0,0.3333333333333333,,,,unstable
220210_F2_run5,c-GC,133,105,6,0,1,2,,0.16666666666666666,,,,unstable
220210_F2_run5,c-GC,133,114,1,1,1,6,7.0,0.3333333333333333,,,,unstable
220210_F2_run5,c-GC,133,118,1,1,0,1,2.0,0.16666666666666666,,,,unstable
220210_F2_run5,c-GC,133,124,4,1,2,3,4.0,0.5,,,,unstable
220210_F2_run5,c-GC,133,130,4,1,1,3,7.0,0.3333333333333333,,,,unstable
220210_F2_run5,c-GC,133,134,5,0,1,3,,0.16666666666666666,,,,unstable
220210_F2_run5,c-GC,133,141,2,1,1,3,5.0,0.3333333333333333,,,,unstable
220210_F2_run5,c-GC,133,151,7,0,0,1,,0.0,,,,stable
220210_F2_run5,c-GC,133,152,3,1,2,3,5.0,0.5,,,,unstable
220210_F2_run5,c-GC,133,154,6,1,1,1,6.0,0.3333333333333333,,,,unstable
220210_F2_run5,c-GC,133,157,6,0,1,2,,0.16666666666666666,,,,unstable
220210_F2_run5,c-GC,133,158,2,2,1,1,2.0,0.5,,,,unstable
220210_F2_run5,c-GC,134,43,6,0,1,2,,0.16666666666666666,,,,unstable
220210_F2_run5,c-GC,134,45,4,2,2,2,5.0,0.6666666666666666,,,,unstable
220210_F2_run5,c-GC,134,46,4,1,1,2,6.0,0.3333333333333333,,,,unstable
220210_F2_run5,c-GC,134,48,4,0,1,4,,0.16666666666666666,,,,unstable
220210_F2_run5,c-GC,134,73,2,1,1,2,4.0,0.3333333333333333,,,,unstable
220210_F2_run5,c-GC,134,75,4,0,1,4,,0.16666666666666666,,,,unstable
220210_F2_run5,c-GC,134,78,1,1,0,1,2.0,0.16666666666666666,,,,unstable
220210_F2_run5,c-GC,134,79,3,0,1,5,,0.16666666666666666,,,,unstable
220210_F2_run5,c-GC,134,88,6,0,1,2,,0.16666666666666666,,,,unstable
220210_F2_run5,c-GC,134,102,6,0,1,2,,0.16666666666666666,,,,unstable
220210_F2_run5,c-GC,134,103,4,1,2,3,4.0,0.5,,,,unstable
220210_F2_run5,c-GC,134,107,1,1,0,1,2.0,0.16666666666666666,,,,unstable
220210_F2_run5,c-GC,134,111,4,0,1,4,,0.16666666666666666,,,,unstable
220210_F2_run5,c-GC,134,118,2,1,1,3,5.0,0.3333333333333333,,,,unstable
220210_F2_run5,c-GC,134,124,6,1,0,1,7.0,0.16666666666666666,,,,lost
220210_F2_run5,c-GC,134,125,2,1,2,5,6.0,0.5,,,,unstable
220210_F2_run5,c-GC,134,127,5,1,1,2,7.0,0.3333333333333333,,,,unstable
220210_F2_run5,c-GC,134,132,4,1,1,3,7.0,0.3333333333333333,,,,unstable
220210_F2_run5,c-GC,134,133,2,1,1,5,7.0,0.3333333333333333,,,,unstable
220210_F2_run5,c-GC,134,135,5,0,1,3,,0.16666666666666666,,,,unstable
220210_F2_run5,c-GC,134,140,6,0,1,2,,0.16666666666666666,,,,unstable
220210_F2_run5,c-GC,134,143,3,0,1,5,,0.16666666666666666,,,,unstable
220210_F2_run5,c-GC,134,154,6,0,1,2,,0.16666666666666666,,,,unstable
220210_F2_run5,c-GC,134,156,3,1,2,4,6.0,0.5,,,,unstable
220210_F2_run5,c-GC,134,164,6,0,1,2,,0.16666666666666666,,,,unstable
220210_F2_run5,c-GC,135,25,5,2,2,1,3.0,0.6666666666666666,,,,unstable
220210_F2_run5,c-GC,135,37,1,1,0,1,2.0,0.16666666666666666,,,,unstable
220210_F2_run5,c-GC,135,45,7,0,0,1,,0.0,,,,stable
220210_F2_run5,c-GC,135,48,4,2,1,1,4.0,0.5,,,,unstable
220210_F2_run5,c-GC,135,50,1,1,1,6,7.0,0.3333333333333333,,,,unstable
220210_F2_run5,c-GC,135,62,1,1,0,1,2.0,0.16666666666666666,,,,unstable
220210_F2_run5,c-GC,135,75,5,1,1,1,5.0,0.3333333333333333,,,,unstable
220210_F2_run5,c-GC,135,76,1,1,0,1,2.0,0.16666666666666666,,,,unstable
220210_F2_run5,c-GC,135,81,1,1,1,2,3.0,0.3333333333333333,,,,unstable
220210_F2_run5,c-GC,135,85,4,1,0,1,5.0,0.16666666666666666,,,,lost
220210_F2_run5,c-GC,135,102,4,1,1,1,4.0,0.3333333333333333,,,,unstable
220210_F2_run5,c-GC,135,103,6,1,1,1,6.0,0.3333333333333333,,,,unstable
220210_F2_run5,c-GC,135,112,3,2,2,2,3.0,0.6666666666666666,,,,unstable
220210_F2_run5,c-GC,135,124,2,1,0,1,3.0,0.16666666666666666,,,,lost
220210_F2_run5,c-GC,135,125,7,0,0,1,,0.0,,,,stable
220210_F2_run5,c-GC,135,126,7,0,0,1,,0.0,,,,stable
220210_F2_run5,c-GC,135,134,7,0,0,1,,0.0,,,,stable
220210_F2_run5,c-GC,135,137,1,1,0,1,2.0,0.16666666666666666,,,,unstable
220210_F2_run5,c-GC,135,140,3,1,1,1,3.0,0.3333333333333333,,,,unstable
220210_F2_run5,c-GC,135,154,6,1,1,1,2.0,0.3333333333333333,,,,unstable
220210_F2_run5,c-GC,135,156,5,2,2,1,3.0,0.6666666666666666,,,,unstable
220210_F2_run5,c-GC,136,62,7,0,0,1,,0.0,,,,stable
220210_F2_run5,c-GC,136,98,6,1,0,1,7.0,0.16666666666666666,,,,lost
220210_F2_run5,c-GC,136,103,1,0,1,7,,0.16666666666666666,,,,novel
220210_F2_run5,c-GC,136,124,1,1,0,1,2.0,0.16666666666666666,,,,unstable
220210_F2_run5,c-GC,136,154,7,0,0,1,,0.0,,,,stable
220210_F2_run5,c-GC,136,156,6,0,1,2,,0.16666666666666666,,,,unstable
220210_F2_run5,c-GC,137,9,1,1,1,3,4.0,0.3333333333333333,,,,unstable
220210_F2_run5,c-GC,137,12,1,1,1,5,6.0,0.3333333333333333,,,,unstable
220210_F2_run5,c-GC,137,37,5,1,1,1,2.0,0.3333333333333333,,,,unstable
220210_F2_run5,c-GC,137,50,3,1,2,3,4.0,0.5,,,,unstable
220210_F2_run5,c-GC,137,62,7,0,0,1,,0.0,,,,stable
220210_F2_run5,c-GC,137,89,2,1,1,2,4.0,0.3333333333333333,,,,unstable
220210_F2_run5,c-GC,137,95,5,0,1,3,,0.16666666666666666,,,,unstable
220210_F2_run5,c-GC,137,114,5,1,1,1,4.0,0.3333333333333333,,,,unstable
220210_F2_run5,c-GC,137,124,1,1,0,1,2.0,0.16666666666666666,,,,unstable
220210_F2_run5,c-GC,137,125,1,1,0,1,2.0,0.16666666666666666,,,,unstable
220210_F2_run5,c-GC,137,134,4,2,1,1,2.0,0.5,,,,unstable
220210_F2_run5,c-GC,137,136,1,1,0,1,2.0,0.16666666666666666,,,,unstable
220210_F2_run5,c-GC,137,140,6,1,1,1,6.0,0.3333333333333333,,,,unstable
220210_F2_run5,c-GC,137,144,2,1,1,3,5.0,0.3333333333333333,,,,unstable
220210_F2_run5,c-GC,137,154,7,0,0,1,,0.0,,,,stable
220210_F2_run5,c-GC,137,155,4,2,3,2,3.0,0.8333333333333334,,,,unstable
220210_F2_run5,c-GC,138,53,1,1,1,3,4.0,0.3333333333333333,,,,unstable
220210_F2_run5,c-GC,138,96,1,1,0,1,2.0,0.16666666666666666,,,,unstable
220210_F2_run5,c-GC,138,140,1,1,0,1,2.0,0.16666666666666666,,,,unstable
220210_F2_run5,c-GC,139,0,2,1,1,4,6.0,0.3333333333333333,,,,unstable
220210_F2_run5,c-GC,139,14,3,0,1,5,,0.16666666666666666,,,,unstable
220210_F2_run5,c-GC,139,105,1,0,1,7,,0.16666666666666666,,,,novel
220210_F2_run5,c-GC,139,124,1,1,0,1,2.0,0.16666666666666666,,,,unstable
220210_F2_run5,c-GC,139,131,7,0,0,1,,0.0,,,,stable
220210_F2_run5,c-GC,140,7,6,0,1,2,,0.16666666666666666,,,,unstable
220210_F2_run5,c-GC,140,9,6,0,1,2,,0.16666666666666666,,,,unstable
220210_F2_run5,c-GC,140,23,1,0,1,7,,0.16666666666666666,,,,novel
220210_F2_run5,c-GC,140,24,5,0,1,3,,0.16666666666666666,,,,unstable
220210_F2_run5,c-GC,140,25,1,1,0,1,2.0,0.16666666666666666,,,,unstable
220210_F2_run5,c-GC,140,38,1,1,1,5,6.0,0.3333333333333333,,,,unstable
220210_F2_run5,c-GC,140,41,1,1,1,5,6.0,0.3333333333333333,,,,unstable
220210_F2_run5,c-GC,140,42,7,0,0,1,,0.0,,,,stable
220210_F2_run5,c-GC,140,44,7,0,0,1,,0.0,,,,stable
220210_F2_run5,c-GC,140,47,4,1,0,1,5.0,0.16666666666666666,,,,lost
220210_F2_run5,c-GC,140,48,6,0,1,2,,0.16666666666666666,,,,unstable
220210_F2_run5,c-GC,140,50,6,1,0,1,7.0,0.16666666666666666,,,,lost
220210_F2_run5,c-GC,140,53,6,0,1,2,,0.16666666666666666,,,,unstable
220210_F2_run5,c-GC,140,60,1,1,1,2,3.0,0.3333333333333333,,,,unstable
220210_F2_run5,c-GC,140,62,4,1,0,1,5.0,0.16666666666666666,,,,lost
220210_F2_run5,c-GC,140,63,7,0,0,1,,0.0,,,,stable
220210_F2_run5,c-GC,140,64,4,1,0,1,5.0,0.16666666666666666,,,,lost
220210_F2_run5,c-GC,140,73,2,1,1,2,4.0,0.3333333333333333,,,,unstable
220210_F2_run5,c-GC,140,95,4,1,1,2,6.0,0.3333333333333333,,,,unstable
220210_F2_run5,c-GC,140,98,3,1,1,4,7.0,0.3333333333333333,,,,unstable
220210_F2_run5,c-GC,140,107,1,1,1,2,3.0,0.3333333333333333,,,,unstable
220210_F2_run5,c-GC,140,112,1,1,1,5,6.0,0.3333333333333333,,,,unstable
220210_F2_run5,c-GC,140,125,2,2,2,2,3.0,0.6666666666666666,,,,unstable
220210_F2_run5,c-GC,140,127,6,0,1,2,,0.16666666666666666,,,,unstable
220210_F2_run5,c-GC,140,130,1,1,1,2,3.0,0.3333333333333333,,,,unstable
220210_F2_run5,c-GC,140,157,1,1,1,2,3.0,0.3333333333333333,,,,unstable
220210_F2_run5,c-GC,140,160,4,1,0,1,5.0,0.16666666666666666,,,,lost
220210_F2_run5,c-GC,140,162,1,1,0,1,2.0,0.16666666666666666,,,,unstable
220210_F2_run5,c-GC,140,163,2,1,0,1,3.0,0.16666666666666666,,,,lost
220210_F2_run5,c-GC,140,164,5,0,1,3,,0.16666666666666666,,,,unstable
220210_F2_run5,c-GC,141,10,1,1,0,1,2.0,0.16666666666666666,,,,unstable
220210_F2_run5,c-GC,141,28,1,1,0,1,2.0,0.16666666666666666,,,,unstable
220210_F2_run5,c-GC,141,29,3,2,1,1,2.0,0.5,,,,unstable
220210_F2_run5,c-GC,141,65,2,0,1,6,,0.16666666666666666,,,,unstable
220210_F2_run5,c-GC,141,66,5,2,1,1,3.0,0.5,,,,unstable
220210_F2_run5,c-GC,141,89,1,1,1,2,3.0,0.3333333333333333,,,,unstable
220210_F2_run5,c-GC,141,91,1,1,0,1,2.0,0.16666666666666666,,,,unstable
220210_F2_run5,c-GC,141,98,1,1,0,1,2.0,0.16666666666666666,,,,unstable
220210_F2_run5,c-GC,141,107,1,1,0,1,2.0,0.16666666666666666,,,,unstable
220210_F2_run5,c-GC,141,111,3,2,2,1,2.0,0.6666666666666666,,,,unstable
220210_F2_run5,c-GC,141,122,2,0,1,6,,0.16666666666666666,,,,unstable
220210_F2_run5,c-GC,141,129,1,1,1,5,6.0,0.3333333333333333,,,,unstable
220210_F2_run5,c-GC,141,143,2,1,1,1,2.0,0.3333333333333333,,,,unstable
220210_F2_run5,c-GC,141,148,1,1,0,1,2.0,0.16666666666666666,,,,unstable
220210_F2_run5,c-GC,141,164,1,1,0,1,2.0,0.16666666666666666,,,,unstable
220210_F2_run5,c-GC,142,62,3,1,2,2,4.0,0.5,,,,unstable
220210_F2_run5,c-GC,142,76,4,1,1,1,4.0,0.3333333333333333,,,,unstable
220210_F2_run5,c-GC,142,107,5,1,1,1,4.0,0.3333333333333333,,,,unstable
220210_F2_run5,c-GC,142,133,1,1,1,6,7.0,0.3333333333333333,,,,unstable
220210_F2_run5,c-GC,142,136,1,0,1,7,,0.16666666666666666,,,,novel
220210_F2_run5,c-GC,143,2,3,1,2,3,4.0,0.5,,,,unstable
220210_F2_run5,c-GC,143,31,5,0,1,3,,0.16666666666666666,,,,unstable
220210_F2_run5,c-GC,143,44,1,0,1,7,,0.16666666666666666,,,,novel
220210_F2_run5,c-GC,143,105,1,1,0,1,2.0,0.16666666666666666,,,,unstable
220210_F2_run5,c-GC,143,106,1,0,1,7,,0.16666666666666666,,,,novel
220210_F2_run5,c-GC,143,121,1,1,1,2,3.0,0.3333333333333333,,,,unstable
220210_F2_run5,c-GC,143,139,1,1,0,1,2.0,0.16666666666666666,,,,unstable
220210_F2_run5,c-GC,143,141,1,1,0,1,2.0,0.16666666666666666,,,,unstable
220210_F2_run5,c-GC,143,146,1,1,0,1,2.0,0.16666666666666666,,,,unstable
220210_F2_run5,c-GC,144,3,6,0,1,2,,0.16666666666666666,,,,unstable
220210_F2_run5,c-GC,144,9,6,0,1,2,,0.16666666666666666,,,,unstable
220210_F2_run5,c-GC,144,13,7,0,0,1,,0.0,,,,stable
220210_F2_run5,c-GC,144,20,6,0,1,2,,0.16666666666666666,,,,unstable
220210_F2_run5,c-GC,144,41,6,0,1,2,,0.16666666666666666,,,,unstable
220210_F2_run5,c-GC,144,66,6,0,1,2,,0.16666666666666666,,,,unstable
220210_F2_run5,c-GC,144,67,7,0,0,1,,0.0,,,,stable
220210_F2_run5,c-GC,144,73,6,0,1,2,,0.16666666666666666,,,,unstable
220210_F2_run5,c-GC,144,79,1,1,1,6,7.0,0.3333333333333333,,,,unstable
220210_F2_run5,c-GC,144,86,7,0,0,1,,0.0,,,,stable
220210_F2_run5,c-GC,144,94,1,1,1,2,3.0,0.3333333333333333,,,,unstable
220210_F2_run5,c-GC,144,104,6,0,1,2,,0.16666666666666666,,,,unstable
220210_F2_run5,c-GC,144,128,2,1,1,5,7.0,0.3333333333333333,,,,unstable
220210_F2_run5,c-GC,144,147,5,0,1,3,,0.16666666666666666,,,,unstable
220210_F2_run5,c-GC,144,151,7,0,0,1,,0.0,,,,stable
220210_F2_run5,c-GC,144,152,3,0,1,5,,0.16666666666666666,,,,unstable
220210_F2_run5,c-GC,144,154,1,1,1,5,6.0,0.3333333333333333,,,,unstable
220210_F2_run5,c-GC,145,34,2,1,0,1,3.0,0.16666666666666666,,,,lost
220210_F2_run5,c-GC,145,42,4,0,1,4,,0.16666666666666666,,,,unstable
220210_F2_run5,c-GC,145,121,1,1,0,1,2.0,0.16666666666666666,,,,unstable
220210_F2_run5,c-GC,145,130,7,0,0,1,,0.0,,,,stable
220210_F2_run5,c-GC,145,151,5,1,1,2,7.0,0.3333333333333333,,,,unstable
220210_F2_run5,c-GC,146,82,1,1,0,1,2.0,0.16666666666666666,,,,unstable
220210_F2_run5,c-GC,146,116,2,0,1,6,,0.16666666666666666,,,,unstable
220210_F2_run5,c-GC,147,58,1,1,1,6,7.0,0.3333333333333333,,,,unstable
220210_F2_run5,c-GC,147,66,4,1,0,1,5.0,0.16666666666666666,,,,lost
220210_F2_run5,c-GC,147,78,5,0,1,3,,0.16666666666666666,,,,unstable
220210_F2_run5,c-GC,147,88,5,2,2,1,3.0,0.6666666666666666,,,,unstable
220210_F2_run5,c-GC,148,26,2,1,2,3,4.0,0.5,,,,unstable
220210_F2_run5,c-GC,148,49,1,1,0,1,2.0,0.16666666666666666,,,,unstable
220210_F2_run5,c-GC,148,158,1,1,0,1,2.0,0.16666666666666666,,,,unstable
220210_F2_run5,c-GC,149,69,4,2,2,2,4.0,0.6666666666666666,,,,unstable
220210_F2_run5,c-GC,149,75,2,2,1,1,2.0,0.5,,,,unstable
220210_F2_run5,c-GC,149,117,6,0,1,2,,0.16666666666666666,,,,unstable
220210_F2_run5,c-GC,150,30,1,0,1,7,,0.16666666666666666,,,,novel
220210_F2_run5,c-GC,150,49,4,2,2,1,2.0,0.6666666666666666,,,,unstable
220210_F2_run5,c-GC,150,69,1,1,0,1,2.0,0.16666666666666666,,,,unstable
220210_F2_run5,c-GC,150,94,4,2,1,1,4.0,0.5,,,,unstable
220210_F2_run5,c-GC,150,108,5,1,0,1,6.0,0.16666666666666666,,,,lost
220210_F2_run5,c-GC,150,115,2,1,1,3,5.0,0.3333333333333333,,,,unstable
220210_F2_run5,c-GC,150,130,7,0,0,1,,0.0,,,,stable
220210_F2_run5,c-GC,150,155,1,1,0,1,2.0,0.16666666666666666,,,,unstable
220210_F2_run5,c-GC,150,156,1,1,0,1,2.0,0.16666666666666666,,,,unstable
220210_F2_run5,c-GC,150,157,1,1,0,1,2.0,0.16666666666666666,,,,unstable
220210_F2_run5,c-GC,151,0,4,0,1,4,,0.16666666666666666,,,,unstable
220210_F2_run5,c-GC,151,6,7,0,0,1,,0.0,,,,stable
220210_F2_run5,c-GC,151,30,3,1,1,1,2.0,0.3333333333333333,,,,unstable
220210_F2_run5,c-GC,151,31,3,3,2,1,2.0,0.8333333333333334,,,,unstable
220210_F2_run5,c-GC,151,36,5,1,1,1,3.0,0.3333333333333333,,,,unstable
220210_F2_run5,c-GC,151,40,1,1,1,6,7.0,0.3333333333333333,,,,unstable
220210_F2_run5,c-GC,151,44,1,0,1,7,,0.16666666666666666,,,,novel
220210_F2_run5,c-GC,151,55,1,1,0,1,2.0,0.16666666666666666,,,,unstable
220210_F2_run5,c-GC,151,67,4,1,2,3,5.0,0.5,,,,unstable
220210_F2_run5,c-GC,151,73,1,1,1,2,3.0,0.3333333333333333,,,,unstable
220210_F2_run5,c-GC,151,87,7,0,0,1,,0.0,,,,stable
220210_F2_run5,c-GC,151,123,2,0,1,6,,0.16666666666666666,,,,unstable
220210_F2_run5,c-GC,151,130,2,1,0,1,3.0,0.16666666666666666,,,,lost
220210_F2_run5,c-GC,151,131,1,1,0,1,2.0,0.16666666666666666,,,,unstable
220210_F2_run5,c-GC,151,152,5,1,1,1,2.0,0.3333333333333333,,,,unstable
220210_F2_run5,c-GC,151,155,1,1,0,1,2.0,0.16666666666666666,,,,unstable
220210_F2_run5,c-GC,151,157,1,1,0,1,2.0,0.16666666666666666,,,,unstable
220210_F2_run5,c-GC,152,1,1,0,1,7,,0.16666666666666666,,,,novel
220210_F2_run5,c-GC,152,6,7,0,0,1,,0.0,,,,stable
220210_F2_run5,c-GC,152,10,5,1,2,2,6.0,0.5,,,,unstable
220210_F2_run5,c-GC,152,13,7,0,0,1,,0.0,,,,stable
220210_F2_run5,c-GC,152,23,4,1,2,2,4.0,0.5,,,,unstable
220210_F2_run5,c-GC,152,24,5,2,1,1,5.0,0.5,,,,unstable
220210_F2_run5,c-GC,152,36,7,0,0,1,,0.0,,,,stable
220210_F2_run5,c-GC,152,39,2,1,0,1,3.0,0.16666666666666666,,,,lost
220210_F2_run5,c-GC,152,42,7,0,0,1,,0.0,,,,stable
220210_F2_run5,c-GC,152,44,6,0,1,2,,0.16666666666666666,,,,unstable
220210_F2_run5,c-GC,152,52,1,1,1,6,7.0,0.3333333333333333,,,,unstable
220210_F2_run5,c-GC,152,65,1,1,1,3,4.0,0.3333333333333333,,,,unstable
220210_F2_run5,c-GC,152,67,1,1,0,1,2.0,0.16666666666666666,,,,unstable
220210_F2_run5,c-GC,152,74,7,0,0,1,,0.0,,,,stable
220210_F2_run5,c-GC,152,79,1,1,1,6,7.0,0.3333333333333333,,,,unstable
220210_F2_run5,c-GC,152,91,2,1,1,3,5.0,0.3333333333333333,,,,unstable
220210_F2_run5,c-GC,152,95,6,1,1,1,4.0,0.3333333333333333,,,,unstable
220210_F2_run5,c-GC,152,104,2,2,2,3,4.0,0.6666666666666666,,,,unstable
220210_F2_run5,c-GC,152,117,4,1,2,3,4.0,0.5,,,,unstable
220210_F2_run5,c-GC,152,131,1,1,1,3,4.0,0.3333333333333333,,,,unstable
220210_F2_run5,c-GC,152,153,1,1,0,1,2.0,0.16666666666666666,,,,unstable
220210_F2_run5,c-GC,153,10,2,1,1,3,5.0,0.3333333333333333,,,,unstable
220210_F2_run5,c-GC,153,62,1,1,1,5,6.0,0.3333333333333333,,,,unstable
220210_F2_run5,c-GC,153,72,6,0,1,2,,0.16666666666666666,,,,unstable
220210_F2_run5,c-GC,153,81,1,1,1,2,3.0,0.3333333333333333,,,,unstable
220210_F2_run5,c-GC,153,119,1,1,0,1,2.0,0.16666666666666666,,,,unstable
220210_F2_run5,c-GC,153,131,1,0,1,7,,0.16666666666666666,,,,novel
220210_F2_run5,c-GC,153,151,5,1,1,1,3.0,0.3333333333333333,,,,unstable
220210_F2_run5,c-GC,154,12,1,1,0,1,2.0,0.16666666666666666,,,,unstable
220210_F2_run5,c-GC,154,45,7,0,0,1,,0.0,,,,stable
220210_F2_run5,c-GC,154,48,7,0,0,1,,0.0,,,,stable
220210_F2_run5,c-GC,154,50,1,0,1,7,,0.16666666666666666,,,,novel
220210_F2_run5,c-GC,154,59,2,1,0,1,3.0,0.16666666666666666,,,,lost
220210_F2_run5,c-GC,154,60,7,0,0,1,,0.0,,,,stable
220210_F2_run5,c-GC,154,77,1,0,1,7,,0.16666666666666666,,,,novel
220210_F2_run5,c-GC,154,78,4,1,1,1,2.0,0.3333333333333333,,,,unstable
220210_F2_run5,c-GC,154,80,7,0,0,1,,0.0,,,,stable
220210_F2_run5,c-GC,154,83,7,0,0,1,,0.0,,,,stable
220210_F2_run5,c-GC,154,85,7,0,0,1,,0.0,,,,stable
220210_F2_run5,c-GC,154,88,7,0,0,1,,0.0,,,,stable
220210_F2_run5,c-GC,154,102,3,0,1,5,,0.16666666666666666,,,,unstable
220210_F2_run5,c-GC,154,112,4,2,1,1,4.0,0.5,,,,unstable
220210_F2_run5,c-GC,154,115,1,0,1,7,,0.16666666666666666,,,,novel
220210_F2_run5,c-GC,154,116,7,0,0,1,,0.0,,,,stable
220210_F2_run5,c-GC,154,118,7,0,0,1,,0.0,,,,stable
220210_F2_run5,c-GC,154,120,2,2,1,1,2.0,0.5,,,,unstable
220210_F2_run5,c-GC,154,124,7,0,0,1,,0.0,,,,stable
220210_F2_run5,c-GC,154,125,7,0,0,1,,0.0,,,,stable
220210_F2_run5,c-GC,154,126,6,1,1,1,3.0,0.3333333333333333,,,,unstable
220210_F2_run5,c-GC,154,130,7,0,0,1,,0.0,,,,stable
220210_F2_run5,c-GC,154,131,1,1,1,5,6.0,0.3333333333333333,,,,unstable
220210_F2_run5,c-GC,154,133,1,1,1,6,7.0,0.3333333333333333,,,,unstable
220210_F2_run5,c-GC,154,134,7,0,0,1,,0.0,,,,stable
220210_F2_run5,c-GC,154,135,7,0,0,1,,0.0,,,,stable
220210_F2_run5,c-GC,154,136,7,0,0,1,,0.0,,,,stable
220210_F2_run5,c-GC,154,137,7,0,0,1,,0.0,,,,stable
220210_F2_run5,c-GC,154,140,6,0,1,2,,0.16666666666666666,,,,unstable
220210_F2_run5,c-GC,154,142,7,0,0,1,,0.0,,,,stable
220210_F2_run5,c-GC,154,156,7,0,0,1,,0.0,,,,stable
220210_F2_run5,c-GC,154,157,6,0,1,2,,0.16666666666666666,,,,unstable
220210_F2_run5,c-GC,154,160,5,1,0,1,6.0,0.16666666666666666,,,,lost
220210_F2_run5,c-GC,154,163,2,1,2,2,3.0,0.5,,,,unstable
220210_F2_run5,c-GC,154,164,7,0,0,1,,0.0,,,,stable
220210_F2_run5,c-GC,155,22,7,0,0,1,,0.0,,,,stable
220210_F2_run5,c-GC,155,34,1,0,1,7,,0.16666666666666666,,,,novel
220210_F2_run5,c-GC,155,37,4,3,2,1,2.0,0.8333333333333334,,,,unstable
220210_F2_run5,c-GC,155,60,2,1,2,4,5.0,0.5,,,,unstable
220210_F2_run5,c-GC,155,61,1,1,1,6,7.0,0.3333333333333333,,,,unstable
220210_F2_run5,c-GC,155,92,5,0,1,3,,0.16666666666666666,,,,unstable
220210_F2_run5,c-GC,155,102,6,1,0,1,7.0,0.16666666666666666,,,,lost
220210_F2_run5,c-GC,155,108,3,0,1,5,,0.16666666666666666,,,,unstable
220210_F2_run5,c-GC,155,113,6,0,1,2,,0.16666666666666666,,,,unstable
220210_F2_run5,c-GC,155,120,7,0,0,1,,0.0,,,,stable
220210_F2_run5,c-GC,155,133,1,1,1,6,7.0,0.3333333333333333,,,,unstable
220210_F2_run5,c-GC,155,136,7,0,0,1,,0.0,,,,stable
220210_F2_run5,c-GC,155,141,1,1,1,6,7.0,0.3333333333333333,,,,unstable
220210_F2_run5,c-GC,155,146,1,1,1,6,7.0,0.3333333333333333,,,,unstable
220210_F2_run5,c-GC,155,151,3,1,0,1,4.0,0.16666666666666666,,,,lost
220210_F2_run5,c-GC,155,154,2,1,0,1,3.0,0.16666666666666666,,,,lost
220210_F2_run5,c-GC,155,156,6,1,1,1,6.0,0.3333333333333333,,,,unstable
220210_F2_run5,c-GC,155,157,1,1,0,1,2.0,0.16666666666666666,,,,unstable
220210_F2_run5,c-GC,156,64,2,1,0,1,3.0,0.16666666666666666,,,,lost
220210_F2_run5,c-GC,156,88,2,1,1,3,5.0,0.3333333333333333,,,,unstable
220210_F2_run5,c-GC,156,102,3,2,1,1,2.0,0.5,,,,unstable
220210_F2_run5,c-GC,156,113,2,2,2,3,4.0,0.6666666666666666,,,,unstable
220210_F2_run5,c-GC,156,114,7,0,0,1,,0.0,,,,stable
220210_F2_run5,c-GC,156,124,4,0,1,4,,0.16666666666666666,,,,unstable
220210_F2_run5,c-GC,156,135,2,2,2,3,4.0,0.6666666666666666,,,,unstable
220210_F2_run5,c-GC,156,154,6,0,1,2,,0.16666666666666666,,,,unstable
220210_F2_run5,c-GC,156,155,1,1,1,6,7.0,0.3333333333333333,,,,unstable
220210_F2_run5,c-GC,156,160,2,1,1,2,4.0,0.3333333333333333,,,,unstable
220210_F2_run5,c-GC,157,23,1,1,0,1,2.0,0.16666666666666666,,,,unstable
220210_F2_run5,c-GC,157,25,4,1,1,1,2.0,0.3333333333333333,,,,unstable
220210_F2_run5,c-GC,157,38,6,0,1,2,,0.16666666666666666,,,,unstable
220210_F2_run5,c-GC,157,44,6,1,0,1,7.0,0.16666666666666666,,,,lost
220210_F2_run5,c-GC,157,62,2,2,1,1,2.0,0.5,,,,unstable
220210_F2_run5,c-GC,157,74,1,0,1,7,,0.16666666666666666,,,,novel
220210_F2_run5,c-GC,157,97,3,2,1,1,3.0,0.5,,,,unstable
220210_F2_run5,c-GC,157,103,1,1,0,1,2.0,0.16666666666666666,,,,unstable
220210_F2_run5,c-GC,157,107,5,1,1,1,2.0,0.3333333333333333,,,,unstable
220210_F2_run5,c-GC,157,109,3,0,1,5,,0.16666666666666666,,,,unstable
220210_F2_run5,c-GC,157,118,1,1,0,1,2.0,0.16666666666666666,,,,unstable
220210_F2_run5,c-GC,157,154,2,2,1,1,2.0,0.5,,,,unstable
220210_F2_run5,c-GC,158,83,1,0,1,7,,0.16666666666666666,,,,novel
220210_F2_run5,c-GC,158,98,1,1,0,1,2.0,0.16666666666666666,,,,unstable
220210_F2_run5,c-GC,159,16,2,0,1,6,,0.16666666666666666,,,,unstable
220210_F2_run5,c-GC,159,28,1,1,0,1,2.0,0.16666666666666666,,,,unstable
220210_F2_run5,c-GC,159,89,1,1,0,1,2.0,0.16666666666666666,,,,unstable
220210_F2_run5,c-GC,159,121,6,1,0,1,7.0,0.16666666666666666,,,,lost
220210_F2_run5,c-GC,160,63,7,0,0,1,,0.0,,,,stable
220210_F2_run5,c-GC,160,77,2,0,1,6,,0.16666666666666666,,,,unstable
220210_F2_run5,c-GC,160,110,2,0,1,6,,0.16666666666666666,,,,unstable
220210_F2_run5,c-GC,160,137,4,1,2,3,4.0,0.5,,,,unstable
220210_F2_run5,c-GC,160,164,2,2,2,3,4.0,0.6666666666666666,,,,unstable
220210_F2_run5,c-GC,161,48,7,0,0,1,,0.0,,,,stable
220210_F2_run5,c-GC,161,60,2,2,2,3,4.0,0.6666666666666666,,,,unstable
220210_F2_run5,c-GC,161,79,1,1,0,1,2.0,0.16666666666666666,,,,unstable
220210_F2_run5,c-GC,161,111,1,1,0,1,2.0,0.16666666666666666,,,,unstable
220210_F2_run5,c-GC,161,118,1,1,1,4,5.0,0.3333333333333333,,,,unstable
220210_F2_run5,c-GC,161,140,5,1,1,1,4.0,0.3333333333333333,,,,unstable
220210_F2_run5,c-GC,161,160,3,1,1,1,2.0,0.3333333333333333,,,,unstable
220210_F2_run5,c-GC,161,164,6,1,1,1,5.0,0.3333333333333333,,,,unstable
220210_F2_run5,c-GC,162,106,1,1,0,1,2.0,0.16666666666666666,,,,unstable
220210_F2_run5,c-GC,162,164,1,1,0,1,2.0,0.16666666666666666,,,,unstable
220210_F2_run5,c-GC,164,10,5,1,2,2,6.0,0.5,,,,unstable
220210_F2_run5,c-GC,164,22,1,1,0,1,2.0,0.16666666666666666,,,,unstable
220210_F2_run5,c-GC,164,43,1,1,0,1,2.0,0.16666666666666666,,,,unstable
220210_F2_run5,c-GC,164,50,7,0,0,1,,0.0,,,,stable
220210_F2_run5,c-GC,164,63,2,2,2,2,3.0,0.6666666666666666,,,,unstable
220210_F2_run5,c-GC,164,85,5,2,1,1,2.0,0.5,,,,unstable
220210_F2_run5,c-GC,164,93,3,0,1,5,,0.16666666666666666,,,,unstable
220210_F2_run5,c-GC,164,108,2,1,0,1,3.0,0.16666666666666666,,,,lost
220210_F2_run5,c-GC,164,118,6,0,1,2,,0.16666666666666666,,,,unstable
220210_F2_run5,c-GC,164,124,3,0,1,5,,0.16666666666666666,,,,unstable
220210_F2_run5,c-GC,164,126,4,1,1,1,2.0,0.3333333333333333,,,,unstable
220210_F2_run5,c-GC,164,134,4,1,2,3,4.0,0.5,,,,unstable
220210_F2_run5,c-GC,164,137,1,1,0,1,2.0,0.16666666666666666,,,,unstable
220210_F2_run5,c-GC,164,142,1,1,1,4,5.0,0.3333333333333333,,,,unstable
220210_F2_run5,c-GC,164,147,1,1,0,1,2.0,0.16666666666666666,,,,unstable
220210_F2_run5,c-GC,164,156,6,1,1,1,4.0,0.3333333333333333,,,,unstable
220210_F2_run5,c-GC,164,160,4,1,1,3,7.0,0.3333333333333333,,,,unstable
220119_F2_run11,c-GC-star,0,1,6,1,1,1,6.0,0.3333333333333333,,,,unstable
220119_F2_run11,c-GC-star,0,27,1,1,1,6,7.0,0.3333333333333333,,,,unstable
220119_F2_run11,c-GC-star,0,49,3,2,1,1,2.0,0.5,,,,unstable
220119_F2_run11,c-GC-star,1,3,7,0,0,1,,0.0,,,,stable
220119_F2_run11,c-GC-star,1,7,1,1,0,1,2.0,0.16666666666666666,,,,unstable
220119_F2_run11,c-GC-star,1,11,6,0,1,2,,0.16666666666666666,,,,unstable
220119_F2_run11,c-GC-star,1,13,4,1,2,3,4.0,0.5,,,,unstable
220119_F2_run11,c-GC-star,1,14,3,2,2,3,5.0,0.6666666666666666,,,,unstable
220119_F2_run11,c-GC-star,1,18,5,2,1,1,5.0,0.5,,,,unstable
220119_F2_run11,c-GC-star,1,20,7,0,0,1,,0.0,,,,stable
220119_F2_run11,c-GC-star,1,50,4,2,1,1,2.0,0.5,,,,unstable
220119_F2_run11,c-GC-star,1,57,6,1,1,1,2.0,0.3333333333333333,,,,unstable
220119_F2_run11,c-GC-star,1,69,7,0,0,1,,0.0,,,,stable
220119_F2_run11,c-GC-star,1,71,7,0,0,1,,0.0,,,,stable
220119_F2_run11,c-GC-star,1,98,6,1,1,1,3.0,0.3333333333333333,,,,unstable
220119_F2_run11,c-GC-star,2,9,3,1,1,1,3.0,0.3333333333333333,,,,unstable
220119_F2_run11,c-GC-star,2,28,2,2,1,1,2.0,0.5,,,,unstable
220119_F2_run11,c-GC-star,2,30,1,1,0,1,2.0,0.16666666666666666,,,,unstable
220119_F2_run11,c-GC-star,2,76,2,1,0,1,3.0,0.16666666666666666,,,,lost
220119_F2_run11,c-GC-star,2,79,1,1,0,1,2.0,0.16666666666666666,,,,unstable
220119_F2_run11,c-GC-star,3,0,7,0,0,1,,0.0,,,,stable
220119_F2_run11,c-GC-star,3,1,7,0,0,1,,0.0,,,,stable
220119_F2_run11,c-GC-star,3,7,4,1,1,1,2.0,0.3333333333333333,,,,unstable
220119_F2_run11,c-GC-star,3,11,7,0,0,1,,0.0,,,,stable
220119_F2_run11,c-GC-star,3,12,6,1,0,1,7.0,0.16666666666666666,,,,lost
220119_F2_run11,c-GC-star,3,13,1,0,1,7,,0.16666666666666666,,,,novel
220119_F2_run11,c-GC-star,3,14,2,1,1,5,7.0,0.3333333333333333,,,,unstable
220119_F2_run11,c-GC-star,3,18,4,1,1,1,2.0,0.3333333333333333,,,,unstable
220119_F2_run11,c-GC-star,3,20,6,1,1,1,6.0,0.3333333333333333,,,,unstable
220119_F2_run11,c-GC-star,3,37,3,1,0,1,4.0,0.16666666666666666,,,,lost
220119_F2_run11,c-GC-star,3,69,6,1,1,1,5.0,0.3333333333333333,,,,unstable
220119_F2_run11,c-GC-star,3,71,2,1,1,3,5.0,0.3333333333333333,,,,unstable
220119_F2_run11,c-GC-star,4,8,4,2,1,1,3.0,0.5,,,,unstable
220119_F2_run11,c-GC-star,4,12,6,1,1,1,5.0,0.3333333333333333,,,,unstable
220119_F2_run11,c-GC-star,4,15,1,1,0,1,2.0,0.16666666666666666,,,,unstable
220119_F2_run11,c-GC-star,4,29,5,1,0,1,6.0,0.16666666666666666,,,,lost
220119_F2_run11,c-GC-star,4,43,2,1,1,1,2.0,0.3333333333333333,,,,unstable
220119_F2_run11,c-GC-star,4,59,4,1,2,3,5.0,0.5,,,,unstable
220119_F2_run11,c-GC-star,4,62,2,1,0,1,3.0,0.16666666666666666,,,,lost
220119_F2_run11,c-GC-star,4,98,1,1,1,2,3.0,0.3333333333333333,,,,unstable
220119_F2_run11,c-GC-star,5,20,2,2,1,1,2.0,0.5,,,,unstable
220119_F2_run11,c-GC-star,5,33,7,0,0,1,,0.0,,,,stable
220119_F2_run11,c-GC-star,5,41,2,1,2,5,6.0,0.5,,,,unstable
220119_F2_run11,c-GC-star,5,62,4,2,2,2,4.0,0.6666666666666666,,,,unstable
220119_F2_run11,c-GC-star,5,78,2,2,1,1,2.0,0.5,,,,unstable
220119_F2_run11,c-GC-star,6,27,2,1,0,1,3.0,0.16666666666666666,,,,lost
220119_F2_run11,c-GC-star,7,1,6,1,1,1,5.0,0.3333333333333333,,,,unstable
220119_F2_run11,c-GC-star,7,11,7,0,0,1,,0.0,,,,stable
220119_F2_run11,c-GC-star,7,26,1,1,0,1,2.0,0.16666666666666666,,,,unstable
220119_F2_run11,c-GC-star,7,29,6,1,1,1,6.0,0.3333333333333333,,,,unstable
220119_F2_run11,c-GC-star,8,4,7,0,0,1,,0.0,,,,stable
220119_F2_run11,c-GC-star,8,11,7,0,0,1,,0.0,,,,stable
220119_F2_run11,c-GC-star,8,34,1,1,1,4,5.0,0.3333333333333333,,,,unstable
220119_F2_run11,c-GC-star,8,63,1,1,0,1,2.0,0.16666666666666666,,,,unstable
220119_F2_run11,c-GC-star,8,72,2,2,1,1,2.0,0.5,,,,unstable
220119_F2_run11,c-GC-star,8,79,1,1,0,1,2.0,0.16666666666666666,,,,unstable
220119_F2_run11,c-GC-star,9,2,7,0,0,1,,0.0,,,,stable
220119_F2_run11,c-GC-star,9,16,3,0,1,5,,0.16666666666666666,,,,unstable
220119_F2_run11,c-GC-star,9,21,7,0,0,1,,0.0,,,,stable
220119_F2_run11,c-GC-star,9,28,6,1,1,1,3.0,0.3333333333333333,,,,unstable
220119_F2_run11,c-GC-star,9,30,7,0,0,1,,0.0,,,,stable
220119_F2_run11,c-GC-star,9,42,7,0,0,1,,0.0,,,,stable
220119_F2_run11,c-GC-star,9,53,1,1,0,1,2.0,0.16666666666666666,,,,unstable
220119_F2_run11,c-GC-star,9,57,1,0,1,7,,0.16666666666666666,,,,novel
220119_F2_run11,c-GC-star,9,59,6,0,1,2,,0.16666666666666666,,,,unstable
220119_F2_run11,c-GC-star,9,66,7,0,0,1,,0.0,,,,stable
220119_F2_run11,c-GC-star,9,74,4,2,3,2,3.0,0.8333333333333334,,,,unstable
220119_F2_run11,c-GC-star,9,76,5,1,1,1,3.0,0.3333333333333333,,,,unstable
220119_F2_run11,c-GC-star,9,80,7,0,0,1,,0.0,,,,stable
220119_F2_run11,c-GC-star,9,81,1,1,0,1,2.0,0.16666666666666666,,,,unstable
220119_F2_run11,c-GC-star,10,72,1,1,0,1,2.0,0.16666666666666666,,,,unstable
220119_F2_run11,c-GC-star,11,1,7,0,0,1,,0.0,,,,stable
220119_F2_run11,c-GC-star,11,3,7,0,0,1,,0.0,,,,stable
220119_F2_run11,c-GC-star,11,4,4,2,2,2,3.0,0.6666666666666666,,,,unstable
220119_F2_run11,c-GC-star,11,12,2,1,0,1,3.0,0.16666666666666666,,,,lost
220119_F2_run11,c-GC-star,11,13,7,0,0,1,,0.0,,,,stable
220119_F2_run11,c-GC-star,11,15,7,0,0,1,,0.0,,,,stable
220119_F2_run11,c-GC-star,11,18,5,2,2,1,4.0,0.6666666666666666,,,,unstable
220119_F2_run11,c-GC-star,11,19,6,0,1,2,,0.16666666666666666,,,,unstable
220119_F2_run11,c-GC-star,11,20,6,1,0,1,7.0,0.16666666666666666,,,,lost
220119_F2_run11,c-GC-star,11,26,5,1,0,1,6.0,0.16666666666666666,,,,lost
220119_F2_run11,c-GC-star,11,29,7,0,0,1,,0.0,,,,stable
220119_F2_run11,c-GC-star,11,73,2,1,0,1,3.0,0.16666666666666666,,,,lost
220119_F2_run11,c-GC-star,11,79,1,1,1,2,3.0,0.3333333333333333,,,,unstable
220119_F2_run11,c-GC-star,11,96,1,0,1,7,,0.16666666666666666,,,,novel
220119_F2_run11,c-GC-star,12,1,1,1,0,1,2.0,0.16666666666666666,,,,unstable
220119_F2_run11,c-GC-star,12,4,7,0,0,1,,0.0,,,,stable
220119_F2_run11,c-GC-star,12,8,1,1,0,1,2.0,0.16666666666666666,,,,unstable
220119_F2_run11,c-GC-star,12,18,2,1,2,4,5.0,0.5,,,,unstable
220119_F2_run11,c-GC-star,12,29,7,0,0,1,,0.0,,,,stable
220119_F2_run11,c-GC-star,12,31,2,0,1,6,,0.16666666666666666,,,,unstable
220119_F2_run11,c-GC-star,12,33,4,1,2,3,4.0,0.5,,,,unstable
220119_F2_run11,c-GC-star,12,36,1,1,1,6,7.0,0.3333333333333333,,,,unstable
220119_F2_run11,c-GC-star,12,40,1,1,0,1,2.0,0.16666666666666666,,,,unstable
220119_F2_run11,c-GC-star,12,41,1,1,0,1,2.0,0.16666666666666666,,,,unstable
220119_F2_run11,c-GC-star,12,43,3,1,1,1,2.0,0.3333333333333333,,,,unstable
220119_F2_run11,c-GC-star,12,44,5,0,1,3,,0.16666666666666666,,,,unstable
220119_F2_run11,c-GC-star,12,59,1,1,0,1,2.0,0.16666666666666666,,,,unstable
220119_F2_run11,c-GC-star,13,0,1,1,0,1,2.0,0.16666666666666666,,,,unstable
220119_F2_run11,c-GC-star,13,1,6,1,0,1,7.0,0.16666666666666666,,,,lost
220119_F2_run11,c-GC-star,13,3,6,1,1,1,5.0,0.3333333333333333,,,,unstable
220119_F2_run11,c-GC-star,13,7,1,1,0,1,2.0,0.16666666666666666,,,,unstable
220119_F2_run11,c-GC-star,13,11,7,0,0,1,,0.0,,,,stable
220119_F2_run11,c-GC-star,13,15,6,1,0,1,7.0,0.16666666666666666,,,,lost
220119_F2_run11,c-GC-star,13,17,3,2,1,1,3.0,0.5,,,,unstable
220119_F2_run11,c-GC-star,13,18,6,1,1,1,2.0,0.3333333333333333,,,,unstable
220119_F2_run11,c-GC-star,13,19,7,0,0,1,,0.0,,,,stable
220119_F2_run11,c-GC-star,13,20,7,0,0,1,,0.0,,,,stable
220119_F2_run11,c-GC-star,13,23,7,0,0,1,,0.0,,,,stable
220119_F2_run11,c-GC-star,13,24,2,1,0,1,3.0,0.16666666666666666,,,,lost
220119_F2_run11,c-GC-star,13,26,7,0,0,1,,0.0,,,,stable
220119_F2_run11,c-GC-star,13,34,1,1,0,1,2.0,0.16666666666666666,,,,unstable
220119_F2_run11,c-GC-star,13,40,4,1,1,1,3.0,0.3333333333333333,,,,unstable
220119_F2_run11,c-GC-star,13,51,1,1,0,1,2.0,0.16666666666666666,,,,unstable
220119_F2_run11,c-GC-star,13,57,7,0,0,1,,0.0,,,,stable
220119_F2_run11,c-GC-star,13,62,1,1,0,1,2.0,0.16666666666666666,,,,unstable
220119_F2_run11,c-GC-star,13,71,1,1,0,1,2.0,0.16666666666666666,,,,unstable
220119_F2_run11,c-GC-star,13,75,1,1,0,1,2.0,0.16666666666666666,,,,unstable
220119_F2_run11,c-GC-star,13,88,1,1,0,1,2.0,0.16666666666666666,,,,unstable
220119_F2_run11,c-GC-star,13,89,3,1,1,2,5.0,0.3333333333333333,,,,unstable
220119_F2_run11,c-GC-star,13,90,1,1,0,1,2.0,0.16666666666666666,,,,unstable
220119_F2_run11,c-GC-star,13,98,7,0,0,1,,0.0,,,,stable
220119_F2_run11,c-GC-star,14,16,1,1,0,1,2.0,0.16666666666666666,,,,unstable
220119_F2_run11,c-GC-star,14,69,1,1,0,1,2.0,0.16666666666666666,,,,unstable
220119_F2_run11,c-GC-star,15,12,6,1,1,1,5.0,0.3333333333333333,,,,unstable
220119_F2_run11,c-GC-star,15,64,1,1,0,1,2.0,0.16666666666666666,,,,unstable
220119_F2_run11,c-GC-star,16,10,4,1,0,1,5.0,0.16666666666666666,,,,lost
220119_F2_run11,c-GC-star,16,14,1,1,0,1,2.0,0.16666666666666666,,,,unstable
220119_F2_run11,c-GC-star,16,30,3,0,1,5,,0.16666666666666666,,,,unstable
220119_F2_run11,c-GC-star,16,52,1,1,0,1,2.0,0.16666666666666666,,,,unstable
220119_F2_run11,c-GC-star,16,58,1,1,0,1,2.0,0.16666666666666666,,,,unstable
220119_F2_run11,c-GC-star,16,78,1,1,1,4,5.0,0.3333333333333333,,,,unstable
220119_F2_run11,c-GC-star,17,9,2,2,1,1,2.0,0.5,,,,unstable
220119_F2_run11,c-GC-star,17,13,1,1,0,1,2.0,0.16666666666666666,,,,unstable
220119_F2_run11,c-GC-star,17,22,3,2,2,2,4.0,0.6666666666666666,,,,unstable
220119_F2_run11,c-GC-star,17,41,2,0,1,6,,0.16666666666666666,,,,unstable
220119_F2_run11,c-GC-star,17,52,1,1,0,1,2.0,0.16666666666666666,,,,unstable
220119_F2_run11,c-GC-star,17,81,6,1,1,1,6.0,0.3333333333333333,,,,unstable
220119_F2_run11,c-GC-star,17,82,3,1,2,2,3.0,0.5,,,,unstable
220119_F2_run11,c-GC-star,18,11,6,1,1,1,4.0,0.3333333333333333,,,,unstable
220119_F2_run11,c-GC-star,18,14,1,1,0,1,2.0,0.16666666666666666,,,,unstable
220119_F2_run11,c-GC-star,18,20,4,2,2,1,3.0,0.6666666666666666,,,,unstable
220119_F2_run11,c-GC-star,18,26,7,0,0,1,,0.0,,,,stable
220119_F2_run11,c-GC-star,18,29,2,1,0,1,3.0,0.16666666666666666,,,,lost
220119_F2_run11,c-GC-star,18,34,1,1,0,1,2.0,0.16666666666666666,,,,unstable
220119_F2_run11,c-GC-star,18,37,1,1,0,1,2.0,0.16666666666666666,,,,unstable
220119_F2_run11,c-GC-star,18,45,2,1,1,5,7.0,0.3333333333333333,,,,unstable
220119_F2_run11,c-GC-star,18,49,2,0,1,6,,0.16666666666666666,,,,unstable
220119_F2_run11,c-GC-star,18,73,3,2,1,1,2.0,0.5,,,,unstable
220119_F2_run11,c-GC-star,18,98,1,1,0,1,2.0,0.16666666666666666,,,,unstable
220119_F2_run11,c-GC-star,19,13,7,0,0,1,,0.0,,,,stable
220119_F2_run11,c-GC-star,19,26,1,1,0,1,2.0,0.16666666666666666,,,,unstable
220119_F2_run11,c-GC-star,19,31,4,1,0,1,5.0,0.16666666666666666,,,,lost
220119_F2_run11,c-GC-star,19,40,4,1,2,3,5.0,0.5,,,,unstable
220119_F2_run11,c-GC-star,19,44,1,1,1,2,3.0,0.3333333333333333,,,,unstable
220119_F2_run11,c-GC-star,19,50,1,1,0,1,2.0,0.16666666666666666,,,,unstable
220119_F2_run11,c-GC-star,19,66,5,1,1,1,5.0,0.3333333333333333,,,,unstable
220119_F2_run11,c-GC-star,19,79,1,1,0,1,2.0,0.16666666666666666,,,,unstable
220119_F2_run11,c-GC-star,20,1,4,2,1,1,3.0,0.5,,,,unstable
220119_F2_run11,c-GC-star,20,14,1,1,0,1,2.0,0.16666666666666666,,,,unstable
220119_F2_run11,c-GC-star,20,16,5,1,0,1,6.0,0.16666666666666666,,,,lost
220119_F2_run11,c-GC-star,20,18,5,2,2,1,3.0,0.6666666666666666,,,,unstable
220119_F2_run11,c-GC-star,20,73,1,1,0,1,2.0,0.16666666666666666,,,,unstable
220119_F2_run11,c-GC-star,20,84,1,1,0,1,2.0,0.16666666666666666,,,,unstable
220119_F2_run11,c-GC-star,21,28,4,2,1,1,3.0,0.5,,,,unstable
220119_F2_run11,c-GC-star,21,50,5,2,2,1,3.0,0.6666666666666666,,,,unstable
220119_F2_run11,c-GC-star,21,99,1,1,0,1,2.0,0.16666666666666666,,,,unstable
220119_F2_run11,c-GC-star,22,57,1,1,0,1,2.0,0.16666666666666666,,,,unstable
220119_F2_run11,c-GC-star,22,60,1,1,0,1,2.0,0.16666666666666666,,,,unstable
220119_F2_run11,c-GC-star,23,1,2,1,0,1,3.0,0.16666666666666666,,,,lost
220119_F2_run11,c-GC-star,23,3,3,1,0,1,4.0,0.16666666666666666,,,,lost
220119_F2_run11,c-GC-star,23,13,2,1,0,1,3.0,0.16666666666666666,,,,lost
220119_F2_run11,c-GC-star,23,16,1,1,0,1,2.0,0.16666666666666666,,,,unstable
220119_F2_run11,c-GC-star,23,17,1,1,1,4,5.0,0.3333333333333333,,,,unstable
220119_F2_run11,c-GC-star,23,18,2,1,0,1,3.0,0.16666666666666666,,,,lost
220119_F2_run11,c-GC-star,23,32,3,3,2,1,2.0,0.8333333333333334,,,,unstable
220119_F2_run11,c-GC-star,24,13,2,1,0,1,3.0,0.16666666666666666,,,,lost
220119_F2_run11,c-GC-star,24,20,2,1,2,2,3.0,0.5,,,,unstable
220119_F2_run11,c-GC-star,24,23,1,1,0,1,2.0,0.16666666666666666,,,,unstable
220119_F2_run11,c-GC-star,24,52,2,1,0,1,3.0,0.16666666666666666,,,,lost
220119_F2_run11,c-GC-star,25,60,6,0,1,2,,0.16666666666666666,,,,unstable
220119_F2_run11,c-GC-star,26,1,7,0,0,1,,0.0,,,,stable
220119_F2_run11,c-GC-star,26,7,1,1,0,1,2.0,0.16666666666666666,,,,unstable
220119_F2_run11,c-GC-star,26,11,3,2,1,1,3.0,0.5,,,,unstable
220119_F2_run11,c-GC-star,26,13,2,1,1,5,7.0,0.3333333333333333,,,,unstable
220119_F2_run11,c-GC-star,26,18,1,1,0,1,2.0,0.16666666666666666,,,,unstable
220119_F2_run11,c-GC-star,26,19,2,1,0,1,3.0,0.16666666666666666,,,,lost
220119_F2_run11,c-GC-star,26,20,4,2,1,1,4.0,0.5,,,,unstable
220119_F2_run11,c-GC-star,26,35,1,1,0,1,2.0,0.16666666666666666,,,,unstable
220119_F2_run11,c-GC-star,26,57,3,0,1,5,,0.16666666666666666,,,,unstable
220119_F2_run11,c-GC-star,26,94,3,1,0,1,4.0,0.16666666666666666,,,,lost
220119_F2_run11,c-GC-star,27,5,2,2,1,1,2.0,0.5,,,,unstable
220119_F2_run11,c-GC-star,27,6,2,1,1,1,2.0,0.3333333333333333,,,,unstable
220119_F2_run11,c-GC-star,27,14,1,1,0,1,2.0,0.16666666666666666,,,,unstable
220119_F2_run11,c-GC-star,27,28,4,1,0,1,5.0,0.16666666666666666,,,,lost
220119_F2_run11,c-GC-star,27,43,1,1,0,1,2.0,0.16666666666666666,,,,unstable
220119_F2_run11,c-GC-star,27,49,1,1,0,1,2.0,0.16666666666666666,,,,unstable
220119_F2_run11,c-GC-star,27,54,2,1,0,1,3.0,0.16666666666666666,,,,lost
220119_F2_run11,c-GC-star,27,61,1,1,0,1,2.0,0.16666666666666666,,,,unstable
220119_F2_run11,c-GC-star,27,62,2,1,1,2,4.0,0.3333333333333333,,,,unstable
220119_F2_run11,c-GC-star,27,69,1,1,0,1,2.0,0.16666666666666666,,,,unstable
220119_F2_run11,c-GC-star,27,88,1,1,0,1,2.0,0.16666666666666666,,,,unstable
220119_F2_run11,c-GC-star,27,90,5,2,1,1,4.0,0.5,,,,unstable
220119_F2_run11,c-GC-star,27,93,1,1,0,1,2.0,0.16666666666666666,,,,unstable
220119_F2_run11,c-GC-star,28,2,1,1,0,1,2.0,0.16666666666666666,,,,unstable
220119_F2_run11,c-GC-star,28,9,7,0,0,1,,0.0,,,,stable
220119_F2_run11,c-GC-star,28,16,6,1,0,1,7.0,0.16666666666666666,,,,lost
220119_F2_run11,c-GC-star,28,22,2,1,2,5,6.0,0.5,,,,unstable
220119_F2_run11,c-GC-star,28,30,7,0,0,1,,0.0,,,,stable
220119_F2_run11,c-GC-star,28,42,1,0,1,7,,0.16666666666666666,,,,novel
220119_F2_run11,c-GC-star,28,52,7,0,0,1,,0.0,,,,stable
220119_F2_run11,c-GC-star,28,53,6,1,1,1,2.0,0.3333333333333333,,,,unstable
220119_F2_run11,c-GC-star,28,60,1,1,0,1,2.0,0.16666666666666666,,,,unstable
220119_F2_run11,c-GC-star,28,74,1,1,1,3,4.0,0.3333333333333333,,,,unstable
220119_F2_run11,c-GC-star,28,81,1,1,0,1,2.0,0.16666666666666666,,,,unstable
220119_F2_run11,c-GC-star,28,95,1,1,0,1,2.0,0.16666666666666666,,,,unstable
220119_F2_run11,c-GC-star,28,98,1,1,0,1,2.0,0.16666666666666666,,,,unstable
220119_F2_run11,c-GC-star,29,3,6,1,0,1,7.0,0.16666666666666666,,,,lost
220119_F2_run11,c-GC-star,29,4,1,1,0,1,2.0,0.16666666666666666,,,,unstable
220119_F2_run11,c-GC-star,29,6,2,2,2,4,5.0,0.6666666666666666,,,,unstable
220119_F2_run11,c-GC-star,29,11,1,1,0,1,2.0,0.16666666666666666,,,,unstable
220119_F2_run11,c-GC-star,29,12,7,0,0,1,,0.0,,,,stable
220119_F2_run11,c-GC-star,29,44,1,0,1,7,,0.16666666666666666,,,,novel
220119_F2_run11,c-GC-star,30,2,2,1,1,1,2.0,0.3333333333333333,,,,unstable
220119_F2_run11,c-GC-star,30,27,1,1,0,1,2.0,0.16666666666666666,,,,unstable
220119_F2_run11,c-GC-star,30,28,1,1,0,1,2.0,0.16666666666666666,,,,unstable
220119_F2_run11,c-GC-star,30,95,2,2,1,1,2.0,0.5,,,,unstable
220119_F2_run11,c-GC-star,31,0,6,1,0,1,7.0,0.16666666666666666,,,,lost
220119_F2_run11,c-GC-star,31,7,3,0,1,5,,0.16666666666666666,,,,unstable
220119_F2_run11,c-GC-star,31,20,2,2,2,2,3.0,0.6666666666666666,,,,unstable
220119_F2_run11,c-GC-star,31,35,2,2,1,1,2.0,0.5,,,,unstable
220119_F2_run11,c-GC-star,31,36,1,1,0,1,2.0,0.16666666666666666,,,,unstable
220119_F2_run11,c-GC-star,31,39,1,1,0,1,2.0,0.16666666666666666,,,,unstable
220119_F2_run11,c-GC-star,31,42,2,0,1,6,,0.16666666666666666,,,,unstable
220119_F2_run11,c-GC-star,31,43,2,1,0,1,3.0,0.16666666666666666,,,,lost
220119_F2_run11,c-GC-star,31,48,7,0,0,1,,0.0,,,,stable
220119_F2_run11,c-GC-star,31,64,2,1,0,1,3.0,0.16666666666666666,,,,lost
220119_F2_run11,c-GC-star,31,66,6,1,1,1,2.0,0.3333333333333333,,,,unstable
220119_F2_run11,c-GC-star,31,70,2,1,0,1,3.0,0.16666666666666666,,,,lost
220119_F2_run11,c-GC-star,31,71,6,1,1,1,2.0,0.3333333333333333,,,,unstable
220119_F2_run11,c-GC-star,31,73,2,1,1,4,6.0,0.3333333333333333,,,,unstable
220119_F2_run11,c-GC-star,31,83,1,1,0,1,2.0,0.16666666666666666,,,,unstable
220119_F2_run11,c-GC-star,31,89,6,1,1,1,6.0,0.3333333333333333,,,,unstable
220119_F2_run11,c-GC-star,32,45,5,1,1,1,5.0,0.3333333333333333,,,,unstable
220119_F2_run11,c-GC-star,32,75,1,1,0,1,2.0,0.16666666666666666,,,,unstable
220119_F2_run11,c-GC-star,32,88,1,1,0,1,2.0,0.16666666666666666,,,,unstable
220119_F2_run11,c-GC-star,32,91,1,1,0,1,2.0,0.16666666666666666,,,,unstable
220119_F2_run11,c-GC-star,33,34,5,1,0,1,6.0,0.16666666666666666,,,,lost
220119_F2_run11,c-GC-star,33,36,7,0,0,1,,0.0,,,,stable
220119_F2_run11,c-GC-star,33,44,7,0,0,1,,0.0,,,,stable
220119_F2_run11,c-GC-star,33,45,5,2,1,1,4.0,0.5,,,,unstable
220119_F2_run11,c-GC-star,33,46,7,0,0,1,,0.0,,,,stable
220119_F2_run11,c-GC-star,33,48,7,0,0,1,,0.0,,,,stable
220119_F2_run11,c-GC-star,33,57,1,1,1,2,3.0,0.3333333333333333,,,,unstable
220119_F2_run11,c-GC-star,33,73,1,0,1,7,,0.16666666666666666,,,,novel
220119_F2_run11,c-GC-star,33,76,1,1,1,3,4.0,0.3333333333333333,,,,unstable
220119_F2_run11,c-GC-star,33,85,7,0,0,1,,0.0,,,,stable
220119_F2_run11,c-GC-star,33,89,1,1,0,1,2.0,0.16666666666666666,,,,unstable
220119_F2_run11,c-GC-star,33,92,3,2,1,1,3.0,0.5,,,,unstable
220119_F2_run11,c-GC-star,33,99,1,1,1,2,3.0,0.3333333333333333,,,,unstable
220119_F2_run11,c-GC-star,34,45,2,1,0,1,3.0,0.16666666666666666,,,,lost
220119_F2_run11,c-GC-star,34,46,7,0,0,1,,0.0,,,,stable
220119_F2_run11,c-GC-star,34,88,2,1,0,1,3.0,0.16666666666666666,,,,lost
220119_F2_run11,c-GC-star,34,94,1,1,1,2,3.0,0.3333333333333333,,,,unstable
220119_F2_run11,c-GC-star,35,5,2,1,2,2,3.0,0.5,,,,unstable
220119_F2_run11,c-GC-star,35,23,2,1,2,3,4.0,0.5,,,,unstable
220119_F2_run11,c-GC-star,35,40,3,1,1,2,5.0,0.3333333333333333,,,,unstable
220119_F2_run11,c-GC-star,35,49,3,1,2,3,4.0,0.5,,,,unstable
220119_F2_run11,c-GC-star,35,70,2,1,2,5,6.0,0.5,,,,unstable
220119_F2_run11,c-GC-star,35,82,7,0,0,1,,0.0,,,,stable
220119_F2_run11,c-GC-star,35,87,1,1,0,1,2.0,0.16666666666666666,,,,unstable
220119_F2_run11,c-GC-star,35,95,1,1,1,6,7.0,0.3333333333333333,,,,unstable
220119_F2_run11,c-GC-star,36,15,4,0,1,4,,0.16666666666666666,,,,unstable
220119_F2_run11,c-GC-star,36,31,4,2,2,1,2.0,0.6666666666666666,,,,unstable
220119_F2_run11,c-GC-star,36,33,7,0,0,1,,0.0,,,,stable
220119_F2_run11,c-GC-star,36,35,2,2,1,1,2.0,0.5,,,,unstable
220119_F2_run11,c-GC-star,36,40,3,1,1,1,3.0,0.3333333333333333,,,,unstable
220119_F2_run11,c-GC-star,36,44,7,0,0,1,,0.0,,,,stable
220119_F2_run11,c-GC-star,36,46,1,1,1,2,3.0,0.3333333333333333,,,,unstable
220119_F2_run11,c-GC-star,36,48,7,0,0,1,,0.0,,,,stable
220119_F2_run11,c-GC-star,36,67,1,1,0,1,2.0,0.16666666666666666,,,,unstable
220119_F2_run11,c-GC-star,36,82,1,1,0,1,2.0,0.16666666666666666,,,,unstable
220119_F2_run11,c-GC-star,36,85,2,1,2,5,6.0,0.5,,,,unstable
220119_F2_run11,c-GC-star,36,87,6,1,0,1,7.0,0.16666666666666666,,,,lost
220119_F2_run11,c-GC-star,36,93,6,1,1,1,6.0,0.3333333333333333,,,,unstable
220119_F2_run11,c-GC-star,36,95,4,2,1,1,4.0,0.5,,,,unstable
220119_F2_run11,c-GC-star,36,98,2,1,2,5,6.0,0.5,,,,unstable
220119_F2_run11,c-GC-star,37,31,1,1,0,1,2.0,0.16666666666666666,,,,unstable
220119_F2_run11,c-GC-star,37,46,1,1,0,1,2.0,0.16666666666666666,,,,unstable
220119_F2_run11,c-GC-star,37,74,1,1,0,1,2.0,0.16666666666666666,,,,unstable
220119_F2_run11,c-GC-star,37,93,2,1,0,1,3.0,0.16666666666666666,,,,lost
220119_F2_run11,c-GC-star,37,95,1,0,1,7,,0.16666666666666666,,,,novel
220119_F2_run11,c-GC-star,38,79,1,1,1,2,3.0,0.3333333333333333,,,,unstable
220119_F2_run11,c-GC-star,39,37,1,1,1,5,6.0,0.3333333333333333,,,,unstable
220119_F2_run11,c-GC-star,39,43,7,0,0,1,,0.0,,,,stable
220119_F2_run11,c-GC-star,39,50,7,0,0,1,,0.0,,,,stable
220119_F2_run11,c-GC-star,39,54,3,1,0,1,4.0,0.16666666666666666,,,,lost
220119_F2_run11,c-GC-star,39,75,1,1,0,1,2.0,0.16666666666666666,,,,unstable
220119_F2_run11,c-GC-star,40,9,1,0,1,7,,0.16666666666666666,,,,novel
220119_F2_run11,c-GC-star,40,12,1,1,0,1,2.0,0.16666666666666666,,,,unstable
220119_F2_run11,c-GC-star,40,18,4,0,1,4,,0.16666666666666666,,,,unstable
220119_F2_run11,c-GC-star,40,25,5,1,2,2,4.0,0.5,,,,unstable
220119_F2_run11,c-GC-star,40,33,1,1,1,3,4.0,0.3333333333333333,,,,unstable
220119_F2_run11,c-GC-star,40,36,1,1,0,1,2.0,0.16666666666666666,,,,unstable
220119_F2_run11,c-GC-star,40,38,1,1,0,1,2.0,0.16666666666666666,,,,unstable
220119_F2_run11,c-GC-star,40,49,1,1,0,1,2.0,0.16666666666666666,,,,unstable
220119_F2_run11,c-GC-star,40,51,7,0,0,1,,0.0,,,,stable
220119_F2_run11,c-GC-star,40,55,2,1,1,2,4.0,0.3333333333333333,,,,unstable
220119_F2_run11,c-GC-star,40,57,2,1,1,1,2.0,0.3333333333333333,,,,unstable
220119_F2_run11,c-GC-star,40,59,7,0,0,1,,0.0,,,,stable
220119_F2_run11,c-GC-star,40,60,1,1,0,1,2.0,0.16666666666666666,,,,unstable
220119_F2_run11,c-GC-star,40,71,6,0,1,2,,0.16666666666666666,,,,unstable
220119_F2_run11,c-GC-star,40,78,1,1,1,6,7.0,0.3333333333333333,,,,unstable
220119_F2_run11,c-GC-star,40,80,2,0,1,6,,0.16666666666666666,,,,unstable
220119_F2_run11,c-GC-star,40,81,5,1,2,2,4.0,0.5,,,,unstable
220119_F2_run11,c-GC-star,40,87,1,1,0,1,2.0,0.16666666666666666,,,,unstable
220119_F2_run11,c-GC-star,40,97,2,1,0,1,3.0,0.16666666666666666,,,,lost
220119_F2_run11,c-GC-star,40,98,7,0,0,1,,0.0,,,,stable
220119_F2_run11,c-GC-star,41,34,1,0,1,7,,0.16666666666666666,,,,novel
220119_F2_run11,c-GC-star,41,35,1,1,1,3,4.0,0.3333333333333333,,,,unstable
220119_F2_run11,c-GC-star,41,46,6,0,1,2,,0.16666666666666666,,,,unstable
220119_F2_run11,c-GC-star,41,66,6,1,1,1,4.0,0.3333333333333333,,,,unstable
220119_F2_run11,c-GC-star,41,67,7,0,0,1,,0.0,,,,stable
220119_F2_run11,c-GC-star,41,74,2,1,1,2,4.0,0.3333333333333333,,,,unstable
220119_F2_run11,c-GC-star,41,76,7,0,0,1,,0.0,,,,stable
220119_F2_run11,c-GC-star,42,27,1,0,1,7,,0.16666666666666666,,,,novel
220119_F2_run11,c-GC-star,43,31,5,2,1,1,3.0,0.5,,,,unstable
220119_F2_run11,c-GC-star,43,78,1,1,0,1,2.0,0.16666666666666666,,,,unstable
220119_F2_run11,c-GC-star,44,12,7,0,0,1,,0.0,,,,stable
220119_F2_run11,c-GC-star,44,33,7,0,0,1,,0.0,,,,stable
220119_F2_run11,c-GC-star,44,37,7,0,0,1,,0.0,,,,stable
220119_F2_run11,c-GC-star,44,39,6,1,0,1,7.0,0.16666666666666666,,,,lost
220119_F2_run11,c-GC-star,44,46,7,0,0,1,,0.0,,,,stable
220119_F2_run11,c-GC-star,44,48,7,0,0,1,,0.0,,,,stable
220119_F2_run11,c-GC-star,44,89,7,0,0,1,,0.0,,,,stable
220119_F2_run11,c-GC-star,44,92,7,0,0,1,,0.0,,,,stable
220119_F2_run11,c-GC-star,44,95,6,1,1,1,3.0,0.3333333333333333,,,,unstable
220119_F2_run11,c-GC-star,44,97,5,1,1,1,4.0,0.3333333333333333,,,,unstable
220119_F2_run11,c-GC-star,44,99,7,0,0,1,,0.0,,,,stable
220119_F2_run11,c-GC-star,45,8,7,0,0,1,,0.0,,,,stable
220119_F2_run11,c-GC-star,45,32,6,1,0,1,7.0,0.16666666666666666,,,,lost
220119_F2_run11,c-GC-star,45,86,1,1,1,4,5.0,0.3333333333333333,,,,unstable
220119_F2_run11,c-GC-star,45,91,3,1,0,1,4.0,0.16666666666666666,,,,lost
220119_F2_run11,c-GC-star,46,12,3,2,1,1,2.0,0.5,,,,unstable
220119_F2_run11,c-GC-star,46,18,3,2,1,1,3.0,0.5,,,,unstable
220119_F2_run11,c-GC-star,46,33,7,0,0,1,,0.0,,,,stable
220119_F2_run11,c-GC-star,46,34,1,1,0,1,2.0,0.16666666666666666,,,,unstable
220119_F2_run11,c-GC-star,46,37,7,0,0,1,,0.0,,,,stable
220119_F2_run11,c-GC-star,46,44,7,0,0,1,,0.0,,,,stable
220119_F2_run11,c-GC-star,46,51,2,1,0,1,3.0,0.16666666666666666,,,,lost
220119_F2_run11,c-GC-star,46,57,1,1,1,2,3.0,0.3333333333333333,,,,unstable
220119_F2_run11,c-GC-star,46,71,2,2,1,1,2.0,0.5,,,,unstable
220119_F2_run11,c-GC-star,46,86,2,1,1,4,6.0,0.3333333333333333,,,,unstable
220119_F2_run11,c-GC-star,46,89,7,0,0,1,,0.0,,,,stable
220119_F2_run11,c-GC-star,46,93,4,1,1,1,4.0,0.3333333333333333,,,,unstable
220119_F2_run11,c-GC-star,46,99,2,1,0,1,3.0,0.16666666666666666,,,,lost
220119_F2_run11,c-GC-star,48,0,2,1,1,1,2.0,0.3333333333333333,,,,unstable
220119_F2_run11,c-GC-star,48,20,2,1,0,1,3.0,0.16666666666666666,,,,lost
220119_F2_run11,c-GC-star,48,27,1,1,0,1,2.0,0.16666666666666666,,,,unstable
220119_F2_run11,c-GC-star,48,33,2,2,2,2,3.0,0.6666666666666666,,,,unstable
220119_F2_run11,c-GC-star,48,36,4,1,0,1,5.0,0.16666666666666666,,,,lost
220119_F2_run11,c-GC-star,48,39,1,1,1,6,7.0,0.3333333333333333,,,,unstable
220119_F2_run11,c-GC-star,48,44,4,1,0,1,5.0,0.16666666666666666,,,,lost
220119_F2_run11,c-GC-star,48,46,4,3,2,1,2.0,0.8333333333333334,,,,unstable
220119_F2_run11,c-GC-star,48,89,7,0,0,1,,0.0,,,,stable
220119_F2_run11,c-GC-star,48,99,1,1,0,1,2.0,0.16666666666666666,,,,unstable
220119_F2_run11,c-GC-star,49,0,6,0,1,2,,0.16666666666666666,,,,unstable
220119_F2_run11,c-GC-star,49,8,3,0,1,5,,0.16666666666666666,,,,unstable
220119_F2_run11,c-GC-star,49,12,1,0,1,7,,0.16666666666666666,,,,novel
220119_F2_run11,c-GC-star,49,17,3,1,0,1,4.0,0.16666666666666666,,,,lost
220119_F2_run11,c-GC-star,49,33,1,1,0,1,2.0,0.16666666666666666,,,,unstable
220119_F2_run11,c-GC-star,49,36,1,1,1,4,5.0,0.3333333333333333,,,,unstable
220119_F2_run11,c-GC-star,49,65,7,0,0,1,,0.0,,,,stable
220119_F2_run11,c-GC-star,49,71,2,2,1,1,2.0,0.5,,,,unstable
220119_F2_run11,c-GC-star,51,34,5,2,2,1,4.0,0.6666666666666666,,,,unstable
220119_F2_run11,c-GC-star,52,16,1,1,0,1,2.0,0.16666666666666666,,,,unstable
220119_F2_run11,c-GC-star,52,28,1,1,0,1,2.0,0.16666666666666666,,,,unstable
220119_F2_run11,c-GC-star,52,46,1,1,1,4,5.0,0.3333333333333333,,,,unstable
220119_F2_run11,c-GC-star,52,49,1,1,0,1,2.0,0.16666666666666666,,,,unstable
220119_F2_run11,c-GC-star,52,58,5,1,0,1,6.0,0.16666666666666666,,,,lost
220119_F2_run11,c-GC-star,52,72,1,1,0,1,2.0,0.16666666666666666,,,,unstable
220119_F2_run11,c-GC-star,52,81,7,0,0,1,,0.0,,,,stable
220119_F2_run11,c-GC-star,52,84,1,1,0,1,2.0,0.16666666666666666,,,,unstable
220119_F2_run11,c-GC-star,53,28,2,2,1,1,2.0,0.5,,,,unstable
220119_F2_run11,c-GC-star,53,80,6,1,1,1,5.0,0.3333333333333333,,,,unstable
220119_F2_run11,c-GC-star,53,83,5,0,1,3,,0.16666666666666666,,,,unstable
220119_F2_run11,c-GC-star,53,84,7,0,0,1,,0.0,,,,stable
220119_F2_run11,c-GC-star,54,19,3,1,0,1,4.0,0.16666666666666666,,,,lost
220119_F2_run11,c-GC-star,54,27,4,2,1,1,3.0,0.5,,,,unstable
220119_F2_run11,c-GC-star,54,39,1,1,0,1,2.0,0.16666666666666666,,,,unstable
220119_F2_run11,c-GC-star,54,71,1,1,0,1,2.0,0.16666666666666666,,,,unstable
220119_F2_run11,c-GC-star,56,25,1,1,0,1,2.0,0.16666666666666666,,,,unstable
220119_F2_run11,c-GC-star,56,63,4,1,0,1,5.0,0.16666666666666666,,,,lost
220119_F2_run11,c-GC-star,57,40,3,1,0,1,4.0,0.16666666666666666,,,,lost
220119_F2_run11,c-GC-star,57,44,6,0,1,2,,0.16666666666666666,,,,unstable
220119_F2_run11,c-GC-star,57,61,1,1,0,1,2.0,0.16666666666666666,,,,unstable
220119_F2_run11,c-GC-star,57,64,2,1,0,1,3.0,0.16666666666666666,,,,lost
220119_F2_run11,c-GC-star,57,76,7,0,0,1,,0.0,,,,stable
220119_F2_run11,c-GC-star,57,77,7,0,0,1,,0.0,,,,stable
220119_F2_run11,c-GC-star,57,82,3,1,0,1,4.0,0.16666666666666666,,,,lost
220119_F2_run11,c-GC-star,58,15,5,0,1,3,,0.16666666666666666,,,,unstable
220119_F2_run11,c-GC-star,58,16,1,1,0,1,2.0,0.16666666666666666,,,,unstable
220119_F2_run11,c-GC-star,59,12,4,2,1,1,4.0,0.5,,,,unstable
220119_F2_run11,c-GC-star,59,29,7,0,0,1,,0.0,,,,stable
220119_F2_run11,c-GC-star,59,41,3,2,2,2,4.0,0.6666666666666666,,,,unstable
220119_F2_run11,c-GC-star,59,43,1,1,0,1,2.0,0.16666666666666666,,,,unstable
220119_F2_run11,c-GC-star,59,64,1,1,0,1,2.0,0.16666666666666666,,,,unstable
220119_F2_run11,c-GC-star,59,66,1,1,1,5,6.0,0.3333333333333333,,,,unstable
220119_F2_run11,c-GC-star,59,69,3,1,0,1,4.0,0.16666666666666666,,,,lost
220119_F2_run11,c-GC-star,59,70,1,1,0,1,2.0,0.16666666666666666,,,,unstable
220119_F2_run11,c-GC-star,59,72,1,1,0,1,2.0,0.16666666666666666,,,,unstable
220119_F2_run11,c-GC-star,59,73,7,0,0,1,,0.0,,,,stable
220119_F2_run11,c-GC-star,59,74,2,1,1,3,5.0,0.3333333333333333,,,,unstable
220119_F2_run11,c-GC-star,59,82,1,0,1,7,,0.16666666666666666,,,,novel
220119_F2_run11,c-GC-star,59,89,1,1,0,1,2.0,0.16666666666666666,,,,unstable
220119_F2_run11,c-GC-star,59,99,1,0,1,7,,0.16666666666666666,,,,novel
220119_F2_run11,c-GC-star,60,16,6,1,1,1,2.0,0.3333333333333333,,,,unstable
220119_F2_run11,c-GC-star,60,54,1,1,0,1,2.0,0.16666666666666666,,,,unstable
220119_F2_run11,c-GC-star,60,67,2,2,1,1,2.0,0.5,,,,unstable
220119_F2_run11,c-GC-star,61,14,6,1,1,1,5.0,0.3333333333333333,,,,unstable
220119_F2_run11,c-GC-star,61,32,2,1,0,1,3.0,0.16666666666666666,,,,lost
220119_F2_run11,c-GC-star,61,69,1,1,0,1,2.0,0.16666666666666666,,,,unstable
220119_F2_run11,c-GC-star,61,70,1,1,0,1,2.0,0.16666666666666666,,,,unstable
220119_F2_run11,c-GC-star,61,72,1,1,0,1,2.0,0.16666666666666666,,,,unstable
220119_F2_run11,c-GC-star,62,42,1,1,0,1,2.0,0.16666666666666666,,,,unstable
220119_F2_run11,c-GC-star,62,75,2,1,0,1,3.0,0.16666666666666666,,,,lost
220119_F2_run11,c-GC-star,63,18,7,0,0,1,,0.0,,,,stable
220119_F2_run11,c-GC-star,64,46,7,0,0,1,,0.0,,,,stable
220119_F2_run11,c-GC-star,64,84,1,1,1,5,6.0,0.3333333333333333,,,,unstable
220119_F2_run11,c-GC-star,64,96,1,1,0,1,2.0,0.16666666666666666,,,,unstable
220119_F2_run11,c-GC-star,65,5,1,1,0,1,2.0,0.16666666666666666,,,,unstable
220119_F2_run11,c-GC-star,65,80,3,1,1,2,5.0,0.3333333333333333,,,,unstable
220119_F2_run11,c-GC-star,65,81,6,1,1,1,2.0,0.3333333333333333,,,,unstable
220119_F2_run11,c-GC-star,65,89,1,1,0,1,2.0,0.16666666666666666,,,,unstable
220119_F2_run11,c-GC-star,66,9,1,1,0,1,2.0,0.16666666666666666,,,,unstable
220119_F2_run11,c-GC-star,66,11,4,1,1,3,7.0,0.3333333333333333,,,,unstable
220119_F2_run11,c-GC-star,66,40,2,1,1,5,7.0,0.3333333333333333,,,,unstable
220119_F2_run11,c-GC-star,66,53,4,2,3,2,3.0,0.8333333333333334,,,,unstable
220119_F2_run11,c-GC-star,66,71,1,1,0,1,2.0,0.16666666666666666,,,,unstable
220119_F2_run11,c-GC-star,66,75,3,3,2,1,2.0,0.8333333333333334,,,,unstable
220119_F2_run11,c-GC-star,66,76,7,0,0,1,,0.0,,,,stable
220119_F2_run11,c-GC-star,67,71,1,1,1,4,5.0,0.3333333333333333,,,,unstable
220119_F2_run11,c-GC-star,67,72,1,1,1,4,5.0,0.3333333333333333,,,,unstable
220119_F2_run11,c-GC-star,68,53,7,0,0,1,,0.0,,,,stable
220119_F2_run11,c-GC-star,69,1,2,1,1,1,2.0,0.3333333333333333,,,,unstable
220119_F2_run11,c-GC-star,69,3,7,0,0,1,,0.0,,,,stable
220119_F2_run11,c-GC-star,69,11,2,1,2,5,6.0,0.5,,,,unstable
220119_F2_run11,c-GC-star,69,12,6,1,0,1,7.0,0.16666666666666666,,,,lost
220119_F2_run11,c-GC-star,69,14,3,1,0,1,4.0,0.16666666666666666,,,,lost
220119_F2_run11,c-GC-star,69,20,2,0,1,6,,0.16666666666666666,,,,unstable
220119_F2_run11,c-GC-star,69,27,1,1,0,1,2.0,0.16666666666666666,,,,unstable
220119_F2_run11,c-GC-star,69,29,4,1,1,1,3.0,0.3333333333333333,,,,unstable
220119_F2_run11,c-GC-star,69,41,1,1,1,6,7.0,0.3333333333333333,,,,unstable
220119_F2_run11,c-GC-star,69,42,1,1,0,1,2.0,0.16666666666666666,,,,unstable
220119_F2_run11,c-GC-star,69,59,7,0,0,1,,0.0,,,,stable
220119_F2_run11,c-GC-star,69,61,4,3,2,1,3.0,0.8333333333333334,,,,unstable
220119_F2_run11,c-GC-star,69,70,1,1,0,1,2.0,0.16666666666666666,,,,unstable
220119_F2_run11,c-GC-star,69,71,4,0,1,4,,0.16666666666666666,,,,unstable
220119_F2_run11,c-GC-star,69,72,2,1,0,1,3.0,0.16666666666666666,,,,lost
220119_F2_run11,c-GC-star,69,73,1,1,0,1,2.0,0.16666666666666666,,,,unstable
220119_F2_run11,c-GC-star,69,78,4,3,3,1,2.0,1.0,,,,unstable
220119_F2_run11,c-GC-star,69,83,3,1,1,1,3.0,0.3333333333333333,,,,unstable
220119_F2_run11,c-GC-star,69,90,5,1,2,2,6.0,0.5,,,,unstable
220119_F2_run11,c-GC-star,69,92,2,0,1,6,,0.16666666666666666,,,,unstable
220119_F2_run11,c-GC-star,70,66,1,1,1,6,7.0,0.3333333333333333,,,,unstable
220119_F2_run11,c-GC-star,70,78,6,1,1,1,3.0,0.3333333333333333,,,,unstable
220119_F2_run11,c-GC-star,71,0,1,1,0,1,2.0,0.16666666666666666,,,,unstable
220119_F2_run11,c-GC-star,71,1,7,0,0,1,,0.0,,,,stable
220119_F2_run11,c-GC-star,71,3,7,0,0,1,,0.0,,,,stable
220119_F2_run11,c-GC-star,71,4,6,0,1,2,,0.16666666666666666,,,,unstable
220119_F2_run11,c-GC-star,71,11,5,0,1,3,,0.16666666666666666,,,,unstable
220119_F2_run11,c-GC-star,71,16,7,0,0,1,,0.0,,,,stable
220119_F2_run11,c-GC-star,71,20,7,0,0,1,,0.0,,,,stable
220119_F2_run11,c-GC-star,71,21,2,1,2,4,5.0,0.5,,,,unstable
220119_F2_run11,c-GC-star,71,24,5,1,2,2,3.0,0.5,,,,unstable
220119_F2_run11,c-GC-star,71,31,7,0,0,1,,0.0,,,,stable
220119_F2_run11,c-GC-star,71,32,6,1,1,1,3.0,0.3333333333333333,,,,unstable
220119_F2_run11,c-GC-star,71,41,3,1,0,1,4.0,0.16666666666666666,,,,lost
220119_F2_run11,c-GC-star,71,43,1,1,0,1,2.0,0.16666666666666666,,,,unstable
220119_F2_run11,c-GC-star,71,49,6,1,1,1,4.0,0.3333333333333333,,,,unstable
220119_F2_run11,c-GC-star,71,56,2,0,1,6,,0.16666666666666666,,,,unstable
220119_F2_run11,c-GC-star,71,66,7,0,0,1,,0.0,,,,stable
220119_F2_run11,c-GC-star,71,74,1,1,0,1,2.0,0.16666666666666666,,,,unstable
220119_F2_run11,c-GC-star,71,77,1,0,1,7,,0.16666666666666666,,,,novel
220119_F2_run11,c-GC-star,71,88,7,0,0,1,,0.0,,,,stable
220119_F2_run11,c-GC-star,71,89,3,1,1,1,2.0,0.3333333333333333,,,,unstable
220119_F2_run11,c-GC-star,71,93,2,1,0,1,3.0,0.16666666666666666,,,,lost
220119_F2_run11,c-GC-star,71,95,1,1,1,5,6.0,0.3333333333333333,,,,unstable
220119_F2_run11,c-GC-star,71,97,1,1,1,5,6.0,0.3333333333333333,,,,unstable
220119_F2_run11,c-GC-star,71,98,7,0,0,1,,0.0,,,,stable
220119_F2_run11,c-GC-star,71,99,1,1,0,1,2.0,0.16666666666666666,,,,unstable
220119_F2_run11,c-GC-star,72,0,6,1,1,1,5.0,0.3333333333333333,,,,unstable
220119_F2_run11,c-GC-star,72,10,1,1,0,1,2.0,0.16666666666666666,,,,unstable
220119_F2_run11,c-GC-star,72,64,5,2,1,1,2.0,0.5,,,,unstable
220119_F2_run11,c-GC-star,72,69,6,1,1,1,4.0,0.3333333333333333,,,,unstable
220119_F2_run11,c-GC-star,73,20,3,1,0,1,4.0,0.16666666666666666,,,,lost
220119_F2_run11,c-GC-star,73,21,1,1,1,6,7.0,0.3333333333333333,,,,unstable
220119_F2_run11,c-GC-star,73,40,2,2,2,3,4.0,0.6666666666666666,,,,unstable
220119_F2_run11,c-GC-star,73,59,1,1,0,1,2.0,0.16666666666666666,,,,unstable
220119_F2_run11,c-GC-star,73,64,5,2,1,1,5.0,0.5,,,,unstable
220119_F2_run11,c-GC-star,73,71,1,1,0,1,2.0,0.16666666666666666,,,,unstable
220119_F2_run11,c-GC-star,73,77,1,1,0,1,2.0,0.16666666666666666,,,,unstable
220119_F2_run11,c-GC-star,73,90,1,1,0,1,2.0,0.16666666666666666,,,,unstable
220119_F2_run11,c-GC-star,73,99,1,1,0,1,2.0,0.16666666666666666,,,,unstable
220119_F2_run11,c-GC-star,74,20,4,2,1,1,4.0,0.5,,,,unstable
220119_F2_run11,c-GC-star,74,27,2,1,0,1,3.0,0.16666666666666666,,,,lost
220119_F2_run11,c-GC-star,74,40,1,1,0,1,2.0,0.16666666666666666,,,,unstable
220119_F2_run11,c-GC-star,74,43,1,1,0,1,2.0,0.16666666666666666,,,,unstable
220119_F2_run11,c-GC-star,74,76,2,1,0,1,3.0,0.16666666666666666,,,,lost
220119_F2_run11,c-GC-star,74,84,3,0,1,5,,0.16666666666666666,,,,unstable
220119_F2_run11,c-GC-star,74,96,1,1,0,1,2.0,0.16666666666666666,,,,unstable
220119_F2_run11,c-GC-star,74,99,1,1,0,1,2.0,0.16666666666666666,,,,unstable
220119_F2_run11,c-GC-star,75,30,7,0,0,1,,0.0,,,,stable
220119_F2_run11,c-GC-star,75,62,1,1,0,1,2.0,0.16666666666666666,,,,unstable
220119_F2_run11,c-GC-star,75,63,1,1,0,1,2.0,0.16666666666666666,,,,unstable
220119_F2_run11,c-GC-star,75,78,4,1,1,2,6.0,0.3333333333333333,,,,unstable
220119_F2_run11,c-GC-star,76,2,1,1,0,1,2.0,0.16666666666666666,,,,unstable
220119_F2_run11,c-GC-star,76,9,1,1,0,1,2.0,0.16666666666666666,,,,unstable
220119_F2_run11,c-GC-star,76,13,2,1,2,4,5.0,0.5,,,,unstable
220119_F2_run11,c-GC-star,76,30,1,1,0,1,2.0,0.16666666666666666,,,,unstable
220119_F2_run11,c-GC-star,76,41,7,0,0,1,,0.0,,,,stable
220119_F2_run11,c-GC-star,76,66,1,1,1,2,3.0,0.3333333333333333,,,,unstable
220119_F2_run11,c-GC-star,76,67,6,1,1,1,5.0,0.3333333333333333,,,,unstable
220119_F2_run11,c-GC-star,76,78,1,1,0,1,2.0,0.16666666666666666,,,,unstable
220119_F2_run11,c-GC-star,76,81,4,1,1,3,7.0,0.3333333333333333,,,,unstable
220119_F2_run11,c-GC-star,78,22,1,0,1,7,,0.16666666666666666,,,,novel
220119_F2_run11,c-GC-star,79,4,5,1,1,1,2.0,0.3333333333333333,,,,unstable
220119_F2_run11,c-GC-star,79,29,1,1,0,1,2.0,0.16666666666666666,,,,unstable
220119_F2_run11,c-GC-star,79,65,2,1,0,1,3.0,0.16666666666666666,,,,lost
220119_F2_run11,c-GC-star,80,28,7,0,0,1,,0.0,,,,stable
220119_F2_run11,c-GC-star,80,53,6,1,1,1,5.0,0.3333333333333333,,,,unstable
220119_F2_run11,c-GC-star,80,72,1,0,1,7,,0.16666666666666666,,,,novel
220119_F2_run11,c-GC-star,81,17,6,1,1,1,2.0,0.3333333333333333,,,,unstable
220119_F2_run11,c-GC-star,81,21,6,1,1,1,5.0,0.3333333333333333,,,,unstable
220119_F2_run11,c-GC-star,81,22,3,1,0,1,4.0,0.16666666666666666,,,,lost
220119_F2_run11,c-GC-star,81,23,4,2,1,1,4.0,0.5,,,,unstable
220119_F2_run11,c-GC-star,81,28,7,0,0,1,,0.0,,,,stable
220119_F2_run11,c-GC-star,81,33,4,2,2,1,3.0,0.6666666666666666,,,,unstable
220119_F2_run11,c-GC-star,81,49,5,0,1,3,,0.16666666666666666,,,,unstable
220119_F2_run11,c-GC-star,81,53,1,1,0,1,2.0,0.16666666666666666,,,,unstable
220119_F2_run11,c-GC-star,81,84,2,2,1,1,2.0,0.5,,,,unstable
220119_F2_run11,c-GC-star,81,95,1,1,0,1,2.0,0.16666666666666666,,,,unstable
220119_F2_run11,c-GC-star,82,12,2,0,1,6,,0.16666666666666666,,,,unstable
220119_F2_run11,c-GC-star,82,31,1,1,0,1,2.0,0.16666666666666666,,,,unstable
220119_F2_run11,c-GC-star,82,36,7,0,0,1,,0.0,,,,stable
220119_F2_run11,c-GC-star,82,45,4,0,1,4,,0.16666666666666666,,,,unstable
220119_F2_run11,c-GC-star,82,46,6,0,1,2,,0.16666666666666666,,,,unstable
220119_F2_run11,c-GC-star,83,50,1,0,1,7,,0.16666666666666666,,,,novel
220119_F2_run11,c-GC-star,83,56,4,2,1,1,4.0,0.5,,,,unstable
220119_F2_run11,c-GC-star,83,70,2,1,0,1,3.0,0.16666666666666666,,,,lost
220119_F2_run11,c-GC-star,83,82,4,2,2,1,3.0,0.6666666666666666,,,,unstable
220119_F2_run11,c-GC-star,83,84,1,1,0,1,2.0,0.16666666666666666,,,,unstable
220119_F2_run11,c-GC-star,84,41,2,2,1,1,2.0,0.5,,,,unstable
220119_F2_run11,c-GC-star,84,52,1,1,0,1,2.0,0.16666666666666666,,,,unstable
220119_F2_run11,c-GC-star,84,98,1,1,0,1,2.0,0.16666666666666666,,,,unstable
220119_F2_run11,c-GC-star,85,18,7,0,0,1,,0.0,,,,stable
220119_F2_run11,c-GC-star,85,21,3,1,2,3,4.0,0.5,,,,unstable
220119_F2_run11,c-GC-star,85,33,7,0,0,1,,0.0,,,,stable
220119_F2_run11,c-GC-star,85,45,7,0,0,1,,0.0,,,,stable
220119_F2_run11,c-GC-star,85,46,7,0,0,1,,0.0,,,,stable
220119_F2_run11,c-GC-star,85,75,5,2,2,1,3.0,0.6666666666666666,,,,unstable
220119_F2_run11,c-GC-star,85,89,3,1,0,1,4.0,0.16666666666666666,,,,lost
220119_F2_run11,c-GC-star,85,95,3,2,2,2,4.0,0.6666666666666666,,,,unstable
220119_F2_run11,c-GC-star,86,82,7,0,0,1,,0.0,,,,stable
220119_F2_run11,c-GC-star,86,93,1,0,1,7,,0.16666666666666666,,,,novel
220119_F2_run11,c-GC-star,87,47,1,1,0,1,2.0,0.16666666666666666,,,,unstable
220119_F2_run11,c-GC-star,87,77,2,1,0,1,3.0,0.16666666666666666,,,,lost
220119_F2_run11,c-GC-star,87,85,2,2,1,1,2.0,0.5,,,,unstable
220119_F2_run11,c-GC-star,88,9,1,1,0,1,2.0,0.16666666666666666,,,,unstable
220119_F2_run11,c-GC-star,88,10,3,1,1,1,2.0,0.3333333333333333,,,,unstable
220119_F2_run11,c-GC-star,88,27,1,1,0,1,2.0,0.16666666666666666,,,,unstable
220119_F2_run11,c-GC-star,88,31,1,1,0,1,2.0,0.16666666666666666,,,,unstable
220119_F2_run11,c-GC-star,88,75,1,1,0,1,2.0,0.16666666666666666,,,,unstable
220119_F2_run11,c-GC-star,89,4,5,1,2,2,6.0,0.5,,,,unstable
220119_F2_run11,c-GC-star,89,33,7,0,0,1,,0.0,,,,stable
220119_F2_run11,c-GC-star,89,36,7,0,0,1,,0.0,,,,stable
220119_F2_run11,c-GC-star,89,39,1,1,1,4,5.0,0.3333333333333333,,,,unstable
220119_F2_run11,c-GC-star,89,42,2,1,1,5,7.0,0.3333333333333333,,,,unstable
220119_F2_run11,c-GC-star,89,44,7,0,0,1,,0.0,,,,stable
220119_F2_run11,c-GC-star,89,45,6,1,0,1,7.0,0.16666666666666666,,,,lost
220119_F2_run11,c-GC-star,89,46,1,1,1,3,4.0,0.3333333333333333,,,,unstable
220119_F2_run11,c-GC-star,89,48,7,0,0,1,,0.0,,,,stable
220119_F2_run11,c-GC-star,89,59,2,1,0,1,3.0,0.16666666666666666,,,,lost
220119_F2_run11,c-GC-star,89,64,1,0,1,7,,0.16666666666666666,,,,novel
220119_F2_run11,c-GC-star,89,69,6,0,1,2,,0.16666666666666666,,,,unstable
220119_F2_run11,c-GC-star,89,77,6,0,1,2,,0.16666666666666666,,,,unstable
220119_F2_run11,c-GC-star,89,88,3,2,2,1,2.0,0.6666666666666666,,,,unstable
220119_F2_run11,c-GC-star,89,93,7,0,0,1,,0.0,,,,stable
220119_F2_run11,c-GC-star,89,95,2,1,1,4,6.0,0.3333333333333333,,,,unstable
220119_F2_run11,c-GC-star,90,20,5,1,1,2,7.0,0.3333333333333333,,,,unstable
220119_F2_run11,c-GC-star,90,26,4,1,2,3,4.0,0.5,,,,unstable
220119_F2_run11,c-GC-star,90,30,3,1,1,1,3.0,0.3333333333333333,,,,unstable
220119_F2_run11,c-GC-star,90,74,2,1,0,1,3.0,0.16666666666666666,,,,lost
220119_F2_run11,c-GC-star,91,66,2,2,2,3,4.0,0.6666666666666666,,,,unstable
220119_F2_run11,c-GC-star,92,33,1,1,1,5,6.0,0.3333333333333333,,,,unstable
220119_F2_run11,c-GC-star,92,96,6,1,1,1,4.0,0.3333333333333333,,,,unstable
220119_F2_run11,c-GC-star,93,19,3,1,1,2,5.0,0.3333333333333333,,,,unstable
220119_F2_run11,c-GC-star,93,49,2,1,2,2,3.0,0.5,,,,unstable
220119_F2_run11,c-GC-star,94,95,4,2,2,1,3.0,0.6666666666666666,,,,unstable
220119_F2_run11,c-GC-star,95,21,6,1,1,1,6.0,0.3333333333333333,,,,unstable
220119_F2_run11,c-GC-star,95,43,2,2,1,1,2.0,0.5,,,,unstable
220119_F2_run11,c-GC-star,95,52,5,0,1,3,,0.16666666666666666,,,,unstable
220119_F2_run11,c-GC-star,95,98,1,1,1,5,6.0,0.3333333333333333,,,,unstable
220119_F2_run11,c-GC-star,96,6,2,1,1,1,2.0,0.3333333333333333,,,,unstable
220119_F2_run11,c-GC-star,96,31,1,1,1,2,3.0,0.3333333333333333,,,,unstable
220119_F2_run11,c-GC-star,96,32,1,1,0,1,2.0,0.16666666666666666,,,,unstable
220119_F2_run11,c-GC-star,96,36,1,1,0,1,2.0,0.16666666666666666,,,,unstable
220119_F2_run11,c-GC-star,96,77,1,1,0,1,2.0,0.16666666666666666,,,,unstable
220119_F2_run11,c-GC-star,96,97,1,1,1,5,6.0,0.3333333333333333,,,,unstable
220119_F2_run11,c-GC-star,96,99,1,1,0,1,2.0,0.16666666666666666,,,,unstable
220119_F2_run11,c-GC-star,97,93,2,2,1,1,2.0,0.5,,,,unstable
220119_F2_run11,c-GC-star,98,13,1,1,0,1,2.0,0.16666666666666666,,,,unstable
220119_F2_run11,c-GC-star,98,18,1,1,0,1,2.0,0.16666666666666666,,,,unstable
220119_F2_run11,c-GC-star,98,33,1,1,1,6,7.0,0.3333333333333333,,,,unstable
220119_F2_run11,c-GC-star,98,51,6,1,1,1,4.0,0.3333333333333333,,,,unstable
220119_F2_run11,c-GC-star,98,71,2,1,0,1,3.0,0.16666666666666666,,,,lost
220119_F2_run11,c-GC-star,98,72,5,0,1,3,,0.16666666666666666,,,,unstable
220119_F2_run11,c-GC-star,98,97,1,1,0,1,2.0,0.16666666666666666,,,,unstable
220119_F2_run11,c-GC-star,99,8,2,1,1,4,6.0,0.3333333333333333,,,,unstable
220119_F2_run11,c-GC-star,99,27,1,0,1,7,,0.16666666666666666,,,,novel
220119_F2_run11,c-GC-star,99,44,3,1,0,1,4.0,0.16666666666666666,,,,lost
220119_F2_run11,c-GC-star,99,53,4,2,1,1,3.0,0.5,,,,unstable
220119_F2_run11,c-GC-star,99,97,1,1,0,1,2.0,0.16666666666666666,,,,unstable
220127_F4_run2,c-GC-star,0,1,7,0,0,1,,0.0,,,,stable
220127_F4_run2,c-GC-star,0,11,4,2,2,2,4.0,0.6666666666666666,,,,unstable
220127_F4_run2,c-GC-star,0,16,7,0,0,1,,0.0,,,,stable
220127_F4_run2,c-GC-star,0,58,6,0,1,2,,0.16666666666666666,,,,unstable
220127_F4_run2,c-GC-star,0,64,2,1,2,3,4.0,0.5,,,,unstable
220127_F4_run2,c-GC-star,0,78,1,1,1,4,5.0,0.3333333333333333,,,,unstable
220127_F4_run2,c-GC-star,0,82,5,1,2,2,4.0,0.5,,,,unstable
220127_F4_run2,c-GC-star,0,87,6,0,1,2,,0.16666666666666666,,,,unstable
220127_F4_run2,c-GC-star,0,88,1,1,0,1,2.0,0.16666666666666666,,,,unstable
220127_F4_run2,c-GC-star,1,0,7,0,0,1,,0.0,,,,stable
220127_F4_run2,c-GC-star,1,5,7,0,0,1,,0.0,,,,stable
220127_F4_run2,c-GC-star,1,7,7,0,0,1,,0.0,,,,stable
220127_F4_run2,c-GC-star,1,8,6,0,1,2,,0.16666666666666666,,,,unstable
220127_F4_run2,c-GC-star,1,11,7,0,0,1,,0.0,,,,stable
220127_F4_run2,c-GC-star,1,16,7,0,0,1,,0.0,,,,stable
220127_F4_run2,c-GC-star,1,22,1,1,1,4,5.0,0.3333333333333333,,,,unstable
220127_F4_run2,c-GC-star,1,25,7,0,0,1,,0.0,,,,stable
220127_F4_run2,c-GC-star,1,29,6,0,1,2,,0.16666666666666666,,,,unstable
220127_F4_run2,c-GC-star,1,41,6,0,1,2,,0.16666666666666666,,,,unstable
220127_F4_run2,c-GC-star,1,53,4,1,1,2,6.0,0.3333333333333333,,,,unstable
220127_F4_run2,c-GC-star,1,54,3,2,2,2,4.0,0.6666666666666666,,,,unstable
220127_F4_run2,c-GC-star,1,56,7,0,0,1,,0.0,,,,stable
220127_F4_run2,c-GC-star,1,58,2,1,2,4,5.0,0.5,,,,unstable
220127_F4_run2,c-GC-star,1,59,5,1,2,2,5.0,0.5,,,,unstable
220127_F4_run2,c-GC-star,1,60,2,1,1,3,5.0,0.3333333333333333,,,,unstable
220127_F4_run2,c-GC-star,1,76,4,1,1,3,7.0,0.3333333333333333,,,,unstable
220127_F4_run2,c-GC-star,1,78,2,0,1,6,,0.16666666666666666,,,,unstable
220127_F4_run2,c-GC-star,1,79,2,1,0,1,3.0,0.16666666666666666,,,,lost
220127_F4_run2,c-GC-star,1,82,7,0,0,1,,0.0,,,,stable
220127_F4_run2,c-GC-star,1,83,1,1,0,1,2.0,0.16666666666666666,,,,unstable
220127_F4_run2,c-GC-star,1,87,6,0,1,2,,0.16666666666666666,,,,unstable
220127_F4_run2,c-GC-star,1,88,6,0,1,2,,0.16666666666666666,,,,unstable
220127_F4_run2,c-GC-star,3,4,1,1,0,1,2.0,0.16666666666666666,,,,unstable
220127_F4_run2,c-GC-star,3,9,7,0,0,1,,0.0,,,,stable
220127_F4_run2,c-GC-star,3,18,7,0,0,1,,0.0,,,,stable
220127_F4_run2,c-GC-star,3,19,1,1,1,2,3.0,0.3333333333333333,,,,unstable
220127_F4_run2,c-GC-star,3,26,7,0,0,1,,0.0,,,,stable
220127_F4_run2,c-GC-star,3,33,3,1,2,4,6.0,0.5,,,,unstable
220127_F4_run2,c-GC-star,3,65,6,0,1,2,,0.16666666666666666,,,,unstable
220127_F4_run2,c-GC-star,3,67,5,0,1,3,,0.16666666666666666,,,,unstable
220127_F4_run2,c-GC-star,3,84,6,0,1,2,,0.16666666666666666,,,,unstable
220127_F4_run2,c-GC-star,3,90,1,1,1,4,5.0,0.3333333333333333,,,,unstable
220127_F4_run2,c-GC-star,4,0,1,1,1,3,4.0,0.3333333333333333,,,,unstable
220127_F4_run2,c-GC-star,4,6,7,0,0,1,,0.0,,,,stable
220127_F4_run2,c-GC-star,4,13,7,0,0,1,,0.0,,,,stable
220127_F4_run2,c-GC-star,4,14,7,0,0,1,,0.0,,,,stable
220127_F4_run2,c-GC-star,4,19,6,0,1,2,,0.16666666666666666,,,,unstable
220127_F4_run2,c-GC-star,4,20,7,0,0,1,,0.0,,,,stable
220127_F4_run2,c-GC-star,4,27,1,1,0,1,2.0,0.16666666666666666,,,,unstable
220127_F4_run2,c-GC-star,4,30,2,1,1,5,7.0,0.3333333333333333,,,,unstable
220127_F4_run2,c-GC-star,4,52,3,0,1,5,,0.16666666666666666,,,,unstable
220127_F4_run2,c-GC-star,4,89,6,0,1,2,,0.16666666666666666,,,,unstable
220127_F4_run2,c-GC-star,5,8,1,1,1,2,3.0,0.3333333333333333,,,,unstable
220127_F4_run2,c-GC-star,5,22,1,1,0,1,2.0,0.16666666666666666,,,,unstable
220127_F4_run2,c-GC-star,5,25,3,0,1,5,,0.16666666666666666,,,,unstable
220127_F4_run2,c-GC-star,5,28,4,1,0,1,5.0,0.16666666666666666,,,,lost
220127_F4_run2,c-GC-star,5,48,5,0,1,3,,0.16666666666666666,,,,unstable
220127_F4_run2,c-GC-star,5,51,1,1,1,5,6.0,0.3333333333333333,,,,unstable
220127_F4_run2,c-GC-star,6,4,5,1,2,2,6.0,0.5,,,,unstable
220127_F4_run2,c-GC-star,6,19,5,1,2,2,5.0,0.5,,,,unstable
220127_F4_run2,c-GC-star,6,20,1,1,1,3,4.0,0.3333333333333333,,,,unstable
220127_F4_run2,c-GC-star,6,33,2,1,0,1,3.0,0.16666666666666666,,,,lost
220127_F4_run2,c-GC-star,6,52,6,1,0,1,7.0,0.16666666666666666,,,,lost
220127_F4_run2,c-GC-star,6,66,2,1,0,1,3.0,0.16666666666666666,,,,lost
220127_F4_run2,c-GC-star,7,0,2,1,0,1,3.0,0.16666666666666666,,,,lost
220127_F4_run2,c-GC-star,7,10,1,1,0,1,2.0,0.16666666666666666,,,,unstable
220127_F4_run2,c-GC-star,7,22,3,1,0,1,4.0,0.16666666666666666,,,,lost
220127_F4_run2,c-GC-star,7,32,1,1,0,1,2.0,0.16666666666666666,,,,unstable
220127_F4_run2,c-GC-star,7,33,2,2,1,1,2.0,0.5,,,,unstable
220127_F4_run2,c-GC-star,7,67,2,1,1,4,6.0,0.3333333333333333,,,,unstable
220127_F4_run2,c-GC-star,7,82,5,1,2,2,4.0,0.5,,,,unstable
220127_F4_run2,c-GC-star,8,5,7,0,0,1,,0.0,,,,stable
220127_F4_run2,c-GC-star,8,21,7,0,0,1,,0.0,,,,stable
220127_F4_run2,c-GC-star,8,24,6,1,1,1,6.0,0.3333333333333333,,,,unstable
220127_F4_run2,c-GC-star,8,28,5,2,1,1,4.0,0.5,,,,unstable
220127_F4_run2,c-GC-star,9,3,7,0,0,1,,0.0,,,,stable
220127_F4_run2,c-GC-star,9,7,1,1,1,5,6.0,0.3333333333333333,,,,unstable
220127_F4_run2,c-GC-star,9,18,7,0,0,1,,0.0,,,,stable
220127_F4_run2,c-GC-star,9,65,5,0,1,3,,0.16666666666666666,,,,unstable
220127_F4_run2,c-GC-star,9,67,5,0,1,3,,0.16666666666666666,,,,unstable
220127_F4_run2,c-GC-star,9,68,3,0,1,5,,0.16666666666666666,,,,unstable
220127_F4_run2,c-GC-star,9,90,4,0,1,4,,0.16666666666666666,,,,unstable
220127_F4_run2,c-GC-star,10,5,7,0,0,1,,0.0,,,,stable
220127_F4_run2,c-GC-star,10,7,3,1,1,3,6.0,0.3333333333333333,,,,unstable
220127_F4_run2,c-GC-star,10,15,4,1,2,3,4.0,0.5,,,,unstable
220127_F4_run2,c-GC-star,10,22,7,0,0,1,,0.0,,,,stable
220127_F4_run2,c-GC-star,10,53,7,0,0,1,,0.0,,,,stable
220127_F4_run2,c-GC-star,10,56,3,1,0,1,4.0,0.16666666666666666,,,,lost
220127_F4_run2,c-GC-star,10,61,5,1,1,2,7.0,0.3333333333333333,,,,unstable
220127_F4_run2,c-GC-star,10,86,3,2,3,3,4.0,0.8333333333333334,,,,unstable
220127_F4_run2,c-GC-star,11,0,7,0,0,1,,0.0,,,,stable
220127_F4_run2,c-GC-star,11,1,7,0,0,1,,0.0,,,,stable
220127_F4_run2,c-GC-star,11,8,3,1,0,1,4.0,0.16666666666666666,,,,lost
220127_F4_run2,c-GC-star,11,16,7,0,0,1,,0.0,,,,stable
220127_F4_run2,c-GC-star,11,29,7,0,0,1,,0.0,,,,stable
220127_F4_run2,c-GC-star,11,58,2,1,1,3,5.0,0.3333333333333333,,,,unstable
220127_F4_run2,c-GC-star,11,82,6,0,1,2,,0.16666666666666666,,,,unstable
220127_F4_run2,c-GC-star,11,88,2,0,1,6,,0.16666666666666666,,,,unstable
220127_F4_run2,c-GC-star,12,17,1,1,0,1,2.0,0.16666666666666666,,,,unstable
220127_F4_run2,c-GC-star,12,25,3,1,1,2,5.0,0.3333333333333333,,,,unstable
220127_F4_run2,c-GC-star,12,26,7,0,0,1,,0.0,,,,stable
220127_F4_run2,c-GC-star,12,40,5,1,1,1,5.0,0.3333333333333333,,,,unstable
220127_F4_run2,c-GC-star,12,44,1,1,1,5,6.0,0.3333333333333333,,,,unstable
220127_F4_run2,c-GC-star,12,83,1,1,0,1,2.0,0.16666666666666666,,,,unstable
220127_F4_run2,c-GC-star,12,84,1,1,0,1,2.0,0.16666666666666666,,,,unstable
220127_F4_run2,c-GC-star,13,3,3,0,1,5,,0.16666666666666666,,,,unstable
220127_F4_run2,c-GC-star,13,4,7,0,0,1,,0.0,,,,stable
220127_F4_run2,c-GC-star,13,6,2,1,2,4,5.0,0.5,,,,unstable
220127_F4_run2,c-GC-star,13,14,7,0,0,1,,0.0,,,,stable
220127_F4_run2,c-GC-star,13,19,1,1,0,1,2.0,0.16666666666666666,,,,unstable
220127_F4_run2,c-GC-star,13,20,5,1,1,1,4.0,0.3333333333333333,,,,unstable
220127_F4_run2,c-GC-star,13,68,1,0,1,7,,0.16666666666666666,,,,novel
220127_F4_run2,c-GC-star,14,4,7,0,0,1,,0.0,,,,stable
220127_F4_run2,c-GC-star,14,6,4,1,1,3,7.0,0.3333333333333333,,,,unstable
220127_F4_run2,c-GC-star,14,7,1,1,1,3,4.0,0.3333333333333333,,,,unstable
220127_F4_run2,c-GC-star,14,13,7,0,0,1,,0.0,,,,stable
220127_F4_run2,c-GC-star,14,19,7,0,0,1,,0.0,,,,stable
220127_F4_run2,c-GC-star,14,20,7,0,0,1,,0.0,,,,stable
220127_F4_run2,c-GC-star,14,70,3,1,1,2,5.0,0.3333333333333333,,,,unstable
220127_F4_run2,c-GC-star,16,0,7,0,0,1,,0.0,,,,stable
220127_F4_run2,c-GC-star,16,1,7,0,0,1,,0.0,,,,stable
220127_F4_run2,c-GC-star,16,4,1,1,0,1,2.0,0.16666666666666666,,,,unstable
220127_F4_run2,c-GC-star,16,7,5,0,1,3,,0.16666666666666666,,,,unstable
220127_F4_run2,c-GC-star,16,8,4,1,2,3,4.0,0.5,,,,unstable
220127_F4_run2,c-GC-star,16,10,3,1,2,4,6.0,0.5,,,,unstable
220127_F4_run2,c-GC-star,16,11,6,1,1,1,3.0,0.3333333333333333,,,,unstable
220127_F4_run2,c-GC-star,16,12,6,0,1,2,,0.16666666666666666,,,,unstable
220127_F4_run2,c-GC-star,16,22,5,1,2,2,6.0,0.5,,,,unstable
220127_F4_run2,c-GC-star,16,24,1,0,1,7,,0.16666666666666666,,,,novel
220127_F4_run2,c-GC-star,16,28,5,0,1,3,,0.16666666666666666,,,,unstable
220127_F4_run2,c-GC-star,16,29,1,1,1,4,5.0,0.3333333333333333,,,,unstable
220127_F4_run2,c-GC-star,16,32,5,0,1,3,,0.16666666666666666,,,,unstable
220127_F4_run2,c-GC-star,16,56,6,0,1,2,,0.16666666666666666,,,,unstable
220127_F4_run2,c-GC-star,16,59,5,1,2,2,5.0,0.5,,,,unstable
220127_F4_run2,c-GC-star,16,62,6,0,1,2,,0.16666666666666666,,,,unstable
220127_F4_run2,c-GC-star,16,64,4,1,1,2,6.0,0.3333333333333333,,,,unstable
220127_F4_run2,c-GC-star,16,69,6,0,1,2,,0.16666666666666666,,,,unstable
220127_F4_run2,c-GC-star,16,71,2,1,2,4,5.0,0.5,,,,unstable
220127_F4_run2,c-GC-star,16,82,1,1,0,1,2.0,0.16666666666666666,,,,unstable
220127_F4_run2,c-GC-star,16,87,6,0,1,2,,0.16666666666666666,,,,unstable
220127_F4_run2,c-GC-star,17,12,6,1,1,1,4.0,0.3333333333333333,,,,unstable
220127_F4_run2,c-GC-star,17,35,1,1,0,1,2.0,0.16666666666666666,,,,unstable
220127_F4_run2,c-GC-star,17,83,1,1,0,1,2.0,0.16666666666666666,,,,unstable
220127_F4_run2,c-GC-star,18,3,6,1,1,1,4.0,0.3333333333333333,,,,unstable
220127_F4_run2,c-GC-star,18,6,1,1,0,1,2.0,0.16666666666666666,,,,unstable
220127_F4_run2,c-GC-star,18,9,7,0,0,1,,0.0,,,,stable
220127_F4_run2,c-GC-star,18,33,2,1,1,2,4.0,0.3333333333333333,,,,unstable
220127_F4_run2,c-GC-star,18,65,7,0,0,1,,0.0,,,,stable
220127_F4_run2,c-GC-star,18,67,7,0,0,1,,0.0,,,,stable
220127_F4_run2,c-GC-star,18,84,1,0,1,7,,0.16666666666666666,,,,novel
220127_F4_run2,c-GC-star,18,90,5,1,2,2,5.0,0.5,,,,unstable
220127_F4_run2,c-GC-star,18,91,7,0,0,1,,0.0,,,,stable
220127_F4_run2,c-GC-star,19,1,2,1,2,4,5.0,0.5,,,,unstable
220127_F4_run2,c-GC-star,19,4,7,0,0,1,,0.0,,,,stable
220127_F4_run2,c-GC-star,19,6,4,1,0,1,5.0,0.16666666666666666,,,,lost
220127_F4_run2,c-GC-star,19,13,7,0,0,1,,0.0,,,,stable
220127_F4_run2,c-GC-star,19,14,6,1,1,1,5.0,0.3333333333333333,,,,unstable
220127_F4_run2,c-GC-star,19,20,4,0,1,4,,0.16666666666666666,,,,unstable
220127_F4_run2,c-GC-star,19,26,7,0,0,1,,0.0,,,,stable
220127_F4_run2,c-GC-star,19,33,6,0,1,2,,0.16666666666666666,,,,unstable
220127_F4_run2,c-GC-star,19,35,6,0,1,2,,0.16666666666666666,,,,unstable
220127_F4_run2,c-GC-star,19,43,4,0,1,4,,0.16666666666666666,,,,unstable
220127_F4_run2,c-GC-star,19,52,7,0,0,1,,0.0,,,,stable
220127_F4_run2,c-GC-star,19,66,1,1,0,1,2.0,0.16666666666666666,,,,unstable
220127_F4_run2,c-GC-star,19,67,4,2,1,1,4.0,0.5,,,,unstable
220127_F4_run2,c-GC-star,19,69,3,2,2,2,3.0,0.6666666666666666,,,,unstable
220127_F4_run2,c-GC-star,19,71,4,1,0,1,5.0,0.16666666666666666,,,,lost
220127_F4_run2,c-GC-star,20,4,7,0,0,1,,0.0,,,,stable
220127_F4_run2,c-GC-star,20,6,7,0,0,1,,0.0,,,,stable
220127_F4_run2,c-GC-star,20,13,7,0,0,1,,0.0,,,,stable
220127_F4_run2,c-GC-star,20,14,7,0,0,1,,0.0,,,,stable
220127_F4_run2,c-GC-star,20,19,3,0,1,5,,0.16666666666666666,,,,unstable
220127_F4_run2,c-GC-star,20,27,4,2,2,2,3.0,0.6666666666666666,,,,unstable
220127_F4_run2,c-GC-star,20,52,3,1,2,3,4.0,0.5,,,,unstable
220127_F4_run2,c-GC-star,20,66,2,1,1,5,7.0,0.3333333333333333,,,,unstable
220127_F4_run2,c-GC-star,20,74,1,0,1,7,,0.16666666666666666,,,,novel
220127_F4_run2,c-GC-star,20,89,5,1,2,2,6.0,0.5,,,,unstable
220127_F4_run2,c-GC-star,20,90,6,0,1,2,,0.16666666666666666,,,,unstable
220127_F4_run2,c-GC-star,21,8,7,0,0,1,,0.0,,,,stable
220127_F4_run2,c-GC-star,21,24,7,0,0,1,,0.0,,,,stable
220127_F4_run2,c-GC-star,21,28,2,1,0,1,3.0,0.16666666666666666,,,,lost
220127_F4_run2,c-GC-star,21,35,2,1,1,1,2.0,0.3333333333333333,,,,unstable
220127_F4_run2,c-GC-star,21,47,4,1,2,3,6.0,0.5,,,,unstable
220127_F4_run2,c-GC-star,21,60,1,1,0,1,2.0,0.16666666666666666,,,,unstable
220127_F4_run2,c-GC-star,22,5,7,0,0,1,,0.0,,,,stable
220127_F4_run2,c-GC-star,22,7,1,1,1,3,4.0,0.3333333333333333,,,,unstable
220127_F4_run2,c-GC-star,22,10,7,0,0,1,,0.0,,,,stable
220127_F4_run2,c-GC-star,22,53,2,1,0,1,3.0,0.16666666666666666,,,,lost
220127_F4_run2,c-GC-star,22,56,2,1,0,1,3.0,0.16666666666666666,,,,lost
220127_F4_run2,c-GC-star,23,1,1,0,1,7,,0.16666666666666666,,,,novel
220127_F4_run2,c-GC-star,24,41,1,1,0,1,2.0,0.16666666666666666,,,,unstable
220127_F4_run2,c-GC-star,24,67,4,2,2,1,3.0,0.6666666666666666,,,,unstable
220127_F4_run2,c-GC-star,24,69,1,0,1,7,,0.16666666666666666,,,,novel
220127_F4_run2,c-GC-star,24,88,1,1,0,1,2.0,0.16666666666666666,,,,unstable
220127_F4_run2,c-GC-star,25,7,6,1,0,1,7.0,0.16666666666666666,,,,lost
220127_F4_run2,c-GC-star,25,13,3,1,0,1,4.0,0.16666666666666666,,,,lost
220127_F4_run2,c-GC-star,25,19,3,1,2,3,4.0,0.5,,,,unstable
220127_F4_run2,c-GC-star,25,41,2,1,2,5,6.0,0.5,,,,unstable
220127_F4_run2,c-GC-star,25,73,5,1,2,2,3.0,0.5,,,,unstable
220127_F4_run2,c-GC-star,25,81,1,1,0,1,2.0,0.16666666666666666,,,,unstable
220127_F4_run2,c-GC-star,25,82,1,1,1,2,3.0,0.3333333333333333,,,,unstable
220127_F4_run2,c-GC-star,26,11,1,0,1,7,,0.16666666666666666,,,,novel
220127_F4_run2,c-GC-star,26,12,7,0,0,1,,0.0,,,,stable
220127_F4_run2,c-GC-star,26,50,1,1,0,1,2.0,0.16666666666666666,,,,unstable
220127_F4_run2,c-GC-star,26,82,3,2,3,2,3.0,0.8333333333333334,,,,unstable
220127_F4_run2,c-GC-star,26,84,1,1,0,1,2.0,0.16666666666666666,,,,unstable
220127_F4_run2,c-GC-star,27,3,1,1,0,1,2.0,0.16666666666666666,,,,unstable
220127_F4_run2,c-GC-star,27,4,6,1,1,1,2.0,0.3333333333333333,,,,unstable
220127_F4_run2,c-GC-star,27,13,1,1,0,1,2.0,0.16666666666666666,,,,unstable
220127_F4_run2,c-GC-star,27,18,1,1,1,6,7.0,0.3333333333333333,,,,unstable
220127_F4_run2,c-GC-star,27,20,1,1,0,1,2.0,0.16666666666666666,,,,unstable
220127_F4_run2,c-GC-star,27,33,1,1,0,1,2.0,0.16666666666666666,,,,unstable
220127_F4_run2,c-GC-star,27,54,1,1,0,1,2.0,0.16666666666666666,,,,unstable
220127_F4_run2,c-GC-star,27,58,1,1,0,1,2.0,0.16666666666666666,,,,unstable
220127_F4_run2,c-GC-star,27,66,1,1,0,1,2.0,0.16666666666666666,,,,unstable
220127_F4_run2,c-GC-star,28,8,4,2,2,1,3.0,0.6666666666666666,,,,unstable
220127_F4_run2,c-GC-star,28,13,2,0,1,6,,0.16666666666666666,,,,unstable
220127_F4_run2,c-GC-star,28,21,1,1,0,1,2.0,0.16666666666666666,,,,unstable
220127_F4_run2,c-GC-star,29,24,4,1,2,3,4.0,0.5,,,,unstable
220127_F4_run2,c-GC-star,29,25,1,1,0,1,2.0,0.16666666666666666,,,,unstable
220127_F4_run2,c-GC-star,29,32,1,1,0,1,2.0,0.16666666666666666,,,,unstable
220127_F4_run2,c-GC-star,29,36,1,1,1,4,5.0,0.3333333333333333,,,,unstable
220127_F4_run2,c-GC-star,29,41,2,2,1,1,2.0,0.5,,,,unstable
220127_F4_run2,c-GC-star,29,53,1,1,0,1,2.0,0.16666666666666666,,,,unstable
220127_F4_run2,c-GC-star,29,54,4,1,1,1,2.0,0.3333333333333333,,,,unstable
220127_F4_run2,c-GC-star,29,58,1,1,0,1,2.0,0.16666666666666666,,,,unstable
220127_F4_run2,c-GC-star,30,39,1,1,0,1,2.0,0.16666666666666666,,,,unstable
220127_F4_run2,c-GC-star,30,52,7,0,0,1,,0.0,,,,stable
220127_F4_run2,c-GC-star,30,66,4,1,1,3,7.0,0.3333333333333333,,,,unstable
220127_F4_run2,c-GC-star,30,68,7,0,0,1,,0.0,,,,stable
220127_F4_run2,c-GC-star,30,69,1,1,0,1,2.0,0.16666666666666666,,,,unstable
220127_F4_run2,c-GC-star,30,90,3,1,0,1,4.0,0.16666666666666666,,,,lost
220127_F4_run2,c-GC-star,31,25,1,1,0,1,2.0,0.16666666666666666,,,,unstable
220127_F4_run2,c-GC-star,31,30,1,1,0,1,2.0,0.16666666666666666,,,,unstable
220127_F4_run2,c-GC-star,31,35,1,1,0,1,2.0,0.16666666666666666,,,,unstable
220127_F4_run2,c-GC-star,31,49,1,1,0,1,2.0,0.16666666666666666,,,,unstable
220127_F4_run2,c-GC-star,31,52,1,1,0,1,2.0,0.16666666666666666,,,,unstable
220127_F4_run2,c-GC-star,31,53,5,2,2,1,3.0,0.6666666666666666,,,,unstable
220127_F4_run2,c-GC-star,31,57,1,1,1,3,4.0,0.3333333333333333,,,,unstable
220127_F4_run2,c-GC-star,31,72,1,1,0,1,2.0,0.16666666666666666,,,,unstable
220127_F4_run2,c-GC-star,31,73,1,1,1,6,7.0,0.3333333333333333,,,,unstable
220127_F4_run2,c-GC-star,31,76,2,2,1,1,2.0,0.5,,,,unstable
220127_F4_run2,c-GC-star,31,77,2,1,2,4,5.0,0.5,,,,unstable
220127_F4_run2,c-GC-star,31,78,6,1,0,1,7.0,0.16666666666666666,,,,lost
220127_F4_run2,c-GC-star,31,84,2,1,0,1,3.0,0.16666666666666666,,,,lost
220127_F4_run2,c-GC-star,32,0,4,0,1,4,,0.16666666666666666,,,,unstable
220127_F4_run2,c-GC-star,32,23,1,1,0,1,2.0,0.16666666666666666,,,,unstable
220127_F4_run2,c-GC-star,32,25,1,1,0,1,2.0,0.16666666666666666,,,,unstable
220127_F4_run2,c-GC-star,32,56,1,1,0,1,2.0,0.16666666666666666,,,,unstable
220127_F4_run2,c-GC-star,32,61,3,2,1,1,3.0,0.5,,,,unstable
220127_F4_run2,c-GC-star,32,63,7,0,0,1,,0.0,,,,stable
220127_F4_run2,c-GC-star,32,64,1,1,0,1,2.0,0.16666666666666666,,,,unstable
220127_F4_run2,c-GC-star,32,73,1,1,0,1,2.0,0.16666666666666666,,,,unstable
220127_F4_run2,c-GC-star,33,6,1,1,0,1,2.0,0.16666666666666666,,,,unstable
220127_F4_run2,c-GC-star,33,66,1,1,0,1,2.0,0.16666666666666666,,,,unstable
220127_F4_run2,c-GC-star,33,67,2,1,0,1,3.0,0.16666666666666666,,,,lost
220127_F4_run2,c-GC-star,35,4,1,1,0,1,2.0,0.16666666666666666,,,,unstable
220127_F4_run2,c-GC-star,35,17,2,1,1,2,4.0,0.3333333333333333,,,,unstable
220127_F4_run2,c-GC-star,35,44,1,1,0,1,2.0,0.16666666666666666,,,,unstable
220127_F4_run2,c-GC-star,36,31,1,1,1,4,5.0,0.3333333333333333,,,,unstable
220127_F4_run2,c-GC-star,36,51,1,1,0,1,2.0,0.16666666666666666,,,,unstable
220127_F4_run2,c-GC-star,36,81,7,0,0,1,,0.0,,,,stable
220127_F4_run2,c-GC-star,37,15,1,1,0,1,2.0,0.16666666666666666,,,,unstable
220127_F4_run2,c-GC-star,37,46,1,1,0,1,2.0,0.16666666666666666,,,,unstable
220127_F4_run2,c-GC-star,37,56,3,1,2,2,3.0,0.5,,,,unstable
220127_F4_run2,c-GC-star,37,62,6,1,1,1,4.0,0.3333333333333333,,,,unstable
220127_F4_run2,c-GC-star,37,66,7,0,0,1,,0.0,,,,stable
220127_F4_run2,c-GC-star,37,73,7,0,0,1,,0.0,,,,stable
220127_F4_run2,c-GC-star,38,48,1,1,0,1,2.0,0.16666666666666666,,,,unstable
220127_F4_run2,c-GC-star,38,67,6,1,1,1,5.0,0.3333333333333333,,,,unstable
220127_F4_run2,c-GC-star,38,77,1,1,0,1,2.0,0.16666666666666666,,,,unstable
220127_F4_run2,c-GC-star,38,79,1,1,0,1,2.0,0.16666666666666666,,,,unstable
220127_F4_run2,c-GC-star,38,81,1,1,0,1,2.0,0.16666666666666666,,,,unstable
220127_F4_run2,c-GC-star,39,6,4,0,1,4,,0.16666666666666666,,,,unstable
220127_F4_run2,c-GC-star,39,30,6,1,0,1,7.0,0.16666666666666666,,,,lost
220127_F4_run2,c-GC-star,39,32,1,0,1,7,,0.16666666666666666,,,,novel
220127_F4_run2,c-GC-star,39,38,5,1,2,2,5.0,0.5,,,,unstable
220127_F4_run2,c-GC-star,39,47,4,1,1,1,3.0,0.3333333333333333,,,,unstable
220127_F4_run2,c-GC-star,39,76,2,2,1,1,2.0,0.5,,,,unstable
220127_F4_run2,c-GC-star,39,89,1,1,0,1,2.0,0.16666666666666666,,,,unstable
220127_F4_run2,c-GC-star,40,12,7,0,0,1,,0.0,,,,stable
220127_F4_run2,c-GC-star,40,25,3,1,1,4,7.0,0.3333333333333333,,,,unstable
220127_F4_run2,c-GC-star,40,26,2,1,0,1,3.0,0.16666666666666666,,,,lost
220127_F4_run2,c-GC-star,40,41,2,1,1,1,2.0,0.3333333333333333,,,,unstable
220127_F4_run2,c-GC-star,40,50,1,1,0,1,2.0,0.16666666666666666,,,,unstable
220127_F4_run2,c-GC-star,40,80,3,0,1,5,,0.16666666666666666,,,,unstable
220127_F4_run2,c-GC-star,40,87,1,1,0,1,2.0,0.16666666666666666,,,,unstable
220127_F4_run2,c-GC-star,41,9,6,1,1,1,4.0,0.3333333333333333,,,,unstable
220127_F4_run2,c-GC-star,41,10,2,1,0,1,3.0,0.16666666666666666,,,,lost
220127_F4_run2,c-GC-star,41,26,1,1,0,1,2.0,0.16666666666666666,,,,unstable
220127_F4_run2,c-GC-star,41,40,2,0,1,6,,0.16666666666666666,,,,unstable
220127_F4_run2,c-GC-star,41,46,1,1,0,1,2.0,0.16666666666666666,,,,unstable
220127_F4_run2,c-GC-star,41,48,2,2,1,1,2.0,0.5,,,,unstable
220127_F4_run2,c-GC-star,41,53,6,1,1,1,2.0,0.3333333333333333,,,,unstable
220127_F4_run2,c-GC-star,41,56,7,0,0,1,,0.0,,,,stable
220127_F4_run2,c-GC-star,41,58,1,1,0,1,2.0,0.16666666666666666,,,,unstable
220127_F4_run2,c-GC-star,41,71,1,1,0,1,2.0,0.16666666666666666,,,,unstable
220127_F4_run2,c-GC-star,41,87,1,1,1,3,4.0,0.3333333333333333,,,,unstable
220127_F4_run2,c-GC-star,42,45,5,0,1,3,,0.16666666666666666,,,,unstable
220127_F4_run2,c-GC-star,42,79,1,1,0,1,2.0,0.16666666666666666,,,,unstable
220127_F4_run2,c-GC-star,42,84,3,3,2,1,2.0,0.8333333333333334,,,,unstable
220127_F4_run2,c-GC-star,43,68,1,0,1,7,,0.16666666666666666,,,,novel
220127_F4_run2,c-GC-star,44,53,3,0,1,5,,0.16666666666666666,,,,unstable
220127_F4_run2,c-GC-star,44,54,4,1,0,1,5.0,0.16666666666666666,,,,lost
220127_F4_run2,c-GC-star,44,73,1,1,0,1,2.0,0.16666666666666666,,,,unstable
220127_F4_run2,c-GC-star,44,84,2,2,2,2,3.0,0.6666666666666666,,,,unstable
220127_F4_run2,c-GC-star,44,91,1,1,1,4,5.0,0.3333333333333333,,,,unstable
220127_F4_run2,c-GC-star,45,2,1,1,0,1,2.0,0.16666666666666666,,,,unstable
220127_F4_run2,c-GC-star,45,8,1,1,1,3,4.0,0.3333333333333333,,,,unstable
220127_F4_run2,c-GC-star,45,46,2,2,2,2,3.0,0.6666666666666666,,,,unstable
220127_F4_run2,c-GC-star,45,47,3,2,1,1,3.0,0.5,,,,unstable
220127_F4_run2,c-GC-star,45,55,1,1,0,1,2.0,0.16666666666666666,,,,unstable
220127_F4_run2,c-GC-star,45,62,1,1,1,4,5.0,0.3333333333333333,,,,unstable
220127_F4_run2,c-GC-star,45,77,6,0,1,2,,0.16666666666666666,,,,unstable
220127_F4_run2,c-GC-star,46,4,1,1,0,1,2.0,0.16666666666666666,,,,unstable
220127_F4_run2,c-GC-star,46,69,1,1,0,1,2.0,0.16666666666666666,,,,unstable
220127_F4_run2,c-GC-star,46,70,2,1,0,1,3.0,0.16666666666666666,,,,lost
220127_F4_run2,c-GC-star,46,90,1,1,0,1,2.0,0.16666666666666666,,,,unstable
220127_F4_run2,c-GC-star,47,1,1,1,1,2,3.0,0.3333333333333333,,,,unstable
220127_F4_run2,c-GC-star,47,32,1,0,1,7,,0.16666666666666666,,,,novel
220127_F4_run2,c-GC-star,47,38,7,0,0,1,,0.0,,,,stable
220127_F4_run2,c-GC-star,47,39,7,0,0,1,,0.0,,,,stable
220127_F4_run2,c-GC-star,47,49,2,0,1,6,,0.16666666666666666,,,,unstable
220127_F4_run2,c-GC-star,47,50,6,1,0,1,7.0,0.16666666666666666,,,,lost
220127_F4_run2,c-GC-star,47,84,1,1,1,6,7.0,0.3333333333333333,,,,unstable
220127_F4_run2,c-GC-star,47,88,5,1,1,1,5.0,0.3333333333333333,,,,unstable
220127_F4_run2,c-GC-star,48,7,1,1,0,1,2.0,0.16666666666666666,,,,unstable
220127_F4_run2,c-GC-star,48,41,1,1,0,1,2.0,0.16666666666666666,,,,unstable
220127_F4_run2,c-GC-star,48,46,4,2,1,1,3.0,0.5,,,,unstable
220127_F4_run2,c-GC-star,48,58,6,1,1,1,4.0,0.3333333333333333,,,,unstable
220127_F4_run2,c-GC-star,48,59,2,1,0,1,3.0,0.16666666666666666,,,,lost
220127_F4_run2,c-GC-star,48,62,4,1,2,2,3.0,0.5,,,,unstable
220127_F4_run2,c-GC-star,48,71,3,0,1,5,,0.16666666666666666,,,,unstable
220127_F4_run2,c-GC-star,48,87,1,1,0,1,2.0,0.16666666666666666,,,,unstable
220127_F4_run2,c-GC-star,48,88,1,1,0,1,2.0,0.16666666666666666,,,,unstable
220127_F4_run2,c-GC-star,49,15,4,1,2,3,4.0,0.5,,,,unstable
220127_F4_run2,c-GC-star,49,51,1,1,0,1,2.0,0.16666666666666666,,,,unstable
220127_F4_run2,c-GC-star,49,69,4,0,1,4,,0.16666666666666666,,,,unstable
220127_F4_run2,c-GC-star,49,70,7,0,0,1,,0.0,,,,stable
220127_F4_run2,c-GC-star,49,78,1,1,0,1,2.0,0.16666666666666666,,,,unstable
220127_F4_run2,c-GC-star,49,81,3,1,2,3,4.0,0.5,,,,unstable
220127_F4_run2,c-GC-star,50,38,1,1,0,1,2.0,0.16666666666666666,,,,unstable
220127_F4_run2,c-GC-star,50,40,7,0,0,1,,0.0,,,,stable
220127_F4_run2,c-GC-star,50,44,6,1,0,1,7.0,0.16666666666666666,,,,lost
220127_F4_run2,c-GC-star,50,45,1,1,0,1,2.0,0.16666666666666666,,,,unstable
220127_F4_run2,c-GC-star,50,49,6,0,1,2,,0.16666666666666666,,,,unstable
220127_F4_run2,c-GC-star,50,69,2,2,1,1,2.0,0.5,,,,unstable
220127_F4_run2,c-GC-star,50,80,7,0,0,1,,0.0,,,,stable
220127_F4_run2,c-GC-star,51,28,2,2,2,3,4.0,0.6666666666666666,,,,unstable
220127_F4_run2,c-GC-star,51,41,2,2,2,2,3.0,0.6666666666666666,,,,unstable
220127_F4_run2,c-GC-star,51,53,1,1,1,2,3.0,0.3333333333333333,,,,unstable
220127_F4_run2,c-GC-star,51,56,1,1,0,1,2.0,0.16666666666666666,,,,unstable
220127_F4_run2,c-GC-star,51,72,2,2,1,1,2.0,0.5,,,,unstable
220127_F4_run2,c-GC-star,51,73,3,1,2,2,4.0,0.5,,,,unstable
220127_F4_run2,c-GC-star,51,76,7,0,0,1,,0.0,,,,stable
220127_F4_run2,c-GC-star,52,6,2,1,0,1,3.0,0.16666666666666666,,,,lost
220127_F4_run2,c-GC-star,52,30,7,0,0,1,,0.0,,,,stable
220127_F4_run2,c-GC-star,52,31,1,1,0,1,2.0,0.16666666666666666,,,,unstable
220127_F4_run2,c-GC-star,52,35,1,1,1,3,4.0,0.3333333333333333,,,,unstable
220127_F4_run2,c-GC-star,52,39,2,0,1,6,,0.16666666666666666,,,,unstable
220127_F4_run2,c-GC-star,52,43,6,1,0,1,7.0,0.16666666666666666,,,,lost
220127_F4_run2,c-GC-star,52,60,1,0,1,7,,0.16666666666666666,,,,novel
220127_F4_run2,c-GC-star,52,68,2,1,0,1,3.0,0.16666666666666666,,,,lost
220127_F4_run2,c-GC-star,52,73,4,1,1,1,4.0,0.3333333333333333,,,,unstable
220127_F4_run2,c-GC-star,53,10,6,1,1,1,4.0,0.3333333333333333,,,,unstable
220127_F4_run2,c-GC-star,53,21,4,1,2,3,5.0,0.5,,,,unstable
220127_F4_run2,c-GC-star,53,22,7,0,0,1,,0.0,,,,stable
220127_F4_run2,c-GC-star,53,25,3,2,2,1,2.0,0.6666666666666666,,,,unstable
220127_F4_run2,c-GC-star,53,34,6,0,1,2,,0.16666666666666666,,,,unstable
220127_F4_run2,c-GC-star,53,35,2,1,1,1,2.0,0.3333333333333333,,,,unstable
220127_F4_run2,c-GC-star,53,41,7,0,0,1,,0.0,,,,stable
220127_F4_run2,c-GC-star,53,49,2,1,0,1,3.0,0.16666666666666666,,,,lost
220127_F4_run2,c-GC-star,53,56,7,0,0,1,,0.0,,,,stable
220127_F4_run2,c-GC-star,53,58,5,1,1,1,5.0,0.3333333333333333,,,,unstable
220127_F4_run2,c-GC-star,53,59,6,1,1,1,5.0,0.3333333333333333,,,,unstable
220127_F4_run2,c-GC-star,53,60,2,0,1,6,,0.16666666666666666,,,,unstable
220127_F4_run2,c-GC-star,53,62,7,0,0,1,,0.0,,,,stable
220127_F4_run2,c-GC-star,53,73,6,0,1,2,,0.16666666666666666,,,,unstable
220127_F4_run2,c-GC-star,53,76,7,0,0,1,,0.0,,,,stable
220127_F4_run2,c-GC-star,53,78,7,0,0,1,,0.0,,,,stable
220127_F4_run2,c-GC-star,53,82,6,1,1,1,5.0,0.3333333333333333,,,,unstable
220127_F4_run2,c-GC-star,53,86,2,2,2,2,3.0,0.6666666666666666,,,,unstable
220127_F4_run2,c-GC-star,53,87,6,0,1,2,,0.16666666666666666,,,,unstable
220127_F4_run2,c-GC-star,53,89,7,0,0,1,,0.0,,,,stable
220127_F4_run2,c-GC-star,54,1,4,1,0,1,5.0,0.16666666666666666,,,,lost
220127_F4_run2,c-GC-star,54,14,7,0,0,1,,0.0,,,,stable
220127_F4_run2,c-GC-star,54,29,7,0,0,1,,0.0,,,,stable
220127_F4_run2,c-GC-star,54,41,7,0,0,1,,0.0,,,,stable
220127_F4_run2,c-GC-star,54,44,1,1,0,1,2.0,0.16666666666666666,,,,unstable
220127_F4_run2,c-GC-star,54,47,6,0,1,2,,0.16666666666666666,,,,unstable
220127_F4_run2,c-GC-star,54,51,2,1,1,2,4.0,0.3333333333333333,,,,unstable
220127_F4_run2,c-GC-star,54,58,7,0,0,1,,0.0,,,,stable
220127_F4_run2,c-GC-star,54,72,7,0,0,1,,0.0,,,,stable
220127_F4_run2,c-GC-star,54,89,1,1,1,5,6.0,0.3333333333333333,,,,unstable
220127_F4_run2,c-GC-star,55,40,1,1,1,3,4.0,0.3333333333333333,,,,unstable
220127_F4_run2,c-GC-star,55,46,2,1,1,2,4.0,0.3333333333333333,,,,unstable
220127_F4_run2,c-GC-star,55,71,3,2,3,3,4.0,0.8333333333333334,,,,unstable
220127_F4_run2,c-GC-star,56,5,4,1,0,1,5.0,0.16666666666666666,,,,lost
220127_F4_run2,c-GC-star,56,10,3,2,1,1,3.0,0.5,,,,unstable
220127_F4_run2,c-GC-star,56,22,7,0,0,1,,0.0,,,,stable
220127_F4_run2,c-GC-star,56,28,3,0,1,5,,0.16666666666666666,,,,unstable
220127_F4_run2,c-GC-star,56,41,7,0,0,1,,0.0,,,,stable
220127_F4_run2,c-GC-star,56,53,7,0,0,1,,0.0,,,,stable
220127_F4_run2,c-GC-star,56,59,2,1,1,5,7.0,0.3333333333333333,,,,unstable
220127_F4_run2,c-GC-star,56,62,1,1,0,1,2.0,0.16666666666666666,,,,unstable
220127_F4_run2,c-GC-star,56,74,1,1,0,1,2.0,0.16666666666666666,,,,unstable
220127_F4_run2,c-GC-star,57,56,1,1,0,1,2.0,0.16666666666666666,,,,unstable
220127_F4_run2,c-GC-star,57,63,1,1,1,2,3.0,0.3333333333333333,,,,unstable
220127_F4_run2,c-GC-star,57,81,2,1,0,1,3.0,0.16666666666666666,,,,lost
220127_F4_run2,c-GC-star,58,7,1,1,0,1,2.0,0.16666666666666666,,,,unstable
220127_F4_run2,c-GC-star,58,23,1,1,1,2,3.0,0.3333333333333333,,,,unstable
220127_F4_run2,c-GC-star,58,29,1,1,0,1,2.0,0.16666666666666666,,,,unstable
220127_F4_run2,c-GC-star,58,41,4,2,1,1,4.0,0.5,,,,unstable
220127_F4_run2,c-GC-star,58,54,1,1,0,1,2.0,0.16666666666666666,,,,unstable
220127_F4_run2,c-GC-star,58,56,1,1,0,1,2.0,0.16666666666666666,,,,unstable
220127_F4_run2,c-GC-star,58,59,1,1,1,3,4.0,0.3333333333333333,,,,unstable
220127_F4_run2,c-GC-star,58,76,1,0,1,7,,0.16666666666666666,,,,novel
220127_F4_run2,c-GC-star,58,82,5,2,1,1,5.0,0.5,,,,unstable
220127_F4_run2,c-GC-star,58,87,7,0,0,1,,0.0,,,,stable
220127_F4_run2,c-GC-star,58,88,6,1,1,1,2.0,0.3333333333333333,,,,unstable
220127_F4_run2,c-GC-star,59,30,4,1,2,3,5.0,0.5,,,,unstable
220127_F4_run2,c-GC-star,59,41,1,1,0,1,2.0,0.16666666666666666,,,,unstable
220127_F4_run2,c-GC-star,59,48,6,0,1,2,,0.16666666666666666,,,,unstable
220127_F4_run2,c-GC-star,59,49,4,0,1,4,,0.16666666666666666,,,,unstable
220127_F4_run2,c-GC-star,59,52,1,0,1,7,,0.16666666666666666,,,,novel
220127_F4_run2,c-GC-star,59,60,7,0,0,1,,0.0,,,,stable
220127_F4_run2,c-GC-star,59,69,1,1,0,1,2.0,0.16666666666666666,,,,unstable
220127_F4_run2,c-GC-star,59,72,1,1,1,3,4.0,0.3333333333333333,,,,unstable
220127_F4_run2,c-GC-star,59,86,1,1,1,3,4.0,0.3333333333333333,,,,unstable
220127_F4_run2,c-GC-star,59,88,3,1,1,1,2.0,0.3333333333333333,,,,unstable
220127_F4_run2,c-GC-star,59,89,7,0,0,1,,0.0,,,,stable
220127_F4_run2,c-GC-star,60,21,1,1,0,1,2.0,0.16666666666666666,,,,unstable
220127_F4_run2,c-GC-star,60,32,2,1,2,5,6.0,0.5,,,,unstable
220127_F4_run2,c-GC-star,60,41,3,0,1,5,,0.16666666666666666,,,,unstable
220127_F4_run2,c-GC-star,60,56,6,0,1,2,,0.16666666666666666,,,,unstable
220127_F4_run2,c-GC-star,60,57,2,1,0,1,3.0,0.16666666666666666,,,,lost
220127_F4_run2,c-GC-star,60,58,1,1,0,1,2.0,0.16666666666666666,,,,unstable
220127_F4_run2,c-GC-star,60,59,7,0,0,1,,0.0,,,,stable
220127_F4_run2,c-GC-star,60,73,1,1,1,2,3.0,0.3333333333333333,,,,unstable
220127_F4_run2,c-GC-star,61,32,1,1,0,1,2.0,0.16666666666666666,,,,unstable
220127_F4_run2,c-GC-star,61,35,1,1,0,1,2.0,0.16666666666666666,,,,unstable
220127_F4_run2,c-GC-star,61,38,3,1,0,1,4.0,0.16666666666666666,,,,lost
220127_F4_run2,c-GC-star,61,52,2,1,0,1,3.0,0.16666666666666666,,,,lost
220127_F4_run2,c-GC-star,61,67,2,1,0,1,3.0,0.16666666666666666,,,,lost
220127_F4_run2,c-GC-star,61,77,7,0,0,1,,0.0,,,,stable
220127_F4_run2,c-GC-star,61,82,2,1,0,1,3.0,0.16666666666666666,,,,lost
220127_F4_run2,c-GC-star,61,85,4,1,2,3,6.0,0.5,,,,unstable
220127_F4_run2,c-GC-star,61,86,7,0,0,1,,0.0,,,,stable
220127_F4_run2,c-GC-star,62,0,1,1,1,2,3.0,0.3333333333333333,,,,unstable
220127_F4_run2,c-GC-star,62,5,1,1,1,2,3.0,0.3333333333333333,,,,unstable
220127_F4_run2,c-GC-star,62,15,3,2,1,1,3.0,0.5,,,,unstable
220127_F4_run2,c-GC-star,62,25,7,0,0,1,,0.0,,,,stable
220127_F4_run2,c-GC-star,62,29,7,0,0,1,,0.0,,,,stable
220127_F4_run2,c-GC-star,62,41,6,0,1,2,,0.16666666666666666,,,,unstable
220127_F4_run2,c-GC-star,62,58,7,0,0,1,,0.0,,,,stable
220127_F4_run2,c-GC-star,62,59,7,0,0,1,,0.0,,,,stable
220127_F4_run2,c-GC-star,62,71,6,1,0,1,7.0,0.16666666666666666,,,,lost
220127_F4_run2,c-GC-star,62,73,5,0,1,3,,0.16666666666666666,,,,unstable
220127_F4_run2,c-GC-star,62,82,7,0,0,1,,0.0,,,,stable
220127_F4_run2,c-GC-star,63,1,1,1,0,1,2.0,0.16666666666666666,,,,unstable
220127_F4_run2,c-GC-star,63,19,2,1,2,5,6.0,0.5,,,,unstable
220127_F4_run2,c-GC-star,63,23,6,1,1,1,5.0,0.3333333333333333,,,,unstable
220127_F4_run2,c-GC-star,63,29,7,0,0,1,,0.0,,,,stable
220127_F4_run2,c-GC-star,63,30,6,0,1,2,,0.16666666666666666,,,,unstable
220127_F4_run2,c-GC-star,63,32,7,0,0,1,,0.0,,,,stable
220127_F4_run2,c-GC-star,63,47,1,1,0,1,2.0,0.16666666666666666,,,,unstable
220127_F4_run2,c-GC-star,63,49,3,2,2,2,4.0,0.6666666666666666,,,,unstable
220127_F4_run2,c-GC-star,63,54,1,1,1,3,4.0,0.3333333333333333,,,,unstable
220127_F4_run2,c-GC-star,63,58,1,0,1,7,,0.16666666666666666,,,,novel
220127_F4_run2,c-GC-star,63,61,1,1,0,1,2.0,0.16666666666666666,,,,unstable
220127_F4_run2,c-GC-star,63,64,1,1,0,1,2.0,0.16666666666666666,,,,unstable
220127_F4_run2,c-GC-star,63,84,6,1,1,1,5.0,0.3333333333333333,,,,unstable
220127_F4_run2,c-GC-star,63,86,7,0,0,1,,0.0,,,,stable
220127_F4_run2,c-GC-star,64,24,5,1,0,1,6.0,0.16666666666666666,,,,lost
220127_F4_run2,c-GC-star,64,32,2,1,0,1,3.0,0.16666666666666666,,,,lost
220127_F4_run2,c-GC-star,65,3,5,0,1,3,,0.16666666666666666,,,,unstable
220127_F4_run2,c-GC-star,65,18,7,0,0,1,,0.0,,,,stable
220127_F4_run2,c-GC-star,65,26,1,1,0,1,2.0,0.16666666666666666,,,,unstable
220127_F4_run2,c-GC-star,65,45,1,1,0,1,2.0,0.16666666666666666,,,,unstable
220127_F4_run2,c-GC-star,65,67,1,1,0,1,2.0,0.16666666666666666,,,,unstable
220127_F4_run2,c-GC-star,65,84,1,1,1,2,3.0,0.3333333333333333,,,,unstable
220127_F4_run2,c-GC-star,66,4,1,1,0,1,2.0,0.16666666666666666,,,,unstable
220127_F4_run2,c-GC-star,66,18,1,1,0,1,2.0,0.16666666666666666,,,,unstable
220127_F4_run2,c-GC-star,66,20,3,1,1,1,2.0,0.3333333333333333,,,,unstable
220127_F4_run2,c-GC-star,66,43,2,2,1,1,2.0,0.5,,,,unstable
220127_F4_run2,c-GC-star,66,52,3,0,1,5,,0.16666666666666666,,,,unstable
220127_F4_run2,c-GC-star,67,1,1,1,0,1,2.0,0.16666666666666666,,,,unstable
220127_F4_run2,c-GC-star,67,18,6,1,1,1,4.0,0.3333333333333333,,,,unstable
220127_F4_run2,c-GC-star,67,33,7,0,0,1,,0.0,,,,stable
220127_F4_run2,c-GC-star,67,65,7,0,0,1,,0.0,,,,stable
220127_F4_run2,c-GC-star,67,84,6,0,1,2,,0.16666666666666666,,,,unstable
220127_F4_run2,c-GC-star,67,90,7,0,0,1,,0.0,,,,stable
220127_F4_run2,c-GC-star,68,6,7,0,0,1,,0.0,,,,stable
220127_F4_run2,c-GC-star,68,13,3,1,2,4,5.0,0.5,,,,unstable
220127_F4_run2,c-GC-star,68,14,4,1,1,1,3.0,0.3333333333333333,,,,unstable
220127_F4_run2,c-GC-star,68,19,4,2,1,1,2.0,0.5,,,,unstable
220127_F4_run2,c-GC-star,68,30,6,1,1,1,4.0,0.3333333333333333,,,,unstable
220127_F4_run2,c-GC-star,68,46,2,1,0,1,3.0,0.16666666666666666,,,,lost
220127_F4_run2,c-GC-star,68,52,7,0,0,1,,0.0,,,,stable
220127_F4_run2,c-GC-star,68,59,7,0,0,1,,0.0,,,,stable
220127_F4_run2,c-GC-star,68,69,1,1,1,2,3.0,0.3333333333333333,,,,unstable
220127_F4_run2,c-GC-star,68,84,7,0,0,1,,0.0,,,,stable
220127_F4_run2,c-GC-star,68,89,3,0,1,5,,0.16666666666666666,,,,unstable
220127_F4_run2,c-GC-star,69,8,3,2,3,3,4.0,0.8333333333333334,,,,unstable
220127_F4_run2,c-GC-star,69,17,7,0,0,1,,0.0,,,,stable
220127_F4_run2,c-GC-star,69,26,6,1,1,1,3.0,0.3333333333333333,,,,unstable
220127_F4_run2,c-GC-star,69,36,6,0,1,2,,0.16666666666666666,,,,unstable
220127_F4_run2,c-GC-star,69,40,4,1,2,3,4.0,0.5,,,,unstable
220127_F4_run2,c-GC-star,69,48,3,1,0,1,4.0,0.16666666666666666,,,,lost
220127_F4_run2,c-GC-star,69,55,6,1,1,1,2.0,0.3333333333333333,,,,unstable
220127_F4_run2,c-GC-star,69,65,2,1,0,1,3.0,0.16666666666666666,,,,lost
220127_F4_run2,c-GC-star,69,66,6,1,1,1,6.0,0.3333333333333333,,,,unstable
220127_F4_run2,c-GC-star,69,67,7,0,0,1,,0.0,,,,stable
220127_F4_run2,c-GC-star,69,68,1,1,0,1,2.0,0.16666666666666666,,,,unstable
220127_F4_run2,c-GC-star,69,70,6,1,1,1,5.0,0.3333333333333333,,,,unstable
220127_F4_run2,c-GC-star,69,78,2,1,0,1,3.0,0.16666666666666666,,,,lost
220127_F4_run2,c-GC-star,69,83,1,1,1,2,3.0,0.3333333333333333,,,,unstable
220127_F4_run2,c-GC-star,70,14,1,1,1,6,7.0,0.3333333333333333,,,,unstable
220127_F4_run2,c-GC-star,70,24,1,1,1,2,3.0,0.3333333333333333,,,,unstable
220127_F4_run2,c-GC-star,70,49,7,0,0,1,,0.0,,,,stable
220127_F4_run2,c-GC-star,70,52,1,1,0,1,2.0,0.16666666666666666,,,,unstable
220127_F4_run2,c-GC-star,70,66,7,0,0,1,,0.0,,,,stable
220127_F4_run2,c-GC-star,70,67,1,1,0,1,2.0,0.16666666666666666,,,,unstable
220127_F4_run2,c-GC-star,70,68,7,0,0,1,,0.0,,,,stable
220127_F4_run2,c-GC-star,70,69,5,2,1,1,3.0,0.5,,,,unstable
220127_F4_run2,c-GC-star,70,71,7,0,0,1,,0.0,,,,stable
220127_F4_run2,c-GC-star,71,19,5,1,2,2,5.0,0.5,,,,unstable
220127_F4_run2,c-GC-star,71,33,4,1,1,2,6.0,0.3333333333333333,,,,unstable
220127_F4_run2,c-GC-star,71,37,7,0,0,1,,0.0,,,,stable
220127_F4_run2,c-GC-star,71,41,7,0,0,1,,0.0,,,,stable
220127_F4_run2,c-GC-star,71,43,2,1,0,1,3.0,0.16666666666666666,,,,lost
220127_F4_run2,c-GC-star,71,46,7,0,0,1,,0.0,,,,stable
220127_F4_run2,c-GC-star,71,56,6,1,1,1,5.0,0.3333333333333333,,,,unstable
220127_F4_run2,c-GC-star,71,62,7,0,0,1,,0.0,,,,stable
220127_F4_run2,c-GC-star,71,66,5,1,1,1,2.0,0.3333333333333333,,,,unstable
220127_F4_run2,c-GC-star,71,68,7,0,0,1,,0.0,,,,stable
220127_F4_run2,c-GC-star,71,69,6,1,1,1,6.0,0.3333333333333333,,,,unstable
220127_F4_run2,c-GC-star,71,70,1,1,0,1,2.0,0.16666666666666666,,,,unstable
220127_F4_run2,c-GC-star,71,87,6,1,1,1,6.0,0.3333333333333333,,,,unstable
220127_F4_run2,c-GC-star,72,32,1,1,1,2,3.0,0.3333333333333333,,,,unstable
220127_F4_run2,c-GC-star,72,39,7,0,0,1,,0.0,,,,stable
220127_F4_run2,c-GC-star,72,44,4,1,0,1,5.0,0.16666666666666666,,,,lost
220127_F4_run2,c-GC-star,72,49,4,2,1,1,4.0,0.5,,,,unstable
220127_F4_run2,c-GC-star,72,51,4,2,1,1,4.0,0.5,,,,unstable
220127_F4_run2,c-GC-star,72,54,1,1,0,1,2.0,0.16666666666666666,,,,unstable
220127_F4_run2,c-GC-star,72,56,1,1,1,2,3.0,0.3333333333333333,,,,unstable
220127_F4_run2,c-GC-star,72,57,2,1,0,1,3.0,0.16666666666666666,,,,lost
220127_F4_run2,c-GC-star,72,69,1,1,1,3,4.0,0.3333333333333333,,,,unstable
220127_F4_run2,c-GC-star,72,73,6,1,1,1,4.0,0.3333333333333333,,,,unstable
220127_F4_run2,c-GC-star,72,77,1,1,0,1,2.0,0.16666666666666666,,,,unstable
220127_F4_run2,c-GC-star,72,78,2,1,0,1,3.0,0.16666666666666666,,,,lost
220127_F4_run2,c-GC-star,72,79,1,1,1,4,5.0,0.3333333333333333,,,,unstable
220127_F4_run2,c-GC-star,72,82,5,2,1,1,5.0,0.5,,,,unstable
220127_F4_run2,c-GC-star,72,83,1,1,0,1,2.0,0.16666666666666666,,,,unstable
220127_F4_run2,c-GC-star,72,86,7,0,0,1,,0.0,,,,stable
220127_F4_run2,c-GC-star,73,0,4,2,1,1,2.0,0.5,,,,unstable
220127_F4_run2,c-GC-star,73,1,4,1,1,2,6.0,0.3333333333333333,,,,unstable
220127_F4_run2,c-GC-star,73,8,1,1,0,1,2.0,0.16666666666666666,,,,unstable
220127_F4_run2,c-GC-star,73,12,4,2,1,1,2.0,0.5,,,,unstable
220127_F4_run2,c-GC-star,73,24,1,1,0,1,2.0,0.16666666666666666,,,,unstable
220127_F4_run2,c-GC-star,73,29,2,2,1,1,2.0,0.5,,,,unstable
220127_F4_run2,c-GC-star,73,32,7,0,0,1,,0.0,,,,stable
220127_F4_run2,c-GC-star,73,39,3,2,2,2,4.0,0.6666666666666666,,,,unstable
220127_F4_run2,c-GC-star,73,47,1,1,1,3,4.0,0.3333333333333333,,,,unstable
220127_F4_run2,c-GC-star,73,49,2,2,1,1,2.0,0.5,,,,unstable
220127_F4_run2,c-GC-star,73,56,2,1,0,1,3.0,0.16666666666666666,,,,lost
220127_F4_run2,c-GC-star,73,78,6,1,0,1,7.0,0.16666666666666666,,,,lost
220127_F4_run2,c-GC-star,73,82,7,0,0,1,,0.0,,,,stable
220127_F4_run2,c-GC-star,73,84,1,1,1,3,4.0,0.3333333333333333,,,,unstable
220127_F4_run2,c-GC-star,73,88,7,0,0,1,,0.0,,,,stable
220127_F4_run2,c-GC-star,74,6,1,0,1,7,,0.16666666666666666,,,,novel
220127_F4_run2,c-GC-star,74,13,3,0,1,5,,0.16666666666666666,,,,unstable
220127_F4_run2,c-GC-star,74,25,3,0,1,5,,0.16666666666666666,,,,unstable
220127_F4_run2,c-GC-star,74,57,3,2,2,1,2.0,0.6666666666666666,,,,unstable
220127_F4_run2,c-GC-star,74,82,7,0,0,1,,0.0,,,,stable
220127_F4_run2,c-GC-star,74,87,3,0,1,5,,0.16666666666666666,,,,unstable
220127_F4_run2,c-GC-star,75,83,2,2,1,1,2.0,0.5,,,,unstable
220127_F4_run2,c-GC-star,76,30,3,2,1,1,2.0,0.5,,,,unstable
220127_F4_run2,c-GC-star,76,33,2,0,1,6,,0.16666666666666666,,,,unstable
220127_F4_run2,c-GC-star,76,38,3,0,1,5,,0.16666666666666666,,,,unstable
220127_F4_run2,c-GC-star,76,39,7,0,0,1,,0.0,,,,stable
220127_F4_run2,c-GC-star,76,50,7,0,0,1,,0.0,,,,stable
220127_F4_run2,c-GC-star,76,51,1,1,0,1,2.0,0.16666666666666666,,,,unstable
220127_F4_run2,c-GC-star,76,53,6,0,1,2,,0.16666666666666666,,,,unstable
220127_F4_run2,c-GC-star,76,54,7,0,0,1,,0.0,,,,stable
220127_F4_run2,c-GC-star,76,79,7,0,0,1,,0.0,,,,stable
220127_F4_run2,c-GC-star,77,49,2,2,2,3,4.0,0.6666666666666666,,,,unstable
220127_F4_run2,c-GC-star,77,51,7,0,0,1,,0.0,,,,stable
220127_F4_run2,c-GC-star,77,53,1,1,1,5,6.0,0.3333333333333333,,,,unstable
220127_F4_run2,c-GC-star,77,59,1,1,1,4,5.0,0.3333333333333333,,,,unstable
220127_F4_run2,c-GC-star,78,8,6,1,0,1,7.0,0.16666666666666666,,,,lost
220127_F4_run2,c-GC-star,78,10,4,1,1,1,3.0,0.3333333333333333,,,,unstable
220127_F4_run2,c-GC-star,78,15,6,1,1,1,4.0,0.3333333333333333,,,,unstable
220127_F4_run2,c-GC-star,78,21,7,0,0,1,,0.0,,,,stable
220127_F4_run2,c-GC-star,78,24,2,1,0,1,3.0,0.16666666666666666,,,,lost
220127_F4_run2,c-GC-star,78,25,4,2,2,2,5.0,0.6666666666666666,,,,unstable
220127_F4_run2,c-GC-star,78,29,7,0,0,1,,0.0,,,,stable
220127_F4_run2,c-GC-star,78,30,3,3,3,2,3.0,1.0,,,,unstable
220127_F4_run2,c-GC-star,78,31,1,1,0,1,2.0,0.16666666666666666,,,,unstable
220127_F4_run2,c-GC-star,78,34,7,0,0,1,,0.0,,,,stable
220127_F4_run2,c-GC-star,78,35,7,0,0,1,,0.0,,,,stable
220127_F4_run2,c-GC-star,78,36,1,1,0,1,2.0,0.16666666666666666,,,,unstable
220127_F4_run2,c-GC-star,78,39,3,2,3,2,3.0,0.8333333333333334,,,,unstable
220127_F4_run2,c-GC-star,78,41,6,1,1,1,3.0,0.3333333333333333,,,,unstable
220127_F4_run2,c-GC-star,78,44,2,1,0,1,3.0,0.16666666666666666,,,,lost
220127_F4_run2,c-GC-star,78,49,7,0,0,1,,0.0,,,,stable
220127_F4_run2,c-GC-star,78,50,1,1,0,1,2.0,0.16666666666666666,,,,unstable
220127_F4_run2,c-GC-star,78,51,7,0,0,1,,0.0,,,,stable
220127_F4_run2,c-GC-star,78,52,1,1,0,1,2.0,0.16666666666666666,,,,unstable
220127_F4_run2,c-GC-star,78,53,7,0,0,1,,0.0,,,,stable
220127_F4_run2,c-GC-star,78,54,7,0,0,1,,0.0,,,,stable
220127_F4_run2,c-GC-star,78,56,7,0,0,1,,0.0,,,,stable
220127_F4_run2,c-GC-star,78,58,2,1,2,2,3.0,0.5,,,,unstable
220127_F4_run2,c-GC-star,78,59,7,0,0,1,,0.0,,,,stable
220127_F4_run2,c-GC-star,78,60,6,0,1,2,,0.16666666666666666,,,,unstable
220127_F4_run2,c-GC-star,78,69,7,0,0,1,,0.0,,,,stable
220127_F4_run2,c-GC-star,78,72,7,0,0,1,,0.0,,,,stable
220127_F4_run2,c-GC-star,78,73,7,0,0,1,,0.0,,,,stable
220127_F4_run2,c-GC-star,78,81,5,1,1,1,5.0,0.3333333333333333,,,,unstable
220127_F4_run2,c-GC-star,78,82,5,1,2,2,6.0,0.5,,,,unstable
220127_F4_run2,c-GC-star,78,84,2,1,0,1,3.0,0.16666666666666666,,,,lost
220127_F4_run2,c-GC-star,78,86,1,1,0,1,2.0,0.16666666666666666,,,,unstable
220127_F4_run2,c-GC-star,78,88,7,0,0,1,,0.0,,,,stable
220127_F4_run2,c-GC-star,78,89,1,0,1,7,,0.16666666666666666,,,,novel
220127_F4_run2,c-GC-star,79,81,2,1,0,1,3.0,0.16666666666666666,,,,lost
220127_F4_run2,c-GC-star,79,84,1,1,0,1,2.0,0.16666666666666666,,,,unstable
220127_F4_run2,c-GC-star,81,73,1,0,1,7,,0.16666666666666666,,,,novel
220127_F4_run2,c-GC-star,81,83,4,1,0,1,5.0,0.16666666666666666,,,,lost
220127_F4_run2,c-GC-star,82,3,1,0,1,7,,0.16666666666666666,,,,novel
220127_F4_run2,c-GC-star,82,5,6,0,1,2,,0.16666666666666666,,,,unstable
220127_F4_run2,c-GC-star,82,7,2,1,2,2,3.0,0.5,,,,unstable
220127_F4_run2,c-GC-star,82,8,4,1,2,2,4.0,0.5,,,,unstable
220127_F4_run2,c-GC-star,82,10,6,0,1,2,,0.16666666666666666,,,,unstable
220127_F4_run2,c-GC-star,82,11,1,1,1,2,3.0,0.3333333333333333,,,,unstable
220127_F4_run2,c-GC-star,82,12,2,2,1,1,2.0,0.5,,,,unstable
220127_F4_run2,c-GC-star,82,16,2,1,1,2,4.0,0.3333333333333333,,,,unstable
220127_F4_run2,c-GC-star,82,22,5,0,1,3,,0.16666666666666666,,,,unstable
220127_F4_run2,c-GC-star,82,23,2,1,1,3,5.0,0.3333333333333333,,,,unstable
220127_F4_run2,c-GC-star,82,25,7,0,0,1,,0.0,,,,stable
220127_F4_run2,c-GC-star,82,29,7,0,0,1,,0.0,,,,stable
220127_F4_run2,c-GC-star,82,32,7,0,0,1,,0.0,,,,stable
220127_F4_run2,c-GC-star,82,35,4,1,2,2,5.0,0.5,,,,unstable
220127_F4_run2,c-GC-star,82,41,6,0,1,2,,0.16666666666666666,,,,unstable
220127_F4_run2,c-GC-star,82,49,6,0,1,2,,0.16666666666666666,,,,unstable
220127_F4_run2,c-GC-star,82,53,7,0,0,1,,0.0,,,,stable
220127_F4_run2,c-GC-star,82,54,6,0,1,2,,0.16666666666666666,,,,unstable
220127_F4_run2,c-GC-star,82,56,6,0,1,2,,0.16666666666666666,,,,unstable
220127_F4_run2,c-GC-star,82,58,6,0,1,2,,0.16666666666666666,,,,unstable
220127_F4_run2,c-GC-star,82,59,7,0,0,1,,0.0,,,,stable
220127_F4_run2,c-GC-star,82,60,6,0,1,2,,0.16666666666666666,,,,unstable
220127_F4_run2,c-GC-star,82,61,7,0,0,1,,0.0,,,,stable
220127_F4_run2,c-GC-star,82,62,7,0,0,1,,0.0,,,,stable
220127_F4_run2,c-GC-star,82,63,1,1,1,5,6.0,0.3333333333333333,,,,unstable
220127_F4_run2,c-GC-star,82,72,6,0,1,2,,0.16666666666666666,,,,unstable
220127_F4_run2,c-GC-star,82,73,6,0,1,2,,0.16666666666666666,,,,unstable
220127_F4_run2,c-GC-star,82,74,1,1,1,6,7.0,0.3333333333333333,,,,unstable
220127_F4_run2,c-GC-star,82,78,7,0,0,1,,0.0,,,,stable
220127_F4_run2,c-GC-star,82,81,5,2,1,1,5.0,0.5,,,,unstable
220127_F4_run2,c-GC-star,82,86,5,1,2,2,4.0,0.5,,,,unstable
220127_F4_run2,c-GC-star,82,87,7,0,0,1,,0.0,,,,stable
220127_F4_run2,c-GC-star,82,88,4,1,0,1,5.0,0.16666666666666666,,,,lost
220127_F4_run2,c-GC-star,83,12,1,1,0,1,2.0,0.16666666666666666,,,,unstable
220127_F4_run2,c-GC-star,83,17,1,1,0,1,2.0,0.16666666666666666,,,,unstable
220127_F4_run2,c-GC-star,83,33,1,1,0,1,2.0,0.16666666666666666,,,,unstable
220127_F4_run2,c-GC-star,83,55,1,1,0,1,2.0,0.16666666666666666,,,,unstable
220127_F4_run2,c-GC-star,83,66,1,1,0,1,2.0,0.16666666666666666,,,,unstable
220127_F4_run2,c-GC-star,84,3,2,2,2,2,3.0,0.6666666666666666,,,,unstable
220127_F4_run2,c-GC-star,84,4,1,1,0,1,2.0,0.16666666666666666,,,,unstable
220127_F4_run2,c-GC-star,84,26,1,1,0,1,2.0,0.16666666666666666,,,,unstable
220127_F4_run2,c-GC-star,84,31,2,1,0,1,3.0,0.16666666666666666,,,,lost
220127_F4_run2,c-GC-star,84,42,1,1,0,1,2.0,0.16666666666666666,,,,unstable
220127_F4_run2,c-GC-star,84,65,1,1,0,1,2.0,0.16666666666666666,,,,unstable
220127_F4_run2,c-GC-star,84,67,5,1,0,1,6.0,0.16666666666666666,,,,lost
220127_F4_run2,c-GC-star,84,90,6,1,1,1,6.0,0.3333333333333333,,,,unstable
220127_F4_run2,c-GC-star,84,91,2,1,0,1,3.0,0.16666666666666666,,,,lost
220127_F4_run2,c-GC-star,86,1,1,1,0,1,2.0,0.16666666666666666,,,,unstable
220127_F4_run2,c-GC-star,87,1,3,1,0,1,4.0,0.16666666666666666,,,,lost
220127_F4_run2,c-GC-star,87,7,6,1,0,1,7.0,0.16666666666666666,,,,lost
220127_F4_run2,c-GC-star,87,10,1,1,0,1,2.0,0.16666666666666666,,,,unstable
220127_F4_run2,c-GC-star,87,11,1,1,0,1,2.0,0.16666666666666666,,,,unstable
220127_F4_run2,c-GC-star,87,16,7,0,0,1,,0.0,,,,stable
220127_F4_run2,c-GC-star,87,25,2,1,1,2,4.0,0.3333333333333333,,,,unstable
220127_F4_run2,c-GC-star,87,41,7,0,0,1,,0.0,,,,stable
220127_F4_run2,c-GC-star,87,46,1,1,0,1,2.0,0.16666666666666666,,,,unstable
220127_F4_run2,c-GC-star,87,49,5,2,2,1,2.0,0.6666666666666666,,,,unstable
220127_F4_run2,c-GC-star,87,53,3,2,1,1,3.0,0.5,,,,unstable
220127_F4_run2,c-GC-star,87,54,6,1,0,1,7.0,0.16666666666666666,,,,lost
220127_F4_run2,c-GC-star,87,56,7,0,0,1,,0.0,,,,stable
220127_F4_run2,c-GC-star,87,57,7,0,0,1,,0.0,,,,stable
220127_F4_run2,c-GC-star,87,58,7,0,0,1,,0.0,,,,stable
220127_F4_run2,c-GC-star,87,59,3,1,2,4,6.0,0.5,,,,unstable
220127_F4_run2,c-GC-star,87,60,1,1,0,1,2.0,0.16666666666666666,,,,unstable
220127_F4_run2,c-GC-star,87,69,7,0,0,1,,0.0,,,,stable
220127_F4_run2,c-GC-star,87,73,7,0,0,1,,0.0,,,,stable
220127_F4_run2,c-GC-star,87,74,7,0,0,1,,0.0,,,,stable
220127_F4_run2,c-GC-star,87,86,7,0,0,1,,0.0,,,,stable
220127_F4_run2,c-GC-star,87,88,7,0,0,1,,0.0,,,,stable
220127_F4_run2,c-GC-star,88,24,1,1,0,1,2.0,0.16666666666666666,,,,unstable
220127_F4_run2,c-GC-star,88,47,1,1,0,1,2.0,0.16666666666666666,,,,unstable
220127_F4_run2,c-GC-star,88,51,1,0,1,7,,0.16666666666666666,,,,novel
220127_F4_run2,c-GC-star,88,78,2,2,2,4,5.0,0.6666666666666666,,,,unstable
220127_F4_run2,c-GC-star,89,4,3,1,0,1,4.0,0.16666666666666666,,,,lost
220127_F4_run2,c-GC-star,89,6,6,1,1,1,2.0,0.3333333333333333,,,,unstable
220127_F4_run2,c-GC-star,89,39,7,0,0,1,,0.0,,,,stable
220127_F4_run2,c-GC-star,89,48,5,0,1,3,,0.16666666666666666,,,,unstable
220127_F4_run2,c-GC-star,89,52,6,0,1,2,,0.16666666666666666,,,,unstable
220127_F4_run2,c-GC-star,89,56,2,1,2,3,4.0,0.5,,,,unstable
220127_F4_run2,c-GC-star,89,59,5,2,2,1,2.0,0.6666666666666666,,,,unstable
220127_F4_run2,c-GC-star,89,60,4,1,1,2,6.0,0.3333333333333333,,,,unstable
220127_F4_run2,c-GC-star,89,72,2,1,1,2,4.0,0.3333333333333333,,,,unstable
220127_F4_run2,c-GC-star,89,73,3,1,1,1,3.0,0.3333333333333333,,,,unstable
220127_F4_run2,c-GC-star,89,90,7,0,0,1,,0.0,,,,stable
220127_F4_run2,c-GC-star,90,3,7,0,0,1,,0.0,,,,stable
220127_F4_run2,c-GC-star,90,4,6,0,1,2,,0.16666666666666666,,,,unstable
220127_F4_run2,c-GC-star,90,6,6,0,1,2,,0.16666666666666666,,,,unstable
220127_F4_run2,c-GC-star,90,9,6,0,1,2,,0.16666666666666666,,,,unstable
220127_F4_run2,c-GC-star,90,18,7,0,0,1,,0.0,,,,stable
220127_F4_run2,c-GC-star,90,30,7,0,0,1,,0.0,,,,stable
220127_F4_run2,c-GC-star,90,33,5,0,1,3,,0.16666666666666666,,,,unstable
220127_F4_run2,c-GC-star,90,35,6,0,1,2,,0.16666666666666666,,,,unstable
220127_F4_run2,c-GC-star,90,39,7,0,0,1,,0.0,,,,stable
220127_F4_run2,c-GC-star,90,47,1,1,0,1,2.0,0.16666666666666666,,,,unstable
220127_F4_run2,c-GC-star,90,52,6,0,1,2,,0.16666666666666666,,,,unstable
220127_F4_run2,c-GC-star,90,55,1,1,0,1,2.0,0.16666666666666666,,,,unstable
220127_F4_run2,c-GC-star,90,65,7,0,0,1,,0.0,,,,stable
220127_F4_run2,c-GC-star,90,66,1,1,1,3,4.0,0.3333333333333333,,,,unstable
220127_F4_run2,c-GC-star,90,67,7,0,0,1,,0.0,,,,stable
220127_F4_run2,c-GC-star,90,68,3,1,2,3,4.0,0.5,,,,unstable
220127_F4_run2,c-GC-star,90,77,2,1,0,1,3.0,0.16666666666666666,,,,lost
220127_F4_run2,c-GC-star,90,79,1,0,1,7,,0.16666666666666666,,,,novel
220127_F4_run2,c-GC-star,90,84,7,0,0,1,,0.0,,,,stable
220127_F4_run2,c-GC-star,90,89,6,1,1,1,5.0,0.3333333333333333,,,,unstable
220127_F4_run2,c-GC-star,90,91,7,0,0,1,,0.0,,,,stable
220127_F4_run2,c-GC-star,91,3,4,1,1,3,7.0,0.3333333333333333,,,,unstable
220127_F4_run2,c-GC-star,91,34,1,1,0,1,2.0,0.16666666666666666,,,,unstable
220127_F4_run2,c-GC-star,91,89,1,1,0,1,2.0,0.16666666666666666,,,,unstable
220210_F1_run6,c-GC-star,0,2,6,1,1,1,3.0,0.3333333333333333,,,,unstable
220210_F1_run6,c-GC-star,0,4,1,1,0,1,2.0,0.16666666666666666,,,,unstable
220210_F1_run6,c-GC-star,0,10,7,0,0,1,,0.0,,,,stable
220210_F1_run6,c-GC-star,0,11,7,0,0,1,,0.0,,,,stable
220210_F1_run6,c-GC-star,0,13,1,1,0,1,2.0,0.16666666666666666,,,,unstable
220210_F1_run6,c-GC-star,0,18,1,1,0,1,2.0,0.16666666666666666,,,,unstable
220210_F1_run6,c-GC-star,0,20,3,1,0,1,4.0,0.16666666666666666,,,,lost
220210_F1_run6,c-GC-star,0,22,3,1,1,1,3.0,0.3333333333333333,,,,unstable
220210_F1_run6,c-GC-star,0,33,5,2,2,1,4.0,0.6666666666666666,,,,unstable
220210_F1_run6,c-GC-star,0,40,1,1,1,5,6.0,0.3333333333333333,,,,unstable
220210_F1_run6,c-GC-star,0,41,1,1,0,1,2.0,0.16666666666666666,,,,unstable
220210_F1_run6,c-GC-star,0,54,1,0,1,7,,0.16666666666666666,,,,novel
220210_F1_run6,c-GC-star,0,65,2,2,2,3,4.0,0.6666666666666666,,,,unstable
220210_F1_run6,c-GC-star,0,75,6,0,1,2,,0.16666666666666666,,,,unstable
220210_F1_run6,c-GC-star,0,78,2,1,1,2,4.0,0.3333333333333333,,,,unstable
220210_F1_run6,c-GC-star,0,84,1,1,0,1,2.0,0.16666666666666666,,,,unstable
220210_F1_run6,c-GC-star,0,102,1,1,0,1,2.0,0.16666666666666666,,,,unstable
220210_F1_run6,c-GC-star,0,108,1,1,0,1,2.0,0.16666666666666666,,,,unstable
220210_F1_run6,c-GC-star,0,112,1,1,0,1,2.0,0.16666666666666666,,,,unstable
220210_F1_run6,c-GC-star,0,126,7,0,0,1,,0.0,,,,stable
220210_F1_run6,c-GC-star,1,11,1,1,1,3,4.0,0.3333333333333333,,,,unstable
220210_F1_run6,c-GC-star,1,29,1,1,0,1,2.0,0.16666666666666666,,,,unstable
220210_F1_run6,c-GC-star,1,101,1,1,1,3,4.0,0.3333333333333333,,,,unstable
220210_F1_run6,c-GC-star,1,106,1,1,0,1,2.0,0.16666666666666666,,,,unstable
220210_F1_run6,c-GC-star,1,107,1,1,0,1,2.0,0.16666666666666666,,,,unstable
220210_F1_run6,c-GC-star,1,123,1,1,0,1,2.0,0.16666666666666666,,,,unstable
220210_F1_run6,c-GC-star,2,4,7,0,0,1,,0.0,,,,stable
220210_F1_run6,c-GC-star,2,10,4,2,1,1,4.0,0.5,,,,unstable
220210_F1_run6,c-GC-star,2,11,7,0,0,1,,0.0,,,,stable
220210_F1_run6,c-GC-star,2,15,1,1,0,1,2.0,0.16666666666666666,,,,unstable
220210_F1_run6,c-GC-star,2,16,7,0,0,1,,0.0,,,,stable
220210_F1_run6,c-GC-star,2,17,7,0,0,1,,0.0,,,,stable
220210_F1_run6,c-GC-star,2,19,6,1,1,1,3.0,0.3333333333333333,,,,unstable
220210_F1_run6,c-GC-star,2,22,7,0,0,1,,0.0,,,,stable
220210_F1_run6,c-GC-star,2,25,7,0,0,1,,0.0,,,,stable
220210_F1_run6,c-GC-star,2,29,1,1,0,1,2.0,0.16666666666666666,,,,unstable
220210_F1_run6,c-GC-star,2,32,2,1,0,1,3.0,0.16666666666666666,,,,lost
220210_F1_run6,c-GC-star,2,48,2,1,0,1,3.0,0.16666666666666666,,,,lost
220210_F1_run6,c-GC-star,2,49,1,0,1,7,,0.16666666666666666,,,,novel
220210_F1_run6,c-GC-star,2,65,7,0,0,1,,0.0,,,,stable
220210_F1_run6,c-GC-star,2,66,2,1,0,1,3.0,0.16666666666666666,,,,lost
220210_F1_run6,c-GC-star,2,67,1,1,1,3,4.0,0.3333333333333333,,,,unstable
220210_F1_run6,c-GC-star,2,70,1,1,0,1,2.0,0.16666666666666666,,,,unstable
220210_F1_run6,c-GC-star,2,83,1,1,0,1,2.0,0.16666666666666666,,,,unstable
220210_F1_run6,c-GC-star,2,114,6,0,1,2,,0.16666666666666666,,,,unstable
220210_F1_run6,c-GC-star,2,115,1,1,0,1,2.0,0.16666666666666666,,,,unstable
220210_F1_run6,c-GC-star,2,126,7,0,0,1,,0.0,,,,stable
220210_F1_run6,c-GC-star,2,129,1,1,0,1,2.0,0.16666666666666666,,,,unstable
220210_F1_run6,c-GC-star,3,13,1,1,0,1,2.0,0.16666666666666666,,,,unstable
220210_F1_run6,c-GC-star,3,42,1,1,0,1,2.0,0.16666666666666666,,,,unstable
220210_F1_run6,c-GC-star,3,64,1,1,0,1,2.0,0.16666666666666666,,,,unstable
220210_F1_run6,c-GC-star,3,82,3,2,2,2,3.0,0.6666666666666666,,,,unstable
220210_F1_run6,c-GC-star,3,106,1,1,0,1,2.0,0.16666666666666666,,,,unstable
220210_F1_run6,c-GC-star,4,2,6,0,1,2,,0.16666666666666666,,,,unstable
220210_F1_run6,c-GC-star,4,10,6,1,1,1,3.0,0.3333333333333333,,,,unstable
220210_F1_run6,c-GC-star,4,11,7,0,0,1,,0.0,,,,stable
220210_F1_run6,c-GC-star,4,16,7,0,0,1,,0.0,,,,stable
220210_F1_run6,c-GC-star,4,18,2,1,0,1,3.0,0.16666666666666666,,,,lost
220210_F1_run6,c-GC-star,4,20,4,3,2,1,2.0,0.8333333333333334,,,,unstable
220210_F1_run6,c-GC-star,4,22,7,0,0,1,,0.0,,,,stable
220210_F1_run6,c-GC-star,4,25,1,1,0,1,2.0,0.16666666666666666,,,,unstable
220210_F1_run6,c-GC-star,4,29,2,2,2,2,3.0,0.6666666666666666,,,,unstable
220210_F1_run6,c-GC-star,4,32,3,1,1,1,2.0,0.3333333333333333,,,,unstable
220210_F1_run6,c-GC-star,4,65,7,0,0,1,,0.0,,,,stable
220210_F1_run6,c-GC-star,4,66,1,0,1,7,,0.16666666666666666,,,,novel
220210_F1_run6,c-GC-star,4,67,6,0,1,2,,0.16666666666666666,,,,unstable
220210_F1_run6,c-GC-star,4,71,1,1,0,1,2.0,0.16666666666666666,,,,unstable
220210_F1_run6,c-GC-star,4,90,5,1,1,1,2.0,0.3333333333333333,,,,unstable
220210_F1_run6,c-GC-star,4,115,1,1,0,1,2.0,0.16666666666666666,,,,unstable
220210_F1_run6,c-GC-star,4,126,2,1,0,1,3.0,0.16666666666666666,,,,lost
220210_F1_run6,c-GC-star,5,7,7,0,0,1,,0.0,,,,stable
220210_F1_run6,c-GC-star,5,8,3,1,1,2,5.0,0.3333333333333333,,,,unstable
220210_F1_run6,c-GC-star,5,15,2,0,1,6,,0.16666666666666666,,,,unstable
220210_F1_run6,c-GC-star,5,21,1,1,1,2,3.0,0.3333333333333333,,,,unstable
220210_F1_run6,c-GC-star,5,35,5,0,1,3,,0.16666666666666666,,,,unstable
220210_F1_run6,c-GC-star,5,50,7,0,0,1,,0.0,,,,stable
220210_F1_run6,c-GC-star,5,64,6,0,1,2,,0.16666666666666666,,,,unstable
220210_F1_run6,c-GC-star,5,67,2,1,0,1,3.0,0.16666666666666666,,,,lost
220210_F1_run6,c-GC-star,5,70,6,1,1,1,5.0,0.3333333333333333,,,,unstable
220210_F1_run6,c-GC-star,5,74,4,1,1,3,7.0,0.3333333333333333,,,,unstable
220210_F1_run6,c-GC-star,5,76,5,0,1,3,,0.16666666666666666,,,,unstable
220210_F1_run6,c-GC-star,5,78,2,1,1,5,7.0,0.3333333333333333,,,,unstable
220210_F1_run6,c-GC-star,5,79,1,1,1,6,7.0,0.3333333333333333,,,,unstable
220210_F1_run6,c-GC-star,5,82,1,1,1,4,5.0,0.3333333333333333,,,,unstable
220210_F1_run6,c-GC-star,5,94,1,1,0,1,2.0,0.16666666666666666,,,,unstable
220210_F1_run6,c-GC-star,5,106,1,1,1,2,3.0,0.3333333333333333,,,,unstable
220210_F1_run6,c-GC-star,5,109,1,1,1,6,7.0,0.3333333333333333,,,,unstable
220210_F1_run6,c-GC-star,5,124,7,0,0,1,,0.0,,,,stable
220210_F1_run6,c-GC-star,6,5,1,1,1,6,7.0,0.3333333333333333,,,,unstable
220210_F1_run6,c-GC-star,6,27,6,1,1,1,3.0,0.3333333333333333,,,,unstable
220210_F1_run6,c-GC-star,6,46,4,0,1,4,,0.16666666666666666,,,,unstable
220210_F1_run6,c-GC-star,6,62,2,2,1,1,2.0,0.5,,,,unstable
220210_F1_run6,c-GC-star,6,70,1,1,1,4,5.0,0.3333333333333333,,,,unstable
220210_F1_run6,c-GC-star,6,86,5,0,1,3,,0.16666666666666666,,,,unstable
220210_F1_run6,c-GC-star,6,99,6,1,1,1,2.0,0.3333333333333333,,,,unstable
220210_F1_run6,c-GC-star,6,104,1,0,1,7,,0.16666666666666666,,,,novel
220210_F1_run6,c-GC-star,6,106,4,1,1,3,7.0,0.3333333333333333,,,,unstable
220210_F1_run6,c-GC-star,6,113,6,0,1,2,,0.16666666666666666,,,,unstable
220210_F1_run6,c-GC-star,7,1,2,1,1,1,2.0,0.3333333333333333,,,,unstable
220210_F1_run6,c-GC-star,7,4,1,1,0,1,2.0,0.16666666666666666,,,,unstable
220210_F1_run6,c-GC-star,7,5,6,1,1,1,4.0,0.3333333333333333,,,,unstable
220210_F1_run6,c-GC-star,7,8,7,0,0,1,,0.0,,,,stable
220210_F1_run6,c-GC-star,7,15,1,1,0,1,2.0,0.16666666666666666,,,,unstable
220210_F1_run6,c-GC-star,7,17,1,1,0,1,2.0,0.16666666666666666,,,,unstable
220210_F1_run6,c-GC-star,7,23,1,0,1,7,,0.16666666666666666,,,,novel
220210_F1_run6,c-GC-star,7,32,6,1,1,1,5.0,0.3333333333333333,,,,unstable
220210_F1_run6,c-GC-star,7,42,1,1,0,1,2.0,0.16666666666666666,,,,unstable
220210_F1_run6,c-GC-star,7,54,6,1,1,1,2.0,0.3333333333333333,,,,unstable
220210_F1_run6,c-GC-star,7,58,6,1,1,1,3.0,0.3333333333333333,,,,unstable
220210_F1_run6,c-GC-star,7,59,4,0,1,4,,0.16666666666666666,,,,unstable
220210_F1_run6,c-GC-star,7,60,1,1,0,1,2.0,0.16666666666666666,,,,unstable
220210_F1_run6,c-GC-star,7,75,1,1,0,1,2.0,0.16666666666666666,,,,unstable
220210_F1_run6,c-GC-star,7,78,1,1,0,1,2.0,0.16666666666666666,,,,unstable
220210_F1_run6,c-GC-star,7,84,1,1,0,1,2.0,0.16666666666666666,,,,unstable
220210_F1_run6,c-GC-star,7,89,1,1,0,1,2.0,0.16666666666666666,,,,unstable
220210_F1_run6,c-GC-star,7,110,2,1,1,1,2.0,0.3333333333333333,,,,unstable
220210_F1_run6,c-GC-star,7,120,1,1,0,1,2.0,0.16666666666666666,,,,unstable
220210_F1_run6,c-GC-star,7,124,1,1,1,4,5.0,0.3333333333333333,,,,unstable
220210_F1_run6,c-GC-star,7,128,1,1,0,1,2.0,0.16666666666666666,,,,unstable
220210_F1_run6,c-GC-star,8,6,7,0,0,1,,0.0,,,,stable
220210_F1_run6,c-GC-star,8,7,2,1,0,1,3.0,0.16666666666666666,,,,lost
220210_F1_run6,c-GC-star,8,9,2,1,1,1,2.0,0.3333333333333333,,,,unstable
220210_F1_run6,c-GC-star,8,15,1,0,1,7,,0.16666666666666666,,,,novel
220210_F1_run6,c-GC-star,8,27,6,1,0,1,7.0,0.16666666666666666,,,,lost
220210_F1_run6,c-GC-star,8,33,5,2,2,1,4.0,0.6666666666666666,,,,unstable
220210_F1_run6,c-GC-star,8,34,1,1,1,2,3.0,0.3333333333333333,,,,unstable
220210_F1_run6,c-GC-star,8,37,6,0,1,2,,0.16666666666666666,,,,unstable
220210_F1_run6,c-GC-star,8,38,1,1,1,2,3.0,0.3333333333333333,,,,unstable
220210_F1_run6,c-GC-star,8,43,3,2,1,1,3.0,0.5,,,,unstable
220210_F1_run6,c-GC-star,8,50,1,1,1,2,3.0,0.3333333333333333,,,,unstable
220210_F1_run6,c-GC-star,8,59,6,1,1,1,5.0,0.3333333333333333,,,,unstable
220210_F1_run6,c-GC-star,8,60,5,1,2,2,3.0,0.5,,,,unstable
220210_F1_run6,c-GC-star,8,66,6,0,1,2,,0.16666666666666666,,,,unstable
220210_F1_run6,c-GC-star,8,70,2,1,1,2,4.0,0.3333333333333333,,,,unstable
220210_F1_run6,c-GC-star,8,80,6,0,1,2,,0.16666666666666666,,,,unstable
220210_F1_run6,c-GC-star,8,89,3,1,2,3,4.0,0.5,,,,unstable
220210_F1_run6,c-GC-star,8,93,2,1,0,1,3.0,0.16666666666666666,,,,lost
220210_F1_run6,c-GC-star,8,94,7,0,0,1,,0.0,,,,stable
220210_F1_run6,c-GC-star,8,100,1,1,1,2,3.0,0.3333333333333333,,,,unstable
220210_F1_run6,c-GC-star,8,101,2,1,0,1,3.0,0.16666666666666666,,,,lost
220210_F1_run6,c-GC-star,8,102,1,1,1,2,3.0,0.3333333333333333,,,,unstable
220210_F1_run6,c-GC-star,8,104,6,0,1,2,,0.16666666666666666,,,,unstable
220210_F1_run6,c-GC-star,8,110,2,2,2,4,5.0,0.6666666666666666,,,,unstable
220210_F1_run6,c-GC-star,8,121,2,1,1,5,7.0,0.3333333333333333,,,,unstable
220210_F1_run6,c-GC-star,8,122,4,2,3,2,3.0,0.8333333333333334,,,,unstable
220210_F1_run6,c-GC-star,8,126,3,2,3,2,3.0,0.8333333333333334,,,,unstable
220210_F1_run6,c-GC-star,8,129,1,1,0,1,2.0,0.16666666666666666,,,,unstable
220210_F1_run6,c-GC-star,9,17,2,1,0,1,3.0,0.16666666666666666,,,,lost
220210_F1_run6,c-GC-star,9,26,4,1,0,1,5.0,0.16666666666666666,,,,lost
220210_F1_run6,c-GC-star,9,39,2,0,1,6,,0.16666666666666666,,,,unstable
220210_F1_run6,c-GC-star,9,70,2,0,1,6,,0.16666666666666666,,,,unstable
220210_F1_run6,c-GC-star,9,72,4,1,0,1,5.0,0.16666666666666666,,,,lost
220210_F1_run6,c-GC-star,9,77,7,0,0,1,,0.0,,,,stable
220210_F1_run6,c-GC-star,9,111,1,1,0,1,2.0,0.16666666666666666,,,,unstable
220210_F1_run6,c-GC-star,9,123,1,1,0,1,2.0,0.16666666666666666,,,,unstable
220210_F1_run6,c-GC-star,9,126,1,1,0,1,2.0,0.16666666666666666,,,,unstable
220210_F1_run6,c-GC-star,10,11,2,1,0,1,3.0,0.16666666666666666,,,,lost
220210_F1_run6,c-GC-star,10,20,2,1,0,1,3.0,0.16666666666666666,,,,lost
220210_F1_run6,c-GC-star,10,25,7,0,0,1,,0.0,,,,stable
220210_F1_run6,c-GC-star,10,62,1,1,0,1,2.0,0.16666666666666666,,,,unstable
220210_F1_run6,c-GC-star,10,66,2,0,1,6,,0.16666666666666666,,,,unstable
220210_F1_run6,c-GC-star,10,68,1,1,0,1,2.0,0.16666666666666666,,,,unstable
220210_F1_run6,c-GC-star,10,72,1,1,1,3,4.0,0.3333333333333333,,,,unstable
220210_F1_run6,c-GC-star,10,82,7,0,0,1,,0.0,,,,stable
220210_F1_run6,c-GC-star,10,85,1,1,0,1,2.0,0.16666666666666666,,,,unstable
220210_F1_run6,c-GC-star,11,4,1,1,0,1,2.0,0.16666666666666666,,,,unstable
220210_F1_run6,c-GC-star,11,75,6,0,1,2,,0.16666666666666666,,,,unstable
220210_F1_run6,c-GC-star,11,85,6,1,0,1,7.0,0.16666666666666666,,,,lost
220210_F1_run6,c-GC-star,11,95,1,1,1,5,6.0,0.3333333333333333,,,,unstable
220210_F1_run6,c-GC-star,11,115,2,2,1,1,2.0,0.5,,,,unstable
220210_F1_run6,c-GC-star,12,5,1,1,1,5,6.0,0.3333333333333333,,,,unstable
220210_F1_run6,c-GC-star,12,6,6,1,1,1,2.0,0.3333333333333333,,,,unstable
220210_F1_run6,c-GC-star,12,19,1,1,0,1,2.0,0.16666666666666666,,,,unstable
220210_F1_run6,c-GC-star,12,21,4,1,1,1,3.0,0.3333333333333333,,,,unstable
220210_F1_run6,c-GC-star,12,23,7,0,0,1,,0.0,,,,stable
220210_F1_run6,c-GC-star,12,34,1,1,0,1,2.0,0.16666666666666666,,,,unstable
220210_F1_run6,c-GC-star,12,35,5,2,2,1,3.0,0.6666666666666666,,,,unstable
220210_F1_run6,c-GC-star,12,53,6,1,1,1,3.0,0.3333333333333333,,,,unstable
220210_F1_run6,c-GC-star,12,70,4,1,1,1,2.0,0.3333333333333333,,,,unstable
220210_F1_run6,c-GC-star,12,80,1,1,1,6,7.0,0.3333333333333333,,,,unstable
220210_F1_run6,c-GC-star,12,86,6,1,1,1,3.0,0.3333333333333333,,,,unstable
220210_F1_run6,c-GC-star,12,96,4,0,1,4,,0.16666666666666666,,,,unstable
220210_F1_run6,c-GC-star,12,106,6,1,1,1,3.0,0.3333333333333333,,,,unstable
220210_F1_run6,c-GC-star,12,115,1,0,1,7,,0.16666666666666666,,,,novel
220210_F1_run6,c-GC-star,12,118,3,1,2,4,6.0,0.5,,,,unstable
220210_F1_run6,c-GC-star,12,120,5,2,1,1,3.0,0.5,,,,unstable
220210_F1_run6,c-GC-star,12,124,4,1,1,1,2.0,0.3333333333333333,,,,unstable
220210_F1_run6,c-GC-star,12,126,2,0,1,6,,0.16666666666666666,,,,unstable
220210_F1_run6,c-GC-star,13,3,2,1,0,1,3.0,0.16666666666666666,,,,lost
220210_F1_run6,c-GC-star,13,4,1,1,0,1,2.0,0.16666666666666666,,,,unstable
220210_F1_run6,c-GC-star,13,9,1,1,0,1,2.0,0.16666666666666666,,,,unstable
220210_F1_run6,c-GC-star,13,17,1,1,0,1,2.0,0.16666666666666666,,,,unstable
220210_F1_run6,c-GC-star,13,24,6,1,1,1,4.0,0.3333333333333333,,,,unstable
220210_F1_run6,c-GC-star,14,24,1,1,0,1,2.0,0.16666666666666666,,,,unstable
220210_F1_run6,c-GC-star,14,43,1,1,0,1,2.0,0.16666666666666666,,,,unstable
220210_F1_run6,c-GC-star,14,44,2,1,0,1,3.0,0.16666666666666666,,,,lost
220210_F1_run6,c-GC-star,14,55,5,0,1,3,,0.16666666666666666,,,,unstable
220210_F1_run6,c-GC-star,14,73,1,1,1,6,7.0,0.3333333333333333,,,,unstable
220210_F1_run6,c-GC-star,15,7,2,2,1,1,2.0,0.5,,,,unstable
220210_F1_run6,c-GC-star,15,13,1,1,1,2,3.0,0.3333333333333333,,,,unstable
220210_F1_run6,c-GC-star,15,27,1,1,0,1,2.0,0.16666666666666666,,,,unstable
220210_F1_run6,c-GC-star,15,29,7,0,0,1,,0.0,,,,stable
220210_F1_run6,c-GC-star,15,30,5,0,1,3,,0.16666666666666666,,,,unstable
220210_F1_run6,c-GC-star,15,35,2,0,1,6,,0.16666666666666666,,,,unstable
220210_F1_run6,c-GC-star,15,37,2,1,1,3,5.0,0.3333333333333333,,,,unstable
220210_F1_run6,c-GC-star,15,38,3,1,2,2,3.0,0.5,,,,unstable
220210_F1_run6,c-GC-star,15,71,6,1,1,1,5.0,0.3333333333333333,,,,unstable
220210_F1_run6,c-GC-star,15,77,6,1,1,1,2.0,0.3333333333333333,,,,unstable
220210_F1_run6,c-GC-star,15,78,2,0,1,6,,0.16666666666666666,,,,unstable
220210_F1_run6,c-GC-star,15,83,6,1,0,1,7.0,0.16666666666666666,,,,lost
220210_F1_run6,c-GC-star,15,102,1,1,1,3,4.0,0.3333333333333333,,,,unstable
220210_F1_run6,c-GC-star,15,103,1,1,0,1,2.0,0.16666666666666666,,,,unstable
220210_F1_run6,c-GC-star,15,105,1,1,0,1,2.0,0.16666666666666666,,,,unstable
220210_F1_run6,c-GC-star,15,121,1,1,0,1,2.0,0.16666666666666666,,,,unstable
220210_F1_run6,c-GC-star,16,0,1,1,0,1,2.0,0.16666666666666666,,,,unstable
220210_F1_run6,c-GC-star,16,2,7,0,0,1,,0.0,,,,stable
220210_F1_run6,c-GC-star,16,4,2,1,0,1,3.0,0.16666666666666666,,,,lost
220210_F1_run6,c-GC-star,16,18,6,1,1,1,3.0,0.3333333333333333,,,,unstable
220210_F1_run6,c-GC-star,16,20,3,1,1,1,3.0,0.3333333333333333,,,,unstable
220210_F1_run6,c-GC-star,16,25,3,2,2,1,2.0,0.6666666666666666,,,,unstable
220210_F1_run6,c-GC-star,16,31,1,1,1,6,7.0,0.3333333333333333,,,,unstable
220210_F1_run6,c-GC-star,16,65,7,0,0,1,,0.0,,,,stable
220210_F1_run6,c-GC-star,16,68,1,1,0,1,2.0,0.16666666666666666,,,,unstable
220210_F1_run6,c-GC-star,16,71,1,1,0,1,2.0,0.16666666666666666,,,,unstable
220210_F1_run6,c-GC-star,16,82,1,1,0,1,2.0,0.16666666666666666,,,,unstable
220210_F1_run6,c-GC-star,16,88,1,0,1,7,,0.16666666666666666,,,,novel
220210_F1_run6,c-GC-star,16,102,2,1,2,4,5.0,0.5,,,,unstable
220210_F1_run6,c-GC-star,16,119,1,1,0,1,2.0,0.16666666666666666,,,,unstable
220210_F1_run6,c-GC-star,17,0,7,0,0,1,,0.0,,,,stable
220210_F1_run6,c-GC-star,17,2,7,0,0,1,,0.0,,,,stable
220210_F1_run6,c-GC-star,17,6,7,0,0,1,,0.0,,,,stable
220210_F1_run6,c-GC-star,17,7,1,1,0,1,2.0,0.16666666666666666,,,,unstable
220210_F1_run6,c-GC-star,17,10,1,1,0,1,2.0,0.16666666666666666,,,,unstable
220210_F1_run6,c-GC-star,17,11,3,2,2,3,4.0,0.6666666666666666,,,,unstable
220210_F1_run6,c-GC-star,17,22,5,1,0,1,6.0,0.16666666666666666,,,,lost
220210_F1_run6,c-GC-star,17,24,7,0,0,1,,0.0,,,,stable
220210_F1_run6,c-GC-star,17,29,7,0,0,1,,0.0,,,,stable
220210_F1_run6,c-GC-star,17,34,1,1,0,1,2.0,0.16666666666666666,,,,unstable
220210_F1_run6,c-GC-star,17,41,3,1,0,1,4.0,0.16666666666666666,,,,lost
220210_F1_run6,c-GC-star,17,46,2,1,1,2,4.0,0.3333333333333333,,,,unstable
220210_F1_run6,c-GC-star,17,48,1,1,0,1,2.0,0.16666666666666666,,,,unstable
220210_F1_run6,c-GC-star,17,50,1,1,0,1,2.0,0.16666666666666666,,,,unstable
220210_F1_run6,c-GC-star,17,53,1,1,0,1,2.0,0.16666666666666666,,,,unstable
220210_F1_run6,c-GC-star,17,62,6,1,1,1,3.0,0.3333333333333333,,,,unstable
220210_F1_run6,c-GC-star,17,65,1,1,0,1,2.0,0.16666666666666666,,,,unstable
220210_F1_run6,c-GC-star,17,66,1,1,0,1,2.0,0.16666666666666666,,,,unstable
220210_F1_run6,c-GC-star,17,78,1,1,0,1,2.0,0.16666666666666666,,,,unstable
220210_F1_run6,c-GC-star,17,90,1,1,0,1,2.0,0.16666666666666666,,,,unstable
220210_F1_run6,c-GC-star,17,97,2,1,0,1,3.0,0.16666666666666666,,,,lost
220210_F1_run6,c-GC-star,17,100,4,1,0,1,5.0,0.16666666666666666,,,,lost
220210_F1_run6,c-GC-star,17,110,1,1,0,1,2.0,0.16666666666666666,,,,unstable
220210_F1_run6,c-GC-star,17,119,1,1,0,1,2.0,0.16666666666666666,,,,unstable
220210_F1_run6,c-GC-star,17,121,1,1,0,1,2.0,0.16666666666666666,,,,unstable
220210_F1_run6,c-GC-star,17,122,5,1,0,1,6.0,0.16666666666666666,,,,lost
220210_F1_run6,c-GC-star,17,126,3,1,1,3,6.0,0.3333333333333333,,,,unstable
220210_F1_run6,c-GC-star,18,0,1,1,0,1,2.0,0.16666666666666666,,,,unstable
220210_F1_run6,c-GC-star,18,4,1,1,0,1,2.0,0.16666666666666666,,,,unstable
220210_F1_run6,c-GC-star,18,9,2,2,1,1,2.0,0.5,,,,unstable
220210_F1_run6,c-GC-star,18,16,1,1,0,1,2.0,0.16666666666666666,,,,unstable
220210_F1_run6,c-GC-star,18,117,5,2,1,1,2.0,0.5,,,,unstable
220210_F1_run6,c-GC-star,19,2,6,1,1,1,3.0,0.3333333333333333,,,,unstable
220210_F1_run6,c-GC-star,19,30,1,1,0,1,2.0,0.16666666666666666,,,,unstable
220210_F1_run6,c-GC-star,19,39,4,3,2,1,2.0,0.8333333333333334,,,,unstable
220210_F1_run6,c-GC-star,19,60,4,2,1,1,2.0,0.5,,,,unstable
220210_F1_run6,c-GC-star,19,83,6,1,1,1,3.0,0.3333333333333333,,,,unstable
220210_F1_run6,c-GC-star,19,93,2,1,2,4,5.0,0.5,,,,unstable
220210_F1_run6,c-GC-star,20,4,5,1,0,1,6.0,0.16666666666666666,,,,lost
220210_F1_run6,c-GC-star,20,16,6,1,0,1,7.0,0.16666666666666666,,,,lost
220210_F1_run6,c-GC-star,20,18,1,1,0,1,2.0,0.16666666666666666,,,,unstable
220210_F1_run6,c-GC-star,20,29,2,2,1,1,2.0,0.5,,,,unstable
220210_F1_run6,c-GC-star,20,34,7,0,0,1,,0.0,,,,stable
220210_F1_run6,c-GC-star,20,65,1,1,0,1,2.0,0.16666666666666666,,,,unstable
220210_F1_run6,c-GC-star,20,84,1,1,0,1,2.0,0.16666666666666666,,,,unstable
220210_F1_run6,c-GC-star,20,89,2,0,1,6,,0.16666666666666666,,,,unstable
220210_F1_run6,c-GC-star,20,97,3,1,2,2,3.0,0.5,,,,unstable
220210_F1_run6,c-GC-star,20,104,2,0,1,6,,0.16666666666666666,,,,unstable
220210_F1_run6,c-GC-star,21,3,2,1,2,3,4.0,0.5,,,,unstable
220210_F1_run6,c-GC-star,21,38,1,1,1,2,3.0,0.3333333333333333,,,,unstable
220210_F1_run6,c-GC-star,21,68,3,0,1,5,,0.16666666666666666,,,,unstable
220210_F1_run6,c-GC-star,21,79,5,0,1,3,,0.16666666666666666,,,,unstable
220210_F1_run6,c-GC-star,21,84,1,1,0,1,2.0,0.16666666666666666,,,,unstable
220210_F1_run6,c-GC-star,21,102,1,1,0,1,2.0,0.16666666666666666,,,,unstable
220210_F1_run6,c-GC-star,22,0,1,1,0,1,2.0,0.16666666666666666,,,,unstable
220210_F1_run6,c-GC-star,22,2,3,1,1,1,2.0,0.3333333333333333,,,,unstable
220210_F1_run6,c-GC-star,22,4,6,1,1,1,2.0,0.3333333333333333,,,,unstable
220210_F1_run6,c-GC-star,22,6,1,1,1,2,3.0,0.3333333333333333,,,,unstable
220210_F1_run6,c-GC-star,22,14,3,0,1,5,,0.16666666666666666,,,,unstable
220210_F1_run6,c-GC-star,22,15,1,1,0,1,2.0,0.16666666666666666,,,,unstable
220210_F1_run6,c-GC-star,22,20,1,1,0,1,2.0,0.16666666666666666,,,,unstable
220210_F1_run6,c-GC-star,22,37,4,1,2,2,3.0,0.5,,,,unstable
220210_F1_run6,c-GC-star,22,50,1,0,1,7,,0.16666666666666666,,,,novel
220210_F1_run6,c-GC-star,22,54,1,1,1,3,4.0,0.3333333333333333,,,,unstable
220210_F1_run6,c-GC-star,22,55,4,1,1,3,7.0,0.3333333333333333,,,,unstable
220210_F1_run6,c-GC-star,22,62,5,0,1,3,,0.16666666666666666,,,,unstable
220210_F1_run6,c-GC-star,22,65,1,1,1,6,7.0,0.3333333333333333,,,,unstable
220210_F1_run6,c-GC-star,22,70,2,1,2,5,6.0,0.5,,,,unstable
220210_F1_run6,c-GC-star,22,77,1,0,1,7,,0.16666666666666666,,,,novel
220210_F1_run6,c-GC-star,22,78,6,1,1,1,5.0,0.3333333333333333,,,,unstable
220210_F1_run6,c-GC-star,22,89,3,1,2,4,6.0,0.5,,,,unstable
220210_F1_run6,c-GC-star,22,100,4,2,2,1,2.0,0.6666666666666666,,,,unstable
220210_F1_run6,c-GC-star,22,103,4,1,2,2,3.0,0.5,,,,unstable
220210_F1_run6,c-GC-star,22,111,2,0,1,6,,0.16666666666666666,,,,unstable
220210_F1_run6,c-GC-star,22,119,5,0,1,3,,0.16666666666666666,,,,unstable
220210_F1_run6,c-GC-star,23,10,1,1,0,1,2.0,0.16666666666666666,,,,unstable
220210_F1_run6,c-GC-star,23,12,2,2,1,1,2.0,0.5,,,,unstable
220210_F1_run6,c-GC-star,23,14,1,1,1,5,6.0,0.3333333333333333,,,,unstable
220210_F1_run6,c-GC-star,23,27,7,0,0,1,,0.0,,,,stable
220210_F1_run6,c-GC-star,23,34,2,2,1,1,2.0,0.5,,,,unstable
220210_F1_run6,c-GC-star,23,37,6,0,1,2,,0.16666666666666666,,,,unstable
220210_F1_run6,c-GC-star,23,38,2,1,2,4,5.0,0.5,,,,unstable
220210_F1_run6,c-GC-star,23,39,1,1,1,6,7.0,0.3333333333333333,,,,unstable
220210_F1_run6,c-GC-star,23,45,1,1,1,5,6.0,0.3333333333333333,,,,unstable
220210_F1_run6,c-GC-star,23,50,1,1,0,1,2.0,0.16666666666666666,,,,unstable
220210_F1_run6,c-GC-star,23,69,3,1,2,4,6.0,0.5,,,,unstable
220210_F1_run6,c-GC-star,23,76,2,1,1,1,2.0,0.3333333333333333,,,,unstable
220210_F1_run6,c-GC-star,23,80,3,3,2,1,2.0,0.8333333333333334,,,,unstable
220210_F1_run6,c-GC-star,23,84,3,2,1,1,3.0,0.5,,,,unstable
220210_F1_run6,c-GC-star,23,87,3,1,1,1,2.0,0.3333333333333333,,,,unstable
220210_F1_run6,c-GC-star,23,94,1,1,0,1,2.0,0.16666666666666666,,,,unstable
220210_F1_run6,c-GC-star,23,96,6,1,0,1,7.0,0.16666666666666666,,,,lost
220210_F1_run6,c-GC-star,23,105,1,1,1,6,7.0,0.3333333333333333,,,,unstable
220210_F1_run6,c-GC-star,23,106,1,1,1,6,7.0,0.3333333333333333,,,,unstable
220210_F1_run6,c-GC-star,23,107,4,1,2,3,6.0,0.5,,,,unstable
220210_F1_run6,c-GC-star,23,108,1,1,0,1,2.0,0.16666666666666666,,,,unstable
220210_F1_run6,c-GC-star,23,109,4,2,2,1,3.0,0.6666666666666666,,,,unstable
220210_F1_run6,c-GC-star,23,112,1,0,1,7,,0.16666666666666666,,,,novel
220210_F1_run6,c-GC-star,23,122,2,0,1,6,,0.16666666666666666,,,,unstable
220210_F1_run6,c-GC-star,23,123,4,2,2,1,3.0,0.6666666666666666,,,,unstable
220210_F1_run6,c-GC-star,23,124,7,0,0,1,,0.0,,,,stable
220210_F1_run6,c-GC-star,24,11,2,0,1,6,,0.16666666666666666,,,,unstable
220210_F1_run6,c-GC-star,24,13,6,1,0,1,7.0,0.16666666666666666,,,,lost
220210_F1_run6,c-GC-star,24,14,4,2,1,1,4.0,0.5,,,,unstable
220210_F1_run6,c-GC-star,24,17,1,1,0,1,2.0,0.16666666666666666,,,,unstable
220210_F1_run6,c-GC-star,24,38,1,1,1,3,4.0,0.3333333333333333,,,,unstable
220210_F1_run6,c-GC-star,24,87,1,1,1,6,7.0,0.3333333333333333,,,,unstable
220210_F1_run6,c-GC-star,25,11,7,0,0,1,,0.0,,,,stable
220210_F1_run6,c-GC-star,25,19,1,0,1,7,,0.16666666666666666,,,,novel
220210_F1_run6,c-GC-star,25,34,1,1,0,1,2.0,0.16666666666666666,,,,unstable
220210_F1_run6,c-GC-star,25,37,2,1,1,1,2.0,0.3333333333333333,,,,unstable
220210_F1_run6,c-GC-star,25,38,3,0,1,5,,0.16666666666666666,,,,unstable
220210_F1_run6,c-GC-star,25,44,1,1,0,1,2.0,0.16666666666666666,,,,unstable
220210_F1_run6,c-GC-star,25,53,1,1,0,1,2.0,0.16666666666666666,,,,unstable
220210_F1_run6,c-GC-star,25,70,1,1,0,1,2.0,0.16666666666666666,,,,unstable
220210_F1_run6,c-GC-star,25,83,1,1,0,1,2.0,0.16666666666666666,,,,unstable
220210_F1_run6,c-GC-star,25,124,2,0,1,6,,0.16666666666666666,,,,unstable
220210_F1_run6,c-GC-star,26,9,5,1,0,1,6.0,0.16666666666666666,,,,lost
220210_F1_run6,c-GC-star,26,97,1,0,1,7,,0.16666666666666666,,,,novel
220210_F1_run6,c-GC-star,27,5,7,0,0,1,,0.0,,,,stable
220210_F1_run6,c-GC-star,27,6,7,0,0,1,,0.0,,,,stable
220210_F1_run6,c-GC-star,27,8,7,0,0,1,,0.0,,,,stable
220210_F1_run6,c-GC-star,27,9,1,1,1,5,6.0,0.3333333333333333,,,,unstable
220210_F1_run6,c-GC-star,27,15,1,1,0,1,2.0,0.16666666666666666,,,,unstable
220210_F1_run6,c-GC-star,27,20,1,1,1,6,7.0,0.3333333333333333,,,,unstable
220210_F1_run6,c-GC-star,27,21,3,1,0,1,4.0,0.16666666666666666,,,,lost
220210_F1_run6,c-GC-star,27,23,6,0,1,2,,0.16666666666666666,,,,unstable
220210_F1_run6,c-GC-star,27,25,1,1,0,1,2.0,0.16666666666666666,,,,unstable
220210_F1_run6,c-GC-star,27,29,1,1,0,1,2.0,0.16666666666666666,,,,unstable
220210_F1_run6,c-GC-star,27,34,3,0,1,5,,0.16666666666666666,,,,unstable
220210_F1_run6,c-GC-star,27,35,1,1,1,6,7.0,0.3333333333333333,,,,unstable
220210_F1_run6,c-GC-star,27,37,6,0,1,2,,0.16666666666666666,,,,unstable
220210_F1_run6,c-GC-star,27,38,2,1,0,1,3.0,0.16666666666666666,,,,lost
220210_F1_run6,c-GC-star,27,44,2,0,1,6,,0.16666666666666666,,,,unstable
220210_F1_run6,c-GC-star,27,45,1,1,1,6,7.0,0.3333333333333333,,,,unstable
220210_F1_run6,c-GC-star,27,46,1,1,0,1,2.0,0.16666666666666666,,,,unstable
220210_F1_run6,c-GC-star,27,47,2,1,0,1,3.0,0.16666666666666666,,,,lost
220210_F1_run6,c-GC-star,27,50,4,2,1,1,2.0,0.5,,,,unstable
220210_F1_run6,c-GC-star,27,53,1,1,0,1,2.0,0.16666666666666666,,,,unstable
220210_F1_run6,c-GC-star,27,59,1,1,1,4,5.0,0.3333333333333333,,,,unstable
220210_F1_run6,c-GC-star,27,60,6,1,1,1,2.0,0.3333333333333333,,,,unstable
220210_F1_run6,c-GC-star,27,64,6,1,1,1,3.0,0.3333333333333333,,,,unstable
220210_F1_run6,c-GC-star,27,67,6,0,1,2,,0.16666666666666666,,,,unstable
220210_F1_run6,c-GC-star,27,69,7,0,0,1,,0.0,,,,stable
220210_F1_run6,c-GC-star,27,70,7,0,0,1,,0.0,,,,stable
220210_F1_run6,c-GC-star,27,75,1,1,0,1,2.0,0.16666666666666666,,,,unstable
220210_F1_run6,c-GC-star,27,76,2,1,0,1,3.0,0.16666666666666666,,,,lost
220210_F1_run6,c-GC-star,27,89,3,1,0,1,4.0,0.16666666666666666,,,,lost
220210_F1_run6,c-GC-star,27,93,3,1,0,1,4.0,0.16666666666666666,,,,lost
220210_F1_run6,c-GC-star,27,98,3,2,1,1,3.0,0.5,,,,unstable
220210_F1_run6,c-GC-star,27,104,3,1,0,1,4.0,0.16666666666666666,,,,lost
220210_F1_run6,c-GC-star,27,106,6,1,1,1,6.0,0.3333333333333333,,,,unstable
220210_F1_run6,c-GC-star,27,107,1,1,0,1,2.0,0.16666666666666666,,,,unstable
220210_F1_run6,c-GC-star,27,108,1,1,0,1,2.0,0.16666666666666666,,,,unstable
220210_F1_run6,c-GC-star,27,109,1,1,0,1,2.0,0.16666666666666666,,,,unstable
220210_F1_run6,c-GC-star,27,121,3,2,1,1,2.0,0.5,,,,unstable
220210_F1_run6,c-GC-star,27,124,7,0,0,1,,0.0,,,,stable
220210_F1_run6,c-GC-star,27,128,5,2,1,1,5.0,0.5,,,,unstable
220210_F1_run6,c-GC-star,28,12,2,1,2,5,6.0,0.5,,,,unstable
220210_F1_run6,c-GC-star,28,38,1,1,0,1,2.0,0.16666666666666666,,,,unstable
220210_F1_run6,c-GC-star,28,90,1,1,1,2,3.0,0.3333333333333333,,,,unstable
220210_F1_run6,c-GC-star,28,114,5,2,2,1,3.0,0.6666666666666666,,,,unstable
220210_F1_run6,c-GC-star,28,115,1,1,1,2,3.0,0.3333333333333333,,,,unstable
220210_F1_run6,c-GC-star,28,119,2,1,1,3,5.0,0.3333333333333333,,,,unstable
220210_F1_run6,c-GC-star,29,0,7,0,0,1,,0.0,,,,stable
220210_F1_run6,c-GC-star,29,1,1,1,0,1,2.0,0.16666666666666666,,,,unstable
220210_F1_run6,c-GC-star,29,2,5,1,2,2,6.0,0.5,,,,unstable
220210_F1_run6,c-GC-star,29,4,1,1,1,6,7.0,0.3333333333333333,,,,unstable
220210_F1_run6,c-GC-star,29,10,3,1,1,1,3.0,0.3333333333333333,,,,unstable
220210_F1_run6,c-GC-star,29,11,1,1,0,1,2.0,0.16666666666666666,,,,unstable
220210_F1_run6,c-GC-star,29,17,1,1,0,1,2.0,0.16666666666666666,,,,unstable
220210_F1_run6,c-GC-star,29,20,2,1,0,1,3.0,0.16666666666666666,,,,lost
220210_F1_run6,c-GC-star,29,22,6,1,1,1,4.0,0.3333333333333333,,,,unstable
220210_F1_run6,c-GC-star,29,23,2,0,1,6,,0.16666666666666666,,,,unstable
220210_F1_run6,c-GC-star,29,25,1,1,0,1,2.0,0.16666666666666666,,,,unstable
220210_F1_run6,c-GC-star,29,37,1,1,0,1,2.0,0.16666666666666666,,,,unstable
220210_F1_run6,c-GC-star,29,45,2,1,0,1,3.0,0.16666666666666666,,,,lost
220210_F1_run6,c-GC-star,29,63,1,1,0,1,2.0,0.16666666666666666,,,,unstable
220210_F1_run6,c-GC-star,29,65,7,0,0,1,,0.0,,,,stable
220210_F1_run6,c-GC-star,29,67,4,1,1,1,3.0,0.3333333333333333,,,,unstable
220210_F1_run6,c-GC-star,29,68,1,1,0,1,2.0,0.16666666666666666,,,,unstable
220210_F1_run6,c-GC-star,29,80,1,1,0,1,2.0,0.16666666666666666,,,,unstable
220210_F1_run6,c-GC-star,29,89,1,1,0,1,2.0,0.16666666666666666,,,,unstable
220210_F1_run6,c-GC-star,29,100,7,0,0,1,,0.0,,,,stable
220210_F1_run6,c-GC-star,29,102,1,1,1,6,7.0,0.3333333333333333,,,,unstable
220210_F1_run6,c-GC-star,29,103,6,1,0,1,7.0,0.16666666666666666,,,,lost
220210_F1_run6,c-GC-star,29,108,1,1,0,1,2.0,0.16666666666666666,,,,unstable
220210_F1_run6,c-GC-star,29,112,1,1,0,1,2.0,0.16666666666666666,,,,unstable
220210_F1_run6,c-GC-star,29,114,2,1,0,1,3.0,0.16666666666666666,,,,lost
220210_F1_run6,c-GC-star,29,120,2,1,0,1,3.0,0.16666666666666666,,,,lost
220210_F1_run6,c-GC-star,29,124,1,1,0,1,2.0,0.16666666666666666,,,,unstable
220210_F1_run6,c-GC-star,30,44,4,2,1,1,3.0,0.5,,,,unstable
220210_F1_run6,c-GC-star,30,48,5,2,2,1,2.0,0.6666666666666666,,,,unstable
220210_F1_run6,c-GC-star,30,66,5,1,0,1,6.0,0.16666666666666666,,,,lost
220210_F1_run6,c-GC-star,30,67,3,1,0,1,4.0,0.16666666666666666,,,,lost
220210_F1_run6,c-GC-star,30,68,3,3,2,1,2.0,0.8333333333333334,,,,unstable
220210_F1_run6,c-GC-star,30,76,1,1,0,1,2.0,0.16666666666666666,,,,unstable
220210_F1_run6,c-GC-star,30,87,7,0,0,1,,0.0,,,,stable
220210_F1_run6,c-GC-star,30,101,1,1,1,2,3.0,0.3333333333333333,,,,unstable
220210_F1_run6,c-GC-star,30,103,1,1,0,1,2.0,0.16666666666666666,,,,unstable
220210_F1_run6,c-GC-star,30,107,7,0,0,1,,0.0,,,,stable
220210_F1_run6,c-GC-star,30,119,6,1,1,1,3.0,0.3333333333333333,,,,unstable
220210_F1_run6,c-GC-star,31,50,1,1,0,1,2.0,0.16666666666666666,,,,unstable
220210_F1_run6,c-GC-star,31,82,1,1,0,1,2.0,0.16666666666666666,,,,unstable
220210_F1_run6,c-GC-star,31,101,1,1,1,2,3.0,0.3333333333333333,,,,unstable
220210_F1_run6,c-GC-star,31,106,4,1,0,1,5.0,0.16666666666666666,,,,lost
220210_F1_run6,c-GC-star,31,107,1,1,0,1,2.0,0.16666666666666666,,,,unstable
220210_F1_run6,c-GC-star,32,4,1,1,0,1,2.0,0.16666666666666666,,,,unstable
220210_F1_run6,c-GC-star,32,27,5,0,1,3,,0.16666666666666666,,,,unstable
220210_F1_run6,c-GC-star,32,30,1,1,0,1,2.0,0.16666666666666666,,,,unstable
220210_F1_run6,c-GC-star,32,36,6,0,1,2,,0.16666666666666666,,,,unstable
220210_F1_run6,c-GC-star,32,38,5,1,0,1,6.0,0.16666666666666666,,,,lost
220210_F1_run6,c-GC-star,32,40,1,1,0,1,2.0,0.16666666666666666,,,,unstable
220210_F1_run6,c-GC-star,32,43,2,1,0,1,3.0,0.16666666666666666,,,,lost
220210_F1_run6,c-GC-star,32,53,1,1,0,1,2.0,0.16666666666666666,,,,unstable
220210_F1_run6,c-GC-star,32,54,1,1,1,5,6.0,0.3333333333333333,,,,unstable
220210_F1_run6,c-GC-star,32,55,6,1,0,1,7.0,0.16666666666666666,,,,lost
220210_F1_run6,c-GC-star,32,66,2,1,0,1,3.0,0.16666666666666666,,,,lost
220210_F1_run6,c-GC-star,32,84,1,1,0,1,2.0,0.16666666666666666,,,,unstable
220210_F1_run6,c-GC-star,32,102,1,1,0,1,2.0,0.16666666666666666,,,,unstable
220210_F1_run6,c-GC-star,32,127,1,0,1,7,,0.16666666666666666,,,,novel
220210_F1_run6,c-GC-star,32,129,4,0,1,4,,0.16666666666666666,,,,unstable
220210_F1_run6,c-GC-star,33,26,1,1,0,1,2.0,0.16666666666666666,,,,unstable
220210_F1_run6,c-GC-star,33,34,1,1,1,4,5.0,0.3333333333333333,,,,unstable
220210_F1_run6,c-GC-star,33,88,1,1,0,1,2.0,0.16666666666666666,,,,unstable
220210_F1_run6,c-GC-star,34,27,1,1,0,1,2.0,0.16666666666666666,,,,unstable
220210_F1_run6,c-GC-star,34,54,1,1,0,1,2.0,0.16666666666666666,,,,unstable
220210_F1_run6,c-GC-star,34,58,1,1,0,1,2.0,0.16666666666666666,,,,unstable
220210_F1_run6,c-GC-star,34,84,2,1,0,1,3.0,0.16666666666666666,,,,lost
220210_F1_run6,c-GC-star,34,121,1,1,0,1,2.0,0.16666666666666666,,,,unstable
220210_F1_run6,c-GC-star,35,5,5,0,1,3,,0.16666666666666666,,,,unstable
220210_F1_run6,c-GC-star,35,6,2,1,1,1,2.0,0.3333333333333333,,,,unstable
220210_F1_run6,c-GC-star,35,9,1,1,0,1,2.0,0.16666666666666666,,,,unstable
220210_F1_run6,c-GC-star,35,10,1,1,1,2,3.0,0.3333333333333333,,,,unstable
220210_F1_run6,c-GC-star,35,27,7,0,0,1,,0.0,,,,stable
220210_F1_run6,c-GC-star,35,30,1,1,1,3,4.0,0.3333333333333333,,,,unstable
220210_F1_run6,c-GC-star,35,44,3,1,0,1,4.0,0.16666666666666666,,,,lost
220210_F1_run6,c-GC-star,35,55,2,1,1,3,5.0,0.3333333333333333,,,,unstable
220210_F1_run6,c-GC-star,35,64,3,1,1,3,6.0,0.3333333333333333,,,,unstable
220210_F1_run6,c-GC-star,35,67,1,1,1,2,3.0,0.3333333333333333,,,,unstable
220210_F1_run6,c-GC-star,35,82,2,2,2,2,3.0,0.6666666666666666,,,,unstable
220210_F1_run6,c-GC-star,35,108,1,1,1,3,4.0,0.3333333333333333,,,,unstable
220210_F1_run6,c-GC-star,35,113,2,1,0,1,3.0,0.16666666666666666,,,,lost
220210_F1_run6,c-GC-star,36,12,1,1,1,5,6.0,0.3333333333333333,,,,unstable
220210_F1_run6,c-GC-star,36,27,4,3,2,1,2.0,0.8333333333333334,,,,unstable
220210_F1_run6,c-GC-star,36,42,1,1,0,1,2.0,0.16666666666666666,,,,unstable
220210_F1_run6,c-GC-star,36,53,5,0,1,3,,0.16666666666666666,,,,unstable
220210_F1_run6,c-GC-star,36,59,4,2,1,1,4.0,0.5,,,,unstable
220210_F1_run6,c-GC-star,36,73,1,1,0,1,2.0,0.16666666666666666,,,,unstable
220210_F1_run6,c-GC-star,36,78,5,0,1,3,,0.16666666666666666,,,,unstable
220210_F1_run6,c-GC-star,36,95,1,1,0,1,2.0,0.16666666666666666,,,,unstable
220210_F1_run6,c-GC-star,36,101,3,2,2,1,2.0,0.6666666666666666,,,,unstable
220210_F1_run6,c-GC-star,37,0,3,1,2,4,6.0,0.5,,,,unstable
220210_F1_run6,c-GC-star,37,2,1,1,0,1,2.0,0.16666666666666666,,,,unstable
220210_F1_run6,c-GC-star,37,6,7,0,0,1,,0.0,,,,stable
220210_F1_run6,c-GC-star,37,7,2,2,2,3,4.0,0.6666666666666666,,,,unstable
220210_F1_run6,c-GC-star,37,8,7,0,0,1,,0.0,,,,stable
220210_F1_run6,c-GC-star,37,20,4,2,1,1,4.0,0.5,,,,unstable
220210_F1_run6,c-GC-star,37,22,2,1,0,1,3.0,0.16666666666666666,,,,lost
220210_F1_run6,c-GC-star,37,30,6,0,1,2,,0.16666666666666666,,,,unstable
220210_F1_run6,c-GC-star,37,34,6,0,1,2,,0.16666666666666666,,,,unstable
220210_F1_run6,c-GC-star,37,38,7,0,0,1,,0.0,,,,stable
220210_F1_run6,c-GC-star,37,43,5,0,1,3,,0.16666666666666666,,,,unstable
220210_F1_run6,c-GC-star,37,45,1,1,0,1,2.0,0.16666666666666666,,,,unstable
220210_F1_run6,c-GC-star,37,46,1,1,0,1,2.0,0.16666666666666666,,,,unstable
220210_F1_run6,c-GC-star,37,50,7,0,0,1,,0.0,,,,stable
220210_F1_run6,c-GC-star,37,51,1,1,0,1,2.0,0.16666666666666666,,,,unstable
220210_F1_run6,c-GC-star,37,54,7,0,0,1,,0.0,,,,stable
220210_F1_run6,c-GC-star,37,59,6,1,1,1,3.0,0.3333333333333333,,,,unstable
220210_F1_run6,c-GC-star,37,60,1,1,0,1,2.0,0.16666666666666666,,,,unstable
220210_F1_run6,c-GC-star,37,65,1,1,1,4,5.0,0.3333333333333333,,,,unstable
220210_F1_run6,c-GC-star,37,67,6,0,1,2,,0.16666666666666666,,,,unstable
220210_F1_run6,c-GC-star,37,69,5,0,1,3,,0.16666666666666666,,,,unstable
220210_F1_run6,c-GC-star,37,70,7,0,0,1,,0.0,,,,stable
220210_F1_run6,c-GC-star,37,76,6,0,1,2,,0.16666666666666666,,,,unstable
220210_F1_run6,c-GC-star,37,77,7,0,0,1,,0.0,,,,stable
220210_F1_run6,c-GC-star,37,78,7,0,0,1,,0.0,,,,stable
220210_F1_run6,c-GC-star,37,79,6,0,1,2,,0.16666666666666666,,,,unstable
220210_F1_run6,c-GC-star,37,80,6,1,1,1,3.0,0.3333333333333333,,,,unstable
220210_F1_run6,c-GC-star,37,84,7,0,0,1,,0.0,,,,stable
220210_F1_run6,c-GC-star,37,85,7,0,0,1,,0.0,,,,stable
220210_F1_run6,c-GC-star,37,86,5,1,1,1,5.0,0.3333333333333333,,,,unstable
220210_F1_run6,c-GC-star,37,89,7,0,0,1,,0.0,,,,stable
220210_F1_run6,c-GC-star,37,90,5,0,1,3,,0.16666666666666666,,,,unstable
220210_F1_run6,c-GC-star,37,93,5,1,2,2,6.0,0.5,,,,unstable
220210_F1_run6,c-GC-star,37,94,2,1,1,5,7.0,0.3333333333333333,,,,unstable
220210_F1_run6,c-GC-star,37,98,1,1,1,2,3.0,0.3333333333333333,,,,unstable
220210_F1_run6,c-GC-star,37,100,7,0,0,1,,0.0,,,,stable
220210_F1_run6,c-GC-star,37,106,7,0,0,1,,0.0,,,,stable
220210_F1_run6,c-GC-star,37,107,5,1,2,2,3.0,0.5,,,,unstable
220210_F1_run6,c-GC-star,37,108,2,1,1,5,7.0,0.3333333333333333,,,,unstable
220210_F1_run6,c-GC-star,37,110,6,0,1,2,,0.16666666666666666,,,,unstable
220210_F1_run6,c-GC-star,37,111,1,1,0,1,2.0,0.16666666666666666,,,,unstable
220210_F1_run6,c-GC-star,37,118,6,1,1,1,3.0,0.3333333333333333,,,,unstable
220210_F1_run6,c-GC-star,37,120,6,0,1,2,,0.16666666666666666,,,,unstable
220210_F1_run6,c-GC-star,37,122,5,1,2,2,4.0,0.5,,,,unstable
220210_F1_run6,c-GC-star,37,126,3,1,1,3,6.0,0.3333333333333333,,,,unstable
220210_F1_run6,c-GC-star,37,128,1,1,1,3,4.0,0.3333333333333333,,,,unstable
220210_F1_run6,c-GC-star,38,7,2,1,0,1,3.0,0.16666666666666666,,,,lost
220210_F1_run6,c-GC-star,38,10,6,1,1,1,4.0,0.3333333333333333,,,,unstable
220210_F1_run6,c-GC-star,38,45,1,1,1,2,3.0,0.3333333333333333,,,,unstable
220210_F1_run6,c-GC-star,38,49,1,1,0,1,2.0,0.16666666666666666,,,,unstable
220210_F1_run6,c-GC-star,38,58,1,1,0,1,2.0,0.16666666666666666,,,,unstable
220210_F1_run6,c-GC-star,38,61,4,0,1,4,,0.16666666666666666,,,,unstable
220210_F1_run6,c-GC-star,38,69,1,1,0,1,2.0,0.16666666666666666,,,,unstable
220210_F1_run6,c-GC-star,38,96,1,1,1,3,4.0,0.3333333333333333,,,,unstable
220210_F1_run6,c-GC-star,38,98,1,1,0,1,2.0,0.16666666666666666,,,,unstable
220210_F1_run6,c-GC-star,38,101,6,1,1,1,4.0,0.3333333333333333,,,,unstable
220210_F1_run6,c-GC-star,38,104,1,1,0,1,2.0,0.16666666666666666,,,,unstable
220210_F1_run6,c-GC-star,38,105,1,1,0,1,2.0,0.16666666666666666,,,,unstable
220210_F1_run6,c-GC-star,38,112,1,1,1,4,5.0,0.3333333333333333,,,,unstable
220210_F1_run6,c-GC-star,38,115,1,1,0,1,2.0,0.16666666666666666,,,,unstable
220210_F1_run6,c-GC-star,38,121,4,0,1,4,,0.16666666666666666,,,,unstable
220210_F1_run6,c-GC-star,38,128,1,1,0,1,2.0,0.16666666666666666,,,,unstable
220210_F1_run6,c-GC-star,39,6,1,1,0,1,2.0,0.16666666666666666,,,,unstable
220210_F1_run6,c-GC-star,39,7,1,1,0,1,2.0,0.16666666666666666,,,,unstable
220210_F1_run6,c-GC-star,39,10,3,1,2,4,6.0,0.5,,,,unstable
220210_F1_run6,c-GC-star,39,26,5,1,0,1,6.0,0.16666666666666666,,,,lost
220210_F1_run6,c-GC-star,39,37,1,1,0,1,2.0,0.16666666666666666,,,,unstable
220210_F1_run6,c-GC-star,39,54,1,1,0,1,2.0,0.16666666666666666,,,,unstable
220210_F1_run6,c-GC-star,39,56,1,1,0,1,2.0,0.16666666666666666,,,,unstable
220210_F1_run6,c-GC-star,39,58,5,1,0,1,6.0,0.16666666666666666,,,,lost
220210_F1_run6,c-GC-star,39,64,1,1,0,1,2.0,0.16666666666666666,,,,unstable
220210_F1_run6,c-GC-star,39,69,1,1,0,1,2.0,0.16666666666666666,,,,unstable
220210_F1_run6,c-GC-star,39,70,1,1,0,1,2.0,0.16666666666666666,,,,unstable
220210_F1_run6,c-GC-star,39,75,4,2,2,2,3.0,0.6666666666666666,,,,unstable
220210_F1_run6,c-GC-star,39,77,1,1,1,5,6.0,0.3333333333333333,,,,unstable
220210_F1_run6,c-GC-star,39,82,2,1,0,1,3.0,0.16666666666666666,,,,lost
220210_F1_run6,c-GC-star,39,89,1,1,0,1,2.0,0.16666666666666666,,,,unstable
220210_F1_run6,c-GC-star,39,92,5,0,1,3,,0.16666666666666666,,,,unstable
220210_F1_run6,c-GC-star,39,94,1,1,0,1,2.0,0.16666666666666666,,,,unstable
220210_F1_run6,c-GC-star,39,96,7,0,0,1,,0.0,,,,stable
220210_F1_run6,c-GC-star,39,102,5,2,2,1,2.0,0.6666666666666666,,,,unstable
220210_F1_run6,c-GC-star,39,108,1,1,0,1,2.0,0.16666666666666666,,,,unstable
220210_F1_run6,c-GC-star,40,21,1,1,0,1,2.0,0.16666666666666666,,,,unstable
220210_F1_run6,c-GC-star,40,26,1,1,0,1,2.0,0.16666666666666666,,,,unstable
220210_F1_run6,c-GC-star,40,30,2,1,0,1,3.0,0.16666666666666666,,,,lost
220210_F1_run6,c-GC-star,40,43,3,1,2,4,5.0,0.5,,,,unstable
220210_F1_run6,c-GC-star,40,44,6,1,1,1,5.0,0.3333333333333333,,,,unstable
220210_F1_run6,c-GC-star,40,67,5,2,1,1,5.0,0.5,,,,unstable
220210_F1_run6,c-GC-star,40,69,1,1,0,1,2.0,0.16666666666666666,,,,unstable
220210_F1_run6,c-GC-star,40,86,4,1,0,1,5.0,0.16666666666666666,,,,lost
220210_F1_run6,c-GC-star,40,89,1,1,1,4,5.0,0.3333333333333333,,,,unstable
220210_F1_run6,c-GC-star,40,96,2,1,1,4,6.0,0.3333333333333333,,,,unstable
220210_F1_run6,c-GC-star,40,115,1,1,1,6,7.0,0.3333333333333333,,,,unstable
220210_F1_run6,c-GC-star,40,118,5,0,1,3,,0.16666666666666666,,,,unstable
220210_F1_run6,c-GC-star,40,126,2,0,1,6,,0.16666666666666666,,,,unstable
220210_F1_run6,c-GC-star,41,15,1,1,0,1,2.0,0.16666666666666666,,,,unstable
220210_F1_run6,c-GC-star,41,65,1,1,0,1,2.0,0.16666666666666666,,,,unstable
220210_F1_run6,c-GC-star,41,67,1,1,1,5,6.0,0.3333333333333333,,,,unstable
220210_F1_run6,c-GC-star,41,89,1,1,1,2,3.0,0.3333333333333333,,,,unstable
220210_F1_run6,c-GC-star,42,2,3,0,1,5,,0.16666666666666666,,,,unstable
220210_F1_run6,c-GC-star,42,4,2,1,2,2,3.0,0.5,,,,unstable
220210_F1_run6,c-GC-star,42,70,1,1,0,1,2.0,0.16666666666666666,,,,unstable
220210_F1_run6,c-GC-star,42,86,1,1,1,2,3.0,0.3333333333333333,,,,unstable
220210_F1_run6,c-GC-star,42,87,1,1,0,1,2.0,0.16666666666666666,,,,unstable
220210_F1_run6,c-GC-star,42,101,1,1,0,1,2.0,0.16666666666666666,,,,unstable
220210_F1_run6,c-GC-star,42,108,1,1,0,1,2.0,0.16666666666666666,,,,unstable
220210_F1_run6,c-GC-star,42,129,1,1,0,1,2.0,0.16666666666666666,,,,unstable
220210_F1_run6,c-GC-star,43,4,1,1,0,1,2.0,0.16666666666666666,,,,unstable
220210_F1_run6,c-GC-star,43,5,2,1,1,4,6.0,0.3333333333333333,,,,unstable
220210_F1_run6,c-GC-star,43,59,1,1,0,1,2.0,0.16666666666666666,,,,unstable
220210_F1_run6,c-GC-star,43,76,2,2,2,4,5.0,0.6666666666666666,,,,unstable
220210_F1_run6,c-GC-star,43,84,1,1,0,1,2.0,0.16666666666666666,,,,unstable
220210_F1_run6,c-GC-star,43,89,1,1,0,1,2.0,0.16666666666666666,,,,unstable
220210_F1_run6,c-GC-star,43,99,7,0,0,1,,0.0,,,,stable
220210_F1_run6,c-GC-star,43,107,3,1,1,1,3.0,0.3333333333333333,,,,unstable
220210_F1_run6,c-GC-star,43,110,1,1,0,1,2.0,0.16666666666666666,,,,unstable
220210_F1_run6,c-GC-star,44,0,1,1,0,1,2.0,0.16666666666666666,,,,unstable
220210_F1_run6,c-GC-star,44,4,1,1,0,1,2.0,0.16666666666666666,,,,unstable
220210_F1_run6,c-GC-star,44,6,1,1,0,1,2.0,0.16666666666666666,,,,unstable
220210_F1_run6,c-GC-star,44,8,2,1,1,4,6.0,0.3333333333333333,,,,unstable
220210_F1_run6,c-GC-star,44,28,1,1,0,1,2.0,0.16666666666666666,,,,unstable
220210_F1_run6,c-GC-star,44,29,6,1,1,1,2.0,0.3333333333333333,,,,unstable
220210_F1_run6,c-GC-star,44,30,1,1,0,1,2.0,0.16666666666666666,,,,unstable
220210_F1_run6,c-GC-star,44,37,1,1,0,1,2.0,0.16666666666666666,,,,unstable
220210_F1_run6,c-GC-star,44,38,1,1,0,1,2.0,0.16666666666666666,,,,unstable
220210_F1_run6,c-GC-star,44,40,3,2,2,3,5.0,0.6666666666666666,,,,unstable
220210_F1_run6,c-GC-star,44,42,5,0,1,3,,0.16666666666666666,,,,unstable
220210_F1_run6,c-GC-star,44,48,1,1,0,1,2.0,0.16666666666666666,,,,unstable
220210_F1_run6,c-GC-star,44,58,1,1,1,6,7.0,0.3333333333333333,,,,unstable
220210_F1_run6,c-GC-star,44,60,6,1,1,1,2.0,0.3333333333333333,,,,unstable
220210_F1_run6,c-GC-star,44,65,1,1,0,1,2.0,0.16666666666666666,,,,unstable
220210_F1_run6,c-GC-star,44,67,2,2,1,1,2.0,0.5,,,,unstable
220210_F1_run6,c-GC-star,44,69,1,1,0,1,2.0,0.16666666666666666,,,,unstable
220210_F1_run6,c-GC-star,44,74,1,1,0,1,2.0,0.16666666666666666,,,,unstable
220210_F1_run6,c-GC-star,44,80,1,1,0,1,2.0,0.16666666666666666,,,,unstable
220210_F1_run6,c-GC-star,44,82,1,0,1,7,,0.16666666666666666,,,,novel
220210_F1_run6,c-GC-star,44,84,1,1,0,1,2.0,0.16666666666666666,,,,unstable
220210_F1_run6,c-GC-star,44,93,1,1,0,1,2.0,0.16666666666666666,,,,unstable
220210_F1_run6,c-GC-star,44,94,1,1,0,1,2.0,0.16666666666666666,,,,unstable
220210_F1_run6,c-GC-star,44,95,1,1,0,1,2.0,0.16666666666666666,,,,unstable
220210_F1_run6,c-GC-star,44,96,5,1,0,1,6.0,0.16666666666666666,,,,lost
220210_F1_run6,c-GC-star,44,118,1,1,0,1,2.0,0.16666666666666666,,,,unstable
220210_F1_run6,c-GC-star,44,119,1,1,0,1,2.0,0.16666666666666666,,,,unstable
220210_F1_run6,c-GC-star,45,21,1,1,0,1,2.0,0.16666666666666666,,,,unstable
220210_F1_run6,c-GC-star,45,29,4,1,1,2,6.0,0.3333333333333333,,,,unstable
220210_F1_run6,c-GC-star,45,124,1,1,0,1,2.0,0.16666666666666666,,,,unstable
220210_F1_run6,c-GC-star,46,6,6,1,1,1,5.0,0.3333333333333333,,,,unstable
220210_F1_run6,c-GC-star,46,7,6,1,1,1,6.0,0.3333333333333333,,,,unstable
220210_F1_run6,c-GC-star,46,8,1,1,1,6,7.0,0.3333333333333333,,,,unstable
220210_F1_run6,c-GC-star,46,22,2,1,1,2,4.0,0.3333333333333333,,,,unstable
220210_F1_run6,c-GC-star,46,23,1,1,0,1,2.0,0.16666666666666666,,,,unstable
220210_F1_run6,c-GC-star,46,25,7,0,0,1,,0.0,,,,stable
220210_F1_run6,c-GC-star,46,36,1,1,1,2,3.0,0.3333333333333333,,,,unstable
220210_F1_run6,c-GC-star,46,37,7,0,0,1,,0.0,,,,stable
220210_F1_run6,c-GC-star,46,38,1,1,1,5,6.0,0.3333333333333333,,,,unstable
220210_F1_run6,c-GC-star,46,48,1,1,1,2,3.0,0.3333333333333333,,,,unstable
220210_F1_run6,c-GC-star,46,51,1,1,1,5,6.0,0.3333333333333333,,,,unstable
220210_F1_run6,c-GC-star,46,62,7,0,0,1,,0.0,,,,stable
220210_F1_run6,c-GC-star,46,65,2,2,2,2,3.0,0.6666666666666666,,,,unstable
220210_F1_run6,c-GC-star,46,68,4,1,1,1,3.0,0.3333333333333333,,,,unstable
220210_F1_run6,c-GC-star,46,81,7,0,0,1,,0.0,,,,stable
220210_F1_run6,c-GC-star,46,88,1,1,0,1,2.0,0.16666666666666666,,,,unstable
220210_F1_run6,c-GC-star,46,100,7,0,0,1,,0.0,,,,stable
220210_F1_run6,c-GC-star,46,101,1,1,0,1,2.0,0.16666666666666666,,,,unstable
220210_F1_run6,c-GC-star,46,105,4,1,0,1,5.0,0.16666666666666666,,,,lost
220210_F1_run6,c-GC-star,46,115,4,2,3,2,4.0,0.8333333333333334,,,,unstable
220210_F1_run6,c-GC-star,46,120,1,1,0,1,2.0,0.16666666666666666,,,,unstable
220210_F1_run6,c-GC-star,46,128,3,1,1,3,6.0,0.3333333333333333,,,,unstable
220210_F1_run6,c-GC-star,47,38,1,1,0,1,2.0,0.16666666666666666,,,,unstable
220210_F1_run6,c-GC-star,47,40,1,1,0,1,2.0,0.16666666666666666,,,,unstable
220210_F1_run6,c-GC-star,47,51,1,1,0,1,2.0,0.16666666666666666,,,,unstable
220210_F1_run6,c-GC-star,47,54,3,0,1,5,,0.16666666666666666,,,,unstable
220210_F1_run6,c-GC-star,47,58,1,1,0,1,2.0,0.16666666666666666,,,,unstable
220210_F1_run6,c-GC-star,47,62,1,1,0,1,2.0,0.16666666666666666,,,,unstable
220210_F1_run6,c-GC-star,47,74,4,1,2,3,4.0,0.5,,,,unstable
220210_F1_run6,c-GC-star,47,75,7,0,0,1,,0.0,,,,stable
220210_F1_run6,c-GC-star,47,76,3,2,2,3,5.0,0.6666666666666666,,,,unstable
220210_F1_run6,c-GC-star,47,80,2,2,1,1,2.0,0.5,,,,unstable
220210_F1_run6,c-GC-star,47,90,3,0,1,5,,0.16666666666666666,,,,unstable
220210_F1_run6,c-GC-star,47,104,3,1,2,4,5.0,0.5,,,,unstable
220210_F1_run6,c-GC-star,47,110,2,1,1,5,7.0,0.3333333333333333,,,,unstable
220210_F1_run6,c-GC-star,47,115,6,1,0,1,7.0,0.16666666666666666,,,,lost
220210_F1_run6,c-GC-star,47,117,6,0,1,2,,0.16666666666666666,,,,unstable
220210_F1_run6,c-GC-star,47,119,4,2,1,1,3.0,0.5,,,,unstable
220210_F1_run6,c-GC-star,47,123,1,0,1,7,,0.16666666666666666,,,,novel
220210_F1_run6,c-GC-star,48,10,1,1,0,1,2.0,0.16666666666666666,,,,unstable
220210_F1_run6,c-GC-star,48,11,1,1,0,1,2.0,0.16666666666666666,,,,unstable
220210_F1_run6,c-GC-star,48,25,1,1,0,1,2.0,0.16666666666666666,,,,unstable
220210_F1_run6,c-GC-star,48,47,6,1,1,1,2.0,0.3333333333333333,,,,unstable
220210_F1_run6,c-GC-star,48,64,1,1,1,6,7.0,0.3333333333333333,,,,unstable
220210_F1_run6,c-GC-star,48,72,1,0,1,7,,0.16666666666666666,,,,novel
220210_F1_run6,c-GC-star,48,90,3,1,2,4,5.0,0.5,,,,unstable
220210_F1_run6,c-GC-star,48,106,1,1,0,1,2.0,0.16666666666666666,,,,unstable
220210_F1_run6,c-GC-star,49,5,4,0,1,4,,0.16666666666666666,,,,unstable
220210_F1_run6,c-GC-star,49,6,3,1,2,4,5.0,0.5,,,,unstable
220210_F1_run6,c-GC-star,49,10,5,1,2,2,3.0,0.5,,,,unstable
220210_F1_run6,c-GC-star,49,37,4,1,1,3,7.0,0.3333333333333333,,,,unstable
220210_F1_run6,c-GC-star,49,48,1,0,1,7,,0.16666666666666666,,,,novel
220210_F1_run6,c-GC-star,49,61,2,1,1,5,7.0,0.3333333333333333,,,,unstable
220210_F1_run6,c-GC-star,49,93,4,1,2,3,6.0,0.5,,,,unstable
220210_F1_run6,c-GC-star,49,94,6,1,1,1,5.0,0.3333333333333333,,,,unstable
220210_F1_run6,c-GC-star,49,100,2,2,2,2,3.0,0.6666666666666666,,,,unstable
220210_F1_run6,c-GC-star,49,113,1,1,0,1,2.0,0.16666666666666666,,,,unstable
220210_F1_run6,c-GC-star,50,13,1,1,0,1,2.0,0.16666666666666666,,,,unstable
220210_F1_run6,c-GC-star,50,27,1,0,1,7,,0.16666666666666666,,,,novel
220210_F1_run6,c-GC-star,50,34,1,1,1,4,5.0,0.3333333333333333,,,,unstable
220210_F1_run6,c-GC-star,50,38,5,2,1,1,3.0,0.5,,,,unstable
220210_F1_run6,c-GC-star,50,47,7,0,0,1,,0.0,,,,stable
220210_F1_run6,c-GC-star,50,48,2,2,1,1,2.0,0.5,,,,unstable
220210_F1_run6,c-GC-star,50,59,1,1,1,3,4.0,0.3333333333333333,,,,unstable
220210_F1_run6,c-GC-star,50,69,2,2,1,1,2.0,0.5,,,,unstable
220210_F1_run6,c-GC-star,50,70,4,2,2,2,4.0,0.6666666666666666,,,,unstable
220210_F1_run6,c-GC-star,50,73,1,1,0,1,2.0,0.16666666666666666,,,,unstable
220210_F1_run6,c-GC-star,50,74,7,0,0,1,,0.0,,,,stable
220210_F1_run6,c-GC-star,50,75,7,0,0,1,,0.0,,,,stable
220210_F1_run6,c-GC-star,50,76,7,0,0,1,,0.0,,,,stable
220210_F1_run6,c-GC-star,50,77,6,1,1,1,5.0,0.3333333333333333,,,,unstable
220210_F1_run6,c-GC-star,50,78,4,1,0,1,5.0,0.16666666666666666,,,,lost
220210_F1_run6,c-GC-star,50,79,1,1,0,1,2.0,0.16666666666666666,,,,unstable
220210_F1_run6,c-GC-star,50,80,3,1,2,3,5.0,0.5,,,,unstable
220210_F1_run6,c-GC-star,50,84,4,1,1,1,2.0,0.3333333333333333,,,,unstable
220210_F1_run6,c-GC-star,50,85,2,1,2,4,5.0,0.5,,,,unstable
220210_F1_run6,c-GC-star,50,86,1,1,1,6,7.0,0.3333333333333333,,,,unstable
220210_F1_run6,c-GC-star,50,89,1,1,1,4,5.0,0.3333333333333333,,,,unstable
220210_F1_run6,c-GC-star,50,93,7,0,0,1,,0.0,,,,stable
220210_F1_run6,c-GC-star,50,109,7,0,0,1,,0.0,,,,stable
220210_F1_run6,c-GC-star,50,110,4,1,1,3,7.0,0.3333333333333333,,,,unstable
220210_F1_run6,c-GC-star,50,119,3,2,2,1,2.0,0.6666666666666666,,,,unstable
220210_F1_run6,c-GC-star,50,128,1,1,0,1,2.0,0.16666666666666666,,,,unstable
220210_F1_run6,c-GC-star,51,15,1,1,1,3,4.0,0.3333333333333333,,,,unstable
220210_F1_run6,c-GC-star,51,74,2,2,1,1,2.0,0.5,,,,unstable
220210_F1_run6,c-GC-star,51,86,1,1,1,5,6.0,0.3333333333333333,,,,unstable
220210_F1_run6,c-GC-star,51,106,2,0,1,6,,0.16666666666666666,,,,unstable
220210_F1_run6,c-GC-star,52,36,1,1,0,1,2.0,0.16666666666666666,,,,unstable
220210_F1_run6,c-GC-star,52,39,1,1,0,1,2.0,0.16666666666666666,,,,unstable
220210_F1_run6,c-GC-star,52,61,1,1,1,5,6.0,0.3333333333333333,,,,unstable
220210_F1_run6,c-GC-star,52,71,1,1,1,5,6.0,0.3333333333333333,,,,unstable
220210_F1_run6,c-GC-star,52,92,2,1,1,4,6.0,0.3333333333333333,,,,unstable
220210_F1_run6,c-GC-star,52,93,7,0,0,1,,0.0,,,,stable
220210_F1_run6,c-GC-star,52,109,3,2,3,2,3.0,0.8333333333333334,,,,unstable
220210_F1_run6,c-GC-star,53,5,7,0,0,1,,0.0,,,,stable
220210_F1_run6,c-GC-star,53,6,3,2,2,2,3.0,0.6666666666666666,,,,unstable
220210_F1_run6,c-GC-star,53,17,7,0,0,1,,0.0,,,,stable
220210_F1_run6,c-GC-star,53,39,1,1,1,6,7.0,0.3333333333333333,,,,unstable
220210_F1_run6,c-GC-star,53,44,2,0,1,6,,0.16666666666666666,,,,unstable
220210_F1_run6,c-GC-star,53,46,3,1,1,1,2.0,0.3333333333333333,,,,unstable
220210_F1_run6,c-GC-star,53,59,1,1,0,1,2.0,0.16666666666666666,,,,unstable
220210_F1_run6,c-GC-star,53,70,1,0,1,7,,0.16666666666666666,,,,novel
220210_F1_run6,c-GC-star,53,82,3,2,1,1,3.0,0.5,,,,unstable
220210_F1_run6,c-GC-star,53,107,7,0,0,1,,0.0,,,,stable
220210_F1_run6,c-GC-star,53,108,7,0,0,1,,0.0,,,,stable
220210_F1_run6,c-GC-star,53,111,1,1,1,2,3.0,0.3333333333333333,,,,unstable
220210_F1_run6,c-GC-star,53,117,1,1,0,1,2.0,0.16666666666666666,,,,unstable
220210_F1_run6,c-GC-star,53,120,3,1,2,4,5.0,0.5,,,,unstable
220210_F1_run6,c-GC-star,54,6,5,1,2,2,4.0,0.5,,,,unstable
220210_F1_run6,c-GC-star,54,7,4,2,2,2,5.0,0.6666666666666666,,,,unstable
220210_F1_run6,c-GC-star,54,8,6,0,1,2,,0.16666666666666666,,,,unstable
220210_F1_run6,c-GC-star,54,13,6,0,1,2,,0.16666666666666666,,,,unstable
220210_F1_run6,c-GC-star,54,15,2,1,0,1,3.0,0.16666666666666666,,,,lost
220210_F1_run6,c-GC-star,54,27,7,0,0,1,,0.0,,,,stable
220210_F1_run6,c-GC-star,54,30,1,1,1,3,4.0,0.3333333333333333,,,,unstable
220210_F1_run6,c-GC-star,54,37,7,0,0,1,,0.0,,,,stable
220210_F1_run6,c-GC-star,54,38,6,1,1,1,2.0,0.3333333333333333,,,,unstable
220210_F1_run6,c-GC-star,54,43,7,0,0,1,,0.0,,,,stable
220210_F1_run6,c-GC-star,54,48,2,1,2,4,5.0,0.5,,,,unstable
220210_F1_run6,c-GC-star,54,50,7,0,0,1,,0.0,,,,stable
220210_F1_run6,c-GC-star,54,53,2,0,1,6,,0.16666666666666666,,,,unstable
220210_F1_run6,c-GC-star,54,64,1,1,0,1,2.0,0.16666666666666666,,,,unstable
220210_F1_run6,c-GC-star,54,67,7,0,0,1,,0.0,,,,stable
220210_F1_run6,c-GC-star,54,70,3,0,1,5,,0.16666666666666666,,,,unstable
220210_F1_run6,c-GC-star,54,74,7,0,0,1,,0.0,,,,stable
220210_F1_run6,c-GC-star,54,75,7,0,0,1,,0.0,,,,stable
220210_F1_run6,c-GC-star,54,76,7,0,0,1,,0.0,,,,stable
220210_F1_run6,c-GC-star,54,77,6,1,1,1,2.0,0.3333333333333333,,,,unstable
220210_F1_run6,c-GC-star,54,78,1,1,1,2,3.0,0.3333333333333333,,,,unstable
220210_F1_run6,c-GC-star,54,80,5,0,1,3,,0.16666666666666666,,,,unstable
220210_F1_run6,c-GC-star,54,86,2,0,1,6,,0.16666666666666666,,,,unstable
220210_F1_run6,c-GC-star,54,87,1,1,1,5,6.0,0.3333333333333333,,,,unstable
220210_F1_run6,c-GC-star,54,89,6,1,1,1,5.0,0.3333333333333333,,,,unstable
220210_F1_run6,c-GC-star,54,94,7,0,0,1,,0.0,,,,stable
220210_F1_run6,c-GC-star,54,96,3,1,2,3,4.0,0.5,,,,unstable
220210_F1_run6,c-GC-star,54,98,3,0,1,5,,0.16666666666666666,,,,unstable
220210_F1_run6,c-GC-star,54,100,5,0,1,3,,0.16666666666666666,,,,unstable
220210_F1_run6,c-GC-star,54,106,7,0,0,1,,0.0,,,,stable
220210_F1_run6,c-GC-star,54,107,7,0,0,1,,0.0,,,,stable
220210_F1_run6,c-GC-star,54,108,6,1,1,1,2.0,0.3333333333333333,,,,unstable
220210_F1_run6,c-GC-star,54,109,7,0,0,1,,0.0,,,,stable
220210_F1_run6,c-GC-star,54,117,1,1,0,1,2.0,0.16666666666666666,,,,unstable
220210_F1_run6,c-GC-star,54,118,2,0,1,6,,0.16666666666666666,,,,unstable
220210_F1_run6,c-GC-star,54,128,4,1,0,1,5.0,0.16666666666666666,,,,lost
220210_F1_run6,c-GC-star,55,3,4,1,1,3,7.0,0.3333333333333333,,,,unstable
220210_F1_run6,c-GC-star,55,24,1,0,1,7,,0.16666666666666666,,,,novel
220210_F1_run6,c-GC-star,55,73,1,1,0,1,2.0,0.16666666666666666,,,,unstable
220210_F1_run6,c-GC-star,55,86,3,2,2,1,2.0,0.6666666666666666,,,,unstable
220210_F1_run6,c-GC-star,56,5,1,1,0,1,2.0,0.16666666666666666,,,,unstable
220210_F1_run6,c-GC-star,56,47,1,1,0,1,2.0,0.16666666666666666,,,,unstable
220210_F1_run6,c-GC-star,56,58,1,1,0,1,2.0,0.16666666666666666,,,,unstable
220210_F1_run6,c-GC-star,56,59,1,1,0,1,2.0,0.16666666666666666,,,,unstable
220210_F1_run6,c-GC-star,56,75,1,1,0,1,2.0,0.16666666666666666,,,,unstable
220210_F1_run6,c-GC-star,56,86,1,1,0,1,2.0,0.16666666666666666,,,,unstable
220210_F1_run6,c-GC-star,56,108,1,1,0,1,2.0,0.16666666666666666,,,,unstable
220210_F1_run6,c-GC-star,56,115,1,1,1,5,6.0,0.3333333333333333,,,,unstable
220210_F1_run6,c-GC-star,57,34,1,0,1,7,,0.16666666666666666,,,,novel
220210_F1_run6,c-GC-star,57,52,4,0,1,4,,0.16666666666666666,,,,unstable
220210_F1_run6,c-GC-star,57,62,1,1,0,1,2.0,0.16666666666666666,,,,unstable
220210_F1_run6,c-GC-star,57,96,3,1,2,4,6.0,0.5,,,,unstable
220210_F1_run6,c-GC-star,57,122,5,2,2,1,2.0,0.6666666666666666,,,,unstable
220210_F1_run6,c-GC-star,58,34,2,1,0,1,3.0,0.16666666666666666,,,,lost
220210_F1_run6,c-GC-star,58,52,2,1,1,3,5.0,0.3333333333333333,,,,unstable
220210_F1_run6,c-GC-star,58,56,1,1,1,4,5.0,0.3333333333333333,,,,unstable
220210_F1_run6,c-GC-star,58,62,4,1,0,1,5.0,0.16666666666666666,,,,lost
220210_F1_run6,c-GC-star,58,77,3,2,1,1,3.0,0.5,,,,unstable
220210_F1_run6,c-GC-star,58,80,1,1,0,1,2.0,0.16666666666666666,,,,unstable
220210_F1_run6,c-GC-star,58,98,1,1,0,1,2.0,0.16666666666666666,,,,unstable
220210_F1_run6,c-GC-star,58,110,1,1,0,1,2.0,0.16666666666666666,,,,unstable
220210_F1_run6,c-GC-star,59,5,6,0,1,2,,0.16666666666666666,,,,unstable
220210_F1_run6,c-GC-star,59,6,4,1,2,3,4.0,0.5,,,,unstable
220210_F1_run6,c-GC-star,59,36,1,1,0,1,2.0,0.16666666666666666,,,,unstable
220210_F1_run6,c-GC-star,59,43,4,1,1,1,2.0,0.3333333333333333,,,,unstable
220210_F1_run6,c-GC-star,59,53,6,1,1,1,4.0,0.3333333333333333,,,,unstable
220210_F1_run6,c-GC-star,59,60,5,2,1,1,2.0,0.5,,,,unstable
220210_F1_run6,c-GC-star,59,74,1,1,0,1,2.0,0.16666666666666666,,,,unstable
220210_F1_run6,c-GC-star,59,81,1,1,0,1,2.0,0.16666666666666666,,,,unstable
220210_F1_run6,c-GC-star,59,89,1,0,1,7,,0.16666666666666666,,,,novel
220210_F1_run6,c-GC-star,59,98,1,1,0,1,2.0,0.16666666666666666,,,,unstable
220210_F1_run6,c-GC-star,59,101,1,1,1,5,6.0,0.3333333333333333,,,,unstable
220210_F1_run6,c-GC-star,59,113,4,1,2,3,4.0,0.5,,,,unstable
220210_F1_run6,c-GC-star,59,114,2,1,0,1,3.0,0.16666666666666666,,,,lost
220210_F1_run6,c-GC-star,59,124,6,1,1,1,3.0,0.3333333333333333,,,,unstable
220210_F1_run6,c-GC-star,59,126,1,0,1,7,,0.16666666666666666,,,,novel
220210_F1_run6,c-GC-star,60,0,1,1,0,1,2.0,0.16666666666666666,,,,unstable
220210_F1_run6,c-GC-star,60,5,1,1,1,6,7.0,0.3333333333333333,,,,unstable
220210_F1_run6,c-GC-star,60,6,6,0,1,2,,0.16666666666666666,,,,unstable
220210_F1_run6,c-GC-star,60,11,1,0,1,7,,0.16666666666666666,,,,novel
220210_F1_run6,c-GC-star,60,12,1,1,0,1,2.0,0.16666666666666666,,,,unstable
220210_F1_run6,c-GC-star,60,37,1,1,0,1,2.0,0.16666666666666666,,,,unstable
220210_F1_run6,c-GC-star,60,46,4,1,2,3,4.0,0.5,,,,unstable
220210_F1_run6,c-GC-star,60,52,2,1,2,3,4.0,0.5,,,,unstable
220210_F1_run6,c-GC-star,60,59,3,2,2,1,2.0,0.6666666666666666,,,,unstable
220210_F1_run6,c-GC-star,60,63,2,1,0,1,3.0,0.16666666666666666,,,,lost
220210_F1_run6,c-GC-star,60,66,6,1,1,1,4.0,0.3333333333333333,,,,unstable
220210_F1_run6,c-GC-star,60,70,6,0,1,2,,0.16666666666666666,,,,unstable
220210_F1_run6,c-GC-star,60,76,6,0,1,2,,0.16666666666666666,,,,unstable
220210_F1_run6,c-GC-star,60,89,4,1,2,3,4.0,0.5,,,,unstable
220210_F1_run6,c-GC-star,60,93,6,0,1,2,,0.16666666666666666,,,,unstable
220210_F1_run6,c-GC-star,60,104,1,1,1,3,4.0,0.3333333333333333,,,,unstable
220210_F1_run6,c-GC-star,60,109,5,1,2,2,3.0,0.5,,,,unstable
220210_F1_run6,c-GC-star,60,117,1,1,1,2,3.0,0.3333333333333333,,,,unstable
220210_F1_run6,c-GC-star,60,124,7,0,0,1,,0.0,,,,stable
220210_F1_run6,c-GC-star,60,128,1,1,0,1,2.0,0.16666666666666666,,,,unstable
220210_F1_run6,c-GC-star,61,10,3,2,3,3,4.0,0.8333333333333334,,,,unstable
220210_F1_run6,c-GC-star,61,43,4,1,1,1,2.0,0.3333333333333333,,,,unstable
220210_F1_run6,c-GC-star,61,77,1,1,0,1,2.0,0.16666666666666666,,,,unstable
220210_F1_run6,c-GC-star,61,83,1,1,0,1,2.0,0.16666666666666666,,,,unstable
220210_F1_run6,c-GC-star,61,87,1,1,0,1,2.0,0.16666666666666666,,,,unstable
220210_F1_run6,c-GC-star,61,124,6,1,0,1,7.0,0.16666666666666666,,,,lost
220210_F1_run6,c-GC-star,62,10,1,1,0,1,2.0,0.16666666666666666,,,,unstable
220210_F1_run6,c-GC-star,62,58,1,1,0,1,2.0,0.16666666666666666,,,,unstable
220210_F1_run6,c-GC-star,62,70,3,1,0,1,4.0,0.16666666666666666,,,,lost
220210_F1_run6,c-GC-star,62,84,1,1,0,1,2.0,0.16666666666666666,,,,unstable
220210_F1_run6,c-GC-star,62,89,1,0,1,7,,0.16666666666666666,,,,novel
220210_F1_run6,c-GC-star,62,123,3,1,0,1,4.0,0.16666666666666666,,,,lost
220210_F1_run6,c-GC-star,62,124,1,0,1,7,,0.16666666666666666,,,,novel
220210_F1_run6,c-GC-star,62,129,1,1,0,1,2.0,0.16666666666666666,,,,unstable
220210_F1_run6,c-GC-star,63,2,1,1,1,6,7.0,0.3333333333333333,,,,unstable
220210_F1_run6,c-GC-star,63,25,1,1,0,1,2.0,0.16666666666666666,,,,unstable
220210_F1_run6,c-GC-star,63,41,1,1,0,1,2.0,0.16666666666666666,,,,unstable
220210_F1_run6,c-GC-star,63,65,1,1,1,6,7.0,0.3333333333333333,,,,unstable
220210_F1_run6,c-GC-star,63,75,1,1,1,6,7.0,0.3333333333333333,,,,unstable
220210_F1_run6,c-GC-star,63,88,6,1,1,1,6.0,0.3333333333333333,,,,unstable
220210_F1_run6,c-GC-star,63,98,1,1,0,1,2.0,0.16666666666666666,,,,unstable
220210_F1_run6,c-GC-star,63,120,1,1,0,1,2.0,0.16666666666666666,,,,unstable
220210_F1_run6,c-GC-star,63,129,1,1,1,6,7.0,0.3333333333333333,,,,unstable
220210_F1_run6,c-GC-star,64,15,2,1,1,2,4.0,0.3333333333333333,,,,unstable
220210_F1_run6,c-GC-star,64,22,1,1,0,1,2.0,0.16666666666666666,,,,unstable
220210_F1_run6,c-GC-star,64,37,5,1,2,2,4.0,0.5,,,,unstable
220210_F1_run6,c-GC-star,64,38,4,1,2,3,4.0,0.5,,,,unstable
220210_F1_run6,c-GC-star,64,48,2,1,1,5,7.0,0.3333333333333333,,,,unstable
220210_F1_run6,c-GC-star,64,67,6,0,1,2,,0.16666666666666666,,,,unstable
220210_F1_run6,c-GC-star,64,69,4,1,2,2,4.0,0.5,,,,unstable
220210_F1_run6,c-GC-star,64,70,5,1,1,2,7.0,0.3333333333333333,,,,unstable
220210_F1_run6,c-GC-star,64,71,2,1,0,1,3.0,0.16666666666666666,,,,lost
220210_F1_run6,c-GC-star,64,74,2,1,1,4,6.0,0.3333333333333333,,,,unstable
220210_F1_run6,c-GC-star,64,75,7,0,0,1,,0.0,,,,stable
220210_F1_run6,c-GC-star,64,82,3,1,0,1,4.0,0.16666666666666666,,,,lost
220210_F1_run6,c-GC-star,64,108,3,1,2,4,5.0,0.5,,,,unstable
220210_F1_run6,c-GC-star,64,113,6,1,1,1,2.0,0.3333333333333333,,,,unstable
220210_F1_run6,c-GC-star,64,115,1,1,0,1,2.0,0.16666666666666666,,,,unstable
220210_F1_run6,c-GC-star,64,122,2,0,1,6,,0.16666666666666666,,,,unstable
220210_F1_run6,c-GC-star,64,124,1,1,1,6,7.0,0.3333333333333333,,,,unstable
220210_F1_run6,c-GC-star,64,129,2,0,1,6,,0.16666666666666666,,,,unstable
220210_F1_run6,c-GC-star,65,0,5,2,1,1,5.0,0.5,,,,unstable
220210_F1_run6,c-GC-star,65,2,7,0,0,1,,0.0,,,,stable
220210_F1_run6,c-GC-star,65,4,6,0,1,2,,0.16666666666666666,,,,unstable
220210_F1_run6,c-GC-star,65,20,7,0,0,1,,0.0,,,,stable
220210_F1_run6,c-GC-star,65,22,7,0,0,1,,0.0,,,,stable
220210_F1_run6,c-GC-star,65,29,6,0,1,2,,0.16666666666666666,,,,unstable
220210_F1_run6,c-GC-star,65,31,1,1,0,1,2.0,0.16666666666666666,,,,unstable
220210_F1_run6,c-GC-star,65,41,1,1,0,1,2.0,0.16666666666666666,,,,unstable
220210_F1_run6,c-GC-star,65,45,2,0,1,6,,0.16666666666666666,,,,unstable
220210_F1_run6,c-GC-star,65,50,1,0,1,7,,0.16666666666666666,,,,novel
220210_F1_run6,c-GC-star,65,97,1,1,0,1,2.0,0.16666666666666666,,,,unstable
220210_F1_run6,c-GC-star,65,100,1,1,1,4,5.0,0.3333333333333333,,,,unstable
220210_F1_run6,c-GC-star,65,102,7,0,0,1,,0.0,,,,stable
220210_F1_run6,c-GC-star,65,103,1,1,0,1,2.0,0.16666666666666666,,,,unstable
220210_F1_run6,c-GC-star,65,106,1,1,0,1,2.0,0.16666666666666666,,,,unstable
220210_F1_run6,c-GC-star,65,114,1,1,1,4,5.0,0.3333333333333333,,,,unstable
220210_F1_run6,c-GC-star,65,118,1,1,0,1,2.0,0.16666666666666666,,,,unstable
220210_F1_run6,c-GC-star,65,126,1,1,1,3,4.0,0.3333333333333333,,,,unstable
220210_F1_run6,c-GC-star,66,0,1,1,1,5,6.0,0.3333333333333333,,,,unstable
220210_F1_run6,c-GC-star,66,22,6,0,1,2,,0.16666666666666666,,,,unstable
220210_F1_run6,c-GC-star,66,24,7,0,0,1,,0.0,,,,stable
220210_F1_run6,c-GC-star,66,30,4,2,2,1,3.0,0.6666666666666666,,,,unstable
220210_F1_run6,c-GC-star,66,45,2,1,0,1,3.0,0.16666666666666666,,,,lost
220210_F1_run6,c-GC-star,66,53,3,2,3,2,3.0,0.8333333333333334,,,,unstable
220210_F1_run6,c-GC-star,66,65,6,0,1,2,,0.16666666666666666,,,,unstable
220210_F1_run6,c-GC-star,66,90,1,1,0,1,2.0,0.16666666666666666,,,,unstable
220210_F1_run6,c-GC-star,66,100,7,0,0,1,,0.0,,,,stable
220210_F1_run6,c-GC-star,66,104,4,3,2,1,2.0,0.8333333333333334,,,,unstable
220210_F1_run6,c-GC-star,66,129,2,1,0,1,3.0,0.16666666666666666,,,,lost
220210_F1_run6,c-GC-star,67,17,1,1,0,1,2.0,0.16666666666666666,,,,unstable
220210_F1_run6,c-GC-star,67,19,3,1,1,2,5.0,0.3333333333333333,,,,unstable
220210_F1_run6,c-GC-star,67,25,7,0,0,1,,0.0,,,,stable
220210_F1_run6,c-GC-star,67,27,1,0,1,7,,0.16666666666666666,,,,novel
220210_F1_run6,c-GC-star,67,40,7,0,0,1,,0.0,,,,stable
220210_F1_run6,c-GC-star,67,44,7,0,0,1,,0.0,,,,stable
220210_F1_run6,c-GC-star,67,47,3,1,1,3,6.0,0.3333333333333333,,,,unstable
220210_F1_run6,c-GC-star,67,52,1,0,1,7,,0.16666666666666666,,,,novel
220210_F1_run6,c-GC-star,67,58,1,1,1,2,3.0,0.3333333333333333,,,,unstable
220210_F1_run6,c-GC-star,67,60,1,1,0,1,2.0,0.16666666666666666,,,,unstable
220210_F1_run6,c-GC-star,67,62,2,1,0,1,3.0,0.16666666666666666,,,,lost
220210_F1_run6,c-GC-star,67,66,7,0,0,1,,0.0,,,,stable
220210_F1_run6,c-GC-star,67,95,1,1,1,2,3.0,0.3333333333333333,,,,unstable
220210_F1_run6,c-GC-star,67,97,2,1,1,4,6.0,0.3333333333333333,,,,unstable
220210_F1_run6,c-GC-star,67,100,2,1,0,1,3.0,0.16666666666666666,,,,lost
220210_F1_run6,c-GC-star,67,102,1,1,0,1,2.0,0.16666666666666666,,,,unstable
220210_F1_run6,c-GC-star,67,103,2,2,1,1,2.0,0.5,,,,unstable
220210_F1_run6,c-GC-star,67,104,7,0,0,1,,0.0,,,,stable
220210_F1_run6,c-GC-star,67,107,1,1,0,1,2.0,0.16666666666666666,,,,unstable
220210_F1_run6,c-GC-star,67,126,7,0,0,1,,0.0,,,,stable
220210_F1_run6,c-GC-star,67,129,1,1,0,1,2.0,0.16666666666666666,,,,unstable
220210_F1_run6,c-GC-star,68,2,1,1,0,1,2.0,0.16666666666666666,,,,unstable
220210_F1_run6,c-GC-star,68,6,1,1,0,1,2.0,0.16666666666666666,,,,unstable
220210_F1_run6,c-GC-star,68,8,1,1,0,1,2.0,0.16666666666666666,,,,unstable
220210_F1_run6,c-GC-star,68,15,1,1,0,1,2.0,0.16666666666666666,,,,unstable
220210_F1_run6,c-GC-star,68,16,1,1,0,1,2.0,0.16666666666666666,,,,unstable
220210_F1_run6,c-GC-star,68,22,1,1,0,1,2.0,0.16666666666666666,,,,unstable
220210_F1_run6,c-GC-star,68,24,1,1,0,1,2.0,0.16666666666666666,,,,unstable
220210_F1_run6,c-GC-star,68,25,1,1,0,1,2.0,0.16666666666666666,,,,unstable
220210_F1_run6,c-GC-star,68,27,1,1,0,1,2.0,0.16666666666666666,,,,unstable
220210_F1_run6,c-GC-star,68,35,1,1,0,1,2.0,0.16666666666666666,,,,unstable
220210_F1_run6,c-GC-star,68,38,1,1,0,1,2.0,0.16666666666666666,,,,unstable
220210_F1_run6,c-GC-star,68,40,1,1,0,1,2.0,0.16666666666666666,,,,unstable
220210_F1_run6,c-GC-star,68,46,2,1,0,1,3.0,0.16666666666666666,,,,lost
220210_F1_run6,c-GC-star,68,47,1,1,0,1,2.0,0.16666666666666666,,,,unstable
220210_F1_run6,c-GC-star,68,48,6,1,0,1,7.0,0.16666666666666666,,,,lost
220210_F1_run6,c-GC-star,68,50,1,1,0,1,2.0,0.16666666666666666,,,,unstable
220210_F1_run6,c-GC-star,68,52,1,1,0,1,2.0,0.16666666666666666,,,,unstable
220210_F1_run6,c-GC-star,68,53,1,1,0,1,2.0,0.16666666666666666,,,,unstable
220210_F1_run6,c-GC-star,68,54,1,1,0,1,2.0,0.16666666666666666,,,,unstable
220210_F1_run6,c-GC-star,68,59,1,1,0,1,2.0,0.16666666666666666,,,,unstable
220210_F1_run6,c-GC-star,68,60,1,1,0,1,2.0,0.16666666666666666,,,,unstable
220210_F1_run6,c-GC-star,68,64,5,1,1,1,4.0,0.3333333333333333,,,,unstable
220210_F1_run6,c-GC-star,68,67,1,1,0,1,2.0,0.16666666666666666,,,,unstable
220210_F1_run6,c-GC-star,68,70,2,1,0,1,3.0,0.16666666666666666,,,,lost
220210_F1_run6,c-GC-star,68,71,1,1,0,1,2.0,0.16666666666666666,,,,unstable
220210_F1_run6,c-GC-star,68,73,7,0,0,1,,0.0,,,,stable
220210_F1_run6,c-GC-star,68,74,1,1,0,1,2.0,0.16666666666666666,,,,unstable
220210_F1_run6,c-GC-star,68,76,1,1,0,1,2.0,0.16666666666666666,,,,unstable
220210_F1_run6,c-GC-star,68,78,5,2,2,1,3.0,0.6666666666666666,,,,unstable
220210_F1_run6,c-GC-star,68,82,1,1,0,1,2.0,0.16666666666666666,,,,unstable
220210_F1_run6,c-GC-star,68,84,1,1,0,1,2.0,0.16666666666666666,,,,unstable
220210_F1_run6,c-GC-star,68,86,1,1,0,1,2.0,0.16666666666666666,,,,unstable
220210_F1_run6,c-GC-star,68,88,1,1,0,1,2.0,0.16666666666666666,,,,unstable
220210_F1_run6,c-GC-star,68,89,1,1,0,1,2.0,0.16666666666666666,,,,unstable
220210_F1_run6,c-GC-star,68,92,7,0,0,1,,0.0,,,,stable
220210_F1_run6,c-GC-star,68,93,1,1,0,1,2.0,0.16666666666666666,,,,unstable
220210_F1_run6,c-GC-star,68,94,1,1,0,1,2.0,0.16666666666666666,,,,unstable
220210_F1_run6,c-GC-star,68,105,2,1,0,1,3.0,0.16666666666666666,,,,lost
220210_F1_run6,c-GC-star,68,106,1,1,0,1,2.0,0.16666666666666666,,,,unstable
220210_F1_run6,c-GC-star,68,107,1,1,0,1,2.0,0.16666666666666666,,,,unstable
220210_F1_run6,c-GC-star,68,108,1,1,0,1,2.0,0.16666666666666666,,,,unstable
220210_F1_run6,c-GC-star,68,109,4,1,1,1,3.0,0.3333333333333333,,,,unstable
220210_F1_run6,c-GC-star,68,110,1,1,0,1,2.0,0.16666666666666666,,,,unstable
220210_F1_run6,c-GC-star,68,117,1,1,0,1,2.0,0.16666666666666666,,,,unstable
220210_F1_run6,c-GC-star,68,121,1,1,0,1,2.0,0.16666666666666666,,,,unstable
220210_F1_run6,c-GC-star,68,122,1,1,0,1,2.0,0.16666666666666666,,,,unstable
220210_F1_run6,c-GC-star,68,125,1,1,0,1,2.0,0.16666666666666666,,,,unstable
220210_F1_run6,c-GC-star,69,7,1,1,0,1,2.0,0.16666666666666666,,,,unstable
220210_F1_run6,c-GC-star,69,8,6,0,1,2,,0.16666666666666666,,,,unstable
220210_F1_run6,c-GC-star,69,21,1,1,0,1,2.0,0.16666666666666666,,,,unstable
220210_F1_run6,c-GC-star,69,23,1,1,0,1,2.0,0.16666666666666666,,,,unstable
220210_F1_run6,c-GC-star,69,27,1,1,0,1,2.0,0.16666666666666666,,,,unstable
220210_F1_run6,c-GC-star,69,30,4,2,1,1,4.0,0.5,,,,unstable
220210_F1_run6,c-GC-star,69,34,1,1,0,1,2.0,0.16666666666666666,,,,unstable
220210_F1_run6,c-GC-star,69,36,1,1,0,1,2.0,0.16666666666666666,,,,unstable
220210_F1_run6,c-GC-star,69,37,1,1,0,1,2.0,0.16666666666666666,,,,unstable
220210_F1_run6,c-GC-star,69,39,1,1,0,1,2.0,0.16666666666666666,,,,unstable
220210_F1_run6,c-GC-star,69,40,1,1,0,1,2.0,0.16666666666666666,,,,unstable
220210_F1_run6,c-GC-star,69,43,1,1,0,1,2.0,0.16666666666666666,,,,unstable
220210_F1_run6,c-GC-star,69,50,1,1,0,1,2.0,0.16666666666666666,,,,unstable
220210_F1_run6,c-GC-star,69,53,6,1,1,1,2.0,0.3333333333333333,,,,unstable
220210_F1_run6,c-GC-star,69,56,7,0,0,1,,0.0,,,,stable
220210_F1_run6,c-GC-star,69,58,2,1,0,1,3.0,0.16666666666666666,,,,lost
220210_F1_run6,c-GC-star,69,68,1,1,0,1,2.0,0.16666666666666666,,,,unstable
220210_F1_run6,c-GC-star,69,70,1,1,0,1,2.0,0.16666666666666666,,,,unstable
220210_F1_run6,c-GC-star,69,77,2,0,1,6,,0.16666666666666666,,,,unstable
220210_F1_run6,c-GC-star,69,89,1,1,0,1,2.0,0.16666666666666666,,,,unstable
220210_F1_run6,c-GC-star,69,93,1,1,0,1,2.0,0.16666666666666666,,,,unstable
220210_F1_run6,c-GC-star,69,94,1,1,0,1,2.0,0.16666666666666666,,,,unstable
220210_F1_run6,c-GC-star,69,95,1,1,0,1,2.0,0.16666666666666666,,,,unstable
220210_F1_run6,c-GC-star,69,96,3,1,0,1,4.0,0.16666666666666666,,,,lost
220210_F1_run6,c-GC-star,69,107,4,2,2,1,3.0,0.6666666666666666,,,,unstable
220210_F1_run6,c-GC-star,69,108,1,1,0,1,2.0,0.16666666666666666,,,,unstable
220210_F1_run6,c-GC-star,69,110,6,0,1,2,,0.16666666666666666,,,,unstable
220210_F1_run6,c-GC-star,69,120,2,2,2,2,3.0,0.6666666666666666,,,,unstable
220210_F1_run6,c-GC-star,69,122,1,1,0,1,2.0,0.16666666666666666,,,,unstable
220210_F1_run6,c-GC-star,69,128,1,1,0,1,2.0,0.16666666666666666,,,,unstable
220210_F1_run6,c-GC-star,70,5,7,0,0,1,,0.0,,,,stable
220210_F1_run6,c-GC-star,70,6,5,0,1,3,,0.16666666666666666,,,,unstable
220210_F1_run6,c-GC-star,70,8,5,2,1,1,5.0,0.5,,,,unstable
220210_F1_run6,c-GC-star,70,12,3,0,1,5,,0.16666666666666666,,,,unstable
220210_F1_run6,c-GC-star,70,25,1,1,0,1,2.0,0.16666666666666666,,,,unstable
220210_F1_run6,c-GC-star,70,27,6,1,1,1,3.0,0.3333333333333333,,,,unstable
220210_F1_run6,c-GC-star,70,30,2,0,1,6,,0.16666666666666666,,,,unstable
220210_F1_run6,c-GC-star,70,36,2,0,1,6,,0.16666666666666666,,,,unstable
220210_F1_run6,c-GC-star,70,37,7,0,0,1,,0.0,,,,stable
220210_F1_run6,c-GC-star,70,38,5,0,1,3,,0.16666666666666666,,,,unstable
220210_F1_run6,c-GC-star,70,42,1,1,0,1,2.0,0.16666666666666666,,,,unstable
220210_F1_run6,c-GC-star,70,43,5,1,2,2,5.0,0.5,,,,unstable
220210_F1_run6,c-GC-star,70,48,1,1,1,2,3.0,0.3333333333333333,,,,unstable
220210_F1_run6,c-GC-star,70,53,6,1,1,1,3.0,0.3333333333333333,,,,unstable
220210_F1_run6,c-GC-star,70,69,4,2,2,2,3.0,0.6666666666666666,,,,unstable
220210_F1_run6,c-GC-star,70,72,2,0,1,6,,0.16666666666666666,,,,unstable
220210_F1_run6,c-GC-star,70,74,1,1,1,2,3.0,0.3333333333333333,,,,unstable
220210_F1_run6,c-GC-star,70,76,2,0,1,6,,0.16666666666666666,,,,unstable
220210_F1_run6,c-GC-star,70,77,1,1,1,2,3.0,0.3333333333333333,,,,unstable
220210_F1_run6,c-GC-star,70,80,6,0,1,2,,0.16666666666666666,,,,unstable
220210_F1_run6,c-GC-star,70,81,5,0,1,3,,0.16666666666666666,,,,unstable
220210_F1_run6,c-GC-star,70,86,1,1,1,3,4.0,0.3333333333333333,,,,unstable
220210_F1_run6,c-GC-star,70,89,1,1,1,5,6.0,0.3333333333333333,,,,unstable
220210_F1_run6,c-GC-star,70,93,2,1,1,5,7.0,0.3333333333333333,,,,unstable
220210_F1_run6,c-GC-star,70,106,6,0,1,2,,0.16666666666666666,,,,unstable
220210_F1_run6,c-GC-star,70,107,1,1,1,2,3.0,0.3333333333333333,,,,unstable
220210_F1_run6,c-GC-star,70,109,2,2,1,1,2.0,0.5,,,,unstable
220210_F1_run6,c-GC-star,70,110,7,0,0,1,,0.0,,,,stable
220210_F1_run6,c-GC-star,70,120,2,1,0,1,3.0,0.16666666666666666,,,,lost
220210_F1_run6,c-GC-star,70,121,1,1,1,5,6.0,0.3333333333333333,,,,unstable
220210_F1_run6,c-GC-star,70,124,6,1,1,1,6.0,0.3333333333333333,,,,unstable
220210_F1_run6,c-GC-star,70,129,1,1,0,1,2.0,0.16666666666666666,,,,unstable
220210_F1_run6,c-GC-star,71,18,4,1,1,1,2.0,0.3333333333333333,,,,unstable
220210_F1_run6,c-GC-star,71,38,1,1,1,2,3.0,0.3333333333333333,,,,unstable
220210_F1_run6,c-GC-star,71,46,3,3,2,1,2.0,0.8333333333333334,,,,unstable
220210_F1_run6,c-GC-star,71,50,1,1,0,1,2.0,0.16666666666666666,,,,unstable
220210_F1_run6,c-GC-star,71,63,1,1,0,1,2.0,0.16666666666666666,,,,unstable
220210_F1_run6,c-GC-star,71,76,1,1,0,1,2.0,0.16666666666666666,,,,unstable
220210_F1_run6,c-GC-star,71,87,3,2,1,1,3.0,0.5,,,,unstable
220210_F1_run6,c-GC-star,71,89,1,1,0,1,2.0,0.16666666666666666,,,,unstable
220210_F1_run6,c-GC-star,71,94,2,2,2,3,4.0,0.6666666666666666,,,,unstable
220210_F1_run6,c-GC-star,71,114,7,0,0,1,,0.0,,,,stable
220210_F1_run6,c-GC-star,71,120,4,1,1,1,3.0,0.3333333333333333,,,,unstable
220210_F1_run6,c-GC-star,72,0,1,1,1,6,7.0,0.3333333333333333,,,,unstable
220210_F1_run6,c-GC-star,72,6,1,1,0,1,2.0,0.16666666666666666,,,,unstable
220210_F1_run6,c-GC-star,72,24,3,1,2,4,6.0,0.5,,,,unstable
220210_F1_run6,c-GC-star,72,55,7,0,0,1,,0.0,,,,stable
220210_F1_run6,c-GC-star,72,75,7,0,0,1,,0.0,,,,stable
220210_F1_run6,c-GC-star,72,76,4,1,1,1,2.0,0.3333333333333333,,,,unstable
220210_F1_run6,c-GC-star,72,88,7,0,0,1,,0.0,,,,stable
220210_F1_run6,c-GC-star,72,107,1,1,1,4,5.0,0.3333333333333333,,,,unstable
220210_F1_run6,c-GC-star,72,117,7,0,0,1,,0.0,,,,stable
220210_F1_run6,c-GC-star,72,121,1,1,0,1,2.0,0.16666666666666666,,,,unstable
220210_F1_run6,c-GC-star,73,5,4,1,1,3,7.0,0.3333333333333333,,,,unstable
220210_F1_run6,c-GC-star,73,6,6,0,1,2,,0.16666666666666666,,,,unstable
220210_F1_run6,c-GC-star,73,8,5,1,2,2,3.0,0.5,,,,unstable
220210_F1_run6,c-GC-star,73,17,1,1,1,3,4.0,0.3333333333333333,,,,unstable
220210_F1_run6,c-GC-star,73,34,4,1,1,2,6.0,0.3333333333333333,,,,unstable
220210_F1_run6,c-GC-star,73,36,1,1,1,2,3.0,0.3333333333333333,,,,unstable
220210_F1_run6,c-GC-star,73,37,6,0,1,2,,0.16666666666666666,,,,unstable
220210_F1_run6,c-GC-star,73,38,6,0,1,2,,0.16666666666666666,,,,unstable
220210_F1_run6,c-GC-star,73,43,6,0,1,2,,0.16666666666666666,,,,unstable
220210_F1_run6,c-GC-star,73,48,2,2,1,1,2.0,0.5,,,,unstable
220210_F1_run6,c-GC-star,73,49,1,1,1,4,5.0,0.3333333333333333,,,,unstable
220210_F1_run6,c-GC-star,73,50,7,0,0,1,,0.0,,,,stable
220210_F1_run6,c-GC-star,73,51,1,1,1,3,4.0,0.3333333333333333,,,,unstable
220210_F1_run6,c-GC-star,73,59,2,0,1,6,,0.16666666666666666,,,,unstable
220210_F1_run6,c-GC-star,73,64,5,0,1,3,,0.16666666666666666,,,,unstable
220210_F1_run6,c-GC-star,73,67,1,1,1,4,5.0,0.3333333333333333,,,,unstable
220210_F1_run6,c-GC-star,73,69,1,1,1,4,5.0,0.3333333333333333,,,,unstable
220210_F1_run6,c-GC-star,73,74,7,0,0,1,,0.0,,,,stable
220210_F1_run6,c-GC-star,73,75,3,1,1,2,5.0,0.3333333333333333,,,,unstable
220210_F1_run6,c-GC-star,73,76,3,1,1,2,5.0,0.3333333333333333,,,,unstable
220210_F1_run6,c-GC-star,73,79,1,1,1,2,3.0,0.3333333333333333,,,,unstable
220210_F1_run6,c-GC-star,73,80,7,0,0,1,,0.0,,,,stable
220210_F1_run6,c-GC-star,73,84,6,1,0,1,7.0,0.16666666666666666,,,,lost
220210_F1_run6,c-GC-star,73,85,7,0,0,1,,0.0,,,,stable
220210_F1_run6,c-GC-star,73,86,6,1,1,1,2.0,0.3333333333333333,,,,unstable
220210_F1_run6,c-GC-star,73,89,6,0,1,2,,0.16666666666666666,,,,unstable
220210_F1_run6,c-GC-star,73,94,6,0,1,2,,0.16666666666666666,,,,unstable
220210_F1_run6,c-GC-star,73,96,3,0,1,5,,0.16666666666666666,,,,unstable
220210_F1_run6,c-GC-star,73,98,6,0,1,2,,0.16666666666666666,,,,unstable
220210_F1_run6,c-GC-star,73,106,7,0,0,1,,0.0,,,,stable
220210_F1_run6,c-GC-star,73,110,7,0,0,1,,0.0,,,,stable
220210_F1_run6,c-GC-star,73,111,1,1,1,5,6.0,0.3333333333333333,,,,unstable
220210_F1_run6,c-GC-star,73,118,5,0,1,3,,0.16666666666666666,,,,unstable
220210_F1_run6,c-GC-star,73,126,6,1,0,1,7.0,0.16666666666666666,,,,lost
220210_F1_run6,c-GC-star,73,129,4,1,1,1,3.0,0.3333333333333333,,,,unstable
220210_F1_run6,c-GC-star,74,15,1,1,1,2,3.0,0.3333333333333333,,,,unstable
220210_F1_run6,c-GC-star,74,38,6,0,1,2,,0.16666666666666666,,,,unstable
220210_F1_run6,c-GC-star,74,39,5,2,1,1,5.0,0.5,,,,unstable
220210_F1_run6,c-GC-star,74,44,2,1,1,2,4.0,0.3333333333333333,,,,unstable
220210_F1_run6,c-GC-star,74,45,1,1,0,1,2.0,0.16666666666666666,,,,unstable
220210_F1_run6,c-GC-star,74,46,6,0,1,2,,0.16666666666666666,,,,unstable
220210_F1_run6,c-GC-star,74,47,6,0,1,2,,0.16666666666666666,,,,unstable
220210_F1_run6,c-GC-star,74,48,2,1,0,1,3.0,0.16666666666666666,,,,lost
220210_F1_run6,c-GC-star,74,50,7,0,0,1,,0.0,,,,stable
220210_F1_run6,c-GC-star,74,53,4,1,1,2,6.0,0.3333333333333333,,,,unstable
220210_F1_run6,c-GC-star,74,54,7,0,0,1,,0.0,,,,stable
220210_F1_run6,c-GC-star,74,58,3,1,1,1,3.0,0.3333333333333333,,,,unstable
220210_F1_run6,c-GC-star,74,60,5,1,1,1,5.0,0.3333333333333333,,,,unstable
220210_F1_run6,c-GC-star,74,63,1,1,1,2,3.0,0.3333333333333333,,,,unstable
220210_F1_run6,c-GC-star,74,66,1,1,0,1,2.0,0.16666666666666666,,,,unstable
220210_F1_run6,c-GC-star,74,67,3,1,1,2,5.0,0.3333333333333333,,,,unstable
220210_F1_run6,c-GC-star,74,68,1,1,0,1,2.0,0.16666666666666666,,,,unstable
220210_F1_run6,c-GC-star,74,70,3,1,1,2,5.0,0.3333333333333333,,,,unstable
220210_F1_run6,c-GC-star,74,73,7,0,0,1,,0.0,,,,stable
220210_F1_run6,c-GC-star,74,75,7,0,0,1,,0.0,,,,stable
220210_F1_run6,c-GC-star,74,76,6,0,1,2,,0.16666666666666666,,,,unstable
220210_F1_run6,c-GC-star,74,77,6,0,1,2,,0.16666666666666666,,,,unstable
220210_F1_run6,c-GC-star,74,78,5,1,2,2,5.0,0.5,,,,unstable
220210_F1_run6,c-GC-star,74,80,7,0,0,1,,0.0,,,,stable
220210_F1_run6,c-GC-star,74,84,7,0,0,1,,0.0,,,,stable
220210_F1_run6,c-GC-star,74,86,3,1,1,2,5.0,0.3333333333333333,,,,unstable
220210_F1_run6,c-GC-star,74,89,5,1,1,2,7.0,0.3333333333333333,,,,unstable
220210_F1_run6,c-GC-star,74,90,1,1,1,3,4.0,0.3333333333333333,,,,unstable
220210_F1_run6,c-GC-star,74,93,7,0,0,1,,0.0,,,,stable
220210_F1_run6,c-GC-star,74,94,6,1,1,1,3.0,0.3333333333333333,,,,unstable
220210_F1_run6,c-GC-star,74,100,2,1,2,5,6.0,0.5,,,,unstable
220210_F1_run6,c-GC-star,74,107,7,0,0,1,,0.0,,,,stable
220210_F1_run6,c-GC-star,74,108,7,0,0,1,,0.0,,,,stable
220210_F1_run6,c-GC-star,74,109,4,1,0,1,5.0,0.16666666666666666,,,,lost
220210_F1_run6,c-GC-star,74,110,7,0,0,1,,0.0,,,,stable
220210_F1_run6,c-GC-star,74,117,2,1,1,2,4.0,0.3333333333333333,,,,unstable
220210_F1_run6,c-GC-star,74,128,4,1,1,2,6.0,0.3333333333333333,,,,unstable
220210_F1_run6,c-GC-star,75,37,1,1,1,6,7.0,0.3333333333333333,,,,unstable
220210_F1_run6,c-GC-star,75,47,1,1,1,2,3.0,0.3333333333333333,,,,unstable
220210_F1_run6,c-GC-star,75,54,1,1,0,1,2.0,0.16666666666666666,,,,unstable
220210_F1_run6,c-GC-star,75,74,1,1,1,6,7.0,0.3333333333333333,,,,unstable
220210_F1_run6,c-GC-star,75,84,4,0,1,4,,0.16666666666666666,,,,unstable
220210_F1_run6,c-GC-star,75,89,3,2,2,2,3.0,0.6666666666666666,,,,unstable
220210_F1_run6,c-GC-star,75,92,7,0,0,1,,0.0,,,,stable
220210_F1_run6,c-GC-star,75,102,1,1,1,2,3.0,0.3333333333333333,,,,unstable
220210_F1_run6,c-GC-star,75,117,7,0,0,1,,0.0,,,,stable
220210_F1_run6,c-GC-star,76,7,3,2,2,2,3.0,0.6666666666666666,,,,unstable
220210_F1_run6,c-GC-star,76,27,1,0,1,7,,0.16666666666666666,,,,novel
220210_F1_run6,c-GC-star,76,28,1,1,0,1,2.0,0.16666666666666666,,,,unstable
220210_F1_run6,c-GC-star,76,30,1,0,1,7,,0.16666666666666666,,,,novel
220210_F1_run6,c-GC-star,76,50,6,1,1,1,3.0,0.3333333333333333,,,,unstable
220210_F1_run6,c-GC-star,76,54,2,1,1,3,5.0,0.3333333333333333,,,,unstable
220210_F1_run6,c-GC-star,76,77,2,1,1,3,5.0,0.3333333333333333,,,,unstable
220210_F1_run6,c-GC-star,76,80,1,0,1,7,,0.16666666666666666,,,,novel
220210_F1_run6,c-GC-star,76,86,4,2,1,1,3.0,0.5,,,,unstable
220210_F1_run6,c-GC-star,76,94,6,1,1,1,4.0,0.3333333333333333,,,,unstable
220210_F1_run6,c-GC-star,76,100,1,1,1,4,5.0,0.3333333333333333,,,,unstable
220210_F1_run6,c-GC-star,76,104,5,1,1,1,2.0,0.3333333333333333,,,,unstable
220210_F1_run6,c-GC-star,76,117,3,1,1,4,7.0,0.3333333333333333,,,,unstable
220210_F1_run6,c-GC-star,77,4,1,1,0,1,2.0,0.16666666666666666,,,,unstable
220210_F1_run6,c-GC-star,77,11,6,1,0,1,7.0,0.16666666666666666,,,,lost
220210_F1_run6,c-GC-star,77,16,2,1,0,1,3.0,0.16666666666666666,,,,lost
220210_F1_run6,c-GC-star,77,25,2,1,0,1,3.0,0.16666666666666666,,,,lost
220210_F1_run6,c-GC-star,77,30,1,0,1,7,,0.16666666666666666,,,,novel
220210_F1_run6,c-GC-star,77,37,1,0,1,7,,0.16666666666666666,,,,novel
220210_F1_run6,c-GC-star,77,38,2,0,1,6,,0.16666666666666666,,,,unstable
220210_F1_run6,c-GC-star,77,39,2,0,1,6,,0.16666666666666666,,,,unstable
220210_F1_run6,c-GC-star,77,43,2,0,1,6,,0.16666666666666666,,,,unstable
220210_F1_run6,c-GC-star,77,46,1,0,1,7,,0.16666666666666666,,,,novel
220210_F1_run6,c-GC-star,77,50,1,0,1,7,,0.16666666666666666,,,,novel
220210_F1_run6,c-GC-star,77,67,1,1,1,2,3.0,0.3333333333333333,,,,unstable
220210_F1_run6,c-GC-star,77,78,6,0,1,2,,0.16666666666666666,,,,unstable
220210_F1_run6,c-GC-star,77,79,1,1,1,6,7.0,0.3333333333333333,,,,unstable
220210_F1_run6,c-GC-star,77,80,6,1,1,1,3.0,0.3333333333333333,,,,unstable
220210_F1_run6,c-GC-star,77,83,2,1,1,5,7.0,0.3333333333333333,,,,unstable
220210_F1_run6,c-GC-star,77,89,3,1,1,3,6.0,0.3333333333333333,,,,unstable
220210_F1_run6,c-GC-star,77,93,3,0,1,5,,0.16666666666666666,,,,unstable
220210_F1_run6,c-GC-star,77,94,7,0,0,1,,0.0,,,,stable
220210_F1_run6,c-GC-star,77,96,1,1,1,5,6.0,0.3333333333333333,,,,unstable
220210_F1_run6,c-GC-star,77,100,5,0,1,3,,0.16666666666666666,,,,unstable
220210_F1_run6,c-GC-star,77,122,1,0,1,7,,0.16666666666666666,,,,novel
220210_F1_run6,c-GC-star,77,123,7,0,0,1,,0.0,,,,stable
220210_F1_run6,c-GC-star,78,8,5,1,1,2,7.0,0.3333333333333333,,,,unstable
220210_F1_run6,c-GC-star,78,13,7,0,0,1,,0.0,,,,stable
220210_F1_run6,c-GC-star,78,17,4,2,1,1,4.0,0.5,,,,unstable
220210_F1_run6,c-GC-star,78,18,1,1,0,1,2.0,0.16666666666666666,,,,unstable
220210_F1_run6,c-GC-star,78,37,6,1,1,1,2.0,0.3333333333333333,,,,unstable
220210_F1_run6,c-GC-star,78,39,2,1,0,1,3.0,0.16666666666666666,,,,lost
220210_F1_run6,c-GC-star,78,50,1,1,0,1,2.0,0.16666666666666666,,,,unstable
220210_F1_run6,c-GC-star,78,76,7,0,0,1,,0.0,,,,stable
220210_F1_run6,c-GC-star,78,79,2,1,2,4,5.0,0.5,,,,unstable
220210_F1_run6,c-GC-star,78,80,1,1,0,1,2.0,0.16666666666666666,,,,unstable
220210_F1_run6,c-GC-star,78,87,3,1,0,1,4.0,0.16666666666666666,,,,lost
220210_F1_run6,c-GC-star,78,88,1,1,1,3,4.0,0.3333333333333333,,,,unstable
220210_F1_run6,c-GC-star,78,89,1,1,0,1,2.0,0.16666666666666666,,,,unstable
220210_F1_run6,c-GC-star,78,93,1,1,1,4,5.0,0.3333333333333333,,,,unstable
220210_F1_run6,c-GC-star,78,94,1,1,1,3,4.0,0.3333333333333333,,,,unstable
220210_F1_run6,c-GC-star,78,95,1,1,0,1,2.0,0.16666666666666666,,,,unstable
220210_F1_run6,c-GC-star,78,102,1,1,0,1,2.0,0.16666666666666666,,,,unstable
220210_F1_run6,c-GC-star,78,116,3,1,1,1,2.0,0.3333333333333333,,,,unstable
220210_F1_run6,c-GC-star,78,122,3,1,0,1,4.0,0.16666666666666666,,,,lost
220210_F1_run6,c-GC-star,79,9,1,1,0,1,2.0,0.16666666666666666,,,,unstable
220210_F1_run6,c-GC-star,79,31,4,0,1,4,,0.16666666666666666,,,,unstable
220210_F1_run6,c-GC-star,79,45,1,0,1,7,,0.16666666666666666,,,,novel
220210_F1_run6,c-GC-star,79,46,2,1,0,1,3.0,0.16666666666666666,,,,lost
220210_F1_run6,c-GC-star,79,48,1,1,0,1,2.0,0.16666666666666666,,,,unstable
220210_F1_run6,c-GC-star,79,49,1,1,1,2,3.0,0.3333333333333333,,,,unstable
220210_F1_run6,c-GC-star,79,61,3,0,1,5,,0.16666666666666666,,,,unstable
220210_F1_run6,c-GC-star,79,80,1,1,0,1,2.0,0.16666666666666666,,,,unstable
220210_F1_run6,c-GC-star,79,81,6,1,1,1,2.0,0.3333333333333333,,,,unstable
220210_F1_run6,c-GC-star,79,93,1,1,0,1,2.0,0.16666666666666666,,,,unstable
220210_F1_run6,c-GC-star,79,114,1,1,0,1,2.0,0.16666666666666666,,,,unstable
220210_F1_run6,c-GC-star,79,119,1,1,0,1,2.0,0.16666666666666666,,,,unstable
220210_F1_run6,c-GC-star,79,120,1,1,0,1,2.0,0.16666666666666666,,,,unstable
220210_F1_run6,c-GC-star,80,9,3,0,1,5,,0.16666666666666666,,,,unstable
220210_F1_run6,c-GC-star,80,10,2,1,1,2,4.0,0.3333333333333333,,,,unstable
220210_F1_run6,c-GC-star,80,34,4,2,1,1,4.0,0.5,,,,unstable
220210_F1_run6,c-GC-star,80,46,1,1,0,1,2.0,0.16666666666666666,,,,unstable
220210_F1_run6,c-GC-star,80,47,5,0,1,3,,0.16666666666666666,,,,unstable
220210_F1_run6,c-GC-star,80,50,1,1,1,2,3.0,0.3333333333333333,,,,unstable
220210_F1_run6,c-GC-star,80,72,5,1,1,1,4.0,0.3333333333333333,,,,unstable
220210_F1_run6,c-GC-star,80,73,5,1,1,1,4.0,0.3333333333333333,,,,unstable
220210_F1_run6,c-GC-star,80,74,5,0,1,3,,0.16666666666666666,,,,unstable
220210_F1_run6,c-GC-star,80,76,4,2,2,2,3.0,0.6666666666666666,,,,unstable
220210_F1_run6,c-GC-star,80,79,1,1,0,1,2.0,0.16666666666666666,,,,unstable
220210_F1_run6,c-GC-star,80,85,5,0,1,3,,0.16666666666666666,,,,unstable
220210_F1_run6,c-GC-star,80,89,6,0,1,2,,0.16666666666666666,,,,unstable
220210_F1_run6,c-GC-star,80,93,4,3,2,1,3.0,0.8333333333333334,,,,unstable
220210_F1_run6,c-GC-star,80,96,2,2,1,1,2.0,0.5,,,,unstable
220210_F1_run6,c-GC-star,80,98,4,0,1,4,,0.16666666666666666,,,,unstable
220210_F1_run6,c-GC-star,80,107,1,1,0,1,2.0,0.16666666666666666,,,,unstable
220210_F1_run6,c-GC-star,80,108,7,0,0,1,,0.0,,,,stable
220210_F1_run6,c-GC-star,80,109,6,1,1,1,5.0,0.3333333333333333,,,,unstable
220210_F1_run6,c-GC-star,80,110,4,1,0,1,5.0,0.16666666666666666,,,,lost
220210_F1_run6,c-GC-star,80,111,1,1,0,1,2.0,0.16666666666666666,,,,unstable
220210_F1_run6,c-GC-star,80,117,5,1,2,2,6.0,0.5,,,,unstable
220210_F1_run6,c-GC-star,80,120,1,1,0,1,2.0,0.16666666666666666,,,,unstable
220210_F1_run6,c-GC-star,80,122,1,1,0,1,2.0,0.16666666666666666,,,,unstable
220210_F1_run6,c-GC-star,80,128,1,1,0,1,2.0,0.16666666666666666,,,,unstable
220210_F1_run6,c-GC-star,80,129,1,1,0,1,2.0,0.16666666666666666,,,,unstable
220210_F1_run6,c-GC-star,81,12,1,1,1,2,3.0,0.3333333333333333,,,,unstable
220210_F1_run6,c-GC-star,81,13,1,0,1,7,,0.16666666666666666,,,,novel
220210_F1_run6,c-GC-star,81,36,2,1,0,1,3.0,0.16666666666666666,,,,lost
220210_F1_run6,c-GC-star,81,38,2,1,1,2,4.0,0.3333333333333333,,,,unstable
220210_F1_run6,c-GC-star,81,39,1,1,1,2,3.0,0.3333333333333333,,,,unstable
220210_F1_run6,c-GC-star,81,59,4,0,1,4,,0.16666666666666666,,,,unstable
220210_F1_run6,c-GC-star,81,109,5,0,1,3,,0.16666666666666666,,,,unstable
220210_F1_run6,c-GC-star,81,128,3,2,3,2,3.0,0.8333333333333334,,,,unstable
220210_F1_run6,c-GC-star,82,0,1,1,0,1,2.0,0.16666666666666666,,,,unstable
220210_F1_run6,c-GC-star,82,4,1,1,0,1,2.0,0.16666666666666666,,,,unstable
220210_F1_run6,c-GC-star,82,9,1,1,0,1,2.0,0.16666666666666666,,,,unstable
220210_F1_run6,c-GC-star,82,10,5,1,0,1,6.0,0.16666666666666666,,,,lost
220210_F1_run6,c-GC-star,82,12,1,1,0,1,2.0,0.16666666666666666,,,,unstable
220210_F1_run6,c-GC-star,82,25,1,1,1,2,3.0,0.3333333333333333,,,,unstable
220210_F1_run6,c-GC-star,82,30,1,1,0,1,2.0,0.16666666666666666,,,,unstable
220210_F1_run6,c-GC-star,82,31,1,1,0,1,2.0,0.16666666666666666,,,,unstable
220210_F1_run6,c-GC-star,82,39,7,0,0,1,,0.0,,,,stable
220210_F1_run6,c-GC-star,82,43,1,1,0,1,2.0,0.16666666666666666,,,,unstable
220210_F1_run6,c-GC-star,82,45,1,1,1,4,5.0,0.3333333333333333,,,,unstable
220210_F1_run6,c-GC-star,82,53,1,1,0,1,2.0,0.16666666666666666,,,,unstable
220210_F1_run6,c-GC-star,82,54,4,1,1,1,2.0,0.3333333333333333,,,,unstable
220210_F1_run6,c-GC-star,82,58,1,1,0,1,2.0,0.16666666666666666,,,,unstable
220210_F1_run6,c-GC-star,82,59,1,1,0,1,2.0,0.16666666666666666,,,,unstable
220210_F1_run6,c-GC-star,82,66,1,1,0,1,2.0,0.16666666666666666,,,,unstable
220210_F1_run6,c-GC-star,82,68,1,1,0,1,2.0,0.16666666666666666,,,,unstable
220210_F1_run6,c-GC-star,82,79,1,1,0,1,2.0,0.16666666666666666,,,,unstable
220210_F1_run6,c-GC-star,82,110,1,1,0,1,2.0,0.16666666666666666,,,,unstable
220210_F1_run6,c-GC-star,82,116,1,1,0,1,2.0,0.16666666666666666,,,,unstable
220210_F1_run6,c-GC-star,82,122,1,1,0,1,2.0,0.16666666666666666,,,,unstable
220210_F1_run6,c-GC-star,83,8,7,0,0,1,,0.0,,,,stable
220210_F1_run6,c-GC-star,83,24,1,1,0,1,2.0,0.16666666666666666,,,,unstable
220210_F1_run6,c-GC-star,83,25,1,1,0,1,2.0,0.16666666666666666,,,,unstable
220210_F1_run6,c-GC-star,83,43,3,2,1,1,2.0,0.5,,,,unstable
220210_F1_run6,c-GC-star,83,76,3,1,2,4,5.0,0.5,,,,unstable
220210_F1_run6,c-GC-star,83,84,4,0,1,4,,0.16666666666666666,,,,unstable
220210_F1_run6,c-GC-star,83,89,3,0,1,5,,0.16666666666666666,,,,unstable
220210_F1_run6,c-GC-star,83,96,2,1,2,5,6.0,0.5,,,,unstable
220210_F1_run6,c-GC-star,83,98,1,1,0,1,2.0,0.16666666666666666,,,,unstable
220210_F1_run6,c-GC-star,83,104,5,1,0,1,6.0,0.16666666666666666,,,,lost
220210_F1_run6,c-GC-star,83,124,3,0,1,5,,0.16666666666666666,,,,unstable
220210_F1_run6,c-GC-star,84,2,2,2,1,1,2.0,0.5,,,,unstable
220210_F1_run6,c-GC-star,84,5,1,1,0,1,2.0,0.16666666666666666,,,,unstable
220210_F1_run6,c-GC-star,84,6,4,2,1,1,3.0,0.5,,,,unstable
220210_F1_run6,c-GC-star,84,10,1,1,0,1,2.0,0.16666666666666666,,,,unstable
220210_F1_run6,c-GC-star,84,11,5,2,1,1,2.0,0.5,,,,unstable
220210_F1_run6,c-GC-star,84,12,1,1,1,6,7.0,0.3333333333333333,,,,unstable
220210_F1_run6,c-GC-star,84,16,1,1,0,1,2.0,0.16666666666666666,,,,unstable
220210_F1_run6,c-GC-star,84,21,2,1,0,1,3.0,0.16666666666666666,,,,lost
220210_F1_run6,c-GC-star,84,31,1,1,1,2,3.0,0.3333333333333333,,,,unstable
220210_F1_run6,c-GC-star,84,32,6,1,0,1,7.0,0.16666666666666666,,,,lost
220210_F1_run6,c-GC-star,84,34,7,0,0,1,,0.0,,,,stable
220210_F1_run6,c-GC-star,84,37,2,1,0,1,3.0,0.16666666666666666,,,,lost
220210_F1_run6,c-GC-star,84,40,4,2,2,2,3.0,0.6666666666666666,,,,unstable
220210_F1_run6,c-GC-star,84,42,1,1,0,1,2.0,0.16666666666666666,,,,unstable
220210_F1_run6,c-GC-star,84,47,6,0,1,2,,0.16666666666666666,,,,unstable
220210_F1_run6,c-GC-star,84,49,1,1,0,1,2.0,0.16666666666666666,,,,unstable
220210_F1_run6,c-GC-star,84,50,7,0,0,1,,0.0,,,,stable
220210_F1_run6,c-GC-star,84,51,1,1,0,1,2.0,0.16666666666666666,,,,unstable
220210_F1_run6,c-GC-star,84,57,1,1,0,1,2.0,0.16666666666666666,,,,unstable
220210_F1_run6,c-GC-star,84,62,7,0,0,1,,0.0,,,,stable
220210_F1_run6,c-GC-star,84,66,1,1,1,6,7.0,0.3333333333333333,,,,unstable
220210_F1_run6,c-GC-star,84,73,1,1,1,2,3.0,0.3333333333333333,,,,unstable
220210_F1_run6,c-GC-star,84,75,3,1,1,2,5.0,0.3333333333333333,,,,unstable
220210_F1_run6,c-GC-star,84,76,7,0,0,1,,0.0,,,,stable
220210_F1_run6,c-GC-star,84,85,1,1,0,1,2.0,0.16666666666666666,,,,unstable
220210_F1_run6,c-GC-star,84,86,1,1,0,1,2.0,0.16666666666666666,,,,unstable
220210_F1_run6,c-GC-star,84,89,2,2,2,2,3.0,0.6666666666666666,,,,unstable
220210_F1_run6,c-GC-star,84,93,4,2,1,1,3.0,0.5,,,,unstable
220210_F1_run6,c-GC-star,84,106,1,1,0,1,2.0,0.16666666666666666,,,,unstable
220210_F1_run6,c-GC-star,84,117,1,1,1,4,5.0,0.3333333333333333,,,,unstable
220210_F1_run6,c-GC-star,84,121,1,1,0,1,2.0,0.16666666666666666,,,,unstable
220210_F1_run6,c-GC-star,84,124,1,1,0,1,2.0,0.16666666666666666,,,,unstable
220210_F1_run6,c-GC-star,85,12,1,1,1,6,7.0,0.3333333333333333,,,,unstable
220210_F1_run6,c-GC-star,85,46,2,2,1,1,2.0,0.5,,,,unstable
220210_F1_run6,c-GC-star,85,54,4,1,0,1,5.0,0.16666666666666666,,,,lost
220210_F1_run6,c-GC-star,85,64,3,2,1,1,2.0,0.5,,,,unstable
220210_F1_run6,c-GC-star,85,72,2,1,1,1,2.0,0.3333333333333333,,,,unstable
220210_F1_run6,c-GC-star,85,75,7,0,0,1,,0.0,,,,stable
220210_F1_run6,c-GC-star,85,80,3,1,0,1,4.0,0.16666666666666666,,,,lost
220210_F1_run6,c-GC-star,85,88,6,0,1,2,,0.16666666666666666,,,,unstable
220210_F1_run6,c-GC-star,85,102,4,1,0,1,5.0,0.16666666666666666,,,,lost
220210_F1_run6,c-GC-star,85,106,2,1,2,5,6.0,0.5,,,,unstable
220210_F1_run6,c-GC-star,85,111,1,0,1,7,,0.16666666666666666,,,,novel
220210_F1_run6,c-GC-star,85,117,6,1,1,1,4.0,0.3333333333333333,,,,unstable
220210_F1_run6,c-GC-star,85,118,5,0,1,3,,0.16666666666666666,,,,unstable
220210_F1_run6,c-GC-star,85,128,1,1,1,3,4.0,0.3333333333333333,,,,unstable
220210_F1_run6,c-GC-star,86,6,5,0,1,3,,0.16666666666666666,,,,unstable
220210_F1_run6,c-GC-star,86,8,4,0,1,4,,0.16666666666666666,,,,unstable
220210_F1_run6,c-GC-star,86,17,1,1,0,1,2.0,0.16666666666666666,,,,unstable
220210_F1_run6,c-GC-star,86,18,1,1,0,1,2.0,0.16666666666666666,,,,unstable
220210_F1_run6,c-GC-star,86,21,1,1,0,1,2.0,0.16666666666666666,,,,unstable
220210_F1_run6,c-GC-star,86,26,1,1,1,2,3.0,0.3333333333333333,,,,unstable
220210_F1_run6,c-GC-star,86,29,1,0,1,7,,0.16666666666666666,,,,novel
220210_F1_run6,c-GC-star,86,30,1,0,1,7,,0.16666666666666666,,,,novel
220210_F1_run6,c-GC-star,86,35,2,0,1,6,,0.16666666666666666,,,,unstable
220210_F1_run6,c-GC-star,86,47,2,2,1,1,2.0,0.5,,,,unstable
220210_F1_run6,c-GC-star,86,53,5,0,1,3,,0.16666666666666666,,,,unstable
220210_F1_run6,c-GC-star,86,54,1,1,1,5,6.0,0.3333333333333333,,,,unstable
220210_F1_run6,c-GC-star,86,55,6,1,0,1,7.0,0.16666666666666666,,,,lost
220210_F1_run6,c-GC-star,86,65,2,1,2,3,4.0,0.5,,,,unstable
220210_F1_run6,c-GC-star,86,74,1,1,1,2,3.0,0.3333333333333333,,,,unstable
220210_F1_run6,c-GC-star,86,75,7,0,0,1,,0.0,,,,stable
220210_F1_run6,c-GC-star,86,76,7,0,0,1,,0.0,,,,stable
220210_F1_run6,c-GC-star,86,77,6,0,1,2,,0.16666666666666666,,,,unstable
220210_F1_run6,c-GC-star,86,84,7,0,0,1,,0.0,,,,stable
220210_F1_run6,c-GC-star,86,89,2,2,2,2,3.0,0.6666666666666666,,,,unstable
220210_F1_run6,c-GC-star,86,95,6,1,1,1,3.0,0.3333333333333333,,,,unstable
220210_F1_run6,c-GC-star,86,103,1,1,0,1,2.0,0.16666666666666666,,,,unstable
220210_F1_run6,c-GC-star,86,107,4,0,1,4,,0.16666666666666666,,,,unstable
220210_F1_run6,c-GC-star,86,115,1,1,0,1,2.0,0.16666666666666666,,,,unstable
220210_F1_run6,c-GC-star,86,129,1,1,1,2,3.0,0.3333333333333333,,,,unstable
220210_F1_run6,c-GC-star,87,30,1,1,0,1,2.0,0.16666666666666666,,,,unstable
220210_F1_run6,c-GC-star,87,61,4,1,0,1,5.0,0.16666666666666666,,,,lost
220210_F1_run6,c-GC-star,87,75,5,0,1,3,,0.16666666666666666,,,,unstable
220210_F1_run6,c-GC-star,87,78,7,0,0,1,,0.0,,,,stable
220210_F1_run6,c-GC-star,87,79,2,0,1,6,,0.16666666666666666,,,,unstable
220210_F1_run6,c-GC-star,87,88,4,2,2,1,2.0,0.6666666666666666,,,,unstable
220210_F1_run6,c-GC-star,87,90,1,1,0,1,2.0,0.16666666666666666,,,,unstable
220210_F1_run6,c-GC-star,87,95,5,1,1,1,3.0,0.3333333333333333,,,,unstable
220210_F1_run6,c-GC-star,87,104,2,1,0,1,3.0,0.16666666666666666,,,,lost
220210_F1_run6,c-GC-star,88,6,1,1,1,5,6.0,0.3333333333333333,,,,unstable
220210_F1_run6,c-GC-star,88,50,1,1,0,1,2.0,0.16666666666666666,,,,unstable
220210_F1_run6,c-GC-star,88,66,2,1,1,3,5.0,0.3333333333333333,,,,unstable
220210_F1_run6,c-GC-star,88,67,4,1,2,3,4.0,0.5,,,,unstable
220210_F1_run6,c-GC-star,88,86,7,0,0,1,,0.0,,,,stable
220210_F1_run6,c-GC-star,88,108,3,3,2,1,2.0,0.8333333333333334,,,,unstable
220210_F1_run6,c-GC-star,89,5,4,1,0,1,5.0,0.16666666666666666,,,,lost
220210_F1_run6,c-GC-star,89,6,2,2,2,2,3.0,0.6666666666666666,,,,unstable
220210_F1_run6,c-GC-star,89,7,2,1,0,1,3.0,0.16666666666666666,,,,lost
220210_F1_run6,c-GC-star,89,8,4,2,2,2,5.0,0.6666666666666666,,,,unstable
220210_F1_run6,c-GC-star,89,22,1,1,0,1,2.0,0.16666666666666666,,,,unstable
220210_F1_run6,c-GC-star,89,27,5,1,0,1,6.0,0.16666666666666666,,,,lost
220210_F1_run6,c-GC-star,89,29,1,1,0,1,2.0,0.16666666666666666,,,,unstable
220210_F1_run6,c-GC-star,89,34,5,1,1,2,7.0,0.3333333333333333,,,,unstable
220210_F1_run6,c-GC-star,89,35,1,1,0,1,2.0,0.16666666666666666,,,,unstable
220210_F1_run6,c-GC-star,89,37,7,0,0,1,,0.0,,,,stable
220210_F1_run6,c-GC-star,89,38,7,0,0,1,,0.0,,,,stable
220210_F1_run6,c-GC-star,89,46,7,0,0,1,,0.0,,,,stable
220210_F1_run6,c-GC-star,89,47,7,0,0,1,,0.0,,,,stable
220210_F1_run6,c-GC-star,89,48,7,0,0,1,,0.0,,,,stable
220210_F1_run6,c-GC-star,89,50,7,0,0,1,,0.0,,,,stable
220210_F1_run6,c-GC-star,89,53,3,1,2,4,5.0,0.5,,,,unstable
220210_F1_run6,c-GC-star,89,54,7,0,0,1,,0.0,,,,stable
220210_F1_run6,c-GC-star,89,59,3,0,1,5,,0.16666666666666666,,,,unstable
220210_F1_run6,c-GC-star,89,60,1,0,1,7,,0.16666666666666666,,,,novel
220210_F1_run6,c-GC-star,89,64,1,1,1,2,3.0,0.3333333333333333,,,,unstable
220210_F1_run6,c-GC-star,89,66,1,1,1,4,5.0,0.3333333333333333,,,,unstable
220210_F1_run6,c-GC-star,89,67,7,0,0,1,,0.0,,,,stable
220210_F1_run6,c-GC-star,89,68,7,0,0,1,,0.0,,,,stable
220210_F1_run6,c-GC-star,89,69,1,0,1,7,,0.16666666666666666,,,,novel
220210_F1_run6,c-GC-star,89,74,7,0,0,1,,0.0,,,,stable
220210_F1_run6,c-GC-star,89,75,5,1,2,2,4.0,0.5,,,,unstable
220210_F1_run6,c-GC-star,89,76,7,0,0,1,,0.0,,,,stable
220210_F1_run6,c-GC-star,89,77,6,1,1,1,6.0,0.3333333333333333,,,,unstable
220210_F1_run6,c-GC-star,89,78,7,0,0,1,,0.0,,,,stable
220210_F1_run6,c-GC-star,89,79,6,1,1,1,3.0,0.3333333333333333,,,,unstable
220210_F1_run6,c-GC-star,89,80,7,0,0,1,,0.0,,,,stable
220210_F1_run6,c-GC-star,89,82,1,0,1,7,,0.16666666666666666,,,,novel
220210_F1_run6,c-GC-star,89,84,6,0,1,2,,0.16666666666666666,,,,unstable
220210_F1_run6,c-GC-star,89,86,7,0,0,1,,0.0,,,,stable
220210_F1_run6,c-GC-star,89,88,2,1,0,1,3.0,0.16666666666666666,,,,lost
220210_F1_run6,c-GC-star,89,90,6,1,0,1,7.0,0.16666666666666666,,,,lost
220210_F1_run6,c-GC-star,89,93,7,0,0,1,,0.0,,,,stable
220210_F1_run6,c-GC-star,89,94,7,0,0,1,,0.0,,,,stable
220210_F1_run6,c-GC-star,89,96,1,1,0,1,2.0,0.16666666666666666,,,,unstable
220210_F1_run6,c-GC-star,89,99,3,2,2,2,3.0,0.6666666666666666,,,,unstable
220210_F1_run6,c-GC-star,89,100,2,1,1,2,4.0,0.3333333333333333,,,,unstable
220210_F1_run6,c-GC-star,89,102,1,1,1,4,5.0,0.3333333333333333,,,,unstable
220210_F1_run6,c-GC-star,89,106,6,0,1,2,,0.16666666666666666,,,,unstable
220210_F1_run6,c-GC-star,89,107,7,0,0,1,,0.0,,,,stable
220210_F1_run6,c-GC-star,89,109,6,1,1,1,6.0,0.3333333333333333,,,,unstable
220210_F1_run6,c-GC-star,89,110,7,0,0,1,,0.0,,,,stable
220210_F1_run6,c-GC-star,89,114,7,0,0,1,,0.0,,,,stable
220210_F1_run6,c-GC-star,89,116,7,0,0,1,,0.0,,,,stable
220210_F1_run6,c-GC-star,89,123,1,1,1,4,5.0,0.3333333333333333,,,,unstable
220210_F1_run6,c-GC-star,89,124,3,2,1,1,2.0,0.5,,,,unstable
220210_F1_run6,c-GC-star,90,49,1,1,0,1,2.0,0.16666666666666666,,,,unstable
220210_F1_run6,c-GC-star,90,50,3,1,1,4,7.0,0.3333333333333333,,,,unstable
220210_F1_run6,c-GC-star,90,51,1,1,0,1,2.0,0.16666666666666666,,,,unstable
220210_F1_run6,c-GC-star,90,54,7,0,0,1,,0.0,,,,stable
220210_F1_run6,c-GC-star,90,71,1,1,0,1,2.0,0.16666666666666666,,,,unstable
220210_F1_run6,c-GC-star,90,72,1,1,0,1,2.0,0.16666666666666666,,,,unstable
220210_F1_run6,c-GC-star,90,74,6,0,1,2,,0.16666666666666666,,,,unstable
220210_F1_run6,c-GC-star,90,75,6,0,1,2,,0.16666666666666666,,,,unstable
220210_F1_run6,c-GC-star,90,77,6,0,1,2,,0.16666666666666666,,,,unstable
220210_F1_run6,c-GC-star,90,78,1,1,1,3,4.0,0.3333333333333333,,,,unstable
220210_F1_run6,c-GC-star,90,87,1,1,0,1,2.0,0.16666666666666666,,,,unstable
220210_F1_run6,c-GC-star,90,92,1,1,1,2,3.0,0.3333333333333333,,,,unstable
220210_F1_run6,c-GC-star,90,103,1,1,0,1,2.0,0.16666666666666666,,,,unstable
220210_F1_run6,c-GC-star,90,110,6,0,1,2,,0.16666666666666666,,,,unstable
220210_F1_run6,c-GC-star,90,115,6,0,1,2,,0.16666666666666666,,,,unstable
220210_F1_run6,c-GC-star,90,117,1,1,1,3,4.0,0.3333333333333333,,,,unstable
220210_F1_run6,c-GC-star,91,33,1,1,0,1,2.0,0.16666666666666666,,,,unstable
220210_F1_run6,c-GC-star,91,49,1,1,0,1,2.0,0.16666666666666666,,,,unstable
220210_F1_run6,c-GC-star,91,51,1,1,0,1,2.0,0.16666666666666666,,,,unstable
220210_F1_run6,c-GC-star,91,66,1,1,0,1,2.0,0.16666666666666666,,,,unstable
220210_F1_run6,c-GC-star,91,83,1,1,0,1,2.0,0.16666666666666666,,,,unstable
220210_F1_run6,c-GC-star,91,96,1,1,0,1,2.0,0.16666666666666666,,,,unstable
220210_F1_run6,c-GC-star,91,98,4,2,3,2,3.0,0.8333333333333334,,,,unstable
220210_F1_run6,c-GC-star,91,116,1,1,0,1,2.0,0.16666666666666666,,,,unstable
220210_F1_run6,c-GC-star,92,34,4,0,1,4,,0.16666666666666666,,,,unstable
220210_F1_run6,c-GC-star,92,37,5,0,1,3,,0.16666666666666666,,,,unstable
220210_F1_run6,c-GC-star,92,79,2,0,1,6,,0.16666666666666666,,,,unstable
220210_F1_run6,c-GC-star,92,91,1,1,1,6,7.0,0.3333333333333333,,,,unstable
220210_F1_run6,c-GC-star,93,47,2,1,2,4,5.0,0.5,,,,unstable
220210_F1_run6,c-GC-star,93,63,1,1,0,1,2.0,0.16666666666666666,,,,unstable
220210_F1_run6,c-GC-star,93,65,1,1,0,1,2.0,0.16666666666666666,,,,unstable
220210_F1_run6,c-GC-star,93,96,4,2,2,1,2.0,0.6666666666666666,,,,unstable
220210_F1_run6,c-GC-star,93,122,1,1,1,3,4.0,0.3333333333333333,,,,unstable
220210_F1_run6,c-GC-star,94,5,6,1,0,1,7.0,0.16666666666666666,,,,lost
220210_F1_run6,c-GC-star,94,11,1,1,0,1,2.0,0.16666666666666666,,,,unstable
220210_F1_run6,c-GC-star,94,33,1,0,1,7,,0.16666666666666666,,,,novel
220210_F1_run6,c-GC-star,94,47,6,1,1,1,5.0,0.3333333333333333,,,,unstable
220210_F1_run6,c-GC-star,94,49,2,1,0,1,3.0,0.16666666666666666,,,,lost
220210_F1_run6,c-GC-star,94,76,4,2,2,2,3.0,0.6666666666666666,,,,unstable
220210_F1_run6,c-GC-star,94,80,1,1,0,1,2.0,0.16666666666666666,,,,unstable
220210_F1_run6,c-GC-star,94,81,1,1,1,3,4.0,0.3333333333333333,,,,unstable
220210_F1_run6,c-GC-star,94,84,1,1,0,1,2.0,0.16666666666666666,,,,unstable
220210_F1_run6,c-GC-star,94,90,6,0,1,2,,0.16666666666666666,,,,unstable
220210_F1_run6,c-GC-star,94,98,3,1,2,4,5.0,0.5,,,,unstable
220210_F1_run6,c-GC-star,94,103,1,1,0,1,2.0,0.16666666666666666,,,,unstable
220210_F1_run6,c-GC-star,94,109,3,0,1,5,,0.16666666666666666,,,,unstable
220210_F1_run6,c-GC-star,94,125,1,0,1,7,,0.16666666666666666,,,,novel
220210_F1_run6,c-GC-star,95,21,5,2,2,1,4.0,0.6666666666666666,,,,unstable
220210_F1_run6,c-GC-star,95,77,1,1,0,1,2.0,0.16666666666666666,,,,unstable
220210_F1_run6,c-GC-star,95,86,4,3,2,1,3.0,0.8333333333333334,,,,unstable
220210_F1_run6,c-GC-star,95,115,3,1,1,1,2.0,0.3333333333333333,,,,unstable
220210_F1_run6,c-GC-star,96,6,3,0,1,5,,0.16666666666666666,,,,unstable
220210_F1_run6,c-GC-star,96,12,1,1,1,6,7.0,0.3333333333333333,,,,unstable
220210_F1_run6,c-GC-star,96,23,1,1,0,1,2.0,0.16666666666666666,,,,unstable
220210_F1_run6,c-GC-star,96,26,7,0,0,1,,0.0,,,,stable
220210_F1_run6,c-GC-star,96,30,1,1,0,1,2.0,0.16666666666666666,,,,unstable
220210_F1_run6,c-GC-star,96,39,7,0,0,1,,0.0,,,,stable
220210_F1_run6,c-GC-star,96,57,1,0,1,7,,0.16666666666666666,,,,novel
220210_F1_run6,c-GC-star,96,58,1,1,0,1,2.0,0.16666666666666666,,,,unstable
220210_F1_run6,c-GC-star,96,64,2,1,2,2,3.0,0.5,,,,unstable
220210_F1_run6,c-GC-star,96,68,1,1,0,1,2.0,0.16666666666666666,,,,unstable
220210_F1_run6,c-GC-star,96,69,2,2,1,1,2.0,0.5,,,,unstable
220210_F1_run6,c-GC-star,96,76,1,1,0,1,2.0,0.16666666666666666,,,,unstable
220210_F1_run6,c-GC-star,96,80,1,1,0,1,2.0,0.16666666666666666,,,,unstable
220210_F1_run6,c-GC-star,96,100,1,1,0,1,2.0,0.16666666666666666,,,,unstable
220210_F1_run6,c-GC-star,96,101,1,1,0,1,2.0,0.16666666666666666,,,,unstable
220210_F1_run6,c-GC-star,96,107,1,1,0,1,2.0,0.16666666666666666,,,,unstable
220210_F1_run6,c-GC-star,96,122,1,1,0,1,2.0,0.16666666666666666,,,,unstable
220210_F1_run6,c-GC-star,96,123,7,0,0,1,,0.0,,,,stable
220210_F1_run6,c-GC-star,96,128,1,1,0,1,2.0,0.16666666666666666,,,,unstable
220210_F1_run6,c-GC-star,97,27,1,1,0,1,2.0,0.16666666666666666,,,,unstable
220210_F1_run6,c-GC-star,97,58,2,1,0,1,3.0,0.16666666666666666,,,,lost
220210_F1_run6,c-GC-star,97,114,2,1,0,1,3.0,0.16666666666666666,,,,lost
220210_F1_run6,c-GC-star,97,119,7,0,0,1,,0.0,,,,stable
220210_F1_run6,c-GC-star,98,34,4,2,2,1,2.0,0.6666666666666666,,,,unstable
220210_F1_run6,c-GC-star,98,40,1,1,1,6,7.0,0.3333333333333333,,,,unstable
220210_F1_run6,c-GC-star,98,49,5,1,1,1,2.0,0.3333333333333333,,,,unstable
220210_F1_run6,c-GC-star,98,56,1,1,0,1,2.0,0.16666666666666666,,,,unstable
220210_F1_run6,c-GC-star,98,64,4,2,1,1,2.0,0.5,,,,unstable
220210_F1_run6,c-GC-star,98,68,3,1,2,3,4.0,0.5,,,,unstable
220210_F1_run6,c-GC-star,98,72,7,0,0,1,,0.0,,,,stable
220210_F1_run6,c-GC-star,98,73,1,1,0,1,2.0,0.16666666666666666,,,,unstable
220210_F1_run6,c-GC-star,98,110,1,1,0,1,2.0,0.16666666666666666,,,,unstable
220210_F1_run6,c-GC-star,98,113,6,0,1,2,,0.16666666666666666,,,,unstable
220210_F1_run6,c-GC-star,98,123,1,1,0,1,2.0,0.16666666666666666,,,,unstable
220210_F1_run6,c-GC-star,98,126,1,1,0,1,2.0,0.16666666666666666,,,,unstable
220210_F1_run6,c-GC-star,99,2,1,1,1,5,6.0,0.3333333333333333,,,,unstable
220210_F1_run6,c-GC-star,99,6,1,1,1,2,3.0,0.3333333333333333,,,,unstable
220210_F1_run6,c-GC-star,99,12,1,1,1,2,3.0,0.3333333333333333,,,,unstable
220210_F1_run6,c-GC-star,99,31,7,0,0,1,,0.0,,,,stable
220210_F1_run6,c-GC-star,99,43,7,0,0,1,,0.0,,,,stable
220210_F1_run6,c-GC-star,99,64,1,1,1,2,3.0,0.3333333333333333,,,,unstable
220210_F1_run6,c-GC-star,99,65,7,0,0,1,,0.0,,,,stable
220210_F1_run6,c-GC-star,99,76,3,1,2,4,6.0,0.5,,,,unstable
220210_F1_run6,c-GC-star,99,82,1,1,1,6,7.0,0.3333333333333333,,,,unstable
220210_F1_run6,c-GC-star,99,88,2,1,1,4,6.0,0.3333333333333333,,,,unstable
220210_F1_run6,c-GC-star,99,89,2,2,2,2,3.0,0.6666666666666666,,,,unstable
220210_F1_run6,c-GC-star,99,114,7,0,0,1,,0.0,,,,stable
220210_F1_run6,c-GC-star,100,1,1,1,1,5,6.0,0.3333333333333333,,,,unstable
220210_F1_run6,c-GC-star,100,14,1,1,0,1,2.0,0.16666666666666666,,,,unstable
220210_F1_run6,c-GC-star,100,32,1,1,0,1,2.0,0.16666666666666666,,,,unstable
220210_F1_run6,c-GC-star,100,44,3,2,2,1,2.0,0.6666666666666666,,,,unstable
220210_F1_run6,c-GC-star,100,62,3,1,1,3,6.0,0.3333333333333333,,,,unstable
220210_F1_run6,c-GC-star,100,66,1,1,0,1,2.0,0.16666666666666666,,,,unstable
220210_F1_run6,c-GC-star,101,4,2,2,1,1,2.0,0.5,,,,unstable
220210_F1_run6,c-GC-star,101,6,4,2,1,1,4.0,0.5,,,,unstable
220210_F1_run6,c-GC-star,101,10,1,1,0,1,2.0,0.16666666666666666,,,,unstable
220210_F1_run6,c-GC-star,101,28,1,1,1,6,7.0,0.3333333333333333,,,,unstable
220210_F1_run6,c-GC-star,101,37,1,1,0,1,2.0,0.16666666666666666,,,,unstable
220210_F1_run6,c-GC-star,101,42,2,1,0,1,3.0,0.16666666666666666,,,,lost
220210_F1_run6,c-GC-star,101,46,1,1,0,1,2.0,0.16666666666666666,,,,unstable
220210_F1_run6,c-GC-star,101,61,1,1,0,1,2.0,0.16666666666666666,,,,unstable
220210_F1_run6,c-GC-star,101,99,1,1,0,1,2.0,0.16666666666666666,,,,unstable
220210_F1_run6,c-GC-star,101,111,1,0,1,7,,0.16666666666666666,,,,novel
220210_F1_run6,c-GC-star,102,0,1,1,0,1,2.0,0.16666666666666666,,,,unstable
220210_F1_run6,c-GC-star,102,5,1,0,1,7,,0.16666666666666666,,,,novel
220210_F1_run6,c-GC-star,102,7,5,2,2,1,2.0,0.6666666666666666,,,,unstable
220210_F1_run6,c-GC-star,102,21,1,1,0,1,2.0,0.16666666666666666,,,,unstable
220210_F1_run6,c-GC-star,102,37,4,1,2,3,6.0,0.5,,,,unstable
220210_F1_run6,c-GC-star,102,39,6,0,1,2,,0.16666666666666666,,,,unstable
220210_F1_run6,c-GC-star,102,40,3,1,1,3,6.0,0.3333333333333333,,,,unstable
220210_F1_run6,c-GC-star,102,43,1,1,0,1,2.0,0.16666666666666666,,,,unstable
220210_F1_run6,c-GC-star,102,50,3,1,0,1,4.0,0.16666666666666666,,,,lost
220210_F1_run6,c-GC-star,102,53,1,0,1,7,,0.16666666666666666,,,,novel
220210_F1_run6,c-GC-star,102,65,7,0,0,1,,0.0,,,,stable
220210_F1_run6,c-GC-star,102,68,1,1,0,1,2.0,0.16666666666666666,,,,unstable
220210_F1_run6,c-GC-star,102,73,3,1,0,1,4.0,0.16666666666666666,,,,lost
220210_F1_run6,c-GC-star,102,74,4,2,2,1,2.0,0.6666666666666666,,,,unstable
220210_F1_run6,c-GC-star,102,77,5,1,2,2,4.0,0.5,,,,unstable
220210_F1_run6,c-GC-star,102,79,1,1,1,6,7.0,0.3333333333333333,,,,unstable
220210_F1_run6,c-GC-star,102,86,6,1,1,1,2.0,0.3333333333333333,,,,unstable
220210_F1_run6,c-GC-star,102,90,7,0,0,1,,0.0,,,,stable
220210_F1_run6,c-GC-star,102,91,1,1,0,1,2.0,0.16666666666666666,,,,unstable
220210_F1_run6,c-GC-star,102,98,3,0,1,5,,0.16666666666666666,,,,unstable
220210_F1_run6,c-GC-star,102,104,5,0,1,3,,0.16666666666666666,,,,unstable
220210_F1_run6,c-GC-star,102,107,1,1,0,1,2.0,0.16666666666666666,,,,unstable
220210_F1_run6,c-GC-star,102,108,2,1,0,1,3.0,0.16666666666666666,,,,lost
220210_F1_run6,c-GC-star,102,109,7,0,0,1,,0.0,,,,stable
220210_F1_run6,c-GC-star,102,110,7,0,0,1,,0.0,,,,stable
220210_F1_run6,c-GC-star,102,117,1,1,0,1,2.0,0.16666666666666666,,,,unstable
220210_F1_run6,c-GC-star,102,125,1,1,0,1,2.0,0.16666666666666666,,,,unstable
220210_F1_run6,c-GC-star,103,40,2,1,0,1,3.0,0.16666666666666666,,,,lost
220210_F1_run6,c-GC-star,103,45,4,2,2,1,2.0,0.6666666666666666,,,,unstable
220210_F1_run6,c-GC-star,103,59,1,1,0,1,2.0,0.16666666666666666,,,,unstable
220210_F1_run6,c-GC-star,103,90,1,1,0,1,2.0,0.16666666666666666,,,,unstable
220210_F1_run6,c-GC-star,103,107,2,1,2,4,5.0,0.5,,,,unstable
220210_F1_run6,c-GC-star,103,119,1,1,0,1,2.0,0.16666666666666666,,,,unstable
220210_F1_run6,c-GC-star,103,126,1,1,1,6,7.0,0.3333333333333333,,,,unstable
220210_F1_run6,c-GC-star,103,127,1,1,0,1,2.0,0.16666666666666666,,,,unstable
220210_F1_run6,c-GC-star,104,0,1,1,0,1,2.0,0.16666666666666666,,,,unstable
220210_F1_run6,c-GC-star,104,4,3,1,1,2,5.0,0.3333333333333333,,,,unstable
220210_F1_run6,c-GC-star,104,9,4,0,1,4,,0.16666666666666666,,,,unstable
220210_F1_run6,c-GC-star,104,19,1,1,0,1,2.0,0.16666666666666666,,,,unstable
220210_F1_run6,c-GC-star,104,25,6,1,0,1,7.0,0.16666666666666666,,,,lost
220210_F1_run6,c-GC-star,104,29,3,2,2,2,4.0,0.6666666666666666,,,,unstable
220210_F1_run6,c-GC-star,104,30,1,1,0,1,2.0,0.16666666666666666,,,,unstable
220210_F1_run6,c-GC-star,104,44,6,0,1,2,,0.16666666666666666,,,,unstable
220210_F1_run6,c-GC-star,104,55,3,1,1,1,2.0,0.3333333333333333,,,,unstable
220210_F1_run6,c-GC-star,104,66,7,0,0,1,,0.0,,,,stable
220210_F1_run6,c-GC-star,104,67,6,0,1,2,,0.16666666666666666,,,,unstable
220210_F1_run6,c-GC-star,104,76,7,0,0,1,,0.0,,,,stable
220210_F1_run6,c-GC-star,104,100,1,1,1,2,3.0,0.3333333333333333,,,,unstable
220210_F1_run6,c-GC-star,104,101,1,1,0,1,2.0,0.16666666666666666,,,,unstable
220210_F1_run6,c-GC-star,104,117,2,0,1,6,,0.16666666666666666,,,,unstable
220210_F1_run6,c-GC-star,104,124,3,0,1,5,,0.16666666666666666,,,,unstable
220210_F1_run6,c-GC-star,104,126,1,1,1,2,3.0,0.3333333333333333,,,,unstable
220210_F1_run6,c-GC-star,104,127,3,1,2,3,4.0,0.5,,,,unstable
220210_F1_run6,c-GC-star,105,4,4,0,1,4,,0.16666666666666666,,,,unstable
220210_F1_run6,c-GC-star,105,5,1,1,1,2,3.0,0.3333333333333333,,,,unstable
220210_F1_run6,c-GC-star,105,16,1,1,0,1,2.0,0.16666666666666666,,,,unstable
220210_F1_run6,c-GC-star,105,54,5,2,2,1,3.0,0.6666666666666666,,,,unstable
220210_F1_run6,c-GC-star,105,62,1,1,0,1,2.0,0.16666666666666666,,,,unstable
220210_F1_run6,c-GC-star,105,68,1,1,0,1,2.0,0.16666666666666666,,,,unstable
220210_F1_run6,c-GC-star,105,73,1,1,0,1,2.0,0.16666666666666666,,,,unstable
220210_F1_run6,c-GC-star,105,84,2,1,1,5,7.0,0.3333333333333333,,,,unstable
220210_F1_run6,c-GC-star,105,98,4,0,1,4,,0.16666666666666666,,,,unstable
220210_F1_run6,c-GC-star,105,127,2,2,1,1,2.0,0.5,,,,unstable
220210_F1_run6,c-GC-star,106,3,1,1,0,1,2.0,0.16666666666666666,,,,unstable
220210_F1_run6,c-GC-star,106,6,1,1,0,1,2.0,0.16666666666666666,,,,unstable
220210_F1_run6,c-GC-star,106,8,2,0,1,6,,0.16666666666666666,,,,unstable
220210_F1_run6,c-GC-star,106,11,1,1,0,1,2.0,0.16666666666666666,,,,unstable
220210_F1_run6,c-GC-star,106,21,1,1,0,1,2.0,0.16666666666666666,,,,unstable
220210_F1_run6,c-GC-star,106,27,1,1,0,1,2.0,0.16666666666666666,,,,unstable
220210_F1_run6,c-GC-star,106,31,7,0,0,1,,0.0,,,,stable
220210_F1_run6,c-GC-star,106,32,2,1,0,1,3.0,0.16666666666666666,,,,lost
220210_F1_run6,c-GC-star,106,37,7,0,0,1,,0.0,,,,stable
220210_F1_run6,c-GC-star,106,47,2,1,0,1,3.0,0.16666666666666666,,,,lost
220210_F1_run6,c-GC-star,106,54,5,1,1,1,3.0,0.3333333333333333,,,,unstable
220210_F1_run6,c-GC-star,106,65,2,1,0,1,3.0,0.16666666666666666,,,,lost
220210_F1_run6,c-GC-star,106,67,1,1,0,1,2.0,0.16666666666666666,,,,unstable
220210_F1_run6,c-GC-star,106,75,1,1,0,1,2.0,0.16666666666666666,,,,unstable
220210_F1_run6,c-GC-star,106,78,3,1,1,1,2.0,0.3333333333333333,,,,unstable
220210_F1_run6,c-GC-star,106,84,1,1,0,1,2.0,0.16666666666666666,,,,unstable
220210_F1_run6,c-GC-star,106,86,1,1,0,1,2.0,0.16666666666666666,,,,unstable
220210_F1_run6,c-GC-star,106,89,1,1,0,1,2.0,0.16666666666666666,,,,unstable
220210_F1_run6,c-GC-star,106,107,1,1,0,1,2.0,0.16666666666666666,,,,unstable
220210_F1_run6,c-GC-star,106,108,3,1,1,1,2.0,0.3333333333333333,,,,unstable
220210_F1_run6,c-GC-star,106,117,1,1,0,1,2.0,0.16666666666666666,,,,unstable
220210_F1_run6,c-GC-star,106,120,1,1,0,1,2.0,0.16666666666666666,,,,unstable
220210_F1_run6,c-GC-star,107,20,1,1,0,1,2.0,0.16666666666666666,,,,unstable
220210_F1_run6,c-GC-star,107,26,1,1,0,1,2.0,0.16666666666666666,,,,unstable
220210_F1_run6,c-GC-star,107,30,1,1,1,2,3.0,0.3333333333333333,,,,unstable
220210_F1_run6,c-GC-star,107,31,1,1,0,1,2.0,0.16666666666666666,,,,unstable
220210_F1_run6,c-GC-star,107,35,1,1,0,1,2.0,0.16666666666666666,,,,unstable
220210_F1_run6,c-GC-star,107,36,6,1,0,1,7.0,0.16666666666666666,,,,lost
220210_F1_run6,c-GC-star,107,53,6,0,1,2,,0.16666666666666666,,,,unstable
220210_F1_run6,c-GC-star,107,54,5,1,0,1,6.0,0.16666666666666666,,,,lost
220210_F1_run6,c-GC-star,107,69,6,1,1,1,5.0,0.3333333333333333,,,,unstable
220210_F1_run6,c-GC-star,107,84,1,1,0,1,2.0,0.16666666666666666,,,,unstable
220210_F1_run6,c-GC-star,107,108,1,1,0,1,2.0,0.16666666666666666,,,,unstable
220210_F1_run6,c-GC-star,107,117,1,1,0,1,2.0,0.16666666666666666,,,,unstable
220210_F1_run6,c-GC-star,108,4,1,1,1,2,3.0,0.3333333333333333,,,,unstable
220210_F1_run6,c-GC-star,108,11,6,1,1,1,5.0,0.3333333333333333,,,,unstable
220210_F1_run6,c-GC-star,108,34,6,1,1,1,5.0,0.3333333333333333,,,,unstable
220210_F1_run6,c-GC-star,108,58,1,1,0,1,2.0,0.16666666666666666,,,,unstable
220210_F1_run6,c-GC-star,108,81,1,1,0,1,2.0,0.16666666666666666,,,,unstable
220210_F1_run6,c-GC-star,108,88,1,0,1,7,,0.16666666666666666,,,,novel
220210_F1_run6,c-GC-star,108,90,1,1,0,1,2.0,0.16666666666666666,,,,unstable
220210_F1_run6,c-GC-star,108,103,1,1,0,1,2.0,0.16666666666666666,,,,unstable
220210_F1_run6,c-GC-star,108,112,2,1,0,1,3.0,0.16666666666666666,,,,lost
220210_F1_run6,c-GC-star,109,10,1,1,1,4,5.0,0.3333333333333333,,,,unstable
220210_F1_run6,c-GC-star,109,29,1,1,0,1,2.0,0.16666666666666666,,,,unstable
220210_F1_run6,c-GC-star,109,34,1,1,0,1,2.0,0.16666666666666666,,,,unstable
220210_F1_run6,c-GC-star,109,47,1,1,0,1,2.0,0.16666666666666666,,,,unstable
220210_F1_run6,c-GC-star,109,76,1,1,0,1,2.0,0.16666666666666666,,,,unstable
220210_F1_run6,c-GC-star,109,88,2,1,1,1,2.0,0.3333333333333333,,,,unstable
220210_F1_run6,c-GC-star,109,91,2,1,0,1,3.0,0.16666666666666666,,,,lost
220210_F1_run6,c-GC-star,109,94,6,0,1,2,,0.16666666666666666,,,,unstable
220210_F1_run6,c-GC-star,109,98,2,2,2,4,5.0,0.6666666666666666,,,,unstable
220210_F1_run6,c-GC-star,109,102,1,1,0,1,2.0,0.16666666666666666,,,,unstable
220210_F1_run6,c-GC-star,109,114,3,1,1,2,5.0,0.3333333333333333,,,,unstable
220210_F1_run6,c-GC-star,109,118,2,1,1,4,6.0,0.3333333333333333,,,,unstable
220210_F1_run6,c-GC-star,109,120,1,0,1,7,,0.16666666666666666,,,,novel
220210_F1_run6,c-GC-star,110,7,1,1,0,1,2.0,0.16666666666666666,,,,unstable
220210_F1_run6,c-GC-star,110,9,1,1,0,1,2.0,0.16666666666666666,,,,unstable
220210_F1_run6,c-GC-star,110,50,1,1,1,5,6.0,0.3333333333333333,,,,unstable
220210_F1_run6,c-GC-star,110,58,1,1,0,1,2.0,0.16666666666666666,,,,unstable
220210_F1_run6,c-GC-star,110,64,3,2,3,3,4.0,0.8333333333333334,,,,unstable
220210_F1_run6,c-GC-star,110,69,6,1,1,1,4.0,0.3333333333333333,,,,unstable
220210_F1_run6,c-GC-star,110,73,2,2,1,1,2.0,0.5,,,,unstable
220210_F1_run6,c-GC-star,110,90,2,0,1,6,,0.16666666666666666,,,,unstable
220210_F1_run6,c-GC-star,110,107,2,1,1,5,7.0,0.3333333333333333,,,,unstable
220210_F1_run6,c-GC-star,110,124,1,1,0,1,2.0,0.16666666666666666,,,,unstable
220210_F1_run6,c-GC-star,111,42,1,1,1,3,4.0,0.3333333333333333,,,,unstable
220210_F1_run6,c-GC-star,111,71,1,1,1,2,3.0,0.3333333333333333,,,,unstable
220210_F1_run6,c-GC-star,111,83,2,1,2,2,3.0,0.5,,,,unstable
220210_F1_run6,c-GC-star,111,99,1,1,0,1,2.0,0.16666666666666666,,,,unstable
220210_F1_run6,c-GC-star,111,101,2,2,1,1,2.0,0.5,,,,unstable
220210_F1_run6,c-GC-star,111,102,6,1,1,1,3.0,0.3333333333333333,,,,unstable
220210_F1_run6,c-GC-star,111,110,1,0,1,7,,0.16666666666666666,,,,novel
220210_F1_run6,c-GC-star,111,124,3,0,1,5,,0.16666666666666666,,,,unstable
220210_F1_run6,c-GC-star,112,12,1,1,0,1,2.0,0.16666666666666666,,,,unstable
220210_F1_run6,c-GC-star,112,13,3,0,1,5,,0.16666666666666666,,,,unstable
220210_F1_run6,c-GC-star,112,20,1,1,1,5,6.0,0.3333333333333333,,,,unstable
220210_F1_run6,c-GC-star,112,84,1,1,0,1,2.0,0.16666666666666666,,,,unstable
220210_F1_run6,c-GC-star,112,87,1,1,0,1,2.0,0.16666666666666666,,,,unstable
220210_F1_run6,c-GC-star,112,123,1,1,0,1,2.0,0.16666666666666666,,,,unstable
220210_F1_run6,c-GC-star,113,5,4,3,3,1,2.0,1.0,,,,unstable
220210_F1_run6,c-GC-star,113,6,3,3,2,1,2.0,0.8333333333333334,,,,unstable
220210_F1_run6,c-GC-star,113,8,6,1,1,1,6.0,0.3333333333333333,,,,unstable
220210_F1_run6,c-GC-star,113,32,1,1,0,1,2.0,0.16666666666666666,,,,unstable
220210_F1_run6,c-GC-star,113,35,1,1,0,1,2.0,0.16666666666666666,,,,unstable
220210_F1_run6,c-GC-star,113,42,1,1,1,2,3.0,0.3333333333333333,,,,unstable
220210_F1_run6,c-GC-star,113,48,4,1,0,1,5.0,0.16666666666666666,,,,lost
220210_F1_run6,c-GC-star,113,49,7,0,0,1,,0.0,,,,stable
220210_F1_run6,c-GC-star,113,52,1,1,0,1,2.0,0.16666666666666666,,,,unstable
220210_F1_run6,c-GC-star,113,64,1,1,0,1,2.0,0.16666666666666666,,,,unstable
220210_F1_run6,c-GC-star,113,74,1,1,0,1,2.0,0.16666666666666666,,,,unstable
220210_F1_run6,c-GC-star,113,77,1,1,0,1,2.0,0.16666666666666666,,,,unstable
220210_F1_run6,c-GC-star,113,91,1,1,0,1,2.0,0.16666666666666666,,,,unstable
220210_F1_run6,c-GC-star,113,94,2,1,0,1,3.0,0.16666666666666666,,,,lost
220210_F1_run6,c-GC-star,113,97,1,1,0,1,2.0,0.16666666666666666,,,,unstable
220210_F1_run6,c-GC-star,113,98,6,1,1,1,2.0,0.3333333333333333,,,,unstable
220210_F1_run6,c-GC-star,113,99,4,1,1,1,3.0,0.3333333333333333,,,,unstable
220210_F1_run6,c-GC-star,113,118,1,1,0,1,2.0,0.16666666666666666,,,,unstable
220210_F1_run6,c-GC-star,114,0,1,1,0,1,2.0,0.16666666666666666,,,,unstable
220210_F1_run6,c-GC-star,114,6,1,1,1,3,4.0,0.3333333333333333,,,,unstable
220210_F1_run6,c-GC-star,114,20,1,1,0,1,2.0,0.16666666666666666,,,,unstable
220210_F1_run6,c-GC-star,114,29,2,2,1,1,2.0,0.5,,,,unstable
220210_F1_run6,c-GC-star,114,46,6,0,1,2,,0.16666666666666666,,,,unstable
220210_F1_run6,c-GC-star,114,55,2,1,1,5,7.0,0.3333333333333333,,,,unstable
220210_F1_run6,c-GC-star,114,59,1,1,0,1,2.0,0.16666666666666666,,,,unstable
220210_F1_run6,c-GC-star,114,71,1,1,0,1,2.0,0.16666666666666666,,,,unstable
220210_F1_run6,c-GC-star,114,72,1,1,1,3,4.0,0.3333333333333333,,,,unstable
220210_F1_run6,c-GC-star,115,2,1,1,0,1,2.0,0.16666666666666666,,,,unstable
220210_F1_run6,c-GC-star,115,8,1,1,0,1,2.0,0.16666666666666666,,,,unstable
220210_F1_run6,c-GC-star,115,17,4,3,2,1,2.0,0.8333333333333334,,,,unstable
220210_F1_run6,c-GC-star,115,36,1,1,0,1,2.0,0.16666666666666666,,,,unstable
220210_F1_run6,c-GC-star,115,37,1,1,1,6,7.0,0.3333333333333333,,,,unstable
220210_F1_run6,c-GC-star,115,46,2,2,2,3,4.0,0.6666666666666666,,,,unstable
220210_F1_run6,c-GC-star,115,65,4,1,1,1,4.0,0.3333333333333333,,,,unstable
220210_F1_run6,c-GC-star,115,71,1,1,0,1,2.0,0.16666666666666666,,,,unstable
220210_F1_run6,c-GC-star,115,76,2,1,1,1,2.0,0.3333333333333333,,,,unstable
220210_F1_run6,c-GC-star,115,79,1,1,0,1,2.0,0.16666666666666666,,,,unstable
220210_F1_run6,c-GC-star,115,86,1,1,0,1,2.0,0.16666666666666666,,,,unstable
220210_F1_run6,c-GC-star,115,95,7,0,0,1,,0.0,,,,stable
220210_F1_run6,c-GC-star,115,102,4,1,1,1,4.0,0.3333333333333333,,,,unstable
220210_F1_run6,c-GC-star,115,109,1,1,0,1,2.0,0.16666666666666666,,,,unstable
220210_F1_run6,c-GC-star,115,116,1,1,0,1,2.0,0.16666666666666666,,,,unstable
220210_F1_run6,c-GC-star,115,121,1,1,0,1,2.0,0.16666666666666666,,,,unstable
220210_F1_run6,c-GC-star,116,8,1,1,0,1,2.0,0.16666666666666666,,,,unstable
220210_F1_run6,c-GC-star,116,12,1,1,0,1,2.0,0.16666666666666666,,,,unstable
220210_F1_run6,c-GC-star,116,15,1,1,0,1,2.0,0.16666666666666666,,,,unstable
220210_F1_run6,c-GC-star,116,21,1,1,0,1,2.0,0.16666666666666666,,,,unstable
220210_F1_run6,c-GC-star,116,34,3,1,1,1,2.0,0.3333333333333333,,,,unstable
220210_F1_run6,c-GC-star,116,37,1,1,0,1,2.0,0.16666666666666666,,,,unstable
220210_F1_run6,c-GC-star,116,38,1,1,0,1,2.0,0.16666666666666666,,,,unstable
220210_F1_run6,c-GC-star,116,39,1,1,0,1,2.0,0.16666666666666666,,,,unstable
220210_F1_run6,c-GC-star,116,43,1,1,0,1,2.0,0.16666666666666666,,,,unstable
220210_F1_run6,c-GC-star,116,50,1,1,0,1,2.0,0.16666666666666666,,,,unstable
220210_F1_run6,c-GC-star,116,60,3,0,1,5,,0.16666666666666666,,,,unstable
220210_F1_run6,c-GC-star,116,67,1,1,0,1,2.0,0.16666666666666666,,,,unstable
220210_F1_run6,c-GC-star,116,68,1,1,0,1,2.0,0.16666666666666666,,,,unstable
220210_F1_run6,c-GC-star,116,69,2,0,1,6,,0.16666666666666666,,,,unstable
220210_F1_run6,c-GC-star,116,70,1,1,0,1,2.0,0.16666666666666666,,,,unstable
220210_F1_run6,c-GC-star,116,75,1,1,0,1,2.0,0.16666666666666666,,,,unstable
220210_F1_run6,c-GC-star,116,80,1,1,0,1,2.0,0.16666666666666666,,,,unstable
220210_F1_run6,c-GC-star,116,84,1,1,0,1,2.0,0.16666666666666666,,,,unstable
220210_F1_run6,c-GC-star,116,86,1,1,0,1,2.0,0.16666666666666666,,,,unstable
220210_F1_run6,c-GC-star,116,89,1,1,1,3,4.0,0.3333333333333333,,,,unstable
220210_F1_run6,c-GC-star,116,94,1,1,0,1,2.0,0.16666666666666666,,,,unstable
220210_F1_run6,c-GC-star,116,100,1,1,0,1,2.0,0.16666666666666666,,,,unstable
220210_F1_run6,c-GC-star,116,106,1,1,0,1,2.0,0.16666666666666666,,,,unstable
220210_F1_run6,c-GC-star,116,110,1,1,0,1,2.0,0.16666666666666666,,,,unstable
220210_F1_run6,c-GC-star,116,124,2,1,1,2,4.0,0.3333333333333333,,,,unstable
220210_F1_run6,c-GC-star,116,127,1,1,0,1,2.0,0.16666666666666666,,,,unstable
220210_F1_run6,c-GC-star,116,128,1,1,0,1,2.0,0.16666666666666666,,,,unstable
220210_F1_run6,c-GC-star,117,4,4,1,2,2,5.0,0.5,,,,unstable
220210_F1_run6,c-GC-star,117,27,1,1,0,1,2.0,0.16666666666666666,,,,unstable
220210_F1_run6,c-GC-star,117,35,1,0,1,7,,0.16666666666666666,,,,novel
220210_F1_run6,c-GC-star,117,52,1,1,0,1,2.0,0.16666666666666666,,,,unstable
220210_F1_run6,c-GC-star,117,75,1,1,0,1,2.0,0.16666666666666666,,,,unstable
220210_F1_run6,c-GC-star,117,76,5,1,1,1,2.0,0.3333333333333333,,,,unstable
220210_F1_run6,c-GC-star,117,79,1,1,0,1,2.0,0.16666666666666666,,,,unstable
220210_F1_run6,c-GC-star,117,95,3,2,1,1,2.0,0.5,,,,unstable
220210_F1_run6,c-GC-star,117,103,1,1,0,1,2.0,0.16666666666666666,,,,unstable
220210_F1_run6,c-GC-star,118,1,1,1,0,1,2.0,0.16666666666666666,,,,unstable
220210_F1_run6,c-GC-star,118,39,1,1,0,1,2.0,0.16666666666666666,,,,unstable
220210_F1_run6,c-GC-star,118,47,7,0,0,1,,0.0,,,,stable
220210_F1_run6,c-GC-star,118,96,2,0,1,6,,0.16666666666666666,,,,unstable
220210_F1_run6,c-GC-star,118,119,1,1,0,1,2.0,0.16666666666666666,,,,unstable
220210_F1_run6,c-GC-star,119,16,1,1,0,1,2.0,0.16666666666666666,,,,unstable
220210_F1_run6,c-GC-star,119,77,1,1,0,1,2.0,0.16666666666666666,,,,unstable
220210_F1_run6,c-GC-star,119,78,1,1,0,1,2.0,0.16666666666666666,,,,unstable
220210_F1_run6,c-GC-star,119,79,1,1,0,1,2.0,0.16666666666666666,,,,unstable
220210_F1_run6,c-GC-star,119,83,1,1,0,1,2.0,0.16666666666666666,,,,unstable
220210_F1_run6,c-GC-star,119,95,1,1,0,1,2.0,0.16666666666666666,,,,unstable
220210_F1_run6,c-GC-star,119,109,1,1,0,1,2.0,0.16666666666666666,,,,unstable
220210_F1_run6,c-GC-star,119,120,5,1,1,1,2.0,0.3333333333333333,,,,unstable
220210_F1_run6,c-GC-star,119,128,1,1,0,1,2.0,0.16666666666666666,,,,unstable
220210_F1_run6,c-GC-star,120,12,1,0,1,7,,0.16666666666666666,,,,novel
220210_F1_run6,c-GC-star,120,23,2,1,2,2,3.0,0.5,,,,unstable
220210_F1_run6,c-GC-star,120,46,1,1,0,1,2.0,0.16666666666666666,,,,unstable
220210_F1_run6,c-GC-star,120,53,1,1,0,1,2.0,0.16666666666666666,,,,unstable
220210_F1_run6,c-GC-star,120,63,1,1,0,1,2.0,0.16666666666666666,,,,unstable
220210_F1_run6,c-GC-star,120,70,3,1,0,1,4.0,0.16666666666666666,,,,lost
220210_F1_run6,c-GC-star,121,8,1,1,0,1,2.0,0.16666666666666666,,,,unstable
220210_F1_run6,c-GC-star,121,15,3,1,0,1,4.0,0.16666666666666666,,,,lost
220210_F1_run6,c-GC-star,121,16,1,1,0,1,2.0,0.16666666666666666,,,,unstable
220210_F1_run6,c-GC-star,121,17,2,1,0,1,3.0,0.16666666666666666,,,,lost
220210_F1_run6,c-GC-star,121,37,1,1,0,1,2.0,0.16666666666666666,,,,unstable
220210_F1_run6,c-GC-star,121,38,1,1,0,1,2.0,0.16666666666666666,,,,unstable
220210_F1_run6,c-GC-star,121,53,1,1,0,1,2.0,0.16666666666666666,,,,unstable
220210_F1_run6,c-GC-star,121,58,1,1,0,1,2.0,0.16666666666666666,,,,unstable
220210_F1_run6,c-GC-star,121,80,1,1,0,1,2.0,0.16666666666666666,,,,unstable
220210_F1_run6,c-GC-star,121,84,1,1,0,1,2.0,0.16666666666666666,,,,unstable
220210_F1_run6,c-GC-star,121,92,5,0,1,3,,0.16666666666666666,,,,unstable
220210_F1_run6,c-GC-star,121,96,1,1,1,2,3.0,0.3333333333333333,,,,unstable
220210_F1_run6,c-GC-star,121,100,1,1,0,1,2.0,0.16666666666666666,,,,unstable
220210_F1_run6,c-GC-star,121,106,1,1,0,1,2.0,0.16666666666666666,,,,unstable
220210_F1_run6,c-GC-star,121,108,1,1,0,1,2.0,0.16666666666666666,,,,unstable
220210_F1_run6,c-GC-star,121,116,1,1,0,1,2.0,0.16666666666666666,,,,unstable
220210_F1_run6,c-GC-star,121,129,1,1,0,1,2.0,0.16666666666666666,,,,unstable
220210_F1_run6,c-GC-star,122,26,1,1,1,6,7.0,0.3333333333333333,,,,unstable
220210_F1_run6,c-GC-star,122,37,3,1,2,4,5.0,0.5,,,,unstable
220210_F1_run6,c-GC-star,122,39,7,0,0,1,,0.0,,,,stable
220210_F1_run6,c-GC-star,122,46,1,1,0,1,2.0,0.16666666666666666,,,,unstable
220210_F1_run6,c-GC-star,122,57,1,1,1,2,3.0,0.3333333333333333,,,,unstable
220210_F1_run6,c-GC-star,122,79,2,2,1,1,2.0,0.5,,,,unstable
220210_F1_run6,c-GC-star,122,80,2,1,0,1,3.0,0.16666666666666666,,,,lost
220210_F1_run6,c-GC-star,122,90,1,1,0,1,2.0,0.16666666666666666,,,,unstable
220210_F1_run6,c-GC-star,122,108,3,1,2,3,5.0,0.5,,,,unstable
220210_F1_run6,c-GC-star,122,109,3,1,0,1,4.0,0.16666666666666666,,,,lost
220210_F1_run6,c-GC-star,122,123,3,1,0,1,4.0,0.16666666666666666,,,,lost
220210_F1_run6,c-GC-star,122,124,5,1,2,2,4.0,0.5,,,,unstable
220210_F1_run6,c-GC-star,123,23,1,1,0,1,2.0,0.16666666666666666,,,,unstable
220210_F1_run6,c-GC-star,123,44,1,1,0,1,2.0,0.16666666666666666,,,,unstable
220210_F1_run6,c-GC-star,123,78,1,1,0,1,2.0,0.16666666666666666,,,,unstable
220210_F1_run6,c-GC-star,123,96,7,0,0,1,,0.0,,,,stable
220210_F1_run6,c-GC-star,123,112,1,1,0,1,2.0,0.16666666666666666,,,,unstable
220210_F1_run6,c-GC-star,123,122,7,0,0,1,,0.0,,,,stable
220210_F1_run6,c-GC-star,124,5,7,0,0,1,,0.0,,,,stable
220210_F1_run6,c-GC-star,124,23,1,1,0,1,2.0,0.16666666666666666,,,,unstable
220210_F1_run6,c-GC-star,124,25,1,1,0,1,2.0,0.16666666666666666,,,,unstable
220210_F1_run6,c-GC-star,124,26,7,0,0,1,,0.0,,,,stable
220210_F1_run6,c-GC-star,124,27,6,0,1,2,,0.16666666666666666,,,,unstable
220210_F1_run6,c-GC-star,124,48,3,0,1,5,,0.16666666666666666,,,,unstable
220210_F1_run6,c-GC-star,124,59,2,1,2,5,6.0,0.5,,,,unstable
220210_F1_run6,c-GC-star,124,87,1,1,0,1,2.0,0.16666666666666666,,,,unstable
220210_F1_run6,c-GC-star,124,104,1,1,0,1,2.0,0.16666666666666666,,,,unstable
220210_F1_run6,c-GC-star,124,106,1,0,1,7,,0.16666666666666666,,,,novel
220210_F1_run6,c-GC-star,124,110,2,0,1,6,,0.16666666666666666,,,,unstable
220210_F1_run6,c-GC-star,124,120,1,1,0,1,2.0,0.16666666666666666,,,,unstable
220210_F1_run6,c-GC-star,125,7,1,1,1,3,4.0,0.3333333333333333,,,,unstable
220210_F1_run6,c-GC-star,125,27,4,0,1,4,,0.16666666666666666,,,,unstable
220210_F1_run6,c-GC-star,125,42,3,1,0,1,4.0,0.16666666666666666,,,,lost
220210_F1_run6,c-GC-star,125,76,4,0,1,4,,0.16666666666666666,,,,unstable
220210_F1_run6,c-GC-star,125,84,2,1,0,1,3.0,0.16666666666666666,,,,lost
220210_F1_run6,c-GC-star,126,4,1,1,1,3,4.0,0.3333333333333333,,,,unstable
220210_F1_run6,c-GC-star,126,22,1,1,0,1,2.0,0.16666666666666666,,,,unstable
220210_F1_run6,c-GC-star,126,47,1,1,0,1,2.0,0.16666666666666666,,,,unstable
220210_F1_run6,c-GC-star,126,53,2,1,2,2,3.0,0.5,,,,unstable
220210_F1_run6,c-GC-star,126,59,1,1,0,1,2.0,0.16666666666666666,,,,unstable
220210_F1_run6,c-GC-star,126,67,7,0,0,1,,0.0,,,,stable
220210_F1_run6,c-GC-star,126,74,4,1,2,3,5.0,0.5,,,,unstable
220210_F1_run6,c-GC-star,126,100,3,2,2,2,3.0,0.6666666666666666,,,,unstable
220210_F1_run6,c-GC-star,126,110,1,1,0,1,2.0,0.16666666666666666,,,,unstable
220210_F1_run6,c-GC-star,126,120,1,1,0,1,2.0,0.16666666666666666,,,,unstable
220210_F1_run6,c-GC-star,126,127,1,1,0,1,2.0,0.16666666666666666,,,,unstable
220210_F1_run6,c-GC-star,127,9,2,1,0,1,3.0,0.16666666666666666,,,,lost
220210_F1_run6,c-GC-star,127,10,2,1,0,1,3.0,0.16666666666666666,,,,lost
220210_F1_run6,c-GC-star,127,22,4,1,1,1,2.0,0.3333333333333333,,,,unstable
220210_F1_run6,c-GC-star,127,25,1,1,0,1,2.0,0.16666666666666666,,,,unstable
220210_F1_run6,c-GC-star,127,36,1,1,0,1,2.0,0.16666666666666666,,,,unstable
220210_F1_run6,c-GC-star,127,37,1,1,0,1,2.0,0.16666666666666666,,,,unstable
220210_F1_run6,c-GC-star,127,50,1,1,0,1,2.0,0.16666666666666666,,,,unstable
220210_F1_run6,c-GC-star,127,76,1,1,0,1,2.0,0.16666666666666666,,,,unstable
220210_F1_run6,c-GC-star,127,77,1,1,0,1,2.0,0.16666666666666666,,,,unstable
220210_F1_run6,c-GC-star,127,84,2,1,1,4,6.0,0.3333333333333333,,,,unstable
220210_F1_run6,c-GC-star,127,102,1,1,0,1,2.0,0.16666666666666666,,,,unstable
220210_F1_run6,c-GC-star,127,103,4,3,2,1,3.0,0.8333333333333334,,,,unstable
220210_F1_run6,c-GC-star,127,106,1,1,0,1,2.0,0.16666666666666666,,,,unstable
220210_F1_run6,c-GC-star,127,112,1,1,0,1,2.0,0.16666666666666666,,,,unstable
220210_F1_run6,c-GC-star,127,122,1,0,1,7,,0.16666666666666666,,,,novel
220210_F1_run6,c-GC-star,128,18,1,0,1,7,,0.16666666666666666,,,,novel
220210_F1_run6,c-GC-star,128,28,2,1,0,1,3.0,0.16666666666666666,,,,lost
220210_F1_run6,c-GC-star,128,39,1,1,0,1,2.0,0.16666666666666666,,,,unstable
220210_F1_run6,c-GC-star,128,51,1,1,0,1,2.0,0.16666666666666666,,,,unstable
220210_F1_run6,c-GC-star,128,59,3,1,1,1,2.0,0.3333333333333333,,,,unstable
220210_F1_run6,c-GC-star,128,67,3,2,2,3,5.0,0.6666666666666666,,,,unstable
220210_F1_run6,c-GC-star,128,73,1,0,1,7,,0.16666666666666666,,,,novel
220210_F1_run6,c-GC-star,128,75,7,0,0,1,,0.0,,,,stable
220210_F1_run6,c-GC-star,128,80,1,1,0,1,2.0,0.16666666666666666,,,,unstable
220210_F1_run6,c-GC-star,128,93,3,1,2,4,6.0,0.5,,,,unstable
220210_F1_run6,c-GC-star,128,119,6,1,0,1,7.0,0.16666666666666666,,,,lost
220210_F1_run6,c-GC-star,129,42,1,1,0,1,2.0,0.16666666666666666,,,,unstable
220210_F1_run6,c-GC-star,129,55,1,0,1,7,,0.16666666666666666,,,,novel
220210_F1_run6,c-GC-star,129,84,1,1,0,1,2.0,0.16666666666666666,,,,unstable
220210_F1_run6,c-GC-star,129,108,1,1,1,2,3.0,0.3333333333333333,,,,unstable
220210_F1_run6,c-GC-star,129,116,3,2,1,1,3.0,0.5,,,,unstable
220210_F1_run6,c-GC-star,129,126,1,1,0,1,2.0,0.16666666666666666,,,,unstable
220210_F2_run5,c-GC-star,0,7,2,0,1,6,,0.16666666666666666,,,,unstable
220210_F2_run5,c-GC-star,0,69,1,1,1,6,7.0,0.3333333333333333,,,,unstable
220210_F2_run5,c-GC-star,1,2,1,1,0,1,2.0,0.16666666666666666,,,,unstable
220210_F2_run5,c-GC-star,1,14,1,1,0,1,2.0,0.16666666666666666,,,,unstable
220210_F2_run5,c-GC-star,1,15,6,1,1,1,6.0,0.3333333333333333,,,,unstable
220210_F2_run5,c-GC-star,1,18,3,0,1,5,,0.16666666666666666,,,,unstable
220210_F2_run5,c-GC-star,1,43,4,2,1,1,2.0,0.5,,,,unstable
220210_F2_run5,c-GC-star,1,56,1,1,1,3,4.0,0.3333333333333333,,,,unstable
220210_F2_run5,c-GC-star,1,93,4,1,0,1,5.0,0.16666666666666666,,,,lost
220210_F2_run5,c-GC-star,2,1,4,2,2,1,2.0,0.6666666666666666,,,,unstable
220210_F2_run5,c-GC-star,2,19,1,1,0,1,2.0,0.16666666666666666,,,,unstable
220210_F2_run5,c-GC-star,2,27,1,0,1,7,,0.16666666666666666,,,,novel
220210_F2_run5,c-GC-star,2,29,6,1,1,1,3.0,0.3333333333333333,,,,unstable
220210_F2_run5,c-GC-star,2,40,1,1,0,1,2.0,0.16666666666666666,,,,unstable
220210_F2_run5,c-GC-star,3,1,3,1,1,1,3.0,0.3333333333333333,,,,unstable
220210_F2_run5,c-GC-star,3,5,1,1,0,1,2.0,0.16666666666666666,,,,unstable
220210_F2_run5,c-GC-star,3,9,3,1,0,1,4.0,0.16666666666666666,,,,lost
220210_F2_run5,c-GC-star,3,14,1,1,0,1,2.0,0.16666666666666666,,,,unstable
220210_F2_run5,c-GC-star,3,15,1,1,0,1,2.0,0.16666666666666666,,,,unstable
220210_F2_run5,c-GC-star,3,20,2,1,1,1,2.0,0.3333333333333333,,,,unstable
220210_F2_run5,c-GC-star,3,24,7,0,0,1,,0.0,,,,stable
220210_F2_run5,c-GC-star,3,25,1,1,0,1,2.0,0.16666666666666666,,,,unstable
220210_F2_run5,c-GC-star,3,28,7,0,0,1,,0.0,,,,stable
220210_F2_run5,c-GC-star,3,35,4,2,2,1,3.0,0.6666666666666666,,,,unstable
220210_F2_run5,c-GC-star,3,37,1,1,0,1,2.0,0.16666666666666666,,,,unstable
220210_F2_run5,c-GC-star,3,38,1,1,0,1,2.0,0.16666666666666666,,,,unstable
220210_F2_run5,c-GC-star,3,58,1,1,1,5,6.0,0.3333333333333333,,,,unstable
220210_F2_run5,c-GC-star,3,96,1,1,0,1,2.0,0.16666666666666666,,,,unstable
220210_F2_run5,c-GC-star,4,17,6,1,1,1,4.0,0.3333333333333333,,,,unstable
220210_F2_run5,c-GC-star,4,27,1,1,0,1,2.0,0.16666666666666666,,,,unstable
220210_F2_run5,c-GC-star,4,29,3,0,1,5,,0.16666666666666666,,,,unstable
220210_F2_run5,c-GC-star,4,101,1,1,0,1,2.0,0.16666666666666666,,,,unstable
220210_F2_run5,c-GC-star,5,15,1,1,0,1,2.0,0.16666666666666666,,,,unstable
220210_F2_run5,c-GC-star,5,24,2,1,1,1,2.0,0.3333333333333333,,,,unstable
220210_F2_run5,c-GC-star,5,28,3,2,1,1,3.0,0.5,,,,unstable
220210_F2_run5,c-GC-star,5,56,1,1,0,1,2.0,0.16666666666666666,,,,unstable
220210_F2_run5,c-GC-star,5,58,1,0,1,7,,0.16666666666666666,,,,novel
220210_F2_run5,c-GC-star,5,67,1,1,1,5,6.0,0.3333333333333333,,,,unstable
220210_F2_run5,c-GC-star,5,91,1,1,1,2,3.0,0.3333333333333333,,,,unstable
220210_F2_run5,c-GC-star,5,114,1,1,1,5,6.0,0.3333333333333333,,,,unstable
220210_F2_run5,c-GC-star,5,129,7,0,0,1,,0.0,,,,stable
220210_F2_run5,c-GC-star,5,130,3,1,0,1,4.0,0.16666666666666666,,,,lost
220210_F2_run5,c-GC-star,6,7,6,1,1,1,3.0,0.3333333333333333,,,,unstable
220210_F2_run5,c-GC-star,6,41,1,1,0,1,2.0,0.16666666666666666,,,,unstable
220210_F2_run5,c-GC-star,6,88,1,0,1,7,,0.16666666666666666,,,,novel
220210_F2_run5,c-GC-star,6,94,2,1,2,2,3.0,0.5,,,,unstable
220210_F2_run5,c-GC-star,6,108,3,3,2,1,2.0,0.8333333333333334,,,,unstable
220210_F2_run5,c-GC-star,6,130,3,0,1,5,,0.16666666666666666,,,,unstable
220210_F2_run5,c-GC-star,6,131,1,1,1,5,6.0,0.3333333333333333,,,,unstable
220210_F2_run5,c-GC-star,6,151,7,0,0,1,,0.0,,,,stable
220210_F2_run5,c-GC-star,7,6,7,0,0,1,,0.0,,,,stable
220210_F2_run5,c-GC-star,7,15,1,1,0,1,2.0,0.16666666666666666,,,,unstable
220210_F2_run5,c-GC-star,7,40,7,0,0,1,,0.0,,,,stable
220210_F2_run5,c-GC-star,7,52,1,1,0,1,2.0,0.16666666666666666,,,,unstable
220210_F2_run5,c-GC-star,7,72,1,1,1,6,7.0,0.3333333333333333,,,,unstable
220210_F2_run5,c-GC-star,7,85,1,1,1,3,4.0,0.3333333333333333,,,,unstable
220210_F2_run5,c-GC-star,7,97,1,1,0,1,2.0,0.16666666666666666,,,,unstable
220210_F2_run5,c-GC-star,7,116,4,2,2,2,3.0,0.6666666666666666,,,,unstable
220210_F2_run5,c-GC-star,7,120,2,1,1,3,5.0,0.3333333333333333,,,,unstable
220210_F2_run5,c-GC-star,8,12,1,1,0,1,2.0,0.16666666666666666,,,,unstable
220210_F2_run5,c-GC-star,8,37,1,1,0,1,2.0,0.16666666666666666,,,,unstable
220210_F2_run5,c-GC-star,8,57,1,1,0,1,2.0,0.16666666666666666,,,,unstable
220210_F2_run5,c-GC-star,8,95,1,1,0,1,2.0,0.16666666666666666,,,,unstable
220210_F2_run5,c-GC-star,8,117,2,1,1,5,7.0,0.3333333333333333,,,,unstable
220210_F2_run5,c-GC-star,8,126,1,1,0,1,2.0,0.16666666666666666,,,,unstable
220210_F2_run5,c-GC-star,8,140,1,1,0,1,2.0,0.16666666666666666,,,,unstable
220210_F2_run5,c-GC-star,8,154,1,0,1,7,,0.16666666666666666,,,,novel
220210_F2_run5,c-GC-star,8,156,1,0,1,7,,0.16666666666666666,,,,novel
220210_F2_run5,c-GC-star,9,20,1,0,1,7,,0.16666666666666666,,,,novel
220210_F2_run5,c-GC-star,9,38,1,1,1,2,3.0,0.3333333333333333,,,,unstable
220210_F2_run5,c-GC-star,9,39,7,0,0,1,,0.0,,,,stable
220210_F2_run5,c-GC-star,9,41,7,0,0,1,,0.0,,,,stable
220210_F2_run5,c-GC-star,9,53,7,0,0,1,,0.0,,,,stable
220210_F2_run5,c-GC-star,9,94,2,1,1,3,5.0,0.3333333333333333,,,,unstable
220210_F2_run5,c-GC-star,9,117,3,2,3,2,3.0,0.8333333333333334,,,,unstable
220210_F2_run5,c-GC-star,10,1,1,1,1,6,7.0,0.3333333333333333,,,,unstable
220210_F2_run5,c-GC-star,10,3,4,2,2,2,3.0,0.6666666666666666,,,,unstable
220210_F2_run5,c-GC-star,10,6,3,0,1,5,,0.16666666666666666,,,,unstable
220210_F2_run5,c-GC-star,10,9,4,1,1,1,2.0,0.3333333333333333,,,,unstable
220210_F2_run5,c-GC-star,10,15,4,1,2,2,3.0,0.5,,,,unstable
220210_F2_run5,c-GC-star,10,32,1,1,1,6,7.0,0.3333333333333333,,,,unstable
220210_F2_run5,c-GC-star,10,38,7,0,0,1,,0.0,,,,stable
220210_F2_run5,c-GC-star,10,42,7,0,0,1,,0.0,,,,stable
220210_F2_run5,c-GC-star,10,106,3,2,1,1,2.0,0.5,,,,unstable
220210_F2_run5,c-GC-star,10,129,3,1,1,4,7.0,0.3333333333333333,,,,unstable
220210_F2_run5,c-GC-star,11,31,1,1,0,1,2.0,0.16666666666666666,,,,unstable
220210_F2_run5,c-GC-star,11,34,5,1,2,2,5.0,0.5,,,,unstable
220210_F2_run5,c-GC-star,11,40,4,1,0,1,5.0,0.16666666666666666,,,,lost
220210_F2_run5,c-GC-star,11,65,3,1,1,1,3.0,0.3333333333333333,,,,unstable
220210_F2_run5,c-GC-star,11,153,1,1,0,1,2.0,0.16666666666666666,,,,unstable
220210_F2_run5,c-GC-star,12,63,3,1,0,1,4.0,0.16666666666666666,,,,lost
220210_F2_run5,c-GC-star,12,102,3,2,2,1,2.0,0.6666666666666666,,,,unstable
220210_F2_run5,c-GC-star,12,133,1,1,0,1,2.0,0.16666666666666666,,,,unstable
220210_F2_run5,c-GC-star,13,1,5,1,2,2,5.0,0.5,,,,unstable
220210_F2_run5,c-GC-star,13,6,4,2,2,2,5.0,0.6666666666666666,,,,unstable
220210_F2_run5,c-GC-star,13,7,6,0,1,2,,0.16666666666666666,,,,unstable
220210_F2_run5,c-GC-star,13,9,2,1,1,2,4.0,0.3333333333333333,,,,unstable
220210_F2_run5,c-GC-star,13,10,6,0,1,2,,0.16666666666666666,,,,unstable
220210_F2_run5,c-GC-star,13,15,1,1,1,2,3.0,0.3333333333333333,,,,unstable
220210_F2_run5,c-GC-star,13,18,2,1,1,3,5.0,0.3333333333333333,,,,unstable
220210_F2_run5,c-GC-star,13,24,7,0,0,1,,0.0,,,,stable
220210_F2_run5,c-GC-star,13,35,1,1,1,2,3.0,0.3333333333333333,,,,unstable
220210_F2_run5,c-GC-star,13,37,1,1,1,6,7.0,0.3333333333333333,,,,unstable
220210_F2_run5,c-GC-star,13,38,6,0,1,2,,0.16666666666666666,,,,unstable
220210_F2_run5,c-GC-star,13,39,2,2,2,2,3.0,0.6666666666666666,,,,unstable
220210_F2_run5,c-GC-star,13,40,6,1,1,1,3.0,0.3333333333333333,,,,unstable
220210_F2_run5,c-GC-star,13,47,7,0,0,1,,0.0,,,,stable
220210_F2_run5,c-GC-star,13,52,2,2,2,2,3.0,0.6666666666666666,,,,unstable
220210_F2_run5,c-GC-star,13,67,7,0,0,1,,0.0,,,,stable
220210_F2_run5,c-GC-star,13,86,6,0,1,2,,0.16666666666666666,,,,unstable
220210_F2_run5,c-GC-star,13,87,5,1,2,2,3.0,0.5,,,,unstable
220210_F2_run5,c-GC-star,13,95,1,0,1,7,,0.16666666666666666,,,,novel
220210_F2_run5,c-GC-star,13,96,2,2,1,1,2.0,0.5,,,,unstable
220210_F2_run5,c-GC-star,13,97,1,1,1,4,5.0,0.3333333333333333,,,,unstable
220210_F2_run5,c-GC-star,13,104,6,0,1,2,,0.16666666666666666,,,,unstable
220210_F2_run5,c-GC-star,13,105,6,0,1,2,,0.16666666666666666,,,,unstable
220210_F2_run5,c-GC-star,13,107,4,0,1,4,,0.16666666666666666,,,,unstable
220210_F2_run5,c-GC-star,13,117,3,3,3,2,3.0,1.0,,,,unstable
220210_F2_run5,c-GC-star,13,119,2,1,1,2,4.0,0.3333333333333333,,,,unstable
220210_F2_run5,c-GC-star,13,128,7,0,0,1,,0.0,,,,stable
220210_F2_run5,c-GC-star,13,130,6,0,1,2,,0.16666666666666666,,,,unstable
220210_F2_run5,c-GC-star,13,144,7,0,0,1,,0.0,,,,stable
220210_F2_run5,c-GC-star,13,151,6,1,0,1,7.0,0.16666666666666666,,,,lost
220210_F2_run5,c-GC-star,14,0,7,0,0,1,,0.0,,,,stable
220210_F2_run5,c-GC-star,14,6,3,0,1,5,,0.16666666666666666,,,,unstable
220210_F2_run5,c-GC-star,14,15,2,2,1,1,2.0,0.5,,,,unstable
220210_F2_run5,c-GC-star,14,17,1,1,0,1,2.0,0.16666666666666666,,,,unstable
220210_F2_run5,c-GC-star,14,147,3,1,2,4,5.0,0.5,,,,unstable
220210_F2_run5,c-GC-star,15,0,4,1,1,1,3.0,0.3333333333333333,,,,unstable
220210_F2_run5,c-GC-star,15,1,1,1,0,1,2.0,0.16666666666666666,,,,unstable
220210_F2_run5,c-GC-star,15,6,1,1,0,1,2.0,0.16666666666666666,,,,unstable
220210_F2_run5,c-GC-star,15,11,1,1,1,5,6.0,0.3333333333333333,,,,unstable
220210_F2_run5,c-GC-star,15,14,6,1,0,1,7.0,0.16666666666666666,,,,lost
220210_F2_run5,c-GC-star,15,34,7,0,0,1,,0.0,,,,stable
220210_F2_run5,c-GC-star,15,39,1,1,0,1,2.0,0.16666666666666666,,,,unstable
220210_F2_run5,c-GC-star,15,40,1,0,1,7,,0.16666666666666666,,,,novel
220210_F2_run5,c-GC-star,15,86,2,2,1,1,2.0,0.5,,,,unstable
220210_F2_run5,c-GC-star,15,95,1,1,1,2,3.0,0.3333333333333333,,,,unstable
220210_F2_run5,c-GC-star,15,97,3,1,0,1,4.0,0.16666666666666666,,,,lost
220210_F2_run5,c-GC-star,15,111,1,1,0,1,2.0,0.16666666666666666,,,,unstable
220210_F2_run5,c-GC-star,15,129,1,1,0,1,2.0,0.16666666666666666,,,,unstable
220210_F2_run5,c-GC-star,15,130,6,1,1,1,5.0,0.3333333333333333,,,,unstable
220210_F2_run5,c-GC-star,15,133,1,0,1,7,,0.16666666666666666,,,,novel
220210_F2_run5,c-GC-star,15,157,7,0,0,1,,0.0,,,,stable
220210_F2_run5,c-GC-star,16,34,1,1,0,1,2.0,0.16666666666666666,,,,unstable
220210_F2_run5,c-GC-star,16,83,5,1,1,1,2.0,0.3333333333333333,,,,unstable
220210_F2_run5,c-GC-star,16,148,1,1,0,1,2.0,0.16666666666666666,,,,unstable
220210_F2_run5,c-GC-star,16,149,1,1,0,1,2.0,0.16666666666666666,,,,unstable
220210_F2_run5,c-GC-star,17,4,1,1,0,1,2.0,0.16666666666666666,,,,unstable
220210_F2_run5,c-GC-star,17,27,1,1,0,1,2.0,0.16666666666666666,,,,unstable
220210_F2_run5,c-GC-star,17,71,1,1,1,6,7.0,0.3333333333333333,,,,unstable
220210_F2_run5,c-GC-star,17,100,1,0,1,7,,0.16666666666666666,,,,novel
220210_F2_run5,c-GC-star,18,1,6,1,1,1,5.0,0.3333333333333333,,,,unstable
220210_F2_run5,c-GC-star,18,9,6,0,1,2,,0.16666666666666666,,,,unstable
220210_F2_run5,c-GC-star,18,14,7,0,0,1,,0.0,,,,stable
220210_F2_run5,c-GC-star,18,15,6,1,1,1,6.0,0.3333333333333333,,,,unstable
220210_F2_run5,c-GC-star,18,34,7,0,0,1,,0.0,,,,stable
220210_F2_run5,c-GC-star,18,38,6,0,1,2,,0.16666666666666666,,,,unstable
220210_F2_run5,c-GC-star,18,39,1,1,1,2,3.0,0.3333333333333333,,,,unstable
220210_F2_run5,c-GC-star,18,43,7,0,0,1,,0.0,,,,stable
220210_F2_run5,c-GC-star,18,73,6,0,1,2,,0.16666666666666666,,,,unstable
220210_F2_run5,c-GC-star,18,94,1,1,1,3,4.0,0.3333333333333333,,,,unstable
220210_F2_run5,c-GC-star,19,112,1,1,0,1,2.0,0.16666666666666666,,,,unstable
220210_F2_run5,c-GC-star,20,5,1,1,0,1,2.0,0.16666666666666666,,,,unstable
220210_F2_run5,c-GC-star,20,11,1,1,0,1,2.0,0.16666666666666666,,,,unstable
220210_F2_run5,c-GC-star,20,17,1,1,1,6,7.0,0.3333333333333333,,,,unstable
220210_F2_run5,c-GC-star,20,23,1,1,0,1,2.0,0.16666666666666666,,,,unstable
220210_F2_run5,c-GC-star,20,28,2,1,0,1,3.0,0.16666666666666666,,,,lost
220210_F2_run5,c-GC-star,20,36,2,1,1,3,5.0,0.3333333333333333,,,,unstable
220210_F2_run5,c-GC-star,20,140,1,1,1,3,4.0,0.3333333333333333,,,,unstable
220210_F2_run5,c-GC-star,21,35,2,1,0,1,3.0,0.16666666666666666,,,,lost
220210_F2_run5,c-GC-star,22,8,4,1,0,1,5.0,0.16666666666666666,,,,lost
220210_F2_run5,c-GC-star,22,26,6,0,1,2,,0.16666666666666666,,,,unstable
220210_F2_run5,c-GC-star,22,46,3,1,0,1,4.0,0.16666666666666666,,,,lost
220210_F2_run5,c-GC-star,22,88,1,1,1,5,6.0,0.3333333333333333,,,,unstable
220210_F2_run5,c-GC-star,22,119,2,0,1,6,,0.16666666666666666,,,,unstable
220210_F2_run5,c-GC-star,22,128,1,0,1,7,,0.16666666666666666,,,,novel
220210_F2_run5,c-GC-star,22,147,5,0,1,3,,0.16666666666666666,,,,unstable
220210_F2_run5,c-GC-star,22,148,1,0,1,7,,0.16666666666666666,,,,novel
220210_F2_run5,c-GC-star,22,152,1,1,0,1,2.0,0.16666666666666666,,,,unstable
220210_F2_run5,c-GC-star,23,4,1,1,1,5,6.0,0.3333333333333333,,,,unstable
220210_F2_run5,c-GC-star,23,15,2,1,1,4,6.0,0.3333333333333333,,,,unstable
220210_F2_run5,c-GC-star,23,19,4,1,1,3,7.0,0.3333333333333333,,,,unstable
220210_F2_run5,c-GC-star,23,31,1,1,1,5,6.0,0.3333333333333333,,,,unstable
220210_F2_run5,c-GC-star,23,54,1,1,1,5,6.0,0.3333333333333333,,,,unstable
220210_F2_run5,c-GC-star,23,153,2,1,1,2,4.0,0.3333333333333333,,,,unstable
220210_F2_run5,c-GC-star,24,1,4,2,2,2,3.0,0.6666666666666666,,,,unstable
220210_F2_run5,c-GC-star,24,3,7,0,0,1,,0.0,,,,stable
220210_F2_run5,c-GC-star,24,8,1,1,1,5,6.0,0.3333333333333333,,,,unstable
220210_F2_run5,c-GC-star,24,20,1,1,1,4,5.0,0.3333333333333333,,,,unstable
220210_F2_run5,c-GC-star,24,28,5,2,1,1,4.0,0.5,,,,unstable
220210_F2_run5,c-GC-star,24,50,1,1,0,1,2.0,0.16666666666666666,,,,unstable
220210_F2_run5,c-GC-star,24,66,1,1,0,1,2.0,0.16666666666666666,,,,unstable
220210_F2_run5,c-GC-star,24,73,1,1,0,1,2.0,0.16666666666666666,,,,unstable
220210_F2_run5,c-GC-star,24,74,3,2,1,1,3.0,0.5,,,,unstable
220210_F2_run5,c-GC-star,24,94,1,1,0,1,2.0,0.16666666666666666,,,,unstable
220210_F2_run5,c-GC-star,24,97,3,2,2,1,2.0,0.6666666666666666,,,,unstable
220210_F2_run5,c-GC-star,24,130,1,1,0,1,2.0,0.16666666666666666,,,,unstable
220210_F2_run5,c-GC-star,24,134,1,1,1,3,4.0,0.3333333333333333,,,,unstable
220210_F2_run5,c-GC-star,24,157,1,1,0,1,2.0,0.16666666666666666,,,,unstable
220210_F2_run5,c-GC-star,25,78,1,0,1,7,,0.16666666666666666,,,,novel
220210_F2_run5,c-GC-star,25,85,2,1,2,2,3.0,0.5,,,,unstable
220210_F2_run5,c-GC-star,25,126,1,0,1,7,,0.16666666666666666,,,,novel
220210_F2_run5,c-GC-star,25,136,2,1,0,1,3.0,0.16666666666666666,,,,lost
220210_F2_run5,c-GC-star,26,2,4,0,1,4,,0.16666666666666666,,,,unstable
220210_F2_run5,c-GC-star,26,4,4,2,1,1,3.0,0.5,,,,unstable
220210_F2_run5,c-GC-star,26,8,2,0,1,6,,0.16666666666666666,,,,unstable
220210_F2_run5,c-GC-star,26,37,1,0,1,7,,0.16666666666666666,,,,novel
220210_F2_run5,c-GC-star,26,46,1,1,1,2,3.0,0.3333333333333333,,,,unstable
220210_F2_run5,c-GC-star,26,86,1,1,0,1,2.0,0.16666666666666666,,,,unstable
220210_F2_run5,c-GC-star,27,0,1,1,1,4,5.0,0.3333333333333333,,,,unstable
220210_F2_run5,c-GC-star,27,18,1,1,0,1,2.0,0.16666666666666666,,,,unstable
220210_F2_run5,c-GC-star,27,30,2,1,1,2,4.0,0.3333333333333333,,,,unstable
220210_F2_run5,c-GC-star,27,47,1,1,0,1,2.0,0.16666666666666666,,,,unstable
220210_F2_run5,c-GC-star,27,105,1,0,1,7,,0.16666666666666666,,,,novel
220210_F2_run5,c-GC-star,27,109,1,1,1,4,5.0,0.3333333333333333,,,,unstable
220210_F2_run5,c-GC-star,27,111,2,2,2,4,5.0,0.6666666666666666,,,,unstable
220210_F2_run5,c-GC-star,27,118,2,1,1,5,7.0,0.3333333333333333,,,,unstable
220210_F2_run5,c-GC-star,27,119,1,1,1,4,5.0,0.3333333333333333,,,,unstable
220210_F2_run5,c-GC-star,28,20,7,0,0,1,,0.0,,,,stable
220210_F2_run5,c-GC-star,28,23,1,0,1,7,,0.16666666666666666,,,,novel
220210_F2_run5,c-GC-star,28,24,7,0,0,1,,0.0,,,,stable
220210_F2_run5,c-GC-star,28,37,1,1,0,1,2.0,0.16666666666666666,,,,unstable
220210_F2_run5,c-GC-star,28,78,1,1,0,1,2.0,0.16666666666666666,,,,unstable
220210_F2_run5,c-GC-star,28,82,2,2,1,1,2.0,0.5,,,,unstable
220210_F2_run5,c-GC-star,28,104,2,1,0,1,3.0,0.16666666666666666,,,,lost
220210_F2_run5,c-GC-star,28,141,7,0,0,1,,0.0,,,,stable
220210_F2_run5,c-GC-star,28,143,1,1,0,1,2.0,0.16666666666666666,,,,unstable
220210_F2_run5,c-GC-star,29,1,1,1,0,1,2.0,0.16666666666666666,,,,unstable
220210_F2_run5,c-GC-star,29,2,1,1,0,1,2.0,0.16666666666666666,,,,unstable
220210_F2_run5,c-GC-star,29,17,1,1,0,1,2.0,0.16666666666666666,,,,unstable
220210_F2_run5,c-GC-star,29,23,1,1,0,1,2.0,0.16666666666666666,,,,unstable
220210_F2_run5,c-GC-star,29,37,1,1,0,1,2.0,0.16666666666666666,,,,unstable
220210_F2_run5,c-GC-star,29,102,1,1,1,6,7.0,0.3333333333333333,,,,unstable
220210_F2_run5,c-GC-star,30,23,1,1,0,1,2.0,0.16666666666666666,,,,unstable
220210_F2_run5,c-GC-star,30,25,1,1,0,1,2.0,0.16666666666666666,,,,unstable
220210_F2_run5,c-GC-star,30,35,1,1,0,1,2.0,0.16666666666666666,,,,unstable
220210_F2_run5,c-GC-star,30,40,1,1,1,6,7.0,0.3333333333333333,,,,unstable
220210_F2_run5,c-GC-star,30,69,1,1,0,1,2.0,0.16666666666666666,,,,unstable
220210_F2_run5,c-GC-star,30,73,1,0,1,7,,0.16666666666666666,,,,novel
220210_F2_run5,c-GC-star,30,108,2,1,2,3,4.0,0.5,,,,unstable
220210_F2_run5,c-GC-star,30,117,1,0,1,7,,0.16666666666666666,,,,novel
220210_F2_run5,c-GC-star,30,130,1,1,0,1,2.0,0.16666666666666666,,,,unstable
220210_F2_run5,c-GC-star,31,0,1,1,1,2,3.0,0.3333333333333333,,,,unstable
220210_F2_run5,c-GC-star,31,7,3,1,1,4,7.0,0.3333333333333333,,,,unstable
220210_F2_run5,c-GC-star,31,24,5,2,1,1,4.0,0.5,,,,unstable
220210_F2_run5,c-GC-star,31,59,5,1,2,2,3.0,0.5,,,,unstable
220210_F2_run5,c-GC-star,31,97,1,1,0,1,2.0,0.16666666666666666,,,,unstable
220210_F2_run5,c-GC-star,31,151,1,1,0,1,2.0,0.16666666666666666,,,,unstable
220210_F2_run5,c-GC-star,32,10,1,1,0,1,2.0,0.16666666666666666,,,,unstable
220210_F2_run5,c-GC-star,32,42,3,1,1,1,2.0,0.3333333333333333,,,,unstable
220210_F2_run5,c-GC-star,32,104,2,2,1,1,2.0,0.5,,,,unstable
220210_F2_run5,c-GC-star,32,106,1,1,0,1,2.0,0.16666666666666666,,,,unstable
220210_F2_run5,c-GC-star,32,146,5,2,1,1,4.0,0.5,,,,unstable
220210_F2_run5,c-GC-star,32,158,1,1,0,1,2.0,0.16666666666666666,,,,unstable
220210_F2_run5,c-GC-star,33,6,4,1,1,1,2.0,0.3333333333333333,,,,unstable
220210_F2_run5,c-GC-star,33,7,1,1,1,4,5.0,0.3333333333333333,,,,unstable
220210_F2_run5,c-GC-star,33,19,7,0,0,1,,0.0,,,,stable
220210_F2_run5,c-GC-star,33,65,1,1,1,4,5.0,0.3333333333333333,,,,unstable
220210_F2_run5,c-GC-star,33,76,2,1,1,5,7.0,0.3333333333333333,,,,unstable
220210_F2_run5,c-GC-star,33,128,2,0,1,6,,0.16666666666666666,,,,unstable
220210_F2_run5,c-GC-star,33,151,1,1,1,5,6.0,0.3333333333333333,,,,unstable
220210_F2_run5,c-GC-star,34,1,1,1,0,1,2.0,0.16666666666666666,,,,unstable
220210_F2_run5,c-GC-star,34,7,2,1,1,3,5.0,0.3333333333333333,,,,unstable
220210_F2_run5,c-GC-star,34,15,1,1,0,1,2.0,0.16666666666666666,,,,unstable
220210_F2_run5,c-GC-star,34,57,4,0,1,4,,0.16666666666666666,,,,unstable
220210_F2_run5,c-GC-star,34,70,1,0,1,7,,0.16666666666666666,,,,novel
220210_F2_run5,c-GC-star,34,91,1,0,1,7,,0.16666666666666666,,,,novel
220210_F2_run5,c-GC-star,34,104,1,1,1,3,4.0,0.3333333333333333,,,,unstable
220210_F2_run5,c-GC-star,34,107,1,1,0,1,2.0,0.16666666666666666,,,,unstable
220210_F2_run5,c-GC-star,35,0,1,0,1,7,,0.16666666666666666,,,,novel
220210_F2_run5,c-GC-star,35,3,6,1,0,1,7.0,0.16666666666666666,,,,lost
220210_F2_run5,c-GC-star,35,6,2,0,1,6,,0.16666666666666666,,,,unstable
220210_F2_run5,c-GC-star,35,7,4,2,1,1,4.0,0.5,,,,unstable
220210_F2_run5,c-GC-star,35,21,1,1,1,6,7.0,0.3333333333333333,,,,unstable
220210_F2_run5,c-GC-star,35,28,5,1,0,1,6.0,0.16666666666666666,,,,lost
220210_F2_run5,c-GC-star,35,44,2,1,0,1,3.0,0.16666666666666666,,,,lost
220210_F2_run5,c-GC-star,35,62,3,1,1,3,6.0,0.3333333333333333,,,,unstable
220210_F2_run5,c-GC-star,35,74,1,1,1,2,3.0,0.3333333333333333,,,,unstable
220210_F2_run5,c-GC-star,35,106,1,1,0,1,2.0,0.16666666666666666,,,,unstable
220210_F2_run5,c-GC-star,35,122,2,1,1,2,4.0,0.3333333333333333,,,,unstable
220210_F2_run5,c-GC-star,35,127,3,2,2,1,2.0,0.6666666666666666,,,,unstable
220210_F2_run5,c-GC-star,36,27,1,0,1,7,,0.16666666666666666,,,,novel
220210_F2_run5,c-GC-star,37,3,5,1,1,1,2.0,0.3333333333333333,,,,unstable
220210_F2_run5,c-GC-star,37,8,2,2,1,1,2.0,0.5,,,,unstable
220210_F2_run5,c-GC-star,37,22,7,0,0,1,,0.0,,,,stable
220210_F2_run5,c-GC-star,37,29,3,1,0,1,4.0,0.16666666666666666,,,,lost
220210_F2_run5,c-GC-star,37,45,7,0,0,1,,0.0,,,,stable
220210_F2_run5,c-GC-star,37,50,1,1,0,1,2.0,0.16666666666666666,,,,unstable
220210_F2_run5,c-GC-star,37,60,1,1,0,1,2.0,0.16666666666666666,,,,unstable
220210_F2_run5,c-GC-star,37,62,1,1,0,1,2.0,0.16666666666666666,,,,unstable
220210_F2_run5,c-GC-star,37,85,4,2,2,1,2.0,0.6666666666666666,,,,unstable
220210_F2_run5,c-GC-star,37,103,3,2,2,3,4.0,0.6666666666666666,,,,unstable
220210_F2_run5,c-GC-star,37,108,1,1,0,1,2.0,0.16666666666666666,,,,unstable
220210_F2_run5,c-GC-star,37,134,1,1,0,1,2.0,0.16666666666666666,,,,unstable
220210_F2_run5,c-GC-star,37,135,5,2,2,1,2.0,0.6666666666666666,,,,unstable
220210_F2_run5,c-GC-star,37,160,2,1,1,1,2.0,0.3333333333333333,,,,unstable
220210_F2_run5,c-GC-star,38,1,1,0,1,7,,0.16666666666666666,,,,novel
220210_F2_run5,c-GC-star,38,3,1,0,1,7,,0.16666666666666666,,,,novel
220210_F2_run5,c-GC-star,38,7,2,2,2,2,3.0,0.6666666666666666,,,,unstable
220210_F2_run5,c-GC-star,38,9,6,0,1,2,,0.16666666666666666,,,,unstable
220210_F2_run5,c-GC-star,38,10,7,0,0,1,,0.0,,,,stable
220210_F2_run5,c-GC-star,38,13,5,1,1,2,7.0,0.3333333333333333,,,,unstable
220210_F2_run5,c-GC-star,38,15,2,0,1,6,,0.16666666666666666,,,,unstable
220210_F2_run5,c-GC-star,38,24,6,0,1,2,,0.16666666666666666,,,,unstable
220210_F2_run5,c-GC-star,38,25,1,1,1,4,5.0,0.3333333333333333,,,,unstable
220210_F2_run5,c-GC-star,38,35,3,1,2,4,5.0,0.5,,,,unstable
220210_F2_run5,c-GC-star,38,39,7,0,0,1,,0.0,,,,stable
220210_F2_run5,c-GC-star,38,41,7,0,0,1,,0.0,,,,stable
220210_F2_run5,c-GC-star,38,42,7,0,0,1,,0.0,,,,stable
220210_F2_run5,c-GC-star,38,80,1,1,1,5,6.0,0.3333333333333333,,,,unstable
220210_F2_run5,c-GC-star,38,117,4,1,1,2,6.0,0.3333333333333333,,,,unstable
220210_F2_run5,c-GC-star,39,1,2,0,1,6,,0.16666666666666666,,,,unstable
220210_F2_run5,c-GC-star,39,3,6,1,1,1,5.0,0.3333333333333333,,,,unstable
220210_F2_run5,c-GC-star,39,5,7,0,0,1,,0.0,,,,stable
220210_F2_run5,c-GC-star,39,7,6,1,1,1,3.0,0.3333333333333333,,,,unstable
220210_F2_run5,c-GC-star,39,9,7,0,0,1,,0.0,,,,stable
220210_F2_run5,c-GC-star,39,10,7,0,0,1,,0.0,,,,stable
220210_F2_run5,c-GC-star,39,18,2,1,0,1,3.0,0.16666666666666666,,,,lost
220210_F2_run5,c-GC-star,39,20,7,0,0,1,,0.0,,,,stable
220210_F2_run5,c-GC-star,39,24,7,0,0,1,,0.0,,,,stable
220210_F2_run5,c-GC-star,39,28,6,0,1,2,,0.16666666666666666,,,,unstable
220210_F2_run5,c-GC-star,39,34,1,1,0,1,2.0,0.16666666666666666,,,,unstable
220210_F2_run5,c-GC-star,39,35,1,1,0,1,2.0,0.16666666666666666,,,,unstable
220210_F2_run5,c-GC-star,39,38,5,1,1,1,5.0,0.3333333333333333,,,,unstable
220210_F2_run5,c-GC-star,39,41,7,0,0,1,,0.0,,,,stable
220210_F2_run5,c-GC-star,39,42,6,1,1,1,5.0,0.3333333333333333,,,,unstable
220210_F2_run5,c-GC-star,39,45,5,0,1,3,,0.16666666666666666,,,,unstable
220210_F2_run5,c-GC-star,39,52,1,1,0,1,2.0,0.16666666666666666,,,,unstable
220210_F2_run5,c-GC-star,39,55,1,0,1,7,,0.16666666666666666,,,,novel
220210_F2_run5,c-GC-star,39,66,1,1,0,1,2.0,0.16666666666666666,,,,unstable
220210_F2_run5,c-GC-star,39,74,2,0,1,6,,0.16666666666666666,,,,unstable
220210_F2_run5,c-GC-star,39,87,5,1,1,1,5.0,0.3333333333333333,,,,unstable
220210_F2_run5,c-GC-star,39,96,3,1,0,1,4.0,0.16666666666666666,,,,lost
220210_F2_run5,c-GC-star,39,108,7,0,0,1,,0.0,,,,stable
220210_F2_run5,c-GC-star,39,118,7,0,0,1,,0.0,,,,stable
220210_F2_run5,c-GC-star,40,6,2,0,1,6,,0.16666666666666666,,,,unstable
220210_F2_run5,c-GC-star,40,7,7,0,0,1,,0.0,,,,stable
220210_F2_run5,c-GC-star,40,11,7,0,0,1,,0.0,,,,stable
220210_F2_run5,c-GC-star,40,23,1,1,1,2,3.0,0.3333333333333333,,,,unstable
220210_F2_run5,c-GC-star,40,60,1,1,1,3,4.0,0.3333333333333333,,,,unstable
220210_F2_run5,c-GC-star,40,62,2,1,1,3,5.0,0.3333333333333333,,,,unstable
220210_F2_run5,c-GC-star,40,82,1,1,1,5,6.0,0.3333333333333333,,,,unstable
220210_F2_run5,c-GC-star,40,102,2,1,1,3,5.0,0.3333333333333333,,,,unstable
220210_F2_run5,c-GC-star,40,130,2,1,1,3,5.0,0.3333333333333333,,,,unstable
220210_F2_run5,c-GC-star,40,151,4,1,2,3,5.0,0.5,,,,unstable
220210_F2_run5,c-GC-star,40,152,5,0,1,3,,0.16666666666666666,,,,unstable
220210_F2_run5,c-GC-star,40,160,1,1,1,3,4.0,0.3333333333333333,,,,unstable
220210_F2_run5,c-GC-star,41,9,4,1,0,1,5.0,0.16666666666666666,,,,lost
220210_F2_run5,c-GC-star,41,38,2,1,1,3,5.0,0.3333333333333333,,,,unstable
220210_F2_run5,c-GC-star,41,52,1,0,1,7,,0.16666666666666666,,,,novel
220210_F2_run5,c-GC-star,41,56,1,1,1,2,3.0,0.3333333333333333,,,,unstable
220210_F2_run5,c-GC-star,41,78,2,1,1,4,6.0,0.3333333333333333,,,,unstable
220210_F2_run5,c-GC-star,41,95,1,1,0,1,2.0,0.16666666666666666,,,,unstable
220210_F2_run5,c-GC-star,42,0,2,0,1,6,,0.16666666666666666,,,,unstable
220210_F2_run5,c-GC-star,42,10,7,0,0,1,,0.0,,,,stable
220210_F2_run5,c-GC-star,42,18,4,0,1,4,,0.16666666666666666,,,,unstable
220210_F2_run5,c-GC-star,42,86,2,1,2,5,6.0,0.5,,,,unstable
220210_F2_run5,c-GC-star,42,94,7,0,0,1,,0.0,,,,stable
220210_F2_run5,c-GC-star,42,136,6,0,1,2,,0.16666666666666666,,,,unstable
220210_F2_run5,c-GC-star,42,151,1,0,1,7,,0.16666666666666666,,,,novel
220210_F2_run5,c-GC-star,42,152,1,0,1,7,,0.16666666666666666,,,,novel
220210_F2_run5,c-GC-star,43,1,7,0,0,1,,0.0,,,,stable
220210_F2_run5,c-GC-star,43,17,1,1,0,1,2.0,0.16666666666666666,,,,unstable
220210_F2_run5,c-GC-star,43,18,6,1,1,1,2.0,0.3333333333333333,,,,unstable
220210_F2_run5,c-GC-star,43,34,3,1,1,1,2.0,0.3333333333333333,,,,unstable
220210_F2_run5,c-GC-star,43,112,3,2,1,1,3.0,0.5,,,,unstable
220210_F2_run5,c-GC-star,44,20,2,0,1,6,,0.16666666666666666,,,,unstable
220210_F2_run5,c-GC-star,44,62,1,0,1,7,,0.16666666666666666,,,,novel
220210_F2_run5,c-GC-star,44,65,1,1,0,1,2.0,0.16666666666666666,,,,unstable
220210_F2_run5,c-GC-star,44,67,2,2,1,1,2.0,0.5,,,,unstable
220210_F2_run5,c-GC-star,44,68,3,1,2,4,5.0,0.5,,,,unstable
220210_F2_run5,c-GC-star,44,71,1,1,0,1,2.0,0.16666666666666666,,,,unstable
220210_F2_run5,c-GC-star,44,72,7,0,0,1,,0.0,,,,stable
220210_F2_run5,c-GC-star,44,74,1,1,1,6,7.0,0.3333333333333333,,,,unstable
220210_F2_run5,c-GC-star,44,79,7,0,0,1,,0.0,,,,stable
220210_F2_run5,c-GC-star,44,89,1,1,0,1,2.0,0.16666666666666666,,,,unstable
220210_F2_run5,c-GC-star,44,94,1,1,0,1,2.0,0.16666666666666666,,,,unstable
220210_F2_run5,c-GC-star,44,106,1,0,1,7,,0.16666666666666666,,,,novel
220210_F2_run5,c-GC-star,44,114,1,1,0,1,2.0,0.16666666666666666,,,,unstable
220210_F2_run5,c-GC-star,44,116,1,0,1,7,,0.16666666666666666,,,,novel
220210_F2_run5,c-GC-star,44,129,2,2,1,1,2.0,0.5,,,,unstable
220210_F2_run5,c-GC-star,44,130,1,1,0,1,2.0,0.16666666666666666,,,,unstable
220210_F2_run5,c-GC-star,44,132,1,1,0,1,2.0,0.16666666666666666,,,,unstable
220210_F2_run5,c-GC-star,44,134,1,1,0,1,2.0,0.16666666666666666,,,,unstable
220210_F2_run5,c-GC-star,44,146,1,1,0,1,2.0,0.16666666666666666,,,,unstable
220210_F2_run5,c-GC-star,44,152,2,1,1,1,2.0,0.3333333333333333,,,,unstable
220210_F2_run5,c-GC-star,44,153,2,1,1,1,2.0,0.3333333333333333,,,,unstable
220210_F2_run5,c-GC-star,44,164,3,1,1,1,3.0,0.3333333333333333,,,,unstable
220210_F2_run5,c-GC-star,45,5,1,0,1,7,,0.16666666666666666,,,,novel
220210_F2_run5,c-GC-star,45,6,1,1,0,1,2.0,0.16666666666666666,,,,unstable
220210_F2_run5,c-GC-star,45,25,2,1,2,4,5.0,0.5,,,,unstable
220210_F2_run5,c-GC-star,45,35,1,1,0,1,2.0,0.16666666666666666,,,,unstable
220210_F2_run5,c-GC-star,45,42,1,1,0,1,2.0,0.16666666666666666,,,,unstable
220210_F2_run5,c-GC-star,45,95,7,0,0,1,,0.0,,,,stable
220210_F2_run5,c-GC-star,45,114,1,1,1,4,5.0,0.3333333333333333,,,,unstable
220210_F2_run5,c-GC-star,45,118,6,0,1,2,,0.16666666666666666,,,,unstable
220210_F2_run5,c-GC-star,45,137,1,1,1,6,7.0,0.3333333333333333,,,,unstable
220210_F2_run5,c-GC-star,45,141,1,1,0,1,2.0,0.16666666666666666,,,,unstable
220210_F2_run5,c-GC-star,45,157,1,1,0,1,2.0,0.16666666666666666,,,,unstable
220210_F2_run5,c-GC-star,46,8,5,1,2,2,6.0,0.5,,,,unstable
220210_F2_run5,c-GC-star,46,44,1,1,1,3,4.0,0.3333333333333333,,,,unstable
220210_F2_run5,c-GC-star,46,45,1,1,0,1,2.0,0.16666666666666666,,,,unstable
220210_F2_run5,c-GC-star,46,49,1,1,0,1,2.0,0.16666666666666666,,,,unstable
220210_F2_run5,c-GC-star,46,50,2,0,1,6,,0.16666666666666666,,,,unstable
220210_F2_run5,c-GC-star,46,60,2,1,1,1,2.0,0.3333333333333333,,,,unstable
220210_F2_run5,c-GC-star,46,62,1,1,0,1,2.0,0.16666666666666666,,,,unstable
220210_F2_run5,c-GC-star,46,78,1,1,0,1,2.0,0.16666666666666666,,,,unstable
220210_F2_run5,c-GC-star,46,83,4,1,0,1,5.0,0.16666666666666666,,,,lost
220210_F2_run5,c-GC-star,46,102,1,1,0,1,2.0,0.16666666666666666,,,,unstable
220210_F2_run5,c-GC-star,46,103,1,0,1,7,,0.16666666666666666,,,,novel
220210_F2_run5,c-GC-star,46,114,3,1,2,2,4.0,0.5,,,,unstable
220210_F2_run5,c-GC-star,46,118,3,3,2,1,2.0,0.8333333333333334,,,,unstable
220210_F2_run5,c-GC-star,46,124,5,1,1,1,5.0,0.3333333333333333,,,,unstable
220210_F2_run5,c-GC-star,46,134,6,0,1,2,,0.16666666666666666,,,,unstable
220210_F2_run5,c-GC-star,46,156,6,0,1,2,,0.16666666666666666,,,,unstable
220210_F2_run5,c-GC-star,46,164,1,1,0,1,2.0,0.16666666666666666,,,,unstable
220210_F2_run5,c-GC-star,47,33,2,0,1,6,,0.16666666666666666,,,,unstable
220210_F2_run5,c-GC-star,47,50,3,0,1,5,,0.16666666666666666,,,,unstable
220210_F2_run5,c-GC-star,47,128,1,1,1,6,7.0,0.3333333333333333,,,,unstable
220210_F2_run5,c-GC-star,48,60,1,1,1,3,4.0,0.3333333333333333,,,,unstable
220210_F2_run5,c-GC-star,48,62,2,1,2,5,6.0,0.5,,,,unstable
220210_F2_run5,c-GC-star,48,64,5,0,1,3,,0.16666666666666666,,,,unstable
220210_F2_run5,c-GC-star,48,102,7,0,0,1,,0.0,,,,stable
220210_F2_run5,c-GC-star,48,124,6,0,1,2,,0.16666666666666666,,,,unstable
220210_F2_run5,c-GC-star,48,140,6,0,1,2,,0.16666666666666666,,,,unstable
220210_F2_run5,c-GC-star,48,163,2,1,2,4,5.0,0.5,,,,unstable
220210_F2_run5,c-GC-star,48,164,2,1,1,2,4.0,0.3333333333333333,,,,unstable
220210_F2_run5,c-GC-star,49,30,1,1,0,1,2.0,0.16666666666666666,,,,unstable
220210_F2_run5,c-GC-star,49,37,3,1,0,1,4.0,0.16666666666666666,,,,lost
220210_F2_run5,c-GC-star,49,45,1,1,0,1,2.0,0.16666666666666666,,,,unstable
220210_F2_run5,c-GC-star,49,48,1,1,0,1,2.0,0.16666666666666666,,,,unstable
220210_F2_run5,c-GC-star,49,61,4,1,0,1,5.0,0.16666666666666666,,,,lost
220210_F2_run5,c-GC-star,49,69,1,1,0,1,2.0,0.16666666666666666,,,,unstable
220210_F2_run5,c-GC-star,49,75,5,2,2,1,2.0,0.6666666666666666,,,,unstable
220210_F2_run5,c-GC-star,49,76,1,1,0,1,2.0,0.16666666666666666,,,,unstable
220210_F2_run5,c-GC-star,49,102,1,1,0,1,2.0,0.16666666666666666,,,,unstable
220210_F2_run5,c-GC-star,49,119,1,1,0,1,2.0,0.16666666666666666,,,,unstable
220210_F2_run5,c-GC-star,49,127,1,1,0,1,2.0,0.16666666666666666,,,,unstable
220210_F2_run5,c-GC-star,49,138,1,1,0,1,2.0,0.16666666666666666,,,,unstable
220210_F2_run5,c-GC-star,49,148,1,1,0,1,2.0,0.16666666666666666,,,,unstable
220210_F2_run5,c-GC-star,49,156,1,1,1,3,4.0,0.3333333333333333,,,,unstable
220210_F2_run5,c-GC-star,50,28,2,1,2,5,6.0,0.5,,,,unstable
220210_F2_run5,c-GC-star,50,41,2,1,1,4,6.0,0.3333333333333333,,,,unstable
220210_F2_run5,c-GC-star,50,70,1,1,0,1,2.0,0.16666666666666666,,,,unstable
220210_F2_run5,c-GC-star,50,74,1,1,1,2,3.0,0.3333333333333333,,,,unstable
220210_F2_run5,c-GC-star,50,75,4,1,1,1,2.0,0.3333333333333333,,,,unstable
220210_F2_run5,c-GC-star,50,87,1,1,0,1,2.0,0.16666666666666666,,,,unstable
220210_F2_run5,c-GC-star,50,108,1,1,0,1,2.0,0.16666666666666666,,,,unstable
220210_F2_run5,c-GC-star,50,133,1,1,1,3,4.0,0.3333333333333333,,,,unstable
220210_F2_run5,c-GC-star,50,154,1,1,0,1,2.0,0.16666666666666666,,,,unstable
220210_F2_run5,c-GC-star,50,156,1,1,0,1,2.0,0.16666666666666666,,,,unstable
220210_F2_run5,c-GC-star,50,162,2,1,2,5,6.0,0.5,,,,unstable
220210_F2_run5,c-GC-star,51,12,1,0,1,7,,0.16666666666666666,,,,novel
220210_F2_run5,c-GC-star,51,14,3,2,1,1,2.0,0.5,,,,unstable
220210_F2_run5,c-GC-star,51,15,4,1,2,3,5.0,0.5,,,,unstable
220210_F2_run5,c-GC-star,51,41,1,0,1,7,,0.16666666666666666,,,,novel
220210_F2_run5,c-GC-star,51,56,7,0,0,1,,0.0,,,,stable
220210_F2_run5,c-GC-star,51,57,7,0,0,1,,0.0,,,,stable
220210_F2_run5,c-GC-star,51,66,7,0,0,1,,0.0,,,,stable
220210_F2_run5,c-GC-star,51,70,6,1,1,1,2.0,0.3333333333333333,,,,unstable
220210_F2_run5,c-GC-star,51,78,1,1,0,1,2.0,0.16666666666666666,,,,unstable
220210_F2_run5,c-GC-star,51,80,5,1,0,1,6.0,0.16666666666666666,,,,lost
220210_F2_run5,c-GC-star,51,89,2,1,1,1,2.0,0.3333333333333333,,,,unstable
220210_F2_run5,c-GC-star,51,103,1,1,1,6,7.0,0.3333333333333333,,,,unstable
220210_F2_run5,c-GC-star,51,127,7,0,0,1,,0.0,,,,stable
220210_F2_run5,c-GC-star,52,57,6,0,1,2,,0.16666666666666666,,,,unstable
220210_F2_run5,c-GC-star,52,68,7,0,0,1,,0.0,,,,stable
220210_F2_run5,c-GC-star,52,96,1,1,0,1,2.0,0.16666666666666666,,,,unstable
220210_F2_run5,c-GC-star,52,114,1,1,0,1,2.0,0.16666666666666666,,,,unstable
220210_F2_run5,c-GC-star,53,20,1,1,1,3,4.0,0.3333333333333333,,,,unstable
220210_F2_run5,c-GC-star,53,22,1,1,0,1,2.0,0.16666666666666666,,,,unstable
220210_F2_run5,c-GC-star,53,25,4,1,0,1,5.0,0.16666666666666666,,,,lost
220210_F2_run5,c-GC-star,53,54,1,1,0,1,2.0,0.16666666666666666,,,,unstable
220210_F2_run5,c-GC-star,53,78,1,1,0,1,2.0,0.16666666666666666,,,,unstable
220210_F2_run5,c-GC-star,53,98,4,1,0,1,5.0,0.16666666666666666,,,,lost
220210_F2_run5,c-GC-star,53,106,2,1,0,1,3.0,0.16666666666666666,,,,lost
220210_F2_run5,c-GC-star,53,107,1,1,1,6,7.0,0.3333333333333333,,,,unstable
220210_F2_run5,c-GC-star,53,118,3,0,1,5,,0.16666666666666666,,,,unstable
220210_F2_run5,c-GC-star,53,124,2,1,2,3,4.0,0.5,,,,unstable
220210_F2_run5,c-GC-star,53,134,2,0,1,6,,0.16666666666666666,,,,unstable
220210_F2_run5,c-GC-star,53,137,2,1,1,5,7.0,0.3333333333333333,,,,unstable
220210_F2_run5,c-GC-star,53,139,2,1,0,1,3.0,0.16666666666666666,,,,lost
220210_F2_run5,c-GC-star,53,143,2,1,0,1,3.0,0.16666666666666666,,,,lost
220210_F2_run5,c-GC-star,53,145,1,1,0,1,2.0,0.16666666666666666,,,,unstable
220210_F2_run5,c-GC-star,53,149,2,0,1,6,,0.16666666666666666,,,,unstable
220210_F2_run5,c-GC-star,53,154,3,1,2,4,5.0,0.5,,,,unstable
220210_F2_run5,c-GC-star,54,34,3,1,1,2,5.0,0.3333333333333333,,,,unstable
220210_F2_run5,c-GC-star,54,158,1,0,1,7,,0.16666666666666666,,,,novel
220210_F2_run5,c-GC-star,55,45,3,2,2,1,2.0,0.6666666666666666,,,,unstable
220210_F2_run5,c-GC-star,56,14,3,0,1,5,,0.16666666666666666,,,,unstable
220210_F2_run5,c-GC-star,56,16,5,1,0,1,6.0,0.16666666666666666,,,,lost
220210_F2_run5,c-GC-star,56,34,1,1,1,6,7.0,0.3333333333333333,,,,unstable
220210_F2_run5,c-GC-star,56,49,1,1,0,1,2.0,0.16666666666666666,,,,unstable
220210_F2_run5,c-GC-star,56,57,1,1,1,2,3.0,0.3333333333333333,,,,unstable
220210_F2_run5,c-GC-star,56,70,4,0,1,4,,0.16666666666666666,,,,unstable
220210_F2_run5,c-GC-star,56,75,2,1,0,1,3.0,0.16666666666666666,,,,lost
220210_F2_run5,c-GC-star,57,7,1,1,1,3,4.0,0.3333333333333333,,,,unstable
220210_F2_run5,c-GC-star,57,8,5,1,1,2,7.0,0.3333333333333333,,,,unstable
220210_F2_run5,c-GC-star,57,37,1,1,1,2,3.0,0.3333333333333333,,,,unstable
220210_F2_run5,c-GC-star,57,44,4,2,2,1,3.0,0.6666666666666666,,,,unstable
220210_F2_run5,c-GC-star,57,46,1,1,0,1,2.0,0.16666666666666666,,,,unstable
220210_F2_run5,c-GC-star,57,50,4,2,2,2,4.0,0.6666666666666666,,,,unstable
220210_F2_run5,c-GC-star,57,52,6,0,1,2,,0.16666666666666666,,,,unstable
220210_F2_run5,c-GC-star,57,53,1,1,1,5,6.0,0.3333333333333333,,,,unstable
220210_F2_run5,c-GC-star,57,56,6,0,1,2,,0.16666666666666666,,,,unstable
220210_F2_run5,c-GC-star,57,59,3,2,1,1,3.0,0.5,,,,unstable
220210_F2_run5,c-GC-star,57,68,6,0,1,2,,0.16666666666666666,,,,unstable
220210_F2_run5,c-GC-star,57,70,7,0,0,1,,0.0,,,,stable
220210_F2_run5,c-GC-star,57,73,3,2,2,2,4.0,0.6666666666666666,,,,unstable
220210_F2_run5,c-GC-star,57,75,3,1,2,4,5.0,0.5,,,,unstable
220210_F2_run5,c-GC-star,57,85,5,0,1,3,,0.16666666666666666,,,,unstable
220210_F2_run5,c-GC-star,57,89,7,0,0,1,,0.0,,,,stable
220210_F2_run5,c-GC-star,57,91,7,0,0,1,,0.0,,,,stable
220210_F2_run5,c-GC-star,57,92,2,1,0,1,3.0,0.16666666666666666,,,,lost
220210_F2_run5,c-GC-star,57,97,2,1,0,1,3.0,0.16666666666666666,,,,lost
220210_F2_run5,c-GC-star,57,102,2,1,2,5,6.0,0.5,,,,unstable
220210_F2_run5,c-GC-star,57,104,3,1,2,3,5.0,0.5,,,,unstable
220210_F2_run5,c-GC-star,57,114,4,2,3,2,3.0,0.8333333333333334,,,,unstable
220210_F2_run5,c-GC-star,57,118,4,0,1,4,,0.16666666666666666,,,,unstable
220210_F2_run5,c-GC-star,57,147,4,1,1,2,6.0,0.3333333333333333,,,,unstable
220210_F2_run5,c-GC-star,58,34,1,0,1,7,,0.16666666666666666,,,,novel
220210_F2_run5,c-GC-star,58,52,4,1,1,3,7.0,0.3333333333333333,,,,unstable
220210_F2_run5,c-GC-star,58,56,3,0,1,5,,0.16666666666666666,,,,unstable
220210_F2_run5,c-GC-star,58,57,7,0,0,1,,0.0,,,,stable
220210_F2_run5,c-GC-star,58,66,4,0,1,4,,0.16666666666666666,,,,unstable
220210_F2_run5,c-GC-star,58,69,6,0,1,2,,0.16666666666666666,,,,unstable
220210_F2_run5,c-GC-star,58,70,6,0,1,2,,0.16666666666666666,,,,unstable
220210_F2_run5,c-GC-star,58,75,4,1,1,3,7.0,0.3333333333333333,,,,unstable
220210_F2_run5,c-GC-star,58,89,2,0,1,6,,0.16666666666666666,,,,unstable
220210_F2_run5,c-GC-star,58,91,3,0,1,5,,0.16666666666666666,,,,unstable
220210_F2_run5,c-GC-star,58,102,2,0,1,6,,0.16666666666666666,,,,unstable
220210_F2_run5,c-GC-star,58,114,2,1,2,5,6.0,0.5,,,,unstable
220210_F2_run5,c-GC-star,58,127,1,0,1,7,,0.16666666666666666,,,,novel
220210_F2_run5,c-GC-star,58,153,3,0,1,5,,0.16666666666666666,,,,unstable
220210_F2_run5,c-GC-star,58,155,2,1,1,5,7.0,0.3333333333333333,,,,unstable
220210_F2_run5,c-GC-star,59,109,1,1,1,4,5.0,0.3333333333333333,,,,unstable
220210_F2_run5,c-GC-star,59,114,3,2,1,1,2.0,0.5,,,,unstable
220210_F2_run5,c-GC-star,60,20,2,1,1,5,7.0,0.3333333333333333,,,,unstable
220210_F2_run5,c-GC-star,60,45,5,1,1,2,7.0,0.3333333333333333,,,,unstable
220210_F2_run5,c-GC-star,60,48,7,0,0,1,,0.0,,,,stable
220210_F2_run5,c-GC-star,60,58,1,1,1,6,7.0,0.3333333333333333,,,,unstable
220210_F2_run5,c-GC-star,60,61,6,1,1,1,4.0,0.3333333333333333,,,,unstable
220210_F2_run5,c-GC-star,60,65,5,0,1,3,,0.16666666666666666,,,,unstable
220210_F2_run5,c-GC-star,60,80,4,1,2,2,5.0,0.5,,,,unstable
220210_F2_run5,c-GC-star,60,83,7,0,0,1,,0.0,,,,stable
220210_F2_run5,c-GC-star,60,85,4,0,1,4,,0.16666666666666666,,,,unstable
220210_F2_run5,c-GC-star,60,88,2,2,2,3,4.0,0.6666666666666666,,,,unstable
220210_F2_run5,c-GC-star,60,90,2,0,1,6,,0.16666666666666666,,,,unstable
220210_F2_run5,c-GC-star,60,102,6,0,1,2,,0.16666666666666666,,,,unstable
220210_F2_run5,c-GC-star,60,118,2,1,2,5,6.0,0.5,,,,unstable
220210_F2_run5,c-GC-star,60,119,7,0,0,1,,0.0,,,,stable
220210_F2_run5,c-GC-star,60,120,1,0,1,7,,0.16666666666666666,,,,novel
220210_F2_run5,c-GC-star,60,121,1,0,1,7,,0.16666666666666666,,,,novel
220210_F2_run5,c-GC-star,60,124,5,1,1,2,7.0,0.3333333333333333,,,,unstable
220210_F2_run5,c-GC-star,60,125,6,0,1,2,,0.16666666666666666,,,,unstable
220210_F2_run5,c-GC-star,60,126,1,1,1,5,6.0,0.3333333333333333,,,,unstable
220210_F2_run5,c-GC-star,60,127,2,1,1,2,4.0,0.3333333333333333,,,,unstable
220210_F2_run5,c-GC-star,60,135,6,0,1,2,,0.16666666666666666,,,,unstable
220210_F2_run5,c-GC-star,60,139,7,0,0,1,,0.0,,,,stable
220210_F2_run5,c-GC-star,60,140,7,0,0,1,,0.0,,,,stable
220210_F2_run5,c-GC-star,60,154,2,2,2,2,3.0,0.6666666666666666,,,,unstable
220210_F2_run5,c-GC-star,60,156,4,1,2,3,4.0,0.5,,,,unstable
220210_F2_run5,c-GC-star,60,157,2,1,1,4,6.0,0.3333333333333333,,,,unstable
220210_F2_run5,c-GC-star,60,163,4,2,1,1,3.0,0.5,,,,unstable
220210_F2_run5,c-GC-star,61,12,1,1,1,5,6.0,0.3333333333333333,,,,unstable
220210_F2_run5,c-GC-star,61,37,1,1,0,1,2.0,0.16666666666666666,,,,unstable
220210_F2_run5,c-GC-star,61,62,6,1,1,1,3.0,0.3333333333333333,,,,unstable
220210_F2_run5,c-GC-star,61,65,1,1,0,1,2.0,0.16666666666666666,,,,unstable
220210_F2_run5,c-GC-star,61,73,7,0,0,1,,0.0,,,,stable
220210_F2_run5,c-GC-star,61,75,1,0,1,7,,0.16666666666666666,,,,novel
220210_F2_run5,c-GC-star,61,102,1,1,0,1,2.0,0.16666666666666666,,,,unstable
220210_F2_run5,c-GC-star,61,103,1,1,1,5,6.0,0.3333333333333333,,,,unstable
220210_F2_run5,c-GC-star,61,114,1,1,0,1,2.0,0.16666666666666666,,,,unstable
220210_F2_run5,c-GC-star,61,116,2,0,1,6,,0.16666666666666666,,,,unstable
220210_F2_run5,c-GC-star,61,118,4,1,1,1,3.0,0.3333333333333333,,,,unstable
220210_F2_run5,c-GC-star,61,119,2,0,1,6,,0.16666666666666666,,,,unstable
220210_F2_run5,c-GC-star,61,131,2,0,1,6,,0.16666666666666666,,,,unstable
220210_F2_run5,c-GC-star,61,133,1,0,1,7,,0.16666666666666666,,,,novel
220210_F2_run5,c-GC-star,61,134,1,0,1,7,,0.16666666666666666,,,,novel
220210_F2_run5,c-GC-star,61,141,1,0,1,7,,0.16666666666666666,,,,novel
220210_F2_run5,c-GC-star,61,147,1,0,1,7,,0.16666666666666666,,,,novel
220210_F2_run5,c-GC-star,62,3,1,1,0,1,2.0,0.16666666666666666,,,,unstable
220210_F2_run5,c-GC-star,62,7,6,1,1,1,4.0,0.3333333333333333,,,,unstable
220210_F2_run5,c-GC-star,62,9,1,1,0,1,2.0,0.16666666666666666,,,,unstable
220210_F2_run5,c-GC-star,62,24,6,1,1,1,2.0,0.3333333333333333,,,,unstable
220210_F2_run5,c-GC-star,62,28,6,1,0,1,7.0,0.16666666666666666,,,,lost
220210_F2_run5,c-GC-star,62,30,3,2,2,3,5.0,0.6666666666666666,,,,unstable
220210_F2_run5,c-GC-star,62,41,1,1,0,1,2.0,0.16666666666666666,,,,unstable
220210_F2_run5,c-GC-star,62,48,1,1,0,1,2.0,0.16666666666666666,,,,unstable
220210_F2_run5,c-GC-star,62,51,3,2,1,1,2.0,0.5,,,,unstable
220210_F2_run5,c-GC-star,62,56,1,1,0,1,2.0,0.16666666666666666,,,,unstable
220210_F2_run5,c-GC-star,62,57,7,0,0,1,,0.0,,,,stable
220210_F2_run5,c-GC-star,62,58,1,1,0,1,2.0,0.16666666666666666,,,,unstable
220210_F2_run5,c-GC-star,62,60,6,1,1,1,4.0,0.3333333333333333,,,,unstable
220210_F2_run5,c-GC-star,62,63,6,1,1,1,3.0,0.3333333333333333,,,,unstable
220210_F2_run5,c-GC-star,62,66,1,1,0,1,2.0,0.16666666666666666,,,,unstable
220210_F2_run5,c-GC-star,62,69,7,0,0,1,,0.0,,,,stable
220210_F2_run5,c-GC-star,62,70,7,0,0,1,,0.0,,,,stable
220210_F2_run5,c-GC-star,62,72,7,0,0,1,,0.0,,,,stable
220210_F2_run5,c-GC-star,62,80,7,0,0,1,,0.0,,,,stable
220210_F2_run5,c-GC-star,62,88,1,1,0,1,2.0,0.16666666666666666,,,,unstable
220210_F2_run5,c-GC-star,62,89,3,1,2,4,5.0,0.5,,,,unstable
220210_F2_run5,c-GC-star,62,91,4,1,2,3,5.0,0.5,,,,unstable
220210_F2_run5,c-GC-star,62,102,5,2,2,1,4.0,0.6666666666666666,,,,unstable
220210_F2_run5,c-GC-star,62,113,1,1,0,1,2.0,0.16666666666666666,,,,unstable
220210_F2_run5,c-GC-star,62,117,7,0,0,1,,0.0,,,,stable
220210_F2_run5,c-GC-star,62,124,7,0,0,1,,0.0,,,,stable
220210_F2_run5,c-GC-star,62,125,2,1,1,1,2.0,0.3333333333333333,,,,unstable
220210_F2_run5,c-GC-star,62,127,3,2,1,1,2.0,0.5,,,,unstable
220210_F2_run5,c-GC-star,62,146,1,0,1,7,,0.16666666666666666,,,,novel
220210_F2_run5,c-GC-star,63,44,2,0,1,6,,0.16666666666666666,,,,unstable
220210_F2_run5,c-GC-star,63,61,3,1,0,1,4.0,0.16666666666666666,,,,lost
220210_F2_run5,c-GC-star,63,83,1,0,1,7,,0.16666666666666666,,,,novel
220210_F2_run5,c-GC-star,63,111,3,1,1,2,5.0,0.3333333333333333,,,,unstable
220210_F2_run5,c-GC-star,63,117,5,0,1,3,,0.16666666666666666,,,,unstable
220210_F2_run5,c-GC-star,63,120,6,1,1,1,3.0,0.3333333333333333,,,,unstable
220210_F2_run5,c-GC-star,63,124,2,1,1,2,4.0,0.3333333333333333,,,,unstable
220210_F2_run5,c-GC-star,63,140,1,0,1,7,,0.16666666666666666,,,,novel
220210_F2_run5,c-GC-star,64,18,1,0,1,7,,0.16666666666666666,,,,novel
220210_F2_run5,c-GC-star,64,59,1,1,0,1,2.0,0.16666666666666666,,,,unstable
220210_F2_run5,c-GC-star,64,67,2,1,0,1,3.0,0.16666666666666666,,,,lost
220210_F2_run5,c-GC-star,64,85,2,1,0,1,3.0,0.16666666666666666,,,,lost
220210_F2_run5,c-GC-star,64,95,4,1,0,1,5.0,0.16666666666666666,,,,lost
220210_F2_run5,c-GC-star,64,114,1,1,1,6,7.0,0.3333333333333333,,,,unstable
220210_F2_run5,c-GC-star,64,125,2,1,1,3,5.0,0.3333333333333333,,,,unstable
220210_F2_run5,c-GC-star,64,132,2,2,2,3,4.0,0.6666666666666666,,,,unstable
220210_F2_run5,c-GC-star,64,133,1,0,1,7,,0.16666666666666666,,,,novel
220210_F2_run5,c-GC-star,64,151,1,0,1,7,,0.16666666666666666,,,,novel
220210_F2_run5,c-GC-star,65,14,1,0,1,7,,0.16666666666666666,,,,novel
220210_F2_run5,c-GC-star,65,43,3,1,1,1,3.0,0.3333333333333333,,,,unstable
220210_F2_run5,c-GC-star,65,44,7,0,0,1,,0.0,,,,stable
220210_F2_run5,c-GC-star,65,49,1,1,0,1,2.0,0.16666666666666666,,,,unstable
220210_F2_run5,c-GC-star,65,50,2,0,1,6,,0.16666666666666666,,,,unstable
220210_F2_run5,c-GC-star,65,59,4,1,2,2,3.0,0.5,,,,unstable
220210_F2_run5,c-GC-star,65,60,5,1,2,2,4.0,0.5,,,,unstable
220210_F2_run5,c-GC-star,65,62,5,1,2,2,4.0,0.5,,,,unstable
220210_F2_run5,c-GC-star,65,68,4,0,1,4,,0.16666666666666666,,,,unstable
220210_F2_run5,c-GC-star,65,72,3,1,0,1,4.0,0.16666666666666666,,,,lost
220210_F2_run5,c-GC-star,65,83,6,0,1,2,,0.16666666666666666,,,,unstable
220210_F2_run5,c-GC-star,65,101,2,0,1,6,,0.16666666666666666,,,,unstable
220210_F2_run5,c-GC-star,65,104,3,2,1,1,2.0,0.5,,,,unstable
220210_F2_run5,c-GC-star,65,107,1,1,1,5,6.0,0.3333333333333333,,,,unstable
220210_F2_run5,c-GC-star,65,124,6,0,1,2,,0.16666666666666666,,,,unstable
220210_F2_run5,c-GC-star,65,125,1,1,1,5,6.0,0.3333333333333333,,,,unstable
220210_F2_run5,c-GC-star,65,127,2,2,2,2,3.0,0.6666666666666666,,,,unstable
220210_F2_run5,c-GC-star,65,130,3,0,1,5,,0.16666666666666666,,,,unstable
220210_F2_run5,c-GC-star,65,133,7,0,0,1,,0.0,,,,stable
220210_F2_run5,c-GC-star,65,137,4,0,1,4,,0.16666666666666666,,,,unstable
220210_F2_run5,c-GC-star,65,141,1,1,1,6,7.0,0.3333333333333333,,,,unstable
220210_F2_run5,c-GC-star,65,153,5,1,0,1,6.0,0.16666666666666666,,,,lost
220210_F2_run5,c-GC-star,65,164,3,1,1,2,5.0,0.3333333333333333,,,,unstable
220210_F2_run5,c-GC-star,66,8,4,1,1,2,6.0,0.3333333333333333,,,,unstable
220210_F2_run5,c-GC-star,66,9,2,1,1,4,6.0,0.3333333333333333,,,,unstable
220210_F2_run5,c-GC-star,66,23,1,1,1,3,4.0,0.3333333333333333,,,,unstable
220210_F2_run5,c-GC-star,66,46,1,1,1,4,5.0,0.3333333333333333,,,,unstable
220210_F2_run5,c-GC-star,66,47,3,2,1,1,2.0,0.5,,,,unstable
220210_F2_run5,c-GC-star,66,50,7,0,0,1,,0.0,,,,stable
220210_F2_run5,c-GC-star,66,51,7,0,0,1,,0.0,,,,stable
220210_F2_run5,c-GC-star,66,52,6,1,1,1,3.0,0.3333333333333333,,,,unstable
220210_F2_run5,c-GC-star,66,56,7,0,0,1,,0.0,,,,stable
220210_F2_run5,c-GC-star,66,57,7,0,0,1,,0.0,,,,stable
220210_F2_run5,c-GC-star,66,64,1,1,0,1,2.0,0.16666666666666666,,,,unstable
220210_F2_run5,c-GC-star,66,65,3,0,1,5,,0.16666666666666666,,,,unstable
220210_F2_run5,c-GC-star,66,68,7,0,0,1,,0.0,,,,stable
220210_F2_run5,c-GC-star,66,70,5,1,2,2,3.0,0.5,,,,unstable
220210_F2_run5,c-GC-star,66,89,7,0,0,1,,0.0,,,,stable
220210_F2_run5,c-GC-star,66,91,5,1,0,1,6.0,0.16666666666666666,,,,lost
220210_F2_run5,c-GC-star,66,108,1,1,0,1,2.0,0.16666666666666666,,,,unstable
220210_F2_run5,c-GC-star,66,109,7,0,0,1,,0.0,,,,stable
220210_F2_run5,c-GC-star,66,147,7,0,0,1,,0.0,,,,stable
220210_F2_run5,c-GC-star,66,151,7,0,0,1,,0.0,,,,stable
220210_F2_run5,c-GC-star,66,152,7,0,0,1,,0.0,,,,stable
220210_F2_run5,c-GC-star,67,9,4,0,1,4,,0.16666666666666666,,,,unstable
220210_F2_run5,c-GC-star,67,10,6,1,1,1,5.0,0.3333333333333333,,,,unstable
220210_F2_run5,c-GC-star,67,13,7,0,0,1,,0.0,,,,stable
220210_F2_run5,c-GC-star,67,14,1,1,0,1,2.0,0.16666666666666666,,,,unstable
220210_F2_run5,c-GC-star,67,34,4,0,1,4,,0.16666666666666666,,,,unstable
220210_F2_run5,c-GC-star,67,35,3,1,0,1,4.0,0.16666666666666666,,,,lost
220210_F2_run5,c-GC-star,67,38,7,0,0,1,,0.0,,,,stable
220210_F2_run5,c-GC-star,67,39,7,0,0,1,,0.0,,,,stable
220210_F2_run5,c-GC-star,67,41,7,0,0,1,,0.0,,,,stable
220210_F2_run5,c-GC-star,67,53,1,0,1,7,,0.16666666666666666,,,,novel
220210_F2_run5,c-GC-star,67,73,1,1,1,2,3.0,0.3333333333333333,,,,unstable
220210_F2_run5,c-GC-star,67,74,5,1,1,1,5.0,0.3333333333333333,,,,unstable
220210_F2_run5,c-GC-star,67,86,7,0,0,1,,0.0,,,,stable
220210_F2_run5,c-GC-star,67,104,2,2,1,1,2.0,0.5,,,,unstable
220210_F2_run5,c-GC-star,67,144,7,0,0,1,,0.0,,,,stable
220210_F2_run5,c-GC-star,68,6,3,1,2,4,6.0,0.5,,,,unstable
220210_F2_run5,c-GC-star,68,7,4,0,1,4,,0.16666666666666666,,,,unstable
220210_F2_run5,c-GC-star,68,22,1,1,0,1,2.0,0.16666666666666666,,,,unstable
220210_F2_run5,c-GC-star,68,30,1,1,1,2,3.0,0.3333333333333333,,,,unstable
220210_F2_run5,c-GC-star,68,31,7,0,0,1,,0.0,,,,stable
220210_F2_run5,c-GC-star,68,45,3,1,2,4,5.0,0.5,,,,unstable
220210_F2_run5,c-GC-star,68,49,1,1,1,6,7.0,0.3333333333333333,,,,unstable
220210_F2_run5,c-GC-star,68,50,5,0,1,3,,0.16666666666666666,,,,unstable
220210_F2_run5,c-GC-star,68,52,7,0,0,1,,0.0,,,,stable
220210_F2_run5,c-GC-star,68,56,7,0,0,1,,0.0,,,,stable
220210_F2_run5,c-GC-star,68,58,4,0,1,4,,0.16666666666666666,,,,unstable
220210_F2_run5,c-GC-star,68,62,3,1,2,4,5.0,0.5,,,,unstable
220210_F2_run5,c-GC-star,68,63,1,0,1,7,,0.16666666666666666,,,,novel
220210_F2_run5,c-GC-star,68,66,7,0,0,1,,0.0,,,,stable
220210_F2_run5,c-GC-star,68,70,5,1,2,2,3.0,0.5,,,,unstable
220210_F2_run5,c-GC-star,68,74,6,1,1,1,2.0,0.3333333333333333,,,,unstable
220210_F2_run5,c-GC-star,68,75,4,0,1,4,,0.16666666666666666,,,,unstable
220210_F2_run5,c-GC-star,68,78,7,0,0,1,,0.0,,,,stable
220210_F2_run5,c-GC-star,68,80,1,0,1,7,,0.16666666666666666,,,,novel
220210_F2_run5,c-GC-star,68,85,1,1,1,4,5.0,0.3333333333333333,,,,unstable
220210_F2_run5,c-GC-star,68,87,6,0,1,2,,0.16666666666666666,,,,unstable
220210_F2_run5,c-GC-star,68,95,1,0,1,7,,0.16666666666666666,,,,novel
220210_F2_run5,c-GC-star,68,96,5,0,1,3,,0.16666666666666666,,,,unstable
220210_F2_run5,c-GC-star,68,102,3,0,1,5,,0.16666666666666666,,,,unstable
220210_F2_run5,c-GC-star,68,105,4,1,1,2,6.0,0.3333333333333333,,,,unstable
220210_F2_run5,c-GC-star,68,108,1,1,0,1,2.0,0.16666666666666666,,,,unstable
220210_F2_run5,c-GC-star,68,109,7,0,0,1,,0.0,,,,stable
220210_F2_run5,c-GC-star,68,114,4,1,2,3,5.0,0.5,,,,unstable
220210_F2_run5,c-GC-star,68,120,2,0,1,6,,0.16666666666666666,,,,unstable
220210_F2_run5,c-GC-star,68,125,2,0,1,6,,0.16666666666666666,,,,unstable
220210_F2_run5,c-GC-star,68,126,2,1,2,4,5.0,0.5,,,,unstable
220210_F2_run5,c-GC-star,68,127,6,0,1,2,,0.16666666666666666,,,,unstable
220210_F2_run5,c-GC-star,68,128,5,1,1,1,2.0,0.3333333333333333,,,,unstable
220210_F2_run5,c-GC-star,68,130,5,0,1,3,,0.16666666666666666,,,,unstable
220210_F2_run5,c-GC-star,68,131,4,0,1,4,,0.16666666666666666,,,,unstable
220210_F2_run5,c-GC-star,68,133,6,0,1,2,,0.16666666666666666,,,,unstable
220210_F2_run5,c-GC-star,68,134,4,0,1,4,,0.16666666666666666,,,,unstable
220210_F2_run5,c-GC-star,68,138,3,2,1,1,3.0,0.5,,,,unstable
220210_F2_run5,c-GC-star,68,146,1,1,0,1,2.0,0.16666666666666666,,,,unstable
220210_F2_run5,c-GC-star,68,147,4,1,1,2,6.0,0.3333333333333333,,,,unstable
220210_F2_run5,c-GC-star,68,151,6,1,0,1,7.0,0.16666666666666666,,,,lost
220210_F2_run5,c-GC-star,68,155,2,2,2,2,3.0,0.6666666666666666,,,,unstable
220210_F2_run5,c-GC-star,68,162,3,2,1,1,3.0,0.5,,,,unstable
220210_F2_run5,c-GC-star,69,29,1,1,1,3,4.0,0.3333333333333333,,,,unstable
220210_F2_run5,c-GC-star,69,45,2,1,2,4,5.0,0.5,,,,unstable
220210_F2_run5,c-GC-star,69,46,1,1,0,1,2.0,0.16666666666666666,,,,unstable
220210_F2_run5,c-GC-star,69,60,1,1,1,5,6.0,0.3333333333333333,,,,unstable
220210_F2_run5,c-GC-star,69,70,1,1,0,1,2.0,0.16666666666666666,,,,unstable
220210_F2_run5,c-GC-star,69,75,3,0,1,5,,0.16666666666666666,,,,unstable
220210_F2_run5,c-GC-star,69,134,2,1,2,5,6.0,0.5,,,,unstable
220210_F2_run5,c-GC-star,69,149,1,0,1,7,,0.16666666666666666,,,,novel
220210_F2_run5,c-GC-star,69,152,5,1,2,2,3.0,0.5,,,,unstable
220210_F2_run5,c-GC-star,70,6,5,0,1,3,,0.16666666666666666,,,,unstable
220210_F2_run5,c-GC-star,70,55,1,1,0,1,2.0,0.16666666666666666,,,,unstable
220210_F2_run5,c-GC-star,70,56,6,1,1,1,5.0,0.3333333333333333,,,,unstable
220210_F2_run5,c-GC-star,70,57,7,0,0,1,,0.0,,,,stable
220210_F2_run5,c-GC-star,70,61,1,1,0,1,2.0,0.16666666666666666,,,,unstable
220210_F2_run5,c-GC-star,70,69,1,1,0,1,2.0,0.16666666666666666,,,,unstable
220210_F2_run5,c-GC-star,70,73,1,0,1,7,,0.16666666666666666,,,,novel
220210_F2_run5,c-GC-star,70,103,1,1,0,1,2.0,0.16666666666666666,,,,unstable
220210_F2_run5,c-GC-star,70,130,1,1,1,6,7.0,0.3333333333333333,,,,unstable
220210_F2_run5,c-GC-star,70,132,3,0,1,5,,0.16666666666666666,,,,unstable
220210_F2_run5,c-GC-star,70,133,1,0,1,7,,0.16666666666666666,,,,novel
220210_F2_run5,c-GC-star,71,83,1,0,1,7,,0.16666666666666666,,,,novel
220210_F2_run5,c-GC-star,71,92,2,1,0,1,3.0,0.16666666666666666,,,,lost
220210_F2_run5,c-GC-star,72,44,7,0,0,1,,0.0,,,,stable
220210_F2_run5,c-GC-star,72,62,2,1,0,1,3.0,0.16666666666666666,,,,lost
220210_F2_run5,c-GC-star,72,65,1,1,0,1,2.0,0.16666666666666666,,,,unstable
220210_F2_run5,c-GC-star,72,79,1,1,1,5,6.0,0.3333333333333333,,,,unstable
220210_F2_run5,c-GC-star,72,84,1,1,1,5,6.0,0.3333333333333333,,,,unstable
220210_F2_run5,c-GC-star,72,101,1,1,1,5,6.0,0.3333333333333333,,,,unstable
220210_F2_run5,c-GC-star,72,118,1,1,0,1,2.0,0.16666666666666666,,,,unstable
220210_F2_run5,c-GC-star,72,151,3,1,0,1,4.0,0.16666666666666666,,,,lost
220210_F2_run5,c-GC-star,72,152,4,1,0,1,5.0,0.16666666666666666,,,,lost
220210_F2_run5,c-GC-star,73,0,6,0,1,2,,0.16666666666666666,,,,unstable
220210_F2_run5,c-GC-star,73,1,2,1,1,2,4.0,0.3333333333333333,,,,unstable
220210_F2_run5,c-GC-star,73,3,6,0,1,2,,0.16666666666666666,,,,unstable
220210_F2_run5,c-GC-star,73,5,7,0,0,1,,0.0,,,,stable
220210_F2_run5,c-GC-star,73,7,5,0,1,3,,0.16666666666666666,,,,unstable
220210_F2_run5,c-GC-star,73,9,7,0,0,1,,0.0,,,,stable
220210_F2_run5,c-GC-star,73,10,7,0,0,1,,0.0,,,,stable
220210_F2_run5,c-GC-star,73,13,7,0,0,1,,0.0,,,,stable
220210_F2_run5,c-GC-star,73,14,6,0,1,2,,0.16666666666666666,,,,unstable
220210_F2_run5,c-GC-star,73,15,6,0,1,2,,0.16666666666666666,,,,unstable
220210_F2_run5,c-GC-star,73,18,7,0,0,1,,0.0,,,,stable
220210_F2_run5,c-GC-star,73,22,3,1,2,4,5.0,0.5,,,,unstable
220210_F2_run5,c-GC-star,73,23,2,2,2,2,3.0,0.6666666666666666,,,,unstable
220210_F2_run5,c-GC-star,73,24,7,0,0,1,,0.0,,,,stable
220210_F2_run5,c-GC-star,73,27,2,1,0,1,3.0,0.16666666666666666,,,,lost
220210_F2_run5,c-GC-star,73,28,4,1,1,3,7.0,0.3333333333333333,,,,unstable
220210_F2_run5,c-GC-star,73,34,1,1,1,6,7.0,0.3333333333333333,,,,unstable
220210_F2_run5,c-GC-star,73,35,5,0,1,3,,0.16666666666666666,,,,unstable
220210_F2_run5,c-GC-star,73,38,6,0,1,2,,0.16666666666666666,,,,unstable
220210_F2_run5,c-GC-star,73,39,7,0,0,1,,0.0,,,,stable
220210_F2_run5,c-GC-star,73,41,7,0,0,1,,0.0,,,,stable
220210_F2_run5,c-GC-star,73,42,6,0,1,2,,0.16666666666666666,,,,unstable
220210_F2_run5,c-GC-star,73,44,7,0,0,1,,0.0,,,,stable
220210_F2_run5,c-GC-star,73,45,4,1,1,1,4.0,0.3333333333333333,,,,unstable
220210_F2_run5,c-GC-star,73,64,1,1,1,6,7.0,0.3333333333333333,,,,unstable
220210_F2_run5,c-GC-star,73,65,3,0,1,5,,0.16666666666666666,,,,unstable
220210_F2_run5,c-GC-star,73,66,3,0,1,5,,0.16666666666666666,,,,unstable
220210_F2_run5,c-GC-star,73,67,6,0,1,2,,0.16666666666666666,,,,unstable
220210_F2_run5,c-GC-star,73,68,6,0,1,2,,0.16666666666666666,,,,unstable
220210_F2_run5,c-GC-star,73,74,7,0,0,1,,0.0,,,,stable
220210_F2_run5,c-GC-star,73,86,7,0,0,1,,0.0,,,,stable
220210_F2_run5,c-GC-star,73,87,7,0,0,1,,0.0,,,,stable
220210_F2_run5,c-GC-star,73,94,7,0,0,1,,0.0,,,,stable
220210_F2_run5,c-GC-star,73,95,7,0,0,1,,0.0,,,,stable
220210_F2_run5,c-GC-star,73,97,4,2,2,1,3.0,0.6666666666666666,,,,unstable
220210_F2_run5,c-GC-star,73,103,1,1,0,1,2.0,0.16666666666666666,,,,unstable
220210_F2_run5,c-GC-star,73,105,1,1,0,1,2.0,0.16666666666666666,,,,unstable
220210_F2_run5,c-GC-star,73,107,3,1,1,3,6.0,0.3333333333333333,,,,unstable
220210_F2_run5,c-GC-star,73,109,5,0,1,3,,0.16666666666666666,,,,unstable
220210_F2_run5,c-GC-star,73,111,5,1,2,2,4.0,0.5,,,,unstable
220210_F2_run5,c-GC-star,73,117,2,2,1,1,2.0,0.5,,,,unstable
220210_F2_run5,c-GC-star,73,128,1,1,1,5,6.0,0.3333333333333333,,,,unstable
220210_F2_run5,c-GC-star,73,141,1,1,1,5,6.0,0.3333333333333333,,,,unstable
220210_F2_run5,c-GC-star,73,143,2,2,2,3,4.0,0.6666666666666666,,,,unstable
220210_F2_run5,c-GC-star,73,157,5,0,1,3,,0.16666666666666666,,,,unstable
220210_F2_run5,c-GC-star,74,0,7,0,0,1,,0.0,,,,stable
220210_F2_run5,c-GC-star,74,1,5,1,1,1,2.0,0.3333333333333333,,,,unstable
220210_F2_run5,c-GC-star,74,5,7,0,0,1,,0.0,,,,stable
220210_F2_run5,c-GC-star,74,6,7,0,0,1,,0.0,,,,stable
220210_F2_run5,c-GC-star,74,7,5,0,1,3,,0.16666666666666666,,,,unstable
220210_F2_run5,c-GC-star,74,9,7,0,0,1,,0.0,,,,stable
220210_F2_run5,c-GC-star,74,10,7,0,0,1,,0.0,,,,stable
220210_F2_run5,c-GC-star,74,13,7,0,0,1,,0.0,,,,stable
220210_F2_run5,c-GC-star,74,14,7,0,0,1,,0.0,,,,stable
220210_F2_run5,c-GC-star,74,15,6,0,1,2,,0.16666666666666666,,,,unstable
220210_F2_run5,c-GC-star,74,18,7,0,0,1,,0.0,,,,stable
220210_F2_run5,c-GC-star,74,20,1,1,1,4,5.0,0.3333333333333333,,,,unstable
220210_F2_run5,c-GC-star,74,24,1,1,0,1,2.0,0.16666666666666666,,,,unstable
220210_F2_run5,c-GC-star,74,27,3,1,2,4,5.0,0.5,,,,unstable
220210_F2_run5,c-GC-star,74,28,5,2,2,1,2.0,0.6666666666666666,,,,unstable
220210_F2_run5,c-GC-star,74,33,1,1,1,4,5.0,0.3333333333333333,,,,unstable
220210_F2_run5,c-GC-star,74,34,7,0,0,1,,0.0,,,,stable
220210_F2_run5,c-GC-star,74,35,5,1,1,1,2.0,0.3333333333333333,,,,unstable
220210_F2_run5,c-GC-star,74,38,7,0,0,1,,0.0,,,,stable
220210_F2_run5,c-GC-star,74,39,7,0,0,1,,0.0,,,,stable
220210_F2_run5,c-GC-star,74,41,7,0,0,1,,0.0,,,,stable
220210_F2_run5,c-GC-star,74,42,7,0,0,1,,0.0,,,,stable
220210_F2_run5,c-GC-star,74,45,4,0,1,4,,0.16666666666666666,,,,unstable
220210_F2_run5,c-GC-star,74,51,6,1,0,1,7.0,0.16666666666666666,,,,lost
220210_F2_run5,c-GC-star,74,52,7,0,0,1,,0.0,,,,stable
220210_F2_run5,c-GC-star,74,53,1,1,1,6,7.0,0.3333333333333333,,,,unstable
220210_F2_run5,c-GC-star,74,56,3,2,1,1,2.0,0.5,,,,unstable
220210_F2_run5,c-GC-star,74,57,4,1,1,1,2.0,0.3333333333333333,,,,unstable
220210_F2_run5,c-GC-star,74,66,7,0,0,1,,0.0,,,,stable
220210_F2_run5,c-GC-star,74,67,7,0,0,1,,0.0,,,,stable
220210_F2_run5,c-GC-star,74,68,7,0,0,1,,0.0,,,,stable
220210_F2_run5,c-GC-star,74,70,4,1,1,1,2.0,0.3333333333333333,,,,unstable
220210_F2_run5,c-GC-star,74,73,7,0,0,1,,0.0,,,,stable
220210_F2_run5,c-GC-star,74,75,3,0,1,5,,0.16666666666666666,,,,unstable
220210_F2_run5,c-GC-star,74,76,4,1,1,3,7.0,0.3333333333333333,,,,unstable
220210_F2_run5,c-GC-star,74,78,2,0,1,6,,0.16666666666666666,,,,unstable
220210_F2_run5,c-GC-star,74,79,3,1,1,4,7.0,0.3333333333333333,,,,unstable
220210_F2_run5,c-GC-star,74,86,4,2,1,1,2.0,0.5,,,,unstable
220210_F2_run5,c-GC-star,74,87,7,0,0,1,,0.0,,,,stable
220210_F2_run5,c-GC-star,74,89,1,0,1,7,,0.16666666666666666,,,,novel
220210_F2_run5,c-GC-star,74,91,5,0,1,3,,0.16666666666666666,,,,unstable
220210_F2_run5,c-GC-star,74,94,7,0,0,1,,0.0,,,,stable
220210_F2_run5,c-GC-star,74,95,1,1,1,3,4.0,0.3333333333333333,,,,unstable
220210_F2_run5,c-GC-star,74,97,1,0,1,7,,0.16666666666666666,,,,novel
220210_F2_run5,c-GC-star,74,102,4,2,2,1,2.0,0.6666666666666666,,,,unstable
220210_F2_run5,c-GC-star,74,105,7,0,0,1,,0.0,,,,stable
220210_F2_run5,c-GC-star,74,107,2,2,2,3,4.0,0.6666666666666666,,,,unstable
220210_F2_run5,c-GC-star,74,109,7,0,0,1,,0.0,,,,stable
220210_F2_run5,c-GC-star,74,111,3,1,1,4,7.0,0.3333333333333333,,,,unstable
220210_F2_run5,c-GC-star,74,119,4,1,1,1,2.0,0.3333333333333333,,,,unstable
220210_F2_run5,c-GC-star,74,127,4,2,2,2,3.0,0.6666666666666666,,,,unstable
220210_F2_run5,c-GC-star,74,128,4,1,2,3,5.0,0.5,,,,unstable
220210_F2_run5,c-GC-star,74,129,5,1,2,2,4.0,0.5,,,,unstable
220210_F2_run5,c-GC-star,74,130,7,0,0,1,,0.0,,,,stable
220210_F2_run5,c-GC-star,74,133,4,0,1,4,,0.16666666666666666,,,,unstable
220210_F2_run5,c-GC-star,74,144,4,1,1,3,7.0,0.3333333333333333,,,,unstable
220210_F2_run5,c-GC-star,74,151,7,0,0,1,,0.0,,,,stable
220210_F2_run5,c-GC-star,74,155,1,1,0,1,2.0,0.16666666666666666,,,,unstable
220210_F2_run5,c-GC-star,75,8,7,0,0,1,,0.0,,,,stable
220210_F2_run5,c-GC-star,75,37,2,1,1,1,2.0,0.3333333333333333,,,,unstable
220210_F2_run5,c-GC-star,75,47,1,1,1,3,4.0,0.3333333333333333,,,,unstable
220210_F2_run5,c-GC-star,75,56,3,0,1,5,,0.16666666666666666,,,,unstable
220210_F2_run5,c-GC-star,75,57,6,1,1,1,4.0,0.3333333333333333,,,,unstable
220210_F2_run5,c-GC-star,75,70,5,2,1,1,2.0,0.5,,,,unstable
220210_F2_run5,c-GC-star,75,87,1,1,1,2,3.0,0.3333333333333333,,,,unstable
220210_F2_run5,c-GC-star,75,89,7,0,0,1,,0.0,,,,stable
220210_F2_run5,c-GC-star,75,91,7,0,0,1,,0.0,,,,stable
220210_F2_run5,c-GC-star,75,102,2,2,2,3,4.0,0.6666666666666666,,,,unstable
220210_F2_run5,c-GC-star,75,108,1,0,1,7,,0.16666666666666666,,,,novel
220210_F2_run5,c-GC-star,75,114,6,1,1,1,2.0,0.3333333333333333,,,,unstable
220210_F2_run5,c-GC-star,75,126,1,1,0,1,2.0,0.16666666666666666,,,,unstable
220210_F2_run5,c-GC-star,75,131,2,0,1,6,,0.16666666666666666,,,,unstable
220210_F2_run5,c-GC-star,75,147,6,1,0,1,7.0,0.16666666666666666,,,,lost
220210_F2_run5,c-GC-star,76,12,2,0,1,6,,0.16666666666666666,,,,unstable
220210_F2_run5,c-GC-star,76,65,1,1,1,4,5.0,0.3333333333333333,,,,unstable
220210_F2_run5,c-GC-star,76,90,3,0,1,5,,0.16666666666666666,,,,unstable
220210_F2_run5,c-GC-star,76,112,1,1,0,1,2.0,0.16666666666666666,,,,unstable
220210_F2_run5,c-GC-star,76,135,1,0,1,7,,0.16666666666666666,,,,novel
220210_F2_run5,c-GC-star,76,142,7,0,0,1,,0.0,,,,stable
220210_F2_run5,c-GC-star,76,143,3,1,2,4,6.0,0.5,,,,unstable
220210_F2_run5,c-GC-star,77,19,1,1,0,1,2.0,0.16666666666666666,,,,unstable
220210_F2_run5,c-GC-star,77,107,1,0,1,7,,0.16666666666666666,,,,novel
220210_F2_run5,c-GC-star,77,124,1,0,1,7,,0.16666666666666666,,,,novel
220210_F2_run5,c-GC-star,78,10,2,1,1,2,4.0,0.3333333333333333,,,,unstable
220210_F2_run5,c-GC-star,78,42,1,0,1,7,,0.16666666666666666,,,,novel
220210_F2_run5,c-GC-star,78,45,1,1,1,2,3.0,0.3333333333333333,,,,unstable
220210_F2_run5,c-GC-star,78,57,5,1,2,2,5.0,0.5,,,,unstable
220210_F2_run5,c-GC-star,78,115,4,2,1,1,3.0,0.5,,,,unstable
220210_F2_run5,c-GC-star,78,127,1,1,0,1,2.0,0.16666666666666666,,,,unstable
220210_F2_run5,c-GC-star,78,135,7,0,0,1,,0.0,,,,stable
220210_F2_run5,c-GC-star,79,25,2,1,2,2,3.0,0.5,,,,unstable
220210_F2_run5,c-GC-star,79,101,1,1,0,1,2.0,0.16666666666666666,,,,unstable
220210_F2_run5,c-GC-star,79,153,1,1,1,6,7.0,0.3333333333333333,,,,unstable
220210_F2_run5,c-GC-star,79,157,1,1,0,1,2.0,0.16666666666666666,,,,unstable
220210_F2_run5,c-GC-star,80,39,6,0,1,2,,0.16666666666666666,,,,unstable
220210_F2_run5,c-GC-star,80,51,6,0,1,2,,0.16666666666666666,,,,unstable
220210_F2_run5,c-GC-star,80,62,1,1,1,2,3.0,0.3333333333333333,,,,unstable
220210_F2_run5,c-GC-star,80,74,2,2,1,1,2.0,0.5,,,,unstable
220210_F2_run5,c-GC-star,80,85,1,1,1,2,3.0,0.3333333333333333,,,,unstable
220210_F2_run5,c-GC-star,80,87,6,0,1,2,,0.16666666666666666,,,,unstable
220210_F2_run5,c-GC-star,80,89,1,1,0,1,2.0,0.16666666666666666,,,,unstable
220210_F2_run5,c-GC-star,80,94,7,0,0,1,,0.0,,,,stable
220210_F2_run5,c-GC-star,80,109,2,1,2,5,6.0,0.5,,,,unstable
220210_F2_run5,c-GC-star,80,115,1,1,0,1,2.0,0.16666666666666666,,,,unstable
220210_F2_run5,c-GC-star,80,129,1,1,0,1,2.0,0.16666666666666666,,,,unstable
220210_F2_run5,c-GC-star,80,130,1,1,1,2,3.0,0.3333333333333333,,,,unstable
220210_F2_run5,c-GC-star,80,164,2,1,1,2,4.0,0.3333333333333333,,,,unstable
220210_F2_run5,c-GC-star,81,26,1,1,0,1,2.0,0.16666666666666666,,,,unstable
220210_F2_run5,c-GC-star,81,37,1,0,1,7,,0.16666666666666666,,,,novel
220210_F2_run5,c-GC-star,81,50,1,1,1,4,5.0,0.3333333333333333,,,,unstable
220210_F2_run5,c-GC-star,82,22,1,1,0,1,2.0,0.16666666666666666,,,,unstable
220210_F2_run5,c-GC-star,82,93,6,1,1,1,5.0,0.3333333333333333,,,,unstable
220210_F2_run5,c-GC-star,82,100,1,1,0,1,2.0,0.16666666666666666,,,,unstable
220210_F2_run5,c-GC-star,82,106,1,1,0,1,2.0,0.16666666666666666,,,,unstable
220210_F2_run5,c-GC-star,82,110,2,2,1,1,2.0,0.5,,,,unstable
220210_F2_run5,c-GC-star,82,126,1,1,1,2,3.0,0.3333333333333333,,,,unstable
220210_F2_run5,c-GC-star,82,138,7,0,0,1,,0.0,,,,stable
220210_F2_run5,c-GC-star,82,141,1,1,0,1,2.0,0.16666666666666666,,,,unstable
220210_F2_run5,c-GC-star,82,143,1,1,0,1,2.0,0.16666666666666666,,,,unstable
220210_F2_run5,c-GC-star,82,146,2,1,0,1,3.0,0.16666666666666666,,,,lost
220210_F2_run5,c-GC-star,83,124,1,0,1,7,,0.16666666666666666,,,,novel
220210_F2_run5,c-GC-star,83,125,1,1,1,2,3.0,0.3333333333333333,,,,unstable
220210_F2_run5,c-GC-star,84,22,1,1,0,1,2.0,0.16666666666666666,,,,unstable
220210_F2_run5,c-GC-star,84,82,1,1,0,1,2.0,0.16666666666666666,,,,unstable
220210_F2_run5,c-GC-star,84,99,1,1,0,1,2.0,0.16666666666666666,,,,unstable
220210_F2_run5,c-GC-star,85,7,1,1,0,1,2.0,0.16666666666666666,,,,unstable
220210_F2_run5,c-GC-star,85,12,2,0,1,6,,0.16666666666666666,,,,unstable
220210_F2_run5,c-GC-star,85,26,1,1,1,2,3.0,0.3333333333333333,,,,unstable
220210_F2_run5,c-GC-star,85,41,2,1,0,1,3.0,0.16666666666666666,,,,lost
220210_F2_run5,c-GC-star,85,46,1,1,0,1,2.0,0.16666666666666666,,,,unstable
220210_F2_run5,c-GC-star,85,49,1,1,0,1,2.0,0.16666666666666666,,,,unstable
220210_F2_run5,c-GC-star,85,50,1,1,0,1,2.0,0.16666666666666666,,,,unstable
220210_F2_run5,c-GC-star,85,51,2,1,0,1,3.0,0.16666666666666666,,,,lost
220210_F2_run5,c-GC-star,85,56,1,1,0,1,2.0,0.16666666666666666,,,,unstable
220210_F2_run5,c-GC-star,85,59,1,1,0,1,2.0,0.16666666666666666,,,,unstable
220210_F2_run5,c-GC-star,85,60,2,1,1,1,2.0,0.3333333333333333,,,,unstable
220210_F2_run5,c-GC-star,85,62,3,1,1,1,3.0,0.3333333333333333,,,,unstable
220210_F2_run5,c-GC-star,85,64,2,1,0,1,3.0,0.16666666666666666,,,,lost
220210_F2_run5,c-GC-star,85,70,2,1,0,1,3.0,0.16666666666666666,,,,lost
220210_F2_run5,c-GC-star,85,73,1,1,0,1,2.0,0.16666666666666666,,,,unstable
220210_F2_run5,c-GC-star,85,89,1,1,0,1,2.0,0.16666666666666666,,,,unstable
220210_F2_run5,c-GC-star,85,95,7,0,0,1,,0.0,,,,stable
220210_F2_run5,c-GC-star,85,102,2,1,0,1,3.0,0.16666666666666666,,,,lost
220210_F2_run5,c-GC-star,85,103,4,2,1,1,4.0,0.5,,,,unstable
220210_F2_run5,c-GC-star,85,107,1,1,0,1,2.0,0.16666666666666666,,,,unstable
220210_F2_run5,c-GC-star,85,114,1,1,0,1,2.0,0.16666666666666666,,,,unstable
220210_F2_run5,c-GC-star,85,118,2,1,0,1,3.0,0.16666666666666666,,,,lost
220210_F2_run5,c-GC-star,85,119,1,1,0,1,2.0,0.16666666666666666,,,,unstable
220210_F2_run5,c-GC-star,85,120,1,1,0,1,2.0,0.16666666666666666,,,,unstable
220210_F2_run5,c-GC-star,85,124,7,0,0,1,,0.0,,,,stable
220210_F2_run5,c-GC-star,85,125,7,0,0,1,,0.0,,,,stable
220210_F2_run5,c-GC-star,85,126,7,0,0,1,,0.0,,,,stable
220210_F2_run5,c-GC-star,85,127,1,1,0,1,2.0,0.16666666666666666,,,,unstable
220210_F2_run5,c-GC-star,85,131,3,1,0,1,4.0,0.16666666666666666,,,,lost
220210_F2_run5,c-GC-star,85,132,4,1,0,1,5.0,0.16666666666666666,,,,lost
220210_F2_run5,c-GC-star,85,133,1,1,0,1,2.0,0.16666666666666666,,,,unstable
220210_F2_run5,c-GC-star,85,134,3,1,0,1,4.0,0.16666666666666666,,,,lost
220210_F2_run5,c-GC-star,85,135,1,1,0,1,2.0,0.16666666666666666,,,,unstable
220210_F2_run5,c-GC-star,85,136,1,1,0,1,2.0,0.16666666666666666,,,,unstable
220210_F2_run5,c-GC-star,85,140,1,1,0,1,2.0,0.16666666666666666,,,,unstable
220210_F2_run5,c-GC-star,85,160,1,1,0,1,2.0,0.16666666666666666,,,,unstable
220210_F2_run5,c-GC-star,85,164,7,0,0,1,,0.0,,,,stable
220210_F2_run5,c-GC-star,86,1,1,1,0,1,2.0,0.16666666666666666,,,,unstable
220210_F2_run5,c-GC-star,86,3,4,1,2,3,5.0,0.5,,,,unstable
220210_F2_run5,c-GC-star,86,5,6,0,1,2,,0.16666666666666666,,,,unstable
220210_F2_run5,c-GC-star,86,7,3,0,1,5,,0.16666666666666666,,,,unstable
220210_F2_run5,c-GC-star,86,9,6,0,1,2,,0.16666666666666666,,,,unstable
220210_F2_run5,c-GC-star,86,10,6,0,1,2,,0.16666666666666666,,,,unstable
220210_F2_run5,c-GC-star,86,11,5,0,1,3,,0.16666666666666666,,,,unstable
220210_F2_run5,c-GC-star,86,13,7,0,0,1,,0.0,,,,stable
220210_F2_run5,c-GC-star,86,23,1,1,1,2,3.0,0.3333333333333333,,,,unstable
220210_F2_run5,c-GC-star,86,24,3,2,2,3,5.0,0.6666666666666666,,,,unstable
220210_F2_run5,c-GC-star,86,26,1,1,0,1,2.0,0.16666666666666666,,,,unstable
220210_F2_run5,c-GC-star,86,29,3,1,2,4,6.0,0.5,,,,unstable
220210_F2_run5,c-GC-star,86,38,6,0,1,2,,0.16666666666666666,,,,unstable
220210_F2_run5,c-GC-star,86,39,4,1,2,2,4.0,0.5,,,,unstable
220210_F2_run5,c-GC-star,86,41,6,0,1,2,,0.16666666666666666,,,,unstable
220210_F2_run5,c-GC-star,86,42,6,0,1,2,,0.16666666666666666,,,,unstable
220210_F2_run5,c-GC-star,86,44,4,1,2,2,3.0,0.5,,,,unstable
220210_F2_run5,c-GC-star,86,67,6,0,1,2,,0.16666666666666666,,,,unstable
220210_F2_run5,c-GC-star,86,73,4,1,2,3,6.0,0.5,,,,unstable
220210_F2_run5,c-GC-star,86,74,6,0,1,2,,0.16666666666666666,,,,unstable
220210_F2_run5,c-GC-star,86,95,3,2,3,2,3.0,0.8333333333333334,,,,unstable
220210_F2_run5,c-GC-star,86,104,7,0,0,1,,0.0,,,,stable
220210_F2_run5,c-GC-star,86,128,3,1,1,2,5.0,0.3333333333333333,,,,unstable
220210_F2_run5,c-GC-star,86,130,1,1,1,2,3.0,0.3333333333333333,,,,unstable
220210_F2_run5,c-GC-star,86,144,7,0,0,1,,0.0,,,,stable
220210_F2_run5,c-GC-star,86,157,2,1,1,2,4.0,0.3333333333333333,,,,unstable
220210_F2_run5,c-GC-star,87,10,1,1,0,1,2.0,0.16666666666666666,,,,unstable
220210_F2_run5,c-GC-star,87,11,2,1,1,1,2.0,0.3333333333333333,,,,unstable
220210_F2_run5,c-GC-star,87,24,6,0,1,2,,0.16666666666666666,,,,unstable
220210_F2_run5,c-GC-star,87,33,2,1,0,1,3.0,0.16666666666666666,,,,lost
220210_F2_run5,c-GC-star,87,68,1,1,0,1,2.0,0.16666666666666666,,,,unstable
220210_F2_run5,c-GC-star,87,96,1,1,0,1,2.0,0.16666666666666666,,,,unstable
220210_F2_run5,c-GC-star,87,107,1,1,0,1,2.0,0.16666666666666666,,,,unstable
220210_F2_run5,c-GC-star,87,108,1,1,0,1,2.0,0.16666666666666666,,,,unstable
220210_F2_run5,c-GC-star,87,109,7,0,0,1,,0.0,,,,stable
220210_F2_run5,c-GC-star,87,117,3,2,1,1,3.0,0.5,,,,unstable
220210_F2_run5,c-GC-star,88,8,6,0,1,2,,0.16666666666666666,,,,unstable
220210_F2_run5,c-GC-star,88,20,2,1,0,1,3.0,0.16666666666666666,,,,lost
220210_F2_run5,c-GC-star,88,37,5,2,1,1,5.0,0.5,,,,unstable
220210_F2_run5,c-GC-star,88,40,1,1,1,5,6.0,0.3333333333333333,,,,unstable
220210_F2_run5,c-GC-star,88,44,1,1,0,1,2.0,0.16666666666666666,,,,unstable
220210_F2_run5,c-GC-star,88,45,7,0,0,1,,0.0,,,,stable
220210_F2_run5,c-GC-star,88,48,7,0,0,1,,0.0,,,,stable
220210_F2_run5,c-GC-star,88,50,1,1,0,1,2.0,0.16666666666666666,,,,unstable
220210_F2_run5,c-GC-star,88,51,2,1,0,1,3.0,0.16666666666666666,,,,lost
220210_F2_run5,c-GC-star,88,57,4,1,2,3,5.0,0.5,,,,unstable
220210_F2_run5,c-GC-star,88,58,5,1,2,2,3.0,0.5,,,,unstable
220210_F2_run5,c-GC-star,88,59,6,1,1,1,6.0,0.3333333333333333,,,,unstable
220210_F2_run5,c-GC-star,88,61,1,1,0,1,2.0,0.16666666666666666,,,,unstable
220210_F2_run5,c-GC-star,88,62,6,1,0,1,7.0,0.16666666666666666,,,,lost
220210_F2_run5,c-GC-star,88,65,7,0,0,1,,0.0,,,,stable
220210_F2_run5,c-GC-star,88,75,7,0,0,1,,0.0,,,,stable
220210_F2_run5,c-GC-star,88,78,6,1,1,1,6.0,0.3333333333333333,,,,unstable
220210_F2_run5,c-GC-star,88,80,7,0,0,1,,0.0,,,,stable
220210_F2_run5,c-GC-star,88,85,7,0,0,1,,0.0,,,,stable
220210_F2_run5,c-GC-star,88,89,1,1,0,1,2.0,0.16666666666666666,,,,unstable
220210_F2_run5,c-GC-star,88,91,1,0,1,7,,0.16666666666666666,,,,novel
220210_F2_run5,c-GC-star,88,93,1,1,0,1,2.0,0.16666666666666666,,,,unstable
220210_F2_run5,c-GC-star,88,95,1,1,0,1,2.0,0.16666666666666666,,,,unstable
220210_F2_run5,c-GC-star,88,102,6,1,1,1,6.0,0.3333333333333333,,,,unstable
220210_F2_run5,c-GC-star,88,108,1,1,0,1,2.0,0.16666666666666666,,,,unstable
220210_F2_run5,c-GC-star,88,110,6,1,1,1,4.0,0.3333333333333333,,,,unstable
220210_F2_run5,c-GC-star,88,111,2,1,0,1,3.0,0.16666666666666666,,,,lost
220210_F2_run5,c-GC-star,88,113,2,1,0,1,3.0,0.16666666666666666,,,,lost
220210_F2_run5,c-GC-star,88,114,2,2,1,1,2.0,0.5,,,,unstable
220210_F2_run5,c-GC-star,88,116,7,0,0,1,,0.0,,,,stable
220210_F2_run5,c-GC-star,88,117,4,1,0,1,5.0,0.16666666666666666,,,,lost
220210_F2_run5,c-GC-star,88,118,4,1,2,2,3.0,0.5,,,,unstable
220210_F2_run5,c-GC-star,88,119,1,1,1,2,3.0,0.3333333333333333,,,,unstable
220210_F2_run5,c-GC-star,88,120,6,1,1,1,3.0,0.3333333333333333,,,,unstable
220210_F2_run5,c-GC-star,88,124,1,1,0,1,2.0,0.16666666666666666,,,,unstable
220210_F2_run5,c-GC-star,88,125,7,0,0,1,,0.0,,,,stable
220210_F2_run5,c-GC-star,88,127,7,0,0,1,,0.0,,,,stable
220210_F2_run5,c-GC-star,88,130,6,1,1,1,3.0,0.3333333333333333,,,,unstable
220210_F2_run5,c-GC-star,88,133,2,1,0,1,3.0,0.16666666666666666,,,,lost
220210_F2_run5,c-GC-star,88,134,7,0,0,1,,0.0,,,,stable
220210_F2_run5,c-GC-star,88,135,5,1,2,2,6.0,0.5,,,,unstable
220210_F2_run5,c-GC-star,88,136,1,1,0,1,2.0,0.16666666666666666,,,,unstable
220210_F2_run5,c-GC-star,88,138,4,1,1,1,4.0,0.3333333333333333,,,,unstable
220210_F2_run5,c-GC-star,88,140,3,1,0,1,4.0,0.16666666666666666,,,,lost
220210_F2_run5,c-GC-star,88,147,7,0,0,1,,0.0,,,,stable
220210_F2_run5,c-GC-star,88,154,7,0,0,1,,0.0,,,,stable
220210_F2_run5,c-GC-star,88,155,1,1,0,1,2.0,0.16666666666666666,,,,unstable
220210_F2_run5,c-GC-star,88,156,5,1,1,2,7.0,0.3333333333333333,,,,unstable
220210_F2_run5,c-GC-star,88,160,7,0,0,1,,0.0,,,,stable
220210_F2_run5,c-GC-star,88,164,4,1,0,1,5.0,0.16666666666666666,,,,lost
220210_F2_run5,c-GC-star,89,8,6,1,1,1,4.0,0.3333333333333333,,,,unstable
220210_F2_run5,c-GC-star,89,47,1,1,1,6,7.0,0.3333333333333333,,,,unstable
220210_F2_run5,c-GC-star,89,56,7,0,0,1,,0.0,,,,stable
220210_F2_run5,c-GC-star,89,57,7,0,0,1,,0.0,,,,stable
220210_F2_run5,c-GC-star,89,70,7,0,0,1,,0.0,,,,stable
220210_F2_run5,c-GC-star,89,75,7,0,0,1,,0.0,,,,stable
220210_F2_run5,c-GC-star,89,102,3,1,1,2,5.0,0.3333333333333333,,,,unstable
220210_F2_run5,c-GC-star,89,114,7,0,0,1,,0.0,,,,stable
220210_F2_run5,c-GC-star,89,127,3,2,1,1,3.0,0.5,,,,unstable
220210_F2_run5,c-GC-star,89,129,1,0,1,7,,0.16666666666666666,,,,novel
220210_F2_run5,c-GC-star,89,147,4,2,1,1,3.0,0.5,,,,unstable
220210_F2_run5,c-GC-star,90,25,1,0,1,7,,0.16666666666666666,,,,novel
220210_F2_run5,c-GC-star,90,59,1,1,1,5,6.0,0.3333333333333333,,,,unstable
220210_F2_run5,c-GC-star,90,65,1,1,1,6,7.0,0.3333333333333333,,,,unstable
220210_F2_run5,c-GC-star,90,112,5,1,0,1,6.0,0.16666666666666666,,,,lost
220210_F2_run5,c-GC-star,91,6,2,1,1,3,5.0,0.3333333333333333,,,,unstable
220210_F2_run5,c-GC-star,91,10,1,1,1,6,7.0,0.3333333333333333,,,,unstable
220210_F2_run5,c-GC-star,91,44,1,1,0,1,2.0,0.16666666666666666,,,,unstable
220210_F2_run5,c-GC-star,91,53,5,1,2,2,5.0,0.5,,,,unstable
220210_F2_run5,c-GC-star,91,57,7,0,0,1,,0.0,,,,stable
220210_F2_run5,c-GC-star,91,70,1,0,1,7,,0.16666666666666666,,,,novel
220210_F2_run5,c-GC-star,91,74,1,1,0,1,2.0,0.16666666666666666,,,,unstable
220210_F2_run5,c-GC-star,91,89,7,0,0,1,,0.0,,,,stable
220210_F2_run5,c-GC-star,91,104,3,2,2,1,2.0,0.6666666666666666,,,,unstable
220210_F2_run5,c-GC-star,91,108,1,0,1,7,,0.16666666666666666,,,,novel
220210_F2_run5,c-GC-star,91,130,6,1,1,1,4.0,0.3333333333333333,,,,unstable
220210_F2_run5,c-GC-star,92,16,2,0,1,6,,0.16666666666666666,,,,unstable
220210_F2_run5,c-GC-star,92,26,2,0,1,6,,0.16666666666666666,,,,unstable
220210_F2_run5,c-GC-star,92,36,1,1,0,1,2.0,0.16666666666666666,,,,unstable
220210_F2_run5,c-GC-star,92,44,4,1,0,1,5.0,0.16666666666666666,,,,lost
220210_F2_run5,c-GC-star,92,62,1,1,1,2,3.0,0.3333333333333333,,,,unstable
220210_F2_run5,c-GC-star,92,139,1,0,1,7,,0.16666666666666666,,,,novel
220210_F2_run5,c-GC-star,92,144,5,0,1,3,,0.16666666666666666,,,,unstable
220210_F2_run5,c-GC-star,92,152,1,0,1,7,,0.16666666666666666,,,,novel
220210_F2_run5,c-GC-star,93,28,1,0,1,7,,0.16666666666666666,,,,novel
220210_F2_run5,c-GC-star,93,106,1,1,1,5,6.0,0.3333333333333333,,,,unstable
220210_F2_run5,c-GC-star,93,112,4,1,1,1,3.0,0.3333333333333333,,,,unstable
220210_F2_run5,c-GC-star,93,116,4,2,1,1,4.0,0.5,,,,unstable
220210_F2_run5,c-GC-star,93,136,3,2,2,2,3.0,0.6666666666666666,,,,unstable
220210_F2_run5,c-GC-star,93,164,1,1,1,6,7.0,0.3333333333333333,,,,unstable
220210_F2_run5,c-GC-star,94,9,3,1,1,3,6.0,0.3333333333333333,,,,unstable
220210_F2_run5,c-GC-star,94,14,4,2,2,2,3.0,0.6666666666666666,,,,unstable
220210_F2_run5,c-GC-star,94,15,6,0,1,2,,0.16666666666666666,,,,unstable
220210_F2_run5,c-GC-star,94,18,3,0,1,5,,0.16666666666666666,,,,unstable
220210_F2_run5,c-GC-star,94,20,6,0,1,2,,0.16666666666666666,,,,unstable
220210_F2_run5,c-GC-star,94,39,4,1,2,3,4.0,0.5,,,,unstable
220210_F2_run5,c-GC-star,94,41,6,0,1,2,,0.16666666666666666,,,,unstable
220210_F2_run5,c-GC-star,94,51,6,0,1,2,,0.16666666666666666,,,,unstable
220210_F2_run5,c-GC-star,94,52,3,1,1,3,6.0,0.3333333333333333,,,,unstable
220210_F2_run5,c-GC-star,94,57,1,1,1,2,3.0,0.3333333333333333,,,,unstable
220210_F2_run5,c-GC-star,94,66,6,0,1,2,,0.16666666666666666,,,,unstable
220210_F2_run5,c-GC-star,94,68,7,0,0,1,,0.0,,,,stable
220210_F2_run5,c-GC-star,94,73,7,0,0,1,,0.0,,,,stable
220210_F2_run5,c-GC-star,94,74,7,0,0,1,,0.0,,,,stable
220210_F2_run5,c-GC-star,94,78,2,1,2,3,4.0,0.5,,,,unstable
220210_F2_run5,c-GC-star,94,102,2,0,1,6,,0.16666666666666666,,,,unstable
220210_F2_run5,c-GC-star,94,105,1,1,0,1,2.0,0.16666666666666666,,,,unstable
220210_F2_run5,c-GC-star,94,109,6,0,1,2,,0.16666666666666666,,,,unstable
220210_F2_run5,c-GC-star,94,134,1,0,1,7,,0.16666666666666666,,,,novel
220210_F2_run5,c-GC-star,95,8,1,1,0,1,2.0,0.16666666666666666,,,,unstable
220210_F2_run5,c-GC-star,95,9,1,1,0,1,2.0,0.16666666666666666,,,,unstable
220210_F2_run5,c-GC-star,95,10,1,1,0,1,2.0,0.16666666666666666,,,,unstable
220210_F2_run5,c-GC-star,95,40,1,1,0,1,2.0,0.16666666666666666,,,,unstable
220210_F2_run5,c-GC-star,95,41,2,1,1,1,2.0,0.3333333333333333,,,,unstable
220210_F2_run5,c-GC-star,95,45,1,1,0,1,2.0,0.16666666666666666,,,,unstable
220210_F2_run5,c-GC-star,95,56,1,1,0,1,2.0,0.16666666666666666,,,,unstable
220210_F2_run5,c-GC-star,95,58,2,1,0,1,3.0,0.16666666666666666,,,,lost
220210_F2_run5,c-GC-star,95,62,2,0,1,6,,0.16666666666666666,,,,unstable
220210_F2_run5,c-GC-star,95,64,1,1,0,1,2.0,0.16666666666666666,,,,unstable
220210_F2_run5,c-GC-star,95,73,1,1,1,3,4.0,0.3333333333333333,,,,unstable
220210_F2_run5,c-GC-star,95,94,1,1,0,1,2.0,0.16666666666666666,,,,unstable
220210_F2_run5,c-GC-star,95,103,1,1,0,1,2.0,0.16666666666666666,,,,unstable
220210_F2_run5,c-GC-star,95,105,1,1,0,1,2.0,0.16666666666666666,,,,unstable
220210_F2_run5,c-GC-star,95,109,3,1,2,4,5.0,0.5,,,,unstable
220210_F2_run5,c-GC-star,96,16,1,1,0,1,2.0,0.16666666666666666,,,,unstable
220210_F2_run5,c-GC-star,96,46,1,1,0,1,2.0,0.16666666666666666,,,,unstable
220210_F2_run5,c-GC-star,96,80,1,1,0,1,2.0,0.16666666666666666,,,,unstable
220210_F2_run5,c-GC-star,96,87,7,0,0,1,,0.0,,,,stable
220210_F2_run5,c-GC-star,97,30,4,0,1,4,,0.16666666666666666,,,,unstable
220210_F2_run5,c-GC-star,97,91,2,0,1,6,,0.16666666666666666,,,,unstable
220210_F2_run5,c-GC-star,97,117,1,1,1,5,6.0,0.3333333333333333,,,,unstable
220210_F2_run5,c-GC-star,97,130,1,1,0,1,2.0,0.16666666666666666,,,,unstable
220210_F2_run5,c-GC-star,97,157,1,1,0,1,2.0,0.16666666666666666,,,,unstable
220210_F2_run5,c-GC-star,98,61,1,1,0,1,2.0,0.16666666666666666,,,,unstable
220210_F2_run5,c-GC-star,99,28,1,0,1,7,,0.16666666666666666,,,,novel
220210_F2_run5,c-GC-star,99,84,6,1,1,1,3.0,0.3333333333333333,,,,unstable
220210_F2_run5,c-GC-star,100,112,2,2,1,1,2.0,0.5,,,,unstable
220210_F2_run5,c-GC-star,101,107,3,1,1,2,5.0,0.3333333333333333,,,,unstable
220210_F2_run5,c-GC-star,102,8,6,0,1,2,,0.16666666666666666,,,,unstable
220210_F2_run5,c-GC-star,102,15,2,2,2,4,5.0,0.6666666666666666,,,,unstable
220210_F2_run5,c-GC-star,102,37,7,0,0,1,,0.0,,,,stable
220210_F2_run5,c-GC-star,102,48,7,0,0,1,,0.0,,,,stable
220210_F2_run5,c-GC-star,102,49,5,2,1,1,5.0,0.5,,,,unstable
220210_F2_run5,c-GC-star,102,50,7,0,0,1,,0.0,,,,stable
220210_F2_run5,c-GC-star,102,56,6,0,1,2,,0.16666666666666666,,,,unstable
220210_F2_run5,c-GC-star,102,57,7,0,0,1,,0.0,,,,stable
220210_F2_run5,c-GC-star,102,63,1,0,1,7,,0.16666666666666666,,,,novel
220210_F2_run5,c-GC-star,102,66,2,0,1,6,,0.16666666666666666,,,,unstable
220210_F2_run5,c-GC-star,102,68,1,0,1,7,,0.16666666666666666,,,,novel
220210_F2_run5,c-GC-star,102,70,7,0,0,1,,0.0,,,,stable
220210_F2_run5,c-GC-star,102,74,6,1,1,1,2.0,0.3333333333333333,,,,unstable
220210_F2_run5,c-GC-star,102,85,1,1,0,1,2.0,0.16666666666666666,,,,unstable
220210_F2_run5,c-GC-star,102,89,3,2,2,3,5.0,0.6666666666666666,,,,unstable
220210_F2_run5,c-GC-star,102,109,4,1,2,3,4.0,0.5,,,,unstable
220210_F2_run5,c-GC-star,102,114,7,0,0,1,,0.0,,,,stable
220210_F2_run5,c-GC-star,102,120,1,1,0,1,2.0,0.16666666666666666,,,,unstable
220210_F2_run5,c-GC-star,102,135,2,1,1,2,4.0,0.3333333333333333,,,,unstable
220210_F2_run5,c-GC-star,102,147,6,0,1,2,,0.16666666666666666,,,,unstable
220210_F2_run5,c-GC-star,102,160,1,0,1,7,,0.16666666666666666,,,,novel
220210_F2_run5,c-GC-star,103,44,5,2,1,1,2.0,0.5,,,,unstable
220210_F2_run5,c-GC-star,103,46,3,3,2,1,2.0,0.8333333333333334,,,,unstable
220210_F2_run5,c-GC-star,103,49,1,1,0,1,2.0,0.16666666666666666,,,,unstable
220210_F2_run5,c-GC-star,103,50,2,1,0,1,3.0,0.16666666666666666,,,,lost
220210_F2_run5,c-GC-star,103,57,7,0,0,1,,0.0,,,,stable
220210_F2_run5,c-GC-star,103,94,1,1,0,1,2.0,0.16666666666666666,,,,unstable
220210_F2_run5,c-GC-star,103,95,1,1,0,1,2.0,0.16666666666666666,,,,unstable
220210_F2_run5,c-GC-star,103,105,4,1,1,1,3.0,0.3333333333333333,,,,unstable
220210_F2_run5,c-GC-star,103,107,1,1,0,1,2.0,0.16666666666666666,,,,unstable
220210_F2_run5,c-GC-star,103,114,4,0,1,4,,0.16666666666666666,,,,unstable
220210_F2_run5,c-GC-star,103,126,1,1,0,1,2.0,0.16666666666666666,,,,unstable
220210_F2_run5,c-GC-star,103,130,7,0,0,1,,0.0,,,,stable
220210_F2_run5,c-GC-star,103,133,1,1,0,1,2.0,0.16666666666666666,,,,unstable
220210_F2_run5,c-GC-star,103,164,7,0,0,1,,0.0,,,,stable
220210_F2_run5,c-GC-star,104,9,7,0,0,1,,0.0,,,,stable
220210_F2_run5,c-GC-star,104,10,3,1,1,4,7.0,0.3333333333333333,,,,unstable
220210_F2_run5,c-GC-star,104,13,2,1,2,4,5.0,0.5,,,,unstable
220210_F2_run5,c-GC-star,104,27,2,2,1,1,2.0,0.5,,,,unstable
220210_F2_run5,c-GC-star,104,31,5,0,1,3,,0.16666666666666666,,,,unstable
220210_F2_run5,c-GC-star,104,38,7,0,0,1,,0.0,,,,stable
220210_F2_run5,c-GC-star,104,39,6,0,1,2,,0.16666666666666666,,,,unstable
220210_F2_run5,c-GC-star,104,41,7,0,0,1,,0.0,,,,stable
220210_F2_run5,c-GC-star,104,42,7,0,0,1,,0.0,,,,stable
220210_F2_run5,c-GC-star,104,45,6,0,1,2,,0.16666666666666666,,,,unstable
220210_F2_run5,c-GC-star,104,55,1,0,1,7,,0.16666666666666666,,,,novel
220210_F2_run5,c-GC-star,104,57,3,1,1,3,6.0,0.3333333333333333,,,,unstable
220210_F2_run5,c-GC-star,104,67,1,1,1,5,6.0,0.3333333333333333,,,,unstable
220210_F2_run5,c-GC-star,104,73,5,1,0,1,6.0,0.16666666666666666,,,,lost
220210_F2_run5,c-GC-star,104,74,6,0,1,2,,0.16666666666666666,,,,unstable
220210_F2_run5,c-GC-star,104,86,7,0,0,1,,0.0,,,,stable
220210_F2_run5,c-GC-star,104,94,4,2,2,2,3.0,0.6666666666666666,,,,unstable
220210_F2_run5,c-GC-star,104,150,1,1,1,3,4.0,0.3333333333333333,,,,unstable
220210_F2_run5,c-GC-star,104,151,7,0,0,1,,0.0,,,,stable
220210_F2_run5,c-GC-star,104,157,4,0,1,4,,0.16666666666666666,,,,unstable
220210_F2_run5,c-GC-star,105,0,1,0,1,7,,0.16666666666666666,,,,novel
220210_F2_run5,c-GC-star,105,37,6,1,1,1,6.0,0.3333333333333333,,,,unstable
220210_F2_run5,c-GC-star,105,59,3,0,1,5,,0.16666666666666666,,,,unstable
220210_F2_run5,c-GC-star,105,64,4,0,1,4,,0.16666666666666666,,,,unstable
220210_F2_run5,c-GC-star,105,95,5,0,1,3,,0.16666666666666666,,,,unstable
220210_F2_run5,c-GC-star,105,136,3,0,1,5,,0.16666666666666666,,,,unstable
220210_F2_run5,c-GC-star,106,23,1,1,0,1,2.0,0.16666666666666666,,,,unstable
220210_F2_run5,c-GC-star,106,100,1,1,1,6,7.0,0.3333333333333333,,,,unstable
220210_F2_run5,c-GC-star,106,154,1,1,1,3,4.0,0.3333333333333333,,,,unstable
220210_F2_run5,c-GC-star,107,6,1,0,1,7,,0.16666666666666666,,,,novel
220210_F2_run5,c-GC-star,107,14,2,0,1,6,,0.16666666666666666,,,,unstable
220210_F2_run5,c-GC-star,107,46,1,1,0,1,2.0,0.16666666666666666,,,,unstable
220210_F2_run5,c-GC-star,107,103,1,1,0,1,2.0,0.16666666666666666,,,,unstable
220210_F2_run5,c-GC-star,107,125,1,1,0,1,2.0,0.16666666666666666,,,,unstable
220210_F2_run5,c-GC-star,107,132,1,0,1,7,,0.16666666666666666,,,,novel
220210_F2_run5,c-GC-star,107,134,1,1,0,1,2.0,0.16666666666666666,,,,unstable
220210_F2_run5,c-GC-star,108,1,4,2,3,2,3.0,0.8333333333333334,,,,unstable
220210_F2_run5,c-GC-star,108,15,6,1,1,1,3.0,0.3333333333333333,,,,unstable
220210_F2_run5,c-GC-star,108,20,7,0,0,1,,0.0,,,,stable
220210_F2_run5,c-GC-star,108,38,7,0,0,1,,0.0,,,,stable
220210_F2_run5,c-GC-star,108,41,2,1,1,4,6.0,0.3333333333333333,,,,unstable
220210_F2_run5,c-GC-star,108,55,2,1,0,1,3.0,0.16666666666666666,,,,lost
220210_F2_run5,c-GC-star,108,64,6,0,1,2,,0.16666666666666666,,,,unstable
220210_F2_run5,c-GC-star,108,78,1,1,0,1,2.0,0.16666666666666666,,,,unstable
220210_F2_run5,c-GC-star,108,85,1,1,0,1,2.0,0.16666666666666666,,,,unstable
220210_F2_run5,c-GC-star,108,87,7,0,0,1,,0.0,,,,stable
220210_F2_run5,c-GC-star,108,120,3,1,1,1,2.0,0.3333333333333333,,,,unstable
220210_F2_run5,c-GC-star,109,0,1,1,0,1,2.0,0.16666666666666666,,,,unstable
220210_F2_run5,c-GC-star,109,1,1,1,0,1,2.0,0.16666666666666666,,,,unstable
220210_F2_run5,c-GC-star,109,3,1,1,0,1,2.0,0.16666666666666666,,,,unstable
220210_F2_run5,c-GC-star,109,5,2,1,0,1,3.0,0.16666666666666666,,,,lost
220210_F2_run5,c-GC-star,109,6,1,1,0,1,2.0,0.16666666666666666,,,,unstable
220210_F2_run5,c-GC-star,109,7,1,1,0,1,2.0,0.16666666666666666,,,,unstable
220210_F2_run5,c-GC-star,109,9,6,1,0,1,7.0,0.16666666666666666,,,,lost
220210_F2_run5,c-GC-star,109,10,4,1,0,1,5.0,0.16666666666666666,,,,lost
220210_F2_run5,c-GC-star,109,14,1,1,0,1,2.0,0.16666666666666666,,,,unstable
220210_F2_run5,c-GC-star,109,15,1,1,0,1,2.0,0.16666666666666666,,,,unstable
220210_F2_run5,c-GC-star,109,20,1,1,0,1,2.0,0.16666666666666666,,,,unstable
220210_F2_run5,c-GC-star,109,27,1,1,1,5,6.0,0.3333333333333333,,,,unstable
220210_F2_run5,c-GC-star,109,28,2,1,0,1,3.0,0.16666666666666666,,,,lost
220210_F2_run5,c-GC-star,109,34,1,1,0,1,2.0,0.16666666666666666,,,,unstable
220210_F2_run5,c-GC-star,109,35,1,1,0,1,2.0,0.16666666666666666,,,,unstable
220210_F2_run5,c-GC-star,109,38,6,1,1,1,5.0,0.3333333333333333,,,,unstable
220210_F2_run5,c-GC-star,109,39,3,1,0,1,4.0,0.16666666666666666,,,,lost
220210_F2_run5,c-GC-star,109,40,1,1,0,1,2.0,0.16666666666666666,,,,unstable
220210_F2_run5,c-GC-star,109,41,7,0,0,1,,0.0,,,,stable
220210_F2_run5,c-GC-star,109,42,1,1,0,1,2.0,0.16666666666666666,,,,unstable
220210_F2_run5,c-GC-star,109,45,1,1,0,1,2.0,0.16666666666666666,,,,unstable
220210_F2_run5,c-GC-star,109,50,1,1,0,1,2.0,0.16666666666666666,,,,unstable
220210_F2_run5,c-GC-star,109,52,6,0,1,2,,0.16666666666666666,,,,unstable
220210_F2_run5,c-GC-star,109,56,1,1,1,2,3.0,0.3333333333333333,,,,unstable
220210_F2_run5,c-GC-star,109,58,1,1,0,1,2.0,0.16666666666666666,,,,unstable
220210_F2_run5,c-GC-star,109,66,7,0,0,1,,0.0,,,,stable
220210_F2_run5,c-GC-star,109,68,7,0,0,1,,0.0,,,,stable
220210_F2_run5,c-GC-star,109,70,3,1,0,1,4.0,0.16666666666666666,,,,lost
220210_F2_run5,c-GC-star,109,73,1,1,0,1,2.0,0.16666666666666666,,,,unstable
220210_F2_run5,c-GC-star,109,74,5,1,0,1,6.0,0.16666666666666666,,,,lost
220210_F2_run5,c-GC-star,109,80,1,1,0,1,2.0,0.16666666666666666,,,,unstable
220210_F2_run5,c-GC-star,109,86,6,1,0,1,7.0,0.16666666666666666,,,,lost
220210_F2_run5,c-GC-star,109,87,7,0,0,1,,0.0,,,,stable
220210_F2_run5,c-GC-star,109,91,1,1,1,2,3.0,0.3333333333333333,,,,unstable
220210_F2_run5,c-GC-star,109,94,7,0,0,1,,0.0,,,,stable
220210_F2_run5,c-GC-star,109,95,1,1,0,1,2.0,0.16666666666666666,,,,unstable
220210_F2_run5,c-GC-star,109,96,1,1,0,1,2.0,0.16666666666666666,,,,unstable
220210_F2_run5,c-GC-star,109,104,3,1,2,2,3.0,0.5,,,,unstable
220210_F2_run5,c-GC-star,109,114,1,1,0,1,2.0,0.16666666666666666,,,,unstable
220210_F2_run5,c-GC-star,109,127,1,1,0,1,2.0,0.16666666666666666,,,,unstable
220210_F2_run5,c-GC-star,109,144,1,1,0,1,2.0,0.16666666666666666,,,,unstable
220210_F2_run5,c-GC-star,110,44,1,1,0,1,2.0,0.16666666666666666,,,,unstable
220210_F2_run5,c-GC-star,110,80,1,1,0,1,2.0,0.16666666666666666,,,,unstable
220210_F2_run5,c-GC-star,110,105,2,2,1,1,2.0,0.5,,,,unstable
220210_F2_run5,c-GC-star,110,112,2,2,2,3,4.0,0.6666666666666666,,,,unstable
220210_F2_run5,c-GC-star,110,124,7,0,0,1,,0.0,,,,stable
220210_F2_run5,c-GC-star,110,127,1,1,0,1,2.0,0.16666666666666666,,,,unstable
220210_F2_run5,c-GC-star,110,156,2,2,1,1,2.0,0.5,,,,unstable
220210_F2_run5,c-GC-star,111,14,2,2,2,2,3.0,0.6666666666666666,,,,unstable
220210_F2_run5,c-GC-star,111,31,3,1,2,4,6.0,0.5,,,,unstable
220210_F2_run5,c-GC-star,111,55,1,1,0,1,2.0,0.16666666666666666,,,,unstable
220210_F2_run5,c-GC-star,111,84,7,0,0,1,,0.0,,,,stable
220210_F2_run5,c-GC-star,111,94,1,1,0,1,2.0,0.16666666666666666,,,,unstable
220210_F2_run5,c-GC-star,111,105,2,2,1,1,2.0,0.5,,,,unstable
220210_F2_run5,c-GC-star,111,132,1,1,1,6,7.0,0.3333333333333333,,,,unstable
220210_F2_run5,c-GC-star,112,8,1,1,1,2,3.0,0.3333333333333333,,,,unstable
220210_F2_run5,c-GC-star,112,60,2,0,1,6,,0.16666666666666666,,,,unstable
220210_F2_run5,c-GC-star,112,90,3,2,1,1,2.0,0.5,,,,unstable
220210_F2_run5,c-GC-star,112,93,1,1,0,1,2.0,0.16666666666666666,,,,unstable
220210_F2_run5,c-GC-star,112,116,2,2,1,1,2.0,0.5,,,,unstable
220210_F2_run5,c-GC-star,113,12,6,1,0,1,7.0,0.16666666666666666,,,,lost
220210_F2_run5,c-GC-star,113,26,5,1,2,2,3.0,0.5,,,,unstable
220210_F2_run5,c-GC-star,113,80,6,1,1,1,2.0,0.3333333333333333,,,,unstable
220210_F2_run5,c-GC-star,113,112,3,1,2,4,6.0,0.5,,,,unstable
220210_F2_run5,c-GC-star,113,118,4,0,1,4,,0.16666666666666666,,,,unstable
220210_F2_run5,c-GC-star,113,137,1,0,1,7,,0.16666666666666666,,,,novel
220210_F2_run5,c-GC-star,114,8,7,0,0,1,,0.0,,,,stable
220210_F2_run5,c-GC-star,114,37,7,0,0,1,,0.0,,,,stable
220210_F2_run5,c-GC-star,114,45,1,1,0,1,2.0,0.16666666666666666,,,,unstable
220210_F2_run5,c-GC-star,114,49,3,1,2,3,4.0,0.5,,,,unstable
220210_F2_run5,c-GC-star,114,50,2,1,0,1,3.0,0.16666666666666666,,,,lost
220210_F2_run5,c-GC-star,114,56,6,0,1,2,,0.16666666666666666,,,,unstable
220210_F2_run5,c-GC-star,114,57,6,0,1,2,,0.16666666666666666,,,,unstable
220210_F2_run5,c-GC-star,114,65,2,1,1,1,2.0,0.3333333333333333,,,,unstable
220210_F2_run5,c-GC-star,114,66,1,0,1,7,,0.16666666666666666,,,,novel
220210_F2_run5,c-GC-star,114,69,2,0,1,6,,0.16666666666666666,,,,unstable
220210_F2_run5,c-GC-star,114,70,6,0,1,2,,0.16666666666666666,,,,unstable
220210_F2_run5,c-GC-star,114,74,1,1,0,1,2.0,0.16666666666666666,,,,unstable
220210_F2_run5,c-GC-star,114,75,7,0,0,1,,0.0,,,,stable
220210_F2_run5,c-GC-star,114,89,7,0,0,1,,0.0,,,,stable
220210_F2_run5,c-GC-star,114,91,7,0,0,1,,0.0,,,,stable
220210_F2_run5,c-GC-star,114,99,1,1,0,1,2.0,0.16666666666666666,,,,unstable
220210_F2_run5,c-GC-star,114,102,7,0,0,1,,0.0,,,,stable
220210_F2_run5,c-GC-star,114,103,1,0,1,7,,0.16666666666666666,,,,novel
220210_F2_run5,c-GC-star,114,129,5,1,1,2,7.0,0.3333333333333333,,,,unstable
220210_F2_run5,c-GC-star,114,132,1,1,1,4,5.0,0.3333333333333333,,,,unstable
220210_F2_run5,c-GC-star,114,155,1,1,0,1,2.0,0.16666666666666666,,,,unstable
220210_F2_run5,c-GC-star,114,156,1,1,1,2,3.0,0.3333333333333333,,,,unstable
220210_F2_run5,c-GC-star,115,80,3,1,0,1,4.0,0.16666666666666666,,,,lost
220210_F2_run5,c-GC-star,115,108,1,1,0,1,2.0,0.16666666666666666,,,,unstable
220210_F2_run5,c-GC-star,115,113,1,1,0,1,2.0,0.16666666666666666,,,,unstable
220210_F2_run5,c-GC-star,116,1,2,1,1,4,6.0,0.3333333333333333,,,,unstable
220210_F2_run5,c-GC-star,116,24,6,0,1,2,,0.16666666666666666,,,,unstable
220210_F2_run5,c-GC-star,116,28,1,1,1,2,3.0,0.3333333333333333,,,,unstable
220210_F2_run5,c-GC-star,116,77,3,1,1,1,3.0,0.3333333333333333,,,,unstable
220210_F2_run5,c-GC-star,116,78,1,1,0,1,2.0,0.16666666666666666,,,,unstable
220210_F2_run5,c-GC-star,116,80,2,0,1,6,,0.16666666666666666,,,,unstable
220210_F2_run5,c-GC-star,116,82,2,2,2,2,3.0,0.6666666666666666,,,,unstable
220210_F2_run5,c-GC-star,116,93,5,2,1,1,5.0,0.5,,,,unstable
220210_F2_run5,c-GC-star,116,101,1,0,1,7,,0.16666666666666666,,,,novel
220210_F2_run5,c-GC-star,116,112,7,0,0,1,,0.0,,,,stable
220210_F2_run5,c-GC-star,116,125,2,1,2,5,6.0,0.5,,,,unstable
220210_F2_run5,c-GC-star,116,139,1,1,1,5,6.0,0.3333333333333333,,,,unstable
220210_F2_run5,c-GC-star,116,164,1,1,1,5,6.0,0.3333333333333333,,,,unstable
220210_F2_run5,c-GC-star,117,8,1,1,0,1,2.0,0.16666666666666666,,,,unstable
220210_F2_run5,c-GC-star,117,37,2,1,1,2,4.0,0.3333333333333333,,,,unstable
220210_F2_run5,c-GC-star,117,47,1,1,0,1,2.0,0.16666666666666666,,,,unstable
220210_F2_run5,c-GC-star,117,70,4,2,1,1,4.0,0.5,,,,unstable
220210_F2_run5,c-GC-star,117,83,1,0,1,7,,0.16666666666666666,,,,novel
220210_F2_run5,c-GC-star,117,88,4,1,2,2,4.0,0.5,,,,unstable
220210_F2_run5,c-GC-star,117,89,2,1,0,1,3.0,0.16666666666666666,,,,lost
220210_F2_run5,c-GC-star,117,124,1,1,1,2,3.0,0.3333333333333333,,,,unstable
220210_F2_run5,c-GC-star,117,137,3,1,2,4,5.0,0.5,,,,unstable
220210_F2_run5,c-GC-star,118,0,3,0,1,5,,0.16666666666666666,,,,unstable
220210_F2_run5,c-GC-star,118,15,1,0,1,7,,0.16666666666666666,,,,novel
220210_F2_run5,c-GC-star,118,22,1,1,0,1,2.0,0.16666666666666666,,,,unstable
220210_F2_run5,c-GC-star,118,45,4,3,2,1,2.0,0.8333333333333334,,,,unstable
220210_F2_run5,c-GC-star,118,48,7,0,0,1,,0.0,,,,stable
220210_F2_run5,c-GC-star,118,49,1,1,0,1,2.0,0.16666666666666666,,,,unstable
220210_F2_run5,c-GC-star,118,50,3,2,1,1,3.0,0.5,,,,unstable
220210_F2_run5,c-GC-star,118,56,4,1,2,2,5.0,0.5,,,,unstable
220210_F2_run5,c-GC-star,118,58,4,1,0,1,5.0,0.16666666666666666,,,,lost
220210_F2_run5,c-GC-star,118,62,7,0,0,1,,0.0,,,,stable
220210_F2_run5,c-GC-star,118,72,4,2,2,1,2.0,0.6666666666666666,,,,unstable
220210_F2_run5,c-GC-star,118,75,3,1,1,2,5.0,0.3333333333333333,,,,unstable
220210_F2_run5,c-GC-star,118,85,7,0,0,1,,0.0,,,,stable
220210_F2_run5,c-GC-star,118,88,6,1,0,1,7.0,0.16666666666666666,,,,lost
220210_F2_run5,c-GC-star,118,89,7,0,0,1,,0.0,,,,stable
220210_F2_run5,c-GC-star,118,91,6,0,1,2,,0.16666666666666666,,,,unstable
220210_F2_run5,c-GC-star,118,102,7,0,0,1,,0.0,,,,stable
220210_F2_run5,c-GC-star,118,107,1,1,0,1,2.0,0.16666666666666666,,,,unstable
220210_F2_run5,c-GC-star,118,109,5,1,2,2,6.0,0.5,,,,unstable
220210_F2_run5,c-GC-star,118,110,1,1,0,1,2.0,0.16666666666666666,,,,unstable
220210_F2_run5,c-GC-star,118,114,7,0,0,1,,0.0,,,,stable
220210_F2_run5,c-GC-star,118,130,5,2,2,1,2.0,0.6666666666666666,,,,unstable
220210_F2_run5,c-GC-star,118,133,7,0,0,1,,0.0,,,,stable
220210_F2_run5,c-GC-star,118,134,6,0,1,2,,0.16666666666666666,,,,unstable
220210_F2_run5,c-GC-star,118,135,5,2,2,1,2.0,0.6666666666666666,,,,unstable
220210_F2_run5,c-GC-star,118,136,1,1,0,1,2.0,0.16666666666666666,,,,unstable
220210_F2_run5,c-GC-star,118,140,3,2,1,1,3.0,0.5,,,,unstable
220210_F2_run5,c-GC-star,118,143,1,1,0,1,2.0,0.16666666666666666,,,,unstable
220210_F2_run5,c-GC-star,118,156,7,0,0,1,,0.0,,,,stable
220210_F2_run5,c-GC-star,118,157,1,1,0,1,2.0,0.16666666666666666,,,,unstable
220210_F2_run5,c-GC-star,119,34,1,1,1,3,4.0,0.3333333333333333,,,,unstable
220210_F2_run5,c-GC-star,119,44,1,1,1,2,3.0,0.3333333333333333,,,,unstable
220210_F2_run5,c-GC-star,119,50,2,1,0,1,3.0,0.16666666666666666,,,,lost
220210_F2_run5,c-GC-star,119,58,4,0,1,4,,0.16666666666666666,,,,unstable
220210_F2_run5,c-GC-star,119,67,2,1,1,5,7.0,0.3333333333333333,,,,unstable
220210_F2_run5,c-GC-star,119,68,4,1,1,3,7.0,0.3333333333333333,,,,unstable
220210_F2_run5,c-GC-star,119,71,1,0,1,7,,0.16666666666666666,,,,novel
220210_F2_run5,c-GC-star,119,88,3,0,1,5,,0.16666666666666666,,,,unstable
220210_F2_run5,c-GC-star,119,109,4,1,0,1,5.0,0.16666666666666666,,,,lost
220210_F2_run5,c-GC-star,119,138,2,2,2,2,3.0,0.6666666666666666,,,,unstable
220210_F2_run5,c-GC-star,119,164,3,1,2,2,3.0,0.5,,,,unstable
220210_F2_run5,c-GC-star,120,7,1,1,0,1,2.0,0.16666666666666666,,,,unstable
220210_F2_run5,c-GC-star,120,23,1,0,1,7,,0.16666666666666666,,,,novel
220210_F2_run5,c-GC-star,120,46,1,1,1,6,7.0,0.3333333333333333,,,,unstable
220210_F2_run5,c-GC-star,120,59,4,1,1,1,2.0,0.3333333333333333,,,,unstable
220210_F2_run5,c-GC-star,120,63,1,1,0,1,2.0,0.16666666666666666,,,,unstable
220210_F2_run5,c-GC-star,120,88,2,1,0,1,3.0,0.16666666666666666,,,,lost
220210_F2_run5,c-GC-star,120,129,1,1,0,1,2.0,0.16666666666666666,,,,unstable
220210_F2_run5,c-GC-star,120,134,5,1,1,1,3.0,0.3333333333333333,,,,unstable
220210_F2_run5,c-GC-star,121,136,2,1,2,3,4.0,0.5,,,,unstable
220210_F2_run5,c-GC-star,121,156,2,0,1,6,,0.16666666666666666,,,,unstable
220210_F2_run5,c-GC-star,122,126,1,1,0,1,2.0,0.16666666666666666,,,,unstable
220210_F2_run5,c-GC-star,123,151,1,1,0,1,2.0,0.16666666666666666,,,,unstable
220210_F2_run5,c-GC-star,124,7,5,0,1,3,,0.16666666666666666,,,,unstable
220210_F2_run5,c-GC-star,124,8,2,1,2,5,6.0,0.5,,,,unstable
220210_F2_run5,c-GC-star,124,22,2,1,2,2,3.0,0.5,,,,unstable
220210_F2_run5,c-GC-star,124,26,5,0,1,3,,0.16666666666666666,,,,unstable
220210_F2_run5,c-GC-star,124,28,3,1,2,4,5.0,0.5,,,,unstable
220210_F2_run5,c-GC-star,124,45,6,0,1,2,,0.16666666666666666,,,,unstable
220210_F2_run5,c-GC-star,124,46,2,1,1,2,4.0,0.3333333333333333,,,,unstable
220210_F2_run5,c-GC-star,124,48,5,1,1,2,7.0,0.3333333333333333,,,,unstable
220210_F2_run5,c-GC-star,124,59,1,0,1,7,,0.16666666666666666,,,,novel
220210_F2_run5,c-GC-star,124,62,1,1,1,2,3.0,0.3333333333333333,,,,unstable
220210_F2_run5,c-GC-star,124,75,1,1,1,4,5.0,0.3333333333333333,,,,unstable
220210_F2_run5,c-GC-star,124,83,7,0,0,1,,0.0,,,,stable
220210_F2_run5,c-GC-star,124,85,6,0,1,2,,0.16666666666666666,,,,unstable
220210_F2_run5,c-GC-star,124,102,6,0,1,2,,0.16666666666666666,,,,unstable
220210_F2_run5,c-GC-star,124,108,1,1,1,2,3.0,0.3333333333333333,,,,unstable
220210_F2_run5,c-GC-star,124,118,3,0,1,5,,0.16666666666666666,,,,unstable
220210_F2_run5,c-GC-star,124,125,5,0,1,3,,0.16666666666666666,,,,unstable
220210_F2_run5,c-GC-star,124,126,7,0,0,1,,0.0,,,,stable
220210_F2_run5,c-GC-star,124,134,5,1,1,2,7.0,0.3333333333333333,,,,unstable
220210_F2_run5,c-GC-star,124,135,4,1,2,3,5.0,0.5,,,,unstable
220210_F2_run5,c-GC-star,124,136,6,0,1,2,,0.16666666666666666,,,,unstable
220210_F2_run5,c-GC-star,124,140,1,1,1,5,6.0,0.3333333333333333,,,,unstable
220210_F2_run5,c-GC-star,124,154,6,0,1,2,,0.16666666666666666,,,,unstable
220210_F2_run5,c-GC-star,125,7,1,1,1,4,5.0,0.3333333333333333,,,,unstable
220210_F2_run5,c-GC-star,125,24,1,0,1,7,,0.16666666666666666,,,,novel
220210_F2_run5,c-GC-star,125,25,4,0,1,4,,0.16666666666666666,,,,unstable
220210_F2_run5,c-GC-star,125,43,1,0,1,7,,0.16666666666666666,,,,novel
220210_F2_run5,c-GC-star,125,45,3,0,1,5,,0.16666666666666666,,,,unstable
220210_F2_run5,c-GC-star,125,48,1,1,1,2,3.0,0.3333333333333333,,,,unstable
220210_F2_run5,c-GC-star,125,51,1,0,1,7,,0.16666666666666666,,,,novel
220210_F2_run5,c-GC-star,125,60,1,1,1,4,5.0,0.3333333333333333,,,,unstable
220210_F2_run5,c-GC-star,125,62,6,1,1,1,6.0,0.3333333333333333,,,,unstable
220210_F2_run5,c-GC-star,125,65,1,0,1,7,,0.16666666666666666,,,,novel
220210_F2_run5,c-GC-star,125,95,4,2,2,2,5.0,0.6666666666666666,,,,unstable
220210_F2_run5,c-GC-star,125,102,1,1,1,4,5.0,0.3333333333333333,,,,unstable
220210_F2_run5,c-GC-star,125,118,4,1,1,2,6.0,0.3333333333333333,,,,unstable
220210_F2_run5,c-GC-star,125,124,1,1,1,3,4.0,0.3333333333333333,,,,unstable
220210_F2_run5,c-GC-star,125,134,5,0,1,3,,0.16666666666666666,,,,unstable
220210_F2_run5,c-GC-star,125,135,3,1,2,4,6.0,0.5,,,,unstable
220210_F2_run5,c-GC-star,125,137,6,0,1,2,,0.16666666666666666,,,,unstable
220210_F2_run5,c-GC-star,125,140,2,2,2,2,3.0,0.6666666666666666,,,,unstable
220210_F2_run5,c-GC-star,125,149,2,1,1,1,2.0,0.3333333333333333,,,,unstable
220210_F2_run5,c-GC-star,125,156,6,0,1,2,,0.16666666666666666,,,,unstable
220210_F2_run5,c-GC-star,126,62,1,1,1,6,7.0,0.3333333333333333,,,,unstable
220210_F2_run5,c-GC-star,127,7,1,1,1,4,5.0,0.3333333333333333,,,,unstable
220210_F2_run5,c-GC-star,127,39,4,2,2,2,3.0,0.6666666666666666,,,,unstable
220210_F2_run5,c-GC-star,127,42,6,0,1,2,,0.16666666666666666,,,,unstable
220210_F2_run5,c-GC-star,127,44,6,0,1,2,,0.16666666666666666,,,,unstable
220210_F2_run5,c-GC-star,127,51,1,1,0,1,2.0,0.16666666666666666,,,,unstable
220210_F2_run5,c-GC-star,127,56,2,1,0,1,3.0,0.16666666666666666,,,,lost
220210_F2_run5,c-GC-star,127,64,1,1,0,1,2.0,0.16666666666666666,,,,unstable
220210_F2_run5,c-GC-star,127,78,1,1,0,1,2.0,0.16666666666666666,,,,unstable
220210_F2_run5,c-GC-star,127,79,1,1,1,5,6.0,0.3333333333333333,,,,unstable
220210_F2_run5,c-GC-star,127,80,1,1,0,1,2.0,0.16666666666666666,,,,unstable
220210_F2_run5,c-GC-star,127,88,1,1,0,1,2.0,0.16666666666666666,,,,unstable
220210_F2_run5,c-GC-star,127,96,2,2,2,3,4.0,0.6666666666666666,,,,unstable
220210_F2_run5,c-GC-star,127,104,1,1,0,1,2.0,0.16666666666666666,,,,unstable
220210_F2_run5,c-GC-star,128,30,3,1,2,3,4.0,0.5,,,,unstable
220210_F2_run5,c-GC-star,128,38,3,1,2,4,6.0,0.5,,,,unstable
220210_F2_run5,c-GC-star,128,109,1,0,1,7,,0.16666666666666666,,,,novel
220210_F2_run5,c-GC-star,128,143,1,1,1,4,5.0,0.3333333333333333,,,,unstable
220210_F2_run5,c-GC-star,129,10,2,0,1,6,,0.16666666666666666,,,,unstable
220210_F2_run5,c-GC-star,129,30,1,1,0,1,2.0,0.16666666666666666,,,,unstable
220210_F2_run5,c-GC-star,129,40,2,2,2,3,4.0,0.6666666666666666,,,,unstable
220210_F2_run5,c-GC-star,129,44,1,1,0,1,2.0,0.16666666666666666,,,,unstable
220210_F2_run5,c-GC-star,129,71,1,1,0,1,2.0,0.16666666666666666,,,,unstable
220210_F2_run5,c-GC-star,129,80,1,1,0,1,2.0,0.16666666666666666,,,,unstable
220210_F2_run5,c-GC-star,129,120,1,1,0,1,2.0,0.16666666666666666,,,,unstable
220210_F2_run5,c-GC-star,129,133,3,1,2,3,4.0,0.5,,,,unstable
220210_F2_run5,c-GC-star,130,6,6,1,1,1,6.0,0.3333333333333333,,,,unstable
220210_F2_run5,c-GC-star,130,10,1,0,1,7,,0.16666666666666666,,,,novel
220210_F2_run5,c-GC-star,130,11,7,0,0,1,,0.0,,,,stable
220210_F2_run5,c-GC-star,130,28,1,1,1,2,3.0,0.3333333333333333,,,,unstable
220210_F2_run5,c-GC-star,130,31,7,0,0,1,,0.0,,,,stable
220210_F2_run5,c-GC-star,130,37,2,2,2,2,3.0,0.6666666666666666,,,,unstable
220210_F2_run5,c-GC-star,130,40,7,0,0,1,,0.0,,,,stable
220210_F2_run5,c-GC-star,130,42,1,1,0,1,2.0,0.16666666666666666,,,,unstable
220210_F2_run5,c-GC-star,130,44,7,0,0,1,,0.0,,,,stable
220210_F2_run5,c-GC-star,130,57,4,1,0,1,5.0,0.16666666666666666,,,,lost
220210_F2_run5,c-GC-star,130,59,2,0,1,6,,0.16666666666666666,,,,unstable
220210_F2_run5,c-GC-star,130,61,7,0,0,1,,0.0,,,,stable
220210_F2_run5,c-GC-star,130,62,7,0,0,1,,0.0,,,,stable
220210_F2_run5,c-GC-star,130,64,5,0,1,3,,0.16666666666666666,,,,unstable
220210_F2_run5,c-GC-star,130,65,2,1,0,1,3.0,0.16666666666666666,,,,lost
220210_F2_run5,c-GC-star,130,72,2,0,1,6,,0.16666666666666666,,,,unstable
220210_F2_run5,c-GC-star,130,94,7,0,0,1,,0.0,,,,stable
220210_F2_run5,c-GC-star,130,105,7,0,0,1,,0.0,,,,stable
220210_F2_run5,c-GC-star,130,118,6,0,1,2,,0.16666666666666666,,,,unstable
220210_F2_run5,c-GC-star,130,128,1,1,0,1,2.0,0.16666666666666666,,,,unstable
220210_F2_run5,c-GC-star,130,132,1,1,0,1,2.0,0.16666666666666666,,,,unstable
220210_F2_run5,c-GC-star,130,133,7,0,0,1,,0.0,,,,stable
220210_F2_run5,c-GC-star,130,134,1,1,1,4,5.0,0.3333333333333333,,,,unstable
220210_F2_run5,c-GC-star,130,144,1,0,1,7,,0.16666666666666666,,,,novel
220210_F2_run5,c-GC-star,130,151,7,0,0,1,,0.0,,,,stable
220210_F2_run5,c-GC-star,130,152,7,0,0,1,,0.0,,,,stable
220210_F2_run5,c-GC-star,130,154,7,0,0,1,,0.0,,,,stable
220210_F2_run5,c-GC-star,130,157,1,1,0,1,2.0,0.16666666666666666,,,,unstable
220210_F2_run5,c-GC-star,131,63,6,1,1,1,5.0,0.3333333333333333,,,,unstable
220210_F2_run5,c-GC-star,131,77,3,1,0,1,4.0,0.16666666666666666,,,,lost
220210_F2_run5,c-GC-star,131,107,4,1,2,3,5.0,0.5,,,,unstable
220210_F2_run5,c-GC-star,131,108,7,0,0,1,,0.0,,,,stable
220210_F2_run5,c-GC-star,131,119,5,1,0,1,6.0,0.16666666666666666,,,,lost
220210_F2_run5,c-GC-star,131,154,1,0,1,7,,0.16666666666666666,,,,novel
220210_F2_run5,c-GC-star,131,156,1,1,1,4,5.0,0.3333333333333333,,,,unstable
220210_F2_run5,c-GC-star,131,160,6,1,1,1,4.0,0.3333333333333333,,,,unstable
220210_F2_run5,c-GC-star,132,0,6,0,1,2,,0.16666666666666666,,,,unstable
220210_F2_run5,c-GC-star,132,6,6,1,1,1,3.0,0.3333333333333333,,,,unstable
220210_F2_run5,c-GC-star,132,28,2,0,1,6,,0.16666666666666666,,,,unstable
220210_F2_run5,c-GC-star,132,57,4,1,2,3,5.0,0.5,,,,unstable
220210_F2_run5,c-GC-star,132,62,1,1,0,1,2.0,0.16666666666666666,,,,unstable
220210_F2_run5,c-GC-star,132,85,6,1,0,1,7.0,0.16666666666666666,,,,lost
220210_F2_run5,c-GC-star,132,89,1,0,1,7,,0.16666666666666666,,,,novel
220210_F2_run5,c-GC-star,132,94,3,1,0,1,4.0,0.16666666666666666,,,,lost
220210_F2_run5,c-GC-star,132,103,5,1,0,1,6.0,0.16666666666666666,,,,lost
220210_F2_run5,c-GC-star,132,109,2,1,1,2,4.0,0.3333333333333333,,,,unstable
220210_F2_run5,c-GC-star,132,114,2,0,1,6,,0.16666666666666666,,,,unstable
220210_F2_run5,c-GC-star,132,121,1,1,0,1,2.0,0.16666666666666666,,,,unstable
220210_F2_run5,c-GC-star,132,130,5,1,0,1,6.0,0.16666666666666666,,,,lost
220210_F2_run5,c-GC-star,132,134,2,1,0,1,3.0,0.16666666666666666,,,,lost
220210_F2_run5,c-GC-star,132,164,2,1,1,2,4.0,0.3333333333333333,,,,unstable
220210_F2_run5,c-GC-star,133,7,3,2,1,1,3.0,0.5,,,,unstable
220210_F2_run5,c-GC-star,133,9,1,0,1,7,,0.16666666666666666,,,,novel
220210_F2_run5,c-GC-star,133,10,1,0,1,7,,0.16666666666666666,,,,novel
220210_F2_run5,c-GC-star,133,30,2,1,1,5,7.0,0.3333333333333333,,,,unstable
220210_F2_run5,c-GC-star,133,31,5,1,0,1,6.0,0.16666666666666666,,,,lost
220210_F2_run5,c-GC-star,133,45,5,0,1,3,,0.16666666666666666,,,,unstable
220210_F2_run5,c-GC-star,133,49,1,1,0,1,2.0,0.16666666666666666,,,,unstable
220210_F2_run5,c-GC-star,133,50,1,1,0,1,2.0,0.16666666666666666,,,,unstable
220210_F2_run5,c-GC-star,133,62,5,0,1,3,,0.16666666666666666,,,,unstable
220210_F2_run5,c-GC-star,133,66,3,0,1,5,,0.16666666666666666,,,,unstable
220210_F2_run5,c-GC-star,133,70,3,0,1,5,,0.16666666666666666,,,,unstable
220210_F2_run5,c-GC-star,133,75,5,1,2,2,4.0,0.5,,,,unstable
220210_F2_run5,c-GC-star,133,87,3,1,1,4,7.0,0.3333333333333333,,,,unstable
220210_F2_run5,c-GC-star,133,91,5,1,1,1,3.0,0.3333333333333333,,,,unstable
220210_F2_run5,c-GC-star,133,105,6,0,1,2,,0.16666666666666666,,,,unstable
220210_F2_run5,c-GC-star,133,114,1,1,1,6,7.0,0.3333333333333333,,,,unstable
220210_F2_run5,c-GC-star,133,118,1,1,0,1,2.0,0.16666666666666666,,,,unstable
220210_F2_run5,c-GC-star,133,124,4,1,2,3,4.0,0.5,,,,unstable
220210_F2_run5,c-GC-star,133,130,4,1,1,3,7.0,0.3333333333333333,,,,unstable
220210_F2_run5,c-GC-star,133,134,5,0,1,3,,0.16666666666666666,,,,unstable
220210_F2_run5,c-GC-star,133,141,2,1,1,3,5.0,0.3333333333333333,,,,unstable
220210_F2_run5,c-GC-star,133,151,7,0,0,1,,0.0,,,,stable
220210_F2_run5,c-GC-star,133,152,3,1,2,3,5.0,0.5,,,,unstable
220210_F2_run5,c-GC-star,133,154,6,1,1,1,6.0,0.3333333333333333,,,,unstable
220210_F2_run5,c-GC-star,133,157,6,0,1,2,,0.16666666666666666,,,,unstable
220210_F2_run5,c-GC-star,133,158,2,2,1,1,2.0,0.5,,,,unstable
220210_F2_run5,c-GC-star,134,43,6,0,1,2,,0.16666666666666666,,,,unstable
220210_F2_run5,c-GC-star,134,45,4,2,2,2,5.0,0.6666666666666666,,,,unstable
220210_F2_run5,c-GC-star,134,46,4,1,1,2,6.0,0.3333333333333333,,,,unstable
220210_F2_run5,c-GC-star,134,48,4,0,1,4,,0.16666666666666666,,,,unstable
220210_F2_run5,c-GC-star,134,73,2,1,1,2,4.0,0.3333333333333333,,,,unstable
220210_F2_run5,c-GC-star,134,75,4,0,1,4,,0.16666666666666666,,,,unstable
220210_F2_run5,c-GC-star,134,78,1,1,0,1,2.0,0.16666666666666666,,,,unstable
220210_F2_run5,c-GC-star,134,79,3,0,1,5,,0.16666666666666666,,,,unstable
220210_F2_run5,c-GC-star,134,88,6,0,1,2,,0.16666666666666666,,,,unstable
220210_F2_run5,c-GC-star,134,102,6,0,1,2,,0.16666666666666666,,,,unstable
220210_F2_run5,c-GC-star,134,103,4,1,2,3,4.0,0.5,,,,unstable
220210_F2_run5,c-GC-star,134,107,1,1,0,1,2.0,0.16666666666666666,,,,unstable
220210_F2_run5,c-GC-star,134,111,4,0,1,4,,0.16666666666666666,,,,unstable
220210_F2_run5,c-GC-star,134,118,2,1,1,3,5.0,0.3333333333333333,,,,unstable
220210_F2_run5,c-GC-star,134,124,6,1,0,1,7.0,0.16666666666666666,,,,lost
220210_F2_run5,c-GC-star,134,125,2,1,2,5,6.0,0.5,,,,unstable
220210_F2_run5,c-GC-star,134,127,5,1,1,2,7.0,0.3333333333333333,,,,unstable
220210_F2_run5,c-GC-star,134,132,4,1,1,3,7.0,0.3333333333333333,,,,unstable
220210_F2_run5,c-GC-star,134,133,2,1,1,5,7.0,0.3333333333333333,,,,unstable
220210_F2_run5,c-GC-star,134,135,5,0,1,3,,0.16666666666666666,,,,unstable
220210_F2_run5,c-GC-star,134,140,6,0,1,2,,0.16666666666666666,,,,unstable
220210_F2_run5,c-GC-star,134,143,3,0,1,5,,0.16666666666666666,,,,unstable
220210_F2_run5,c-GC-star,134,154,6,0,1,2,,0.16666666666666666,,,,unstable
220210_F2_run5,c-GC-star,134,156,3,1,2,4,6.0,0.5,,,,unstable
220210_F2_run5,c-GC-star,134,164,6,0,1,2,,0.16666666666666666,,,,unstable
220210_F2_run5,c-GC-star,135,25,4,2,2,1,2.0,0.6666666666666666,,,,unstable
220210_F2_run5,c-GC-star,135,37,1,1,0,1,2.0,0.16666666666666666,,,,unstable
220210_F2_run5,c-GC-star,135,45,7,0,0,1,,0.0,,,,stable
220210_F2_run5,c-GC-star,135,48,4,2,1,1,4.0,0.5,,,,unstable
220210_F2_run5,c-GC-star,135,50,1,1,1,6,7.0,0.3333333333333333,,,,unstable
220210_F2_run5,c-GC-star,135,62,1,1,0,1,2.0,0.16666666666666666,,,,unstable
220210_F2_run5,c-GC-star,135,75,5,1,1,1,5.0,0.3333333333333333,,,,unstable
220210_F2_run5,c-GC-star,135,76,1,1,0,1,2.0,0.16666666666666666,,,,unstable
220210_F2_run5,c-GC-star,135,81,1,1,1,2,3.0,0.3333333333333333,,,,unstable
220210_F2_run5,c-GC-star,135,85,4,1,0,1,5.0,0.16666666666666666,,,,lost
220210_F2_run5,c-GC-star,135,102,4,1,1,1,4.0,0.3333333333333333,,,,unstable
220210_F2_run5,c-GC-star,135,103,5,1,2,2,6.0,0.5,,,,unstable
220210_F2_run5,c-GC-star,135,112,3,2,2,2,3.0,0.6666666666666666,,,,unstable
220210_F2_run5,c-GC-star,135,124,2,1,0,1,3.0,0.16666666666666666,,,,lost
220210_F2_run5,c-GC-star,135,125,7,0,0,1,,0.0,,,,stable
220210_F2_run5,c-GC-star,135,126,7,0,0,1,,0.0,,,,stable
220210_F2_run5,c-GC-star,135,134,7,0,0,1,,0.0,,,,stable
220210_F2_run5,c-GC-star,135,137,1,1,0,1,2.0,0.16666666666666666,,,,unstable
220210_F2_run5,c-GC-star,135,140,3,1,1,1,3.0,0.3333333333333333,,,,unstable
220210_F2_run5,c-GC-star,135,154,6,1,1,1,2.0,0.3333333333333333,,,,unstable
220210_F2_run5,c-GC-star,135,156,5,2,2,1,3.0,0.6666666666666666,,,,unstable
220210_F2_run5,c-GC-star,136,62,6,1,1,1,2.0,0.3333333333333333,,,,unstable
220210_F2_run5,c-GC-star,136,98,6,1,0,1,7.0,0.16666666666666666,,,,lost
220210_F2_run5,c-GC-star,136,103,1,0,1,7,,0.16666666666666666,,,,novel
220210_F2_run5,c-GC-star,136,124,1,1,0,1,2.0,0.16666666666666666,,,,unstable
220210_F2_run5,c-GC-star,136,154,7,0,0,1,,0.0,,,,stable
220210_F2_run5,c-GC-star,136,156,6,0,1,2,,0.16666666666666666,,,,unstable
220210_F2_run5,c-GC-star,137,9,1,1,1,3,4.0,0.3333333333333333,,,,unstable
220210_F2_run5,c-GC-star,137,12,1,1,1,5,6.0,0.3333333333333333,,,,unstable
220210_F2_run5,c-GC-star,137,37,5,1,1,1,2.0,0.3333333333333333,,,,unstable
220210_F2_run5,c-GC-star,137,50,3,1,2,3,4.0,0.5,,,,unstable
220210_F2_run5,c-GC-star,137,62,6,1,1,1,2.0,0.3333333333333333,,,,unstable
220210_F2_run5,c-GC-star,137,89,2,1,1,2,4.0,0.3333333333333333,,,,unstable
220210_F2_run5,c-GC-star,137,95,5,0,1,3,,0.16666666666666666,,,,unstable
220210_F2_run5,c-GC-star,137,114,5,1,1,1,4.0,0.3333333333333333,,,,unstable
220210_F2_run5,c-GC-star,137,124,1,1,0,1,2.0,0.16666666666666666,,,,unstable
220210_F2_run5,c-GC-star,137,125,1,1,0,1,2.0,0.16666666666666666,,,,unstable
220210_F2_run5,c-GC-star,137,134,4,2,1,1,2.0,0.5,,,,unstable
220210_F2_run5,c-GC-star,137,136,1,1,0,1,2.0,0.16666666666666666,,,,unstable
220210_F2_run5,c-GC-star,137,140,6,1,1,1,6.0,0.3333333333333333,,,,unstable
220210_F2_run5,c-GC-star,137,144,2,1,1,3,5.0,0.3333333333333333,,,,unstable
220210_F2_run5,c-GC-star,137,154,7,0,0,1,,0.0,,,,stable
220210_F2_run5,c-GC-star,137,155,4,2,3,2,3.0,0.8333333333333334,,,,unstable
220210_F2_run5,c-GC-star,138,53,1,1,1,3,4.0,0.3333333333333333,,,,unstable
220210_F2_run5,c-GC-star,138,96,1,1,0,1,2.0,0.16666666666666666,,,,unstable
220210_F2_run5,c-GC-star,138,140,1,1,0,1,2.0,0.16666666666666666,,,,unstable
220210_F2_run5,c-GC-star,139,0,2,1,1,4,6.0,0.3333333333333333,,,,unstable
220210_F2_run5,c-GC-star,139,14,3,0,1,5,,0.16666666666666666,,,,unstable
220210_F2_run5,c-GC-star,139,105,1,0,1,7,,0.16666666666666666,,,,novel
220210_F2_run5,c-GC-star,139,124,1,1,0,1,2.0,0.16666666666666666,,,,unstable
220210_F2_run5,c-GC-star,139,131,7,0,0,1,,0.0,,,,stable
220210_F2_run5,c-GC-star,140,7,6,0,1,2,,0.16666666666666666,,,,unstable
220210_F2_run5,c-GC-star,140,9,6,0,1,2,,0.16666666666666666,,,,unstable
220210_F2_run5,c-GC-star,140,23,1,0,1,7,,0.16666666666666666,,,,novel
220210_F2_run5,c-GC-star,140,24,5,0,1,3,,0.16666666666666666,,,,unstable
220210_F2_run5,c-GC-star,140,25,1,1,0,1,2.0,0.16666666666666666,,,,unstable
220210_F2_run5,c-GC-star,140,38,1,1,1,5,6.0,0.3333333333333333,,,,unstable
220210_F2_run5,c-GC-star,140,41,1,1,1,5,6.0,0.3333333333333333,,,,unstable
220210_F2_run5,c-GC-star,140,42,7,0,0,1,,0.0,,,,stable
220210_F2_run5,c-GC-star,140,44,7,0,0,1,,0.0,,,,stable
220210_F2_run5,c-GC-star,140,47,4,1,0,1,5.0,0.16666666666666666,,,,lost
220210_F2_run5,c-GC-star,140,48,6,0,1,2,,0.16666666666666666,,,,unstable
220210_F2_run5,c-GC-star,140,50,6,1,0,1,7.0,0.16666666666666666,,,,lost
220210_F2_run5,c-GC-star,140,53,6,0,1,2,,0.16666666666666666,,,,unstable
220210_F2_run5,c-GC-star,140,60,1,1,1,2,3.0,0.3333333333333333,,,,unstable
220210_F2_run5,c-GC-star,140,62,4,1,0,1,5.0,0.16666666666666666,,,,lost
220210_F2_run5,c-GC-star,140,63,7,0,0,1,,0.0,,,,stable
220210_F2_run5,c-GC-star,140,64,4,1,0,1,5.0,0.16666666666666666,,,,lost
220210_F2_run5,c-GC-star,140,73,2,1,1,2,4.0,0.3333333333333333,,,,unstable
220210_F2_run5,c-GC-star,140,95,4,1,1,2,6.0,0.3333333333333333,,,,unstable
220210_F2_run5,c-GC-star,140,98,3,1,1,4,7.0,0.3333333333333333,,,,unstable
220210_F2_run5,c-GC-star,140,107,1,1,1,2,3.0,0.3333333333333333,,,,unstable
220210_F2_run5,c-GC-star,140,112,1,1,1,5,6.0,0.3333333333333333,,,,unstable
220210_F2_run5,c-GC-star,140,125,2,2,2,2,3.0,0.6666666666666666,,,,unstable
220210_F2_run5,c-GC-star,140,127,6,0,1,2,,0.16666666666666666,,,,unstable
220210_F2_run5,c-GC-star,140,130,1,1,1,2,3.0,0.3333333333333333,,,,unstable
220210_F2_run5,c-GC-star,140,157,1,1,1,2,3.0,0.3333333333333333,,,,unstable
220210_F2_run5,c-GC-star,140,160,4,1,0,1,5.0,0.16666666666666666,,,,lost
220210_F2_run5,c-GC-star,140,162,1,1,0,1,2.0,0.16666666666666666,,,,unstable
220210_F2_run5,c-GC-star,140,163,2,1,0,1,3.0,0.16666666666666666,,,,lost
220210_F2_run5,c-GC-star,140,164,5,0,1,3,,0.16666666666666666,,,,unstable
220210_F2_run5,c-GC-star,141,10,1,1,0,1,2.0,0.16666666666666666,,,,unstable
220210_F2_run5,c-GC-star,141,28,1,1,0,1,2.0,0.16666666666666666,,,,unstable
220210_F2_run5,c-GC-star,141,29,3,2,1,1,2.0,0.5,,,,unstable
220210_F2_run5,c-GC-star,141,65,2,0,1,6,,0.16666666666666666,,,,unstable
220210_F2_run5,c-GC-star,141,66,5,2,1,1,3.0,0.5,,,,unstable
220210_F2_run5,c-GC-star,141,89,1,1,1,2,3.0,0.3333333333333333,,,,unstable
220210_F2_run5,c-GC-star,141,91,1,1,0,1,2.0,0.16666666666666666,,,,unstable
220210_F2_run5,c-GC-star,141,98,1,1,0,1,2.0,0.16666666666666666,,,,unstable
220210_F2_run5,c-GC-star,141,107,1,1,0,1,2.0,0.16666666666666666,,,,unstable
220210_F2_run5,c-GC-star,141,111,3,2,2,1,2.0,0.6666666666666666,,,,unstable
220210_F2_run5,c-GC-star,141,122,2,0,1,6,,0.16666666666666666,,,,unstable
220210_F2_run5,c-GC-star,141,129,1,1,1,5,6.0,0.3333333333333333,,,,unstable
220210_F2_run5,c-GC-star,141,143,2,1,1,1,2.0,0.3333333333333333,,,,unstable
220210_F2_run5,c-GC-star,141,148,1,1,0,1,2.0,0.16666666666666666,,,,unstable
220210_F2_run5,c-GC-star,141,164,1,1,0,1,2.0,0.16666666666666666,,,,unstable
220210_F2_run5,c-GC-star,142,62,3,1,2,2,4.0,0.5,,,,unstable
220210_F2_run5,c-GC-star,142,76,4,1,1,1,4.0,0.3333333333333333,,,,unstable
220210_F2_run5,c-GC-star,142,107,5,1,1,1,4.0,0.3333333333333333,,,,unstable
220210_F2_run5,c-GC-star,142,133,1,1,1,6,7.0,0.3333333333333333,,,,unstable
220210_F2_run5,c-GC-star,142,136,1,0,1,7,,0.16666666666666666,,,,novel
220210_F2_run5,c-GC-star,143,2,3,1,2,3,4.0,0.5,,,,unstable
220210_F2_run5,c-GC-star,143,31,4,1,2,3,6.0,0.5,,,,unstable
220210_F2_run5,c-GC-star,143,44,1,0,1,7,,0.16666666666666666,,,,novel
220210_F2_run5,c-GC-star,143,105,1,1,0,1,2.0,0.16666666666666666,,,,unstable
220210_F2_run5,c-GC-star,143,106,1,0,1,7,,0.16666666666666666,,,,novel
220210_F2_run5,c-GC-star,143,121,1,1,1,2,3.0,0.3333333333333333,,,,unstable
220210_F2_run5,c-GC-star,143,139,1,1,0,1,2.0,0.16666666666666666,,,,unstable
220210_F2_run5,c-GC-star,143,141,1,1,0,1,2.0,0.16666666666666666,,,,unstable
220210_F2_run5,c-GC-star,143,146,1,1,0,1,2.0,0.16666666666666666,,,,unstable
220210_F2_run5,c-GC-star,144,3,6,0,1,2,,0.16666666666666666,,,,unstable
220210_F2_run5,c-GC-star,144,9,6,0,1,2,,0.16666666666666666,,,,unstable
220210_F2_run5,c-GC-star,144,13,7,0,0,1,,0.0,,,,stable
220210_F2_run5,c-GC-star,144,20,6,0,1,2,,0.16666666666666666,,,,unstable
220210_F2_run5,c-GC-star,144,41,6,0,1,2,,0.16666666666666666,,,,unstable
220210_F2_run5,c-GC-star,144,66,6,0,1,2,,0.16666666666666666,,,,unstable
220210_F2_run5,c-GC-star,144,67,7,0,0,1,,0.0,,,,stable
220210_F2_run5,c-GC-star,144,73,6,0,1,2,,0.16666666666666666,,,,unstable
220210_F2_run5,c-GC-star,144,79,1,1,1,6,7.0,0.3333333333333333,,,,unstable
220210_F2_run5,c-GC-star,144,86,7,0,0,1,,0.0,,,,stable
220210_F2_run5,c-GC-star,144,94,1,1,1,2,3.0,0.3333333333333333,,,,unstable
220210_F2_run5,c-GC-star,144,104,6,0,1,2,,0.16666666666666666,,,,unstable
220210_F2_run5,c-GC-star,144,128,2,1,1,5,7.0,0.3333333333333333,,,,unstable
220210_F2_run5,c-GC-star,144,147,5,0,1,3,,0.16666666666666666,,,,unstable
220210_F2_run5,c-GC-star,144,151,7,0,0,1,,0.0,,,,stable
220210_F2_run5,c-GC-star,144,152,3,0,1,5,,0.16666666666666666,,,,unstable
220210_F2_run5,c-GC-star,144,154,1,1,1,5,6.0,0.3333333333333333,,,,unstable
220210_F2_run5,c-GC-star,145,34,2,1,0,1,3.0,0.16666666666666666,,,,lost
220210_F2_run5,c-GC-star,145,42,4,0,1,4,,0.16666666666666666,,,,unstable
220210_F2_run5,c-GC-star,145,121,1,1,0,1,2.0,0.16666666666666666,,,,unstable
220210_F2_run5,c-GC-star,145,130,6,1,1,1,5.0,0.3333333333333333,,,,unstable
220210_F2_run5,c-GC-star,145,151,5,1,1,2,7.0,0.3333333333333333,,,,unstable
220210_F2_run5,c-GC-star,146,82,1,1,0,1,2.0,0.16666666666666666,,,,unstable
220210_F2_run5,c-GC-star,146,116,2,0,1,6,,0.16666666666666666,,,,unstable
220210_F2_run5,c-GC-star,147,58,1,1,1,6,7.0,0.3333333333333333,,,,unstable
220210_F2_run5,c-GC-star,147,66,4,1,0,1,5.0,0.16666666666666666,,,,lost
220210_F2_run5,c-GC-star,147,78,5,0,1,3,,0.16666666666666666,,,,unstable
220210_F2_run5,c-GC-star,147,88,5,2,2,1,3.0,0.6666666666666666,,,,unstable
220210_F2_run5,c-GC-star,148,26,2,1,2,3,4.0,0.5,,,,unstable
220210_F2_run5,c-GC-star,148,49,1,1,0,1,2.0,0.16666666666666666,,,,unstable
220210_F2_run5,c-GC-star,148,158,1,1,0,1,2.0,0.16666666666666666,,,,unstable
220210_F2_run5,c-GC-star,149,69,4,2,2,2,4.0,0.6666666666666666,,,,unstable
220210_F2_run5,c-GC-star,149,75,2,2,1,1,2.0,0.5,,,,unstable
220210_F2_run5,c-GC-star,149,117,6,0,1,2,,0.16666666666666666,,,,unstable
220210_F2_run5,c-GC-star,150,30,1,0,1,7,,0.16666666666666666,,,,novel
220210_F2_run5,c-GC-star,150,49,4,2,2,1,2.0,0.6666666666666666,,,,unstable
220210_F2_run5,c-GC-star,150,69,1,1,0,1,2.0,0.16666666666666666,,,,unstable
220210_F2_run5,c-GC-star,150,94,4,2,1,1,4.0,0.5,,,,unstable
220210_F2_run5,c-GC-star,150,108,5,1,0,1,6.0,0.16666666666666666,,,,lost
220210_F2_run5,c-GC-star,150,115,2,1,1,3,5.0,0.3333333333333333,,,,unstable
220210_F2_run5,c-GC-star,150,130,7,0,0,1,,0.0,,,,stable
220210_F2_run5,c-GC-star,150,155,1,1,0,1,2.0,0.16666666666666666,,,,unstable
220210_F2_run5,c-GC-star,150,156,1,1,0,1,2.0,0.16666666666666666,,,,unstable
220210_F2_run5,c-GC-star,150,157,1,1,0,1,2.0,0.16666666666666666,,,,unstable
220210_F2_run5,c-GC-star,151,0,4,0,1,4,,0.16666666666666666,,,,unstable
220210_F2_run5,c-GC-star,151,6,7,0,0,1,,0.0,,,,stable
220210_F2_run5,c-GC-star,151,30,3,1,1,1,2.0,0.3333333333333333,,,,unstable
220210_F2_run5,c-GC-star,151,31,3,3,2,1,2.0,0.8333333333333334,,,,unstable
220210_F2_run5,c-GC-star,151,36,5,1,1,1,3.0,0.3333333333333333,,,,unstable
220210_F2_run5,c-GC-star,151,40,1,1,1,6,7.0,0.3333333333333333,,,,unstable
220210_F2_run5,c-GC-star,151,44,1,0,1,7,,0.16666666666666666,,,,novel
220210_F2_run5,c-GC-star,151,55,1,1,0,1,2.0,0.16666666666666666,,,,unstable
220210_F2_run5,c-GC-star,151,67,3,2,2,3,5.0,0.6666666666666666,,,,unstable
220210_F2_run5,c-GC-star,151,73,1,1,1,2,3.0,0.3333333333333333,,,,unstable
220210_F2_run5,c-GC-star,151,87,7,0,0,1,,0.0,,,,stable
220210_F2_run5,c-GC-star,151,123,2,0,1,6,,0.16666666666666666,,,,unstable
220210_F2_run5,c-GC-star,151,130,2,1,0,1,3.0,0.16666666666666666,,,,lost
220210_F2_run5,c-GC-star,151,131,1,1,0,1,2.0,0.16666666666666666,,,,unstable
220210_F2_run5,c-GC-star,151,152,5,1,1,1,2.0,0.3333333333333333,,,,unstable
220210_F2_run5,c-GC-star,151,155,1,1,0,1,2.0,0.16666666666666666,,,,unstable
220210_F2_run5,c-GC-star,151,157,1,1,0,1,2.0,0.16666666666666666,,,,unstable
220210_F2_run5,c-GC-star,152,1,1,0,1,7,,0.16666666666666666,,,,novel
220210_F2_run5,c-GC-star,152,6,7,0,0,1,,0.0,,,,stable
220210_F2_run5,c-GC-star,152,10,5,1,2,2,6.0,0.5,,,,unstable
220210_F2_run5,c-GC-star,152,13,7,0,0,1,,0.0,,,,stable
220210_F2_run5,c-GC-star,152,23,4,1,2,2,4.0,0.5,,,,unstable
220210_F2_run5,c-GC-star,152,24,5,2,1,1,5.0,0.5,,,,unstable
220210_F2_run5,c-GC-star,152,36,6,1,1,1,3.0,0.3333333333333333,,,,unstable
220210_F2_run5,c-GC-star,152,39,2,1,0,1,3.0,0.16666666666666666,,,,lost
220210_F2_run5,c-GC-star,152,42,7,0,0,1,,0.0,,,,stable
220210_F2_run5,c-GC-star,152,44,6,0,1,2,,0.16666666666666666,,,,unstable
220210_F2_run5,c-GC-star,152,52,1,1,1,6,7.0,0.3333333333333333,,,,unstable
220210_F2_run5,c-GC-star,152,65,1,1,1,3,4.0,0.3333333333333333,,,,unstable
220210_F2_run5,c-GC-star,152,67,1,1,0,1,2.0,0.16666666666666666,,,,unstable
220210_F2_run5,c-GC-star,152,74,7,0,0,1,,0.0,,,,stable
220210_F2_run5,c-GC-star,152,79,1,1,1,6,7.0,0.3333333333333333,,,,unstable
220210_F2_run5,c-GC-star,152,91,2,1,1,3,5.0,0.3333333333333333,,,,unstable
220210_F2_run5,c-GC-star,152,95,6,1,1,1,4.0,0.3333333333333333,,,,unstable
220210_F2_run5,c-GC-star,152,104,2,2,2,3,4.0,0.6666666666666666,,,,unstable
220210_F2_run5,c-GC-star,152,117,4,1,2,3,4.0,0.5,,,,unstable
220210_F2_run5,c-GC-star,152,131,1,1,1,3,4.0,0.3333333333333333,,,,unstable
220210_F2_run5,c-GC-star,152,153,1,1,0,1,2.0,0.16666666666666666,,,,unstable
220210_F2_run5,c-GC-star,153,10,2,1,1,3,5.0,0.3333333333333333,,,,unstable
220210_F2_run5,c-GC-star,153,62,1,1,1,5,6.0,0.3333333333333333,,,,unstable
220210_F2_run5,c-GC-star,153,72,6,0,1,2,,0.16666666666666666,,,,unstable
220210_F2_run5,c-GC-star,153,81,1,1,1,2,3.0,0.3333333333333333,,,,unstable
220210_F2_run5,c-GC-star,153,119,1,1,0,1,2.0,0.16666666666666666,,,,unstable
220210_F2_run5,c-GC-star,153,131,1,0,1,7,,0.16666666666666666,,,,novel
220210_F2_run5,c-GC-star,153,151,5,1,1,1,3.0,0.3333333333333333,,,,unstable
220210_F2_run5,c-GC-star,154,12,1,1,0,1,2.0,0.16666666666666666,,,,unstable
220210_F2_run5,c-GC-star,154,45,7,0,0,1,,0.0,,,,stable
220210_F2_run5,c-GC-star,154,48,7,0,0,1,,0.0,,,,stable
220210_F2_run5,c-GC-star,154,50,1,0,1,7,,0.16666666666666666,,,,novel
220210_F2_run5,c-GC-star,154,59,2,1,0,1,3.0,0.16666666666666666,,,,lost
220210_F2_run5,c-GC-star,154,60,7,0,0,1,,0.0,,,,stable
220210_F2_run5,c-GC-star,154,77,1,0,1,7,,0.16666666666666666,,,,novel
220210_F2_run5,c-GC-star,154,78,4,1,1,1,2.0,0.3333333333333333,,,,unstable
220210_F2_run5,c-GC-star,154,80,7,0,0,1,,0.0,,,,stable
220210_F2_run5,c-GC-star,154,83,7,0,0,1,,0.0,,,,stable
220210_F2_run5,c-GC-star,154,85,7,0,0,1,,0.0,,,,stable
220210_F2_run5,c-GC-star,154,88,7,0,0,1,,0.0,,,,stable
220210_F2_run5,c-GC-star,154,102,3,0,1,5,,0.16666666666666666,,,,unstable
220210_F2_run5,c-GC-star,154,112,4,2,1,1,4.0,0.5,,,,unstable
220210_F2_run5,c-GC-star,154,115,1,0,1,7,,0.16666666666666666,,,,novel
220210_F2_run5,c-GC-star,154,116,7,0,0,1,,0.0,,,,stable
220210_F2_run5,c-GC-star,154,118,7,0,0,1,,0.0,,,,stable
220210_F2_run5,c-GC-star,154,120,2,2,1,1,2.0,0.5,,,,unstable
220210_F2_run5,c-GC-star,154,124,7,0,0,1,,0.0,,,,stable
220210_F2_run5,c-GC-star,154,125,7,0,0,1,,0.0,,,,stable
220210_F2_run5,c-GC-star,154,126,6,1,1,1,3.0,0.3333333333333333,,,,unstable
220210_F2_run5,c-GC-star,154,130,7,0,0,1,,0.0,,,,stable
220210_F2_run5,c-GC-star,154,131,1,1,1,5,6.0,0.3333333333333333,,,,unstable
220210_F2_run5,c-GC-star,154,133,1,1,1,6,7.0,0.3333333333333333,,,,unstable
220210_F2_run5,c-GC-star,154,134,7,0,0,1,,0.0,,,,stable
220210_F2_run5,c-GC-star,154,135,7,0,0,1,,0.0,,,,stable
220210_F2_run5,c-GC-star,154,136,7,0,0,1,,0.0,,,,stable
220210_F2_run5,c-GC-star,154,137,7,0,0,1,,0.0,,,,stable
220210_F2_run5,c-GC-star,154,140,6,0,1,2,,0.16666666666666666,,,,unstable
220210_F2_run5,c-GC-star,154,142,7,0,0,1,,0.0,,,,stable
220210_F2_run5,c-GC-star,154,156,7,0,0,1,,0.0,,,,stable
220210_F2_run5,c-GC-star,154,157,5,1,2,2,5.0,0.5,,,,unstable
220210_F2_run5,c-GC-star,154,160,5,1,0,1,6.0,0.16666666666666666,,,,lost
220210_F2_run5,c-GC-star,154,163,2,1,2,2,3.0,0.5,,,,unstable
220210_F2_run5,c-GC-star,154,164,7,0,0,1,,0.0,,,,stable
220210_F2_run5,c-GC-star,155,22,7,0,0,1,,0.0,,,,stable
220210_F2_run5,c-GC-star,155,34,1,0,1,7,,0.16666666666666666,,,,novel
220210_F2_run5,c-GC-star,155,37,4,3,2,1,2.0,0.8333333333333334,,,,unstable
220210_F2_run5,c-GC-star,155,60,2,1,2,4,5.0,0.5,,,,unstable
220210_F2_run5,c-GC-star,155,61,1,1,1,6,7.0,0.3333333333333333,,,,unstable
220210_F2_run5,c-GC-star,155,92,5,0,1,3,,0.16666666666666666,,,,unstable
220210_F2_run5,c-GC-star,155,102,6,1,0,1,7.0,0.16666666666666666,,,,lost
220210_F2_run5,c-GC-star,155,108,3,0,1,5,,0.16666666666666666,,,,unstable
220210_F2_run5,c-GC-star,155,113,6,0,1,2,,0.16666666666666666,,,,unstable
220210_F2_run5,c-GC-star,155,120,7,0,0,1,,0.0,,,,stable
220210_F2_run5,c-GC-star,155,133,1,1,1,6,7.0,0.3333333333333333,,,,unstable
220210_F2_run5,c-GC-star,155,136,6,1,0,1,7.0,0.16666666666666666,,,,lost
220210_F2_run5,c-GC-star,155,141,1,1,1,6,7.0,0.3333333333333333,,,,unstable
220210_F2_run5,c-GC-star,155,146,1,1,1,6,7.0,0.3333333333333333,,,,unstable
220210_F2_run5,c-GC-star,155,151,3,1,0,1,4.0,0.16666666666666666,,,,lost
220210_F2_run5,c-GC-star,155,154,2,1,0,1,3.0,0.16666666666666666,,,,lost
220210_F2_run5,c-GC-star,155,156,6,1,1,1,6.0,0.3333333333333333,,,,unstable
220210_F2_run5,c-GC-star,155,157,1,1,0,1,2.0,0.16666666666666666,,,,unstable
220210_F2_run5,c-GC-star,156,64,2,1,0,1,3.0,0.16666666666666666,,,,lost
220210_F2_run5,c-GC-star,156,88,2,1,1,3,5.0,0.3333333333333333,,,,unstable
220210_F2_run5,c-GC-star,156,102,3,2,1,1,2.0,0.5,,,,unstable
220210_F2_run5,c-GC-star,156,113,2,2,2,3,4.0,0.6666666666666666,,,,unstable
220210_F2_run5,c-GC-star,156,114,6,1,0,1,7.0,0.16666666666666666,,,,lost
220210_F2_run5,c-GC-star,156,124,4,0,1,4,,0.16666666666666666,,,,unstable
220210_F2_run5,c-GC-star,156,135,2,2,2,3,4.0,0.6666666666666666,,,,unstable
220210_F2_run5,c-GC-star,156,154,6,0,1,2,,0.16666666666666666,,,,unstable
220210_F2_run5,c-GC-star,156,155,1,1,1,6,7.0,0.3333333333333333,,,,unstable
220210_F2_run5,c-GC-star,156,160,2,1,1,2,4.0,0.3333333333333333,,,,unstable
220210_F2_run5,c-GC-star,157,23,1,1,0,1,2.0,0.16666666666666666,,,,unstable
220210_F2_run5,c-GC-star,157,25,4,1,1,1,2.0,0.3333333333333333,,,,unstable
220210_F2_run5,c-GC-star,157,38,5,1,2,2,4.0,0.5,,,,unstable
220210_F2_run5,c-GC-star,157,44,6,1,0,1,7.0,0.16666666666666666,,,,lost
220210_F2_run5,c-GC-star,157,62,2,2,1,1,2.0,0.5,,,,unstable
220210_F2_run5,c-GC-star,157,74,1,0,1,7,,0.16666666666666666,,,,novel
220210_F2_run5,c-GC-star,157,97,3,2,1,1,3.0,0.5,,,,unstable
220210_F2_run5,c-GC-star,157,103,1,1,0,1,2.0,0.16666666666666666,,,,unstable
220210_F2_run5,c-GC-star,157,107,5,1,1,1,2.0,0.3333333333333333,,,,unstable
220210_F2_run5,c-GC-star,157,109,3,0,1,5,,0.16666666666666666,,,,unstable
220210_F2_run5,c-GC-star,157,118,1,1,0,1,2.0,0.16666666666666666,,,,unstable
220210_F2_run5,c-GC-star,157,154,2,2,1,1,2.0,0.5,,,,unstable
220210_F2_run5,c-GC-star,158,83,1,0,1,7,,0.16666666666666666,,,,novel
220210_F2_run5,c-GC-star,158,98,1,1,0,1,2.0,0.16666666666666666,,,,unstable
220210_F2_run5,c-GC-star,159,16,2,0,1,6,,0.16666666666666666,,,,unstable
220210_F2_run5,c-GC-star,159,28,1,1,0,1,2.0,0.16666666666666666,,,,unstable
220210_F2_run5,c-GC-star,159,89,1,1,0,1,2.0,0.16666666666666666,,,,unstable
220210_F2_run5,c-GC-star,159,121,6,1,0,1,7.0,0.16666666666666666,,,,lost
220210_F2_run5,c-GC-star,160,63,7,0,0,1,,0.0,,,,stable
220210_F2_run5,c-GC-star,160,77,2,0,1,6,,0.16666666666666666,,,,unstable
220210_F2_run5,c-GC-star,160,110,2,0,1,6,,0.16666666666666666,,,,unstable
220210_F2_run5,c-GC-star,160,137,4,1,2,3,4.0,0.5,,,,unstable
220210_F2_run5,c-GC-star,160,164,2,2,2,3,4.0,0.6666666666666666,,,,unstable
220210_F2_run5,c-GC-star,161,48,7,0,0,1,,0.0,,,,stable
220210_F2_run5,c-GC-star,161,60,2,2,2,3,4.0,0.6666666666666666,,,,unstable
220210_F2_run5,c-GC-star,161,79,1,1,0,1,2.0,0.16666666666666666,,,,unstable
220210_F2_run5,c-GC-star,161,111,1,1,0,1,2.0,0.16666666666666666,,,,unstable
220210_F2_run5,c-GC-star,161,118,1,1,1,4,5.0,0.3333333333333333,,,,unstable
220210_F2_run5,c-GC-star,161,140,5,1,1,1,4.0,0.3333333333333333,,,,unstable
220210_F2_run5,c-GC-star,161,160,2,0,1,6,,0.16666666666666666,,,,unstable
220210_F2_run5,c-GC-star,161,164,6,1,1,1,5.0,0.3333333333333333,,,,unstable
220210_F2_run5,c-GC-star,162,106,1,1,0,1,2.0,0.16666666666666666,,,,unstable
220210_F2_run5,c-GC-star,162,164,1,1,0,1,2.0,0.16666666666666666,,,,unstable
220210_F2_run5,c-GC-star,164,10,5,1,2,2,6.0,0.5,,,,unstable
220210_F2_run5,c-GC-star,164,22,1,1,0,1,2.0,0.16666666666666666,,,,unstable
220210_F2_run5,c-GC-star,164,43,1,1,0,1,2.0,0.16666666666666666,,,,unstable
220210_F2_run5,c-GC-star,164,50,7,0,0,1,,0.0,,,,stable
220210_F2_run5,c-GC-star,164,63,2,2,2,2,3.0,0.6666666666666666,,,,unstable
220210_F2_run5,c-GC-star,164,85,5,2,1,1,2.0,0.5,,,,unstable
220210_F2_run5,c-GC-star,164,93,3,0,1,5,,0.16666666666666666,,,,unstable
220210_F2_run5,c-GC-star,164,108,2,1,0,1,3.0,0.16666666666666666,,,,lost
220210_F2_run5,c-GC-star,164,118,6,0,1,2,,0.16666666666666666,,,,unstable
220210_F2_run5,c-GC-star,164,124,3,0,1,5,,0.16666666666666666,,,,unstable
220210_F2_run5,c-GC-star,164,126,4,1,1,1,2.0,0.3333333333333333,,,,unstable
220210_F2_run5,c-GC-star,164,134,4,1,2,3,4.0,0.5,,,,unstable
220210_F2_run5,c-GC-star,164,137,1,1,0,1,2.0,0.16666666666666666,,,,unstable
220210_F2_run5,c-GC-star,164,142,1,1,1,4,5.0,0.3333333333333333,,,,unstable
220210_F2_run5,c-GC-star,164,147,1,1,0,1,2.0,0.16666666666666666,,,,unstable
220210_F2_run5,c-GC-star,164,156,6,1,1,1,4.0,0.3333333333333333,,,,unstable
220210_F2_run5,c-GC-star,164,160,4,1,1,3,7.0,0.3333333333333333,,,,unstable
