first_appearance_p,first_deletion_p,instability_frequency,method,n_additions,n_deletions,n_depths_present,null_frequency,p_value,q_value,recording,source,status,target
1,6.0,0.3333333333333333,c-GC,1,1,6,,,,220119_F2_run11,0,unstable,1
6,7.0,0.3333333333333333,c-GC,1,1,1,,,,220119_F2_run11,0,unstable,27
1,5.0,0.16666666666666666,c-GC,0,1,4,,,,220119_F2_run11,0,lost,49
1,,0.0,c-GC,0,0,7,,,,220119_F2_run11,1,stable,3
1,2.0,0.16666666666666666,c-GC,0,1,1,,,,220119_F2_run11,1,unstable,7
1,,0.0,c-GC,0,0,7,,,,220119_F2_run11,1,stable,11
3,,0.16666666666666666,c-GC,1,0,5,,,,220119_F2_run11,1,unstable,13
3,5.0,0.6666666666666666,c-GC,2,2,3,,,,220119_F2_run11,1,unstable,14
1,7.0,0.16666666666666666,c-GC,0,1,6,,,,220119_F2_run11,1,lost,18
1,,0.0,c-GC,0,0,7,,,,220119_F2_run11,1,stable,20
1,2.0,0.3333333333333333,c-GC,1,1,5,,,,220119_F2_run11,1,unstable,50
1,,0.0,c-GC,0,0,7,,,,220119_F2_run11,1,stable,57
1,,0.0,c-GC,0,0,7,,,,220119_F2_run11,1,stable,69
1,,0.0,c-GC,0,0,7,,,,220119_F2_run11,1,stable,71
1,,0.0,c-GC,0,0,7,,,,220119_F2_run11,1,stable,98
1,3.0,0.3333333333333333,c-GC,1,1,3,,,,220119_F2_run11,2,unstable,9
1,2.0,0.5,c-GC,1,2,2,,,,220119_F2_run11,2,unstable,28
1,2.0,0.16666666666666666,c-GC,0,1,1,,,,220119_F2_run11,2,unstable,30
1,3.0,0.16666666666666666,c-GC,0,1,2,,,,220119_F2_run11,2,lost,76
1,2.0,0.16666666666666666,c-GC,0,1,1,,,,220119_F2_run11,2,unstable,79
1,,0.0,c-GC,0,0,7,,,,220119_F2_run11,3,stable,0
1,,0.0,c-GC,0,0,7,,,,220119_F2_run11,3,stable,1
1,2.0,0.3333333333333333,c-GC,1,1,5,,,,220119_F2_run11,3,unstable,7
1,,0.0,c-GC,0,0,7,,,,220119_F2_run11,3,stable,11
1,7.0,0.16666666666666666,c-GC,0,1,6,,,,220119_F2_run11,3,lost,12
7,,0.16666666666666666,c-GC,1,0,1,,,,220119_F2_run11,3,novel,13
5,7.0,0.3333333333333333,c-GC,1,1,2,,,,220119_F2_run11,3,unstable,14
1,2.0,0.3333333333333333,c-GC,1,1,4,,,,220119_F2_run11,3,unstable,18
1,,0.0,c-GC,0,0,7,,,,220119_F2_run11,3,stable,20
1,4.0,0.16666666666666666,c-GC,0,1,3,,,,220119_F2_run11,3,lost,37
1,,0.0,c-GC,0,0,7,,,,220119_F2_run11,3,stable,69
2,5.0,0.3333333333333333,c-GC,1,1,3,,,,220119_F2_run11,3,unstable,71
1,3.0,0.5,c-GC,1,2,4,,,,220119_F2_run11,4,unstable,8
1,5.0,0.3333333333333333,c-GC,1,1,6,,,,220119_F2_run11,4,unstable,12
1,2.0,0.16666666666666666,c-GC,0,1,1,,,,220119_F2_run11,4,unstable,15
1,6.0,0.16666666666666666,c-GC,0,1,5,,,,220119_F2_run11,4,lost,29
1,2.0,0.3333333333333333,c-GC,1,1,2,,,,220119_F2_run11,4,unstable,43
3,5.0,0.5,c-GC,2,1,4,,,,220119_F2_run11,4,unstable,59
1,3.0,0.16666666666666666,c-GC,0,1,2,,,,220119_F2_run11,4,lost,62
2,3.0,0.3333333333333333,c-GC,1,1,1,,,,220119_F2_run11,4,unstable,98
1,2.0,0.5,c-GC,1,2,2,,,,220119_F2_run11,5,unstable,20
1,,0.0,c-GC,0,0,7,,,,220119_F2_run11,5,stable,33
5,6.0,0.5,c-GC,2,1,2,,,,220119_F2_run11,5,unstable,41
2,4.0,0.6666666666666666,c-GC,2,2,4,,,,220119_F2_run11,5,unstable,62
1,2.0,0.5,c-GC,1,2,2,,,,220119_F2_run11,5,unstable,78
1,3.0,0.16666666666666666,c-GC,0,1,2,,,,220119_F2_run11,6,lost,27
1,5.0,0.3333333333333333,c-GC,1,1,6,,,,220119_F2_run11,7,unstable,1
1,,0.0,c-GC,0,0,7,,,,220119_F2_run11,7,stable,11
1,2.0,0.16666666666666666,c-GC,0,1,1,,,,220119_F2_run11,7,unstable,26
1,6.0,0.3333333333333333,c-GC,1,1,6,,,,220119_F2_run11,7,unstable,29
1,,0.0,c-GC,0,0,7,,,,220119_F2_run11,8,stable,4
1,,0.0,c-GC,0,0,7,,,,220119_F2_run11,8,stable,11
4,5.0,0.3333333333333333,c-GC,1,1,1,,,,220119_F2_run11,8,unstable,34
1,2.0,0.16666666666666666,c-GC,0,1,1,,,,220119_F2_run11,8,unstable,63
1,2.0,0.5,c-GC,1,2,2,,,,220119_F2_run11,8,unstable,72
1,2.0,0.16666666666666666,c-GC,0,1,1,,,,220119_F2_run11,8,unstable,79
1,,0.0,c-GC,0,0,7,,,,220119_F2_run11,9,stable,2
5,,0.16666666666666666,c-GC,1,0,3,,,,220119_F2_run11,9,unstable,16
1,,0.0,c-GC,0,0,7,,,,220119_F2_run11,9,stable,21
1,,0.0,c-GC,0,0,7,,,,220119_F2_run11,9,stable,28
1,,0.0,c-GC,0,0,7,,,,220119_F2_run11,9,stable,30
1,,0.0,c-GC,0,0,7,,,,220119_F2_run11,9,stable,42
1,2.0,0.16666666666666666,c-GC,0,1,1,,,,220119_F2_run11,9,unstable,53
7,,0.16666666666666666,c-GC,1,0,1,,,,220119_F2_run11,9,novel,57
2,,0.16666666666666666,c-GC,1,0,6,,,,220119_F2_run11,9,unstable,59
1,,0.0,c-GC,0,0,7,,,,220119_F2_run11,9,stable,66
1,3.0,0.3333333333333333,c-GC,1,1,6,,,,220119_F2_run11,9,unstable,74
1,3.0,0.3333333333333333,c-GC,1,1,5,,,,220119_F2_run11,9,unstable,76
1,,0.0,c-GC,0,0,7,,,,220119_F2_run11,9,stable,80
1,2.0,0.16666666666666666,c-GC,0,1,1,,,,220119_F2_run11,9,unstable,81
1,2.0,0.16666666666666666,c-GC,0,1,1,,,,220119_F2_run11,10,unstable,72
1,2.0,0.16666666666666666,c-GC,0,1,1,,,,220119_F2_run11,10,unstable,96
1,,0.0,c-GC,0,0,7,,,,220119_F2_run11,11,stable,1
1,,0.0,c-GC,0,0,7,,,,220119_F2_run11,11,stable,3
1,3.0,0.5,c-GC,1,2,5,,,,220119_F2_run11,11,unstable,4
1,2.0,0.16666666666666666,c-GC,0,1,1,,,,220119_F2_run11,11,unstable,7
1,3.0,0.16666666666666666,c-GC,0,1,2,,,,220119_F2_run11,11,lost,12
1,,0.0,c-GC,0,0,7,,,,220119_F2_run11,11,stable,13
1,,0.0,c-GC,0,0,7,,,,220119_F2_run11,11,stable,15
1,4.0,0.3333333333333333,c-GC,1,1,6,,,,220119_F2_run11,11,unstable,18
2,,0.16666666666666666,c-GC,1,0,6,,,,220119_F2_run11,11,unstable,19
1,7.0,0.16666666666666666,c-GC,0,1,6,,,,220119_F2_run11,11,lost,20
1,6.0,0.16666666666666666,c-GC,0,1,5,,,,220119_F2_run11,11,lost,26
1,,0.0,c-GC,0,0,7,,,,220119_F2_run11,11,stable,29
1,3.0,0.16666666666666666,c-GC,0,1,2,,,,220119_F2_run11,11,lost,73
2,3.0,0.3333333333333333,c-GC,1,1,1,,,,220119_F2_run11,11,unstable,79
7,,0.16666666666666666,c-GC,1,0,1,,,,220119_F2_run11,11,novel,96
1,2.0,0.16666666666666666,c-GC,0,1,1,,,,220119_F2_run11,12,unstable,1
1,,0.0,c-GC,0,0,7,,,,220119_F2_run11,12,stable,4
1,2.0,0.16666666666666666,c-GC,0,1,1,,,,220119_F2_run11,12,unstable,8
4,5.0,0.5,c-GC,2,1,2,,,,220119_F2_run11,12,unstable,18
1,,0.0,c-GC,0,0,7,,,,220119_F2_run11,12,stable,29
6,,0.16666666666666666,c-GC,1,0,2,,,,220119_F2_run11,12,unstable,31
3,4.0,0.5,c-GC,2,1,4,,,,220119_F2_run11,12,unstable,33
6,7.0,0.3333333333333333,c-GC,1,1,1,,,,220119_F2_run11,12,unstable,36
1,2.0,0.16666666666666666,c-GC,0,1,1,,,,220119_F2_run11,12,unstable,40
1,2.0,0.16666666666666666,c-GC,0,1,1,,,,220119_F2_run11,12,unstable,41
1,2.0,0.3333333333333333,c-GC,1,1,3,,,,220119_F2_run11,12,unstable,43
3,,0.16666666666666666,c-GC,1,0,5,,,,220119_F2_run11,12,unstable,44
6,7.0,0.3333333333333333,c-GC,1,1,1,,,,220119_F2_run11,12,unstable,56
1,2.0,0.16666666666666666,c-GC,0,1,1,,,,220119_F2_run11,12,unstable,59
1,2.0,0.16666666666666666,c-GC,0,1,1,,,,220119_F2_run11,13,unstable,0
1,,0.0,c-GC,0,0,7,,,,220119_F2_run11,13,stable,1
1,5.0,0.3333333333333333,c-GC,1,1,6,,,,220119_F2_run11,13,unstable,3
1,2.0,0.16666666666666666,c-GC,0,1,1,,,,220119_F2_run11,13,unstable,7
1,,0.0,c-GC,0,0,7,,,,220119_F2_run11,13,stable,11
1,7.0,0.16666666666666666,c-GC,0,1,6,,,,220119_F2_run11,13,lost,15
1,3.0,0.5,c-GC,1,2,3,,,,220119_F2_run11,13,unstable,17
1,2.0,0.3333333333333333,c-GC,1,1,6,,,,220119_F2_run11,13,unstable,18
1,,0.0,c-GC,0,0,7,,,,220119_F2_run11,13,stable,19
1,,0.0,c-GC,0,0,7,,,,220119_F2_run11,13,stable,20
1,,0.0,c-GC,0,0,7,,,,220119_F2_run11,13,stable,23
1,3.0,0.16666666666666666,c-GC,0,1,2,,,,220119_F2_run11,13,lost,24
1,,0.0,c-GC,0,0,7,,,,220119_F2_run11,13,stable,26
1,2.0,0.16666666666666666,c-GC,0,1,1,,,,220119_F2_run11,13,unstable,34
1,3.0,0.3333333333333333,c-GC,1,1,4,,,,220119_F2_run11,13,unstable,40
1,2.0,0.16666666666666666,c-GC,0,1,1,,,,220119_F2_run11,13,unstable,51
1,,0.0,c-GC,0,0,7,,,,220119_F2_run11,13,stable,57
1,2.0,0.16666666666666666,c-GC,0,1,1,,,,220119_F2_run11,13,unstable,62
1,2.0,0.16666666666666666,c-GC,0,1,1,,,,220119_F2_run11,13,unstable,71
1,2.0,0.16666666666666666,c-GC,0,1,1,,,,220119_F2_run11,13,unstable,75
5,6.0,0.3333333333333333,c-GC,1,1,1,,,,220119_F2_run11,13,unstable,76
1,2.0,0.16666666666666666,c-GC,0,1,1,,,,220119_F2_run11,13,unstable,88
2,5.0,0.3333333333333333,c-GC,1,1,3,,,,220119_F2_run11,13,unstable,89
1,2.0,0.16666666666666666,c-GC,0,1,1,,,,220119_F2_run11,13,unstable,90
1,,0.0,c-GC,0,0,7,,,,220119_F2_run11,13,stable,98
1,2.0,0.16666666666666666,c-GC,0,1,1,,,,220119_F2_run11,14,unstable,16
1,2.0,0.16666666666666666,c-GC,0,1,1,,,,220119_F2_run11,14,unstable,69
1,,0.0,c-GC,0,0,7,,,,220119_F2_run11,15,stable,12
1,2.0,0.16666666666666666,c-GC,0,1,1,,,,220119_F2_run11,15,unstable,64
1,5.0,0.16666666666666666,c-GC,0,1,4,,,,220119_F2_run11,16,lost,10
1,2.0,0.16666666666666666,c-GC,0,1,1,,,,220119_F2_run11,16,unstable,14
5,,0.16666666666666666,c-GC,1,0,3,,,,220119_F2_run11,16,unstable,30
1,2.0,0.16666666666666666,c-GC,0,1,1,,,,220119_F2_run11,16,unstable,52
1,2.0,0.16666666666666666,c-GC,0,1,1,,,,220119_F2_run11,16,unstable,58
4,5.0,0.3333333333333333,c-GC,1,1,1,,,,220119_F2_run11,16,unstable,78
1,3.0,0.5,c-GC,1,2,3,,,,220119_F2_run11,17,unstable,9
1,2.0,0.16666666666666666,c-GC,0,1,1,,,,220119_F2_run11,17,unstable,13
1,4.0,0.5,c-GC,1,2,4,,,,220119_F2_run11,17,unstable,22
6,,0.16666666666666666,c-GC,1,0,2,,,,220119_F2_run11,17,unstable,41
1,2.0,0.16666666666666666,c-GC,0,1,1,,,,220119_F2_run11,17,unstable,52
1,6.0,0.3333333333333333,c-GC,1,1,6,,,,220119_F2_run11,17,unstable,81
2,3.0,0.5,c-GC,2,1,3,,,,220119_F2_run11,17,unstable,82
1,2.0,0.16666666666666666,c-GC,0,1,1,,,,220119_F2_run11,18,unstable,1
1,2.0,0.16666666666666666,c-GC,0,1,1,,,,220119_F2_run11,18,unstable,7
1,,0.0,c-GC,0,0,7,,,,220119_F2_run11,18,stable,11
1,2.0,0.16666666666666666,c-GC,0,1,1,,,,220119_F2_run11,18,unstable,14
1,3.0,0.6666666666666666,c-GC,2,2,4,,,,220119_F2_run11,18,unstable,20
1,,0.0,c-GC,0,0,7,,,,220119_F2_run11,18,stable,26
1,3.0,0.16666666666666666,c-GC,0,1,2,,,,220119_F2_run11,18,lost,29
1,2.0,0.16666666666666666,c-GC,0,1,1,,,,220119_F2_run11,18,unstable,34
1,2.0,0.16666666666666666,c-GC,0,1,1,,,,220119_F2_run11,18,unstable,37
5,7.0,0.3333333333333333,c-GC,1,1,2,,,,220119_F2_run11,18,unstable,45
6,,0.16666666666666666,c-GC,1,0,2,,,,220119_F2_run11,18,unstable,49
1,2.0,0.5,c-GC,1,2,3,,,,220119_F2_run11,18,unstable,73
1,2.0,0.16666666666666666,c-GC,0,1,1,,,,220119_F2_run11,18,unstable,98
1,,0.0,c-GC,0,0,7,,,,220119_F2_run11,19,stable,13
1,2.0,0.16666666666666666,c-GC,0,1,1,,,,220119_F2_run11,19,unstable,26
1,5.0,0.16666666666666666,c-GC,0,1,4,,,,220119_F2_run11,19,lost,31
3,5.0,0.5,c-GC,2,1,4,,,,220119_F2_run11,19,unstable,40
2,3.0,0.3333333333333333,c-GC,1,1,1,,,,220119_F2_run11,19,unstable,44
1,2.0,0.16666666666666666,c-GC,0,1,1,,,,220119_F2_run11,19,unstable,50
1,5.0,0.3333333333333333,c-GC,1,1,5,,,,220119_F2_run11,19,unstable,66
1,2.0,0.16666666666666666,c-GC,0,1,1,,,,220119_F2_run11,19,unstable,79
2,3.0,0.3333333333333333,c-GC,1,1,1,,,,220119_F2_run11,19,unstable,80
1,3.0,0.5,c-GC,1,2,4,,,,220119_F2_run11,20,unstable,1
1,2.0,0.16666666666666666,c-GC,0,1,1,,,,220119_F2_run11,20,unstable,14
1,6.0,0.16666666666666666,c-GC,0,1,5,,,,220119_F2_run11,20,lost,16
1,3.0,0.6666666666666666,c-GC,2,2,5,,,,220119_F2_run11,20,unstable,18
1,2.0,0.16666666666666666,c-GC,0,1,1,,,,220119_F2_run11,20,unstable,73
1,2.0,0.16666666666666666,c-GC,0,1,1,,,,220119_F2_run11,20,unstable,84
1,3.0,0.5,c-GC,1,2,4,,,,220119_F2_run11,21,unstable,28
1,3.0,0.6666666666666666,c-GC,2,2,5,,,,220119_F2_run11,21,unstable,50
1,2.0,0.16666666666666666,c-GC,0,1,1,,,,220119_F2_run11,21,unstable,99
1,2.0,0.16666666666666666,c-GC,0,1,1,,,,220119_F2_run11,22,unstable,57
1,2.0,0.16666666666666666,c-GC,0,1,1,,,,220119_F2_run11,22,unstable,60
1,3.0,0.16666666666666666,c-GC,0,1,2,,,,220119_F2_run11,23,lost,1
1,4.0,0.16666666666666666,c-GC,0,1,3,,,,220119_F2_run11,23,lost,3
1,3.0,0.16666666666666666,c-GC,0,1,2,,,,220119_F2_run11,23,lost,13
1,2.0,0.16666666666666666,c-GC,0,1,1,,,,220119_F2_run11,23,unstable,16
4,5.0,0.3333333333333333,c-GC,1,1,1,,,,220119_F2_run11,23,unstable,17
1,3.0,0.16666666666666666,c-GC,0,1,2,,,,220119_F2_run11,23,lost,18
1,4.0,0.5,c-GC,1,2,4,,,,220119_F2_run11,23,unstable,32
1,3.0,0.16666666666666666,c-GC,0,1,2,,,,220119_F2_run11,24,lost,13
2,3.0,0.5,c-GC,2,1,2,,,,220119_F2_run11,24,unstable,20
1,2.0,0.16666666666666666,c-GC,0,1,1,,,,220119_F2_run11,24,unstable,23
1,3.0,0.16666666666666666,c-GC,0,1,2,,,,220119_F2_run11,24,lost,52
2,,0.16666666666666666,c-GC,1,0,6,,,,220119_F2_run11,25,unstable,60
1,,0.0,c-GC,0,0,7,,,,220119_F2_run11,26,stable,1
1,2.0,0.16666666666666666,c-GC,0,1,1,,,,220119_F2_run11,26,unstable,7
1,3.0,0.5,c-GC,1,2,3,,,,220119_F2_run11,26,unstable,11
5,7.0,0.3333333333333333,c-GC,1,1,2,,,,220119_F2_run11,26,unstable,13
1,2.0,0.16666666666666666,c-GC,0,1,1,,,,220119_F2_run11,26,unstable,18
1,3.0,0.16666666666666666,c-GC,0,1,2,,,,220119_F2_run11,26,lost,19
1,4.0,0.5,c-GC,1,2,4,,,,220119_F2_run11,26,unstable,20
1,2.0,0.16666666666666666,c-GC,0,1,1,,,,220119_F2_run11,26,unstable,35
5,,0.16666666666666666,c-GC,1,0,3,,,,220119_F2_run11,26,unstable,57
1,4.0,0.16666666666666666,c-GC,0,1,3,,,,220119_F2_run11,26,lost,94
1,2.0,0.5,c-GC,1,2,3,,,,220119_F2_run11,27,unstable,5
1,2.0,0.3333333333333333,c-GC,1,1,2,,,,220119_F2_run11,27,unstable,6
1,2.0,0.16666666666666666,c-GC,0,1,1,,,,220119_F2_run11,27,unstable,14
1,5.0,0.16666666666666666,c-GC,0,1,4,,,,220119_F2_run11,27,lost,28
1,2.0,0.16666666666666666,c-GC,0,1,1,,,,220119_F2_run11,27,unstable,43
1,2.0,0.16666666666666666,c-GC,0,1,1,,,,220119_F2_run11,27,unstable,49
1,3.0,0.16666666666666666,c-GC,0,1,2,,,,220119_F2_run11,27,lost,54
1,2.0,0.16666666666666666,c-GC,0,1,1,,,,220119_F2_run11,27,unstable,61
2,4.0,0.3333333333333333,c-GC,1,1,2,,,,220119_F2_run11,27,unstable,62
1,2.0,0.16666666666666666,c-GC,0,1,1,,,,220119_F2_run11,27,unstable,69
1,2.0,0.16666666666666666,c-GC,0,1,1,,,,220119_F2_run11,27,unstable,88
1,4.0,0.5,c-GC,1,2,5,,,,220119_F2_run11,27,unstable,90
1,2.0,0.16666666666666666,c-GC,0,1,1,,,,220119_F2_run11,27,unstable,93
1,2.0,0.16666666666666666,c-GC,0,1,1,,,,220119_F2_run11,28,unstable,2
1,,0.0,c-GC,0,0,7,,,,220119_F2_run11,28,stable,9
1,7.0,0.16666666666666666,c-GC,0,1,6,,,,220119_F2_run11,28,lost,16
5,6.0,0.5,c-GC,2,1,2,,,,220119_F2_run11,28,unstable,22
1,,0.0,c-GC,0,0,7,,,,220119_F2_run11,28,stable,30
7,,0.16666666666666666,c-GC,1,0,1,,,,220119_F2_run11,28,novel,42
1,,0.0,c-GC,0,0,7,,,,220119_F2_run11,28,stable,52
1,,0.0,c-GC,0,0,7,,,,220119_F2_run11,28,stable,53
1,2.0,0.16666666666666666,c-GC,0,1,1,,,,220119_F2_run11,28,unstable,60
3,4.0,0.3333333333333333,c-GC,1,1,1,,,,220119_F2_run11,28,unstable,74
1,2.0,0.16666666666666666,c-GC,0,1,1,,,,220119_F2_run11,28,unstable,81
1,2.0,0.16666666666666666,c-GC,0,1,1,,,,220119_F2_run11,28,unstable,95
1,2.0,0.16666666666666666,c-GC,0,1,1,,,,220119_F2_run11,28,unstable,98
1,7.0,0.16666666666666666,c-GC,0,1,6,,,,220119_F2_run11,29,lost,3
1,2.0,0.16666666666666666,c-GC,0,1,1,,,,220119_F2_run11,29,unstable,4
4,5.0,0.6666666666666666,c-GC,2,2,2,,,,220119_F2_run11,29,unstable,6
1,2.0,0.16666666666666666,c-GC,0,1,1,,,,220119_F2_run11,29,unstable,11
1,,0.0,c-GC,0,0,7,,,,220119_F2_run11,29,stable,12
7,,0.16666666666666666,c-GC,1,0,1,,,,220119_F2_run11,29,novel,44
1,2.0,0.3333333333333333,c-GC,1,1,2,,,,220119_F2_run11,30,unstable,2
1,2.0,0.16666666666666666,c-GC,0,1,1,,,,220119_F2_run11,30,unstable,27
1,2.0,0.16666666666666666,c-GC,0,1,1,,,,220119_F2_run11,30,unstable,28
1,2.0,0.5,c-GC,1,2,2,,,,220119_F2_run11,30,unstable,95
1,7.0,0.16666666666666666,c-GC,0,1,6,,,,220119_F2_run11,31,lost,0
5,,0.16666666666666666,c-GC,1,0,3,,,,220119_F2_run11,31,unstable,7
2,3.0,0.6666666666666666,c-GC,2,2,2,,,,220119_F2_run11,31,unstable,20
1,2.0,0.6666666666666666,c-GC,2,2,3,,,,220119_F2_run11,31,unstable,35
1,2.0,0.16666666666666666,c-GC,0,1,1,,,,220119_F2_run11,31,unstable,36
1,2.0,0.16666666666666666,c-GC,0,1,1,,,,220119_F2_run11,31,unstable,39
6,,0.16666666666666666,c-GC,1,0,2,,,,220119_F2_run11,31,unstable,42
1,3.0,0.16666666666666666,c-GC,0,1,2,,,,220119_F2_run11,31,lost,43
1,,0.0,c-GC,0,0,7,,,,220119_F2_run11,31,stable,48
1,3.0,0.16666666666666666,c-GC,0,1,2,,,,220119_F2_run11,31,lost,64
1,2.0,0.3333333333333333,c-GC,1,1,6,,,,220119_F2_run11,31,unstable,66
1,3.0,0.16666666666666666,c-GC,0,1,2,,,,220119_F2_run11,31,lost,70
1,2.0,0.3333333333333333,c-GC,1,1,6,,,,220119_F2_run11,31,unstable,71
4,6.0,0.3333333333333333,c-GC,1,1,2,,,,220119_F2_run11,31,unstable,73
1,2.0,0.16666666666666666,c-GC,0,1,1,,,,220119_F2_run11,31,unstable,83
1,6.0,0.3333333333333333,c-GC,1,1,6,,,,220119_F2_run11,31,unstable,89
1,5.0,0.3333333333333333,c-GC,1,1,5,,,,220119_F2_run11,32,unstable,45
1,2.0,0.16666666666666666,c-GC,0,1,1,,,,220119_F2_run11,32,unstable,75
1,2.0,0.16666666666666666,c-GC,0,1,1,,,,220119_F2_run11,32,unstable,88
1,2.0,0.16666666666666666,c-GC,0,1,1,,,,220119_F2_run11,32,unstable,91
1,6.0,0.16666666666666666,c-GC,0,1,5,,,,220119_F2_run11,33,lost,34
1,,0.0,c-GC,0,0,7,,,,220119_F2_run11,33,stable,36
1,,0.0,c-GC,0,0,7,,,,220119_F2_run11,33,stable,44
1,4.0,0.5,c-GC,1,2,5,,,,220119_F2_run11,33,unstable,45
1,,0.0,c-GC,0,0,7,,,,220119_F2_run11,33,stable,46
1,,0.0,c-GC,0,0,7,,,,220119_F2_run11,33,stable,48
2,3.0,0.3333333333333333,c-GC,1,1,1,,,,220119_F2_run11,33,unstable,57
7,,0.16666666666666666,c-GC,1,0,1,,,,220119_F2_run11,33,novel,73
3,4.0,0.3333333333333333,c-GC,1,1,1,,,,220119_F2_run11,33,unstable,76
1,,0.0,c-GC,0,0,7,,,,220119_F2_run11,33,stable,85
1,2.0,0.16666666666666666,c-GC,0,1,1,,,,220119_F2_run11,33,unstable,89
1,3.0,0.5,c-GC,1,2,3,,,,220119_F2_run11,33,unstable,92
2,3.0,0.3333333333333333,c-GC,1,1,1,,,,220119_F2_run11,33,unstable,99
1,3.0,0.16666666666666666,c-GC,0,1,2,,,,220119_F2_run11,34,lost,45
1,,0.0,c-GC,0,0,7,,,,220119_F2_run11,34,stable,46
1,3.0,0.16666666666666666,c-GC,0,1,2,,,,220119_F2_run11,34,lost,88
1,3.0,0.16666666666666666,c-GC,0,1,2,,,,220119_F2_run11,34,lost,94
2,3.0,0.5,c-GC,2,1,2,,,,220119_F2_run11,35,unstable,5
3,4.0,0.5,c-GC,2,1,2,,,,220119_F2_run11,35,unstable,23
1,5.0,0.16666666666666666,c-GC,0,1,4,,,,220119_F2_run11,35,lost,40
3,4.0,0.5,c-GC,2,1,3,,,,220119_F2_run11,35,unstable,49
5,6.0,0.5,c-GC,2,1,2,,,,220119_F2_run11,35,unstable,70
1,,0.0,c-GC,0,0,7,,,,220119_F2_run11,35,stable,82
1,2.0,0.16666666666666666,c-GC,0,1,1,,,,220119_F2_run11,35,unstable,87
6,7.0,0.3333333333333333,c-GC,1,1,1,,,,220119_F2_run11,35,unstable,95
4,,0.16666666666666666,c-GC,1,0,4,,,,220119_F2_run11,36,unstable,15
1,2.0,0.6666666666666666,c-GC,2,2,4,,,,220119_F2_run11,36,unstable,31
1,,0.0,c-GC,0,0,7,,,,220119_F2_run11,36,stable,33
1,2.0,0.5,c-GC,1,2,2,,,,220119_F2_run11,36,unstable,35
1,3.0,0.3333333333333333,c-GC,1,1,3,,,,220119_F2_run11,36,unstable,40
1,,0.0,c-GC,0,0,7,,,,220119_F2_run11,36,stable,44
2,3.0,0.3333333333333333,c-GC,1,1,1,,,,220119_F2_run11,36,unstable,46
1,,0.0,c-GC,0,0,7,,,,220119_F2_run11,36,stable,48
1,2.0,0.16666666666666666,c-GC,0,1,1,,,,220119_F2_run11,36,unstable,67
1,2.0,0.16666666666666666,c-GC,0,1,1,,,,220119_F2_run11,36,unstable,82
5,6.0,0.5,c-GC,2,1,2,,,,220119_F2_run11,36,unstable,85
1,7.0,0.16666666666666666,c-GC,0,1,6,,,,220119_F2_run11,36,lost,87
1,6.0,0.3333333333333333,c-GC,1,1,6,,,,220119_F2_run11,36,unstable,93
1,4.0,0.5,c-GC,1,2,4,,,,220119_F2_run11,36,unstable,95
5,6.0,0.5,c-GC,2,1,2,,,,220119_F2_run11,36,unstable,98
1,2.0,0.16666666666666666,c-GC,0,1,1,,,,220119_F2_run11,37,unstable,31
1,2.0,0.16666666666666666,c-GC,0,1,1,,,,220119_F2_run11,37,unstable,46
1,2.0,0.16666666666666666,c-GC,0,1,1,,,,220119_F2_run11,37,unstable,74
1,3.0,0.16666666666666666,c-GC,0,1,2,,,,220119_F2_run11,37,lost,93
7,,0.16666666666666666,c-GC,1,0,1,,,,220119_F2_run11,37,novel,95
2,3.0,0.3333333333333333,c-GC,1,1,1,,,,220119_F2_run11,38,unstable,79
5,6.0,0.3333333333333333,c-GC,1,1,1,,,,220119_F2_run11,39,unstable,37
1,,0.0,c-GC,0,0,7,,,,220119_F2_run11,39,stable,43
1,,0.0,c-GC,0,0,7,,,,220119_F2_run11,39,stable,50
1,4.0,0.16666666666666666,c-GC,0,1,3,,,,220119_F2_run11,39,lost,54
1,2.0,0.16666666666666666,c-GC,0,1,1,,,,220119_F2_run11,39,unstable,75
7,,0.16666666666666666,c-GC,1,0,1,,,,220119_F2_run11,40,novel,9
1,2.0,0.16666666666666666,c-GC,0,1,1,,,,220119_F2_run11,40,unstable,12
4,,0.16666666666666666,c-GC,1,0,4,,,,220119_F2_run11,40,unstable,18
2,4.0,0.5,c-GC,2,1,5,,,,220119_F2_run11,40,unstable,25
3,4.0,0.3333333333333333,c-GC,1,1,1,,,,220119_F2_run11,40,unstable,33
1,2.0,0.16666666666666666,c-GC,0,1,1,,,,220119_F2_run11,40,unstable,36
1,2.0,0.16666666666666666,c-GC,0,1,1,,,,220119_F2_run11,40,unstable,38
1,2.0,0.16666666666666666,c-GC,0,1,1,,,,220119_F2_run11,40,unstable,49
1,,0.0,c-GC,0,0,7,,,,220119_F2_run11,40,stable,51
1,4.0,0.16666666666666666,c-GC,0,1,3,,,,220119_F2_run11,40,lost,55
1,2.0,0.3333333333333333,c-GC,1,1,2,,,,220119_F2_run11,40,unstable,57
1,,0.0,c-GC,0,0,7,,,,220119_F2_run11,40,stable,59
1,2.0,0.16666666666666666,c-GC,0,1,1,,,,220119_F2_run11,40,unstable,60
2,,0.16666666666666666,c-GC,1,0,6,,,,220119_F2_run11,40,unstable,71
6,7.0,0.3333333333333333,c-GC,1,1,1,,,,220119_F2_run11,40,unstable,78
6,,0.16666666666666666,c-GC,1,0,2,,,,220119_F2_run11,40,unstable,80
2,4.0,0.5,c-GC,2,1,5,,,,220119_F2_run11,40,unstable,81
1,2.0,0.16666666666666666,c-GC,0,1,1,,,,220119_F2_run11,40,unstable,87
1,3.0,0.16666666666666666,c-GC,0,1,2,,,,220119_F2_run11,40,lost,97
1,,0.0,c-GC,0,0,7,,,,220119_F2_run11,40,stable,98
7,,0.16666666666666666,c-GC,1,0,1,,,,220119_F2_run11,41,novel,34
3,4.0,0.3333333333333333,c-GC,1,1,1,,,,220119_F2_run11,41,unstable,35
2,,0.16666666666666666,c-GC,1,0,6,,,,220119_F2_run11,41,unstable,46
1,4.0,0.3333333333333333,c-GC,1,1,6,,,,220119_F2_run11,41,unstable,66
1,,0.0,c-GC,0,0,7,,,,220119_F2_run11,41,stable,67
2,4.0,0.3333333333333333,c-GC,1,1,2,,,,220119_F2_run11,41,unstable,74
1,,0.0,c-GC,0,0,7,,,,220119_F2_run11,41,stable,76
7,,0.16666666666666666,c-GC,1,0,1,,,,220119_F2_run11,42,novel,27
1,3.0,0.5,c-GC,1,2,5,,,,220119_F2_run11,43,unstable,31
1,2.0,0.16666666666666666,c-GC,0,1,1,,,,220119_F2_run11,43,unstable,78
1,,0.0,c-GC,0,0,7,,,,220119_F2_run11,44,stable,12
1,,0.0,c-GC,0,0,7,,,,220119_F2_run11,44,stable,33
1,,0.0,c-GC,0,0,7,,,,220119_F2_run11,44,stable,37
1,7.0,0.16666666666666666,c-GC,0,1,6,,,,220119_F2_run11,44,lost,39
1,,0.0,c-GC,0,0,7,,,,220119_F2_run11,44,stable,46
1,,0.0,c-GC,0,0,7,,,,220119_F2_run11,44,stable,48
1,,0.0,c-GC,0,0,7,,,,220119_F2_run11,44,stable,89
1,,0.0,c-GC,0,0,7,,,,220119_F2_run11,44,stable,92
1,,0.0,c-GC,0,0,7,,,,220119_F2_run11,44,stable,95
1,4.0,0.3333333333333333,c-GC,1,1,5,,,,220119_F2_run11,44,unstable,97
1,,0.0,c-GC,0,0,7,,,,220119_F2_run11,44,stable,99
1,,0.0,c-GC,0,0,7,,,,220119_F2_run11,45,stable,8
1,7.0,0.16666666666666666,c-GC,0,1,6,,,,220119_F2_run11,45,lost,32
1,2.0,0.16666666666666666,c-GC,0,1,1,,,,220119_F2_run11,45,unstable,59
4,5.0,0.3333333333333333,c-GC,1,1,1,,,,220119_F2_run11,45,unstable,86
1,4.0,0.16666666666666666,c-GC,0,1,3,,,,220119_F2_run11,45,lost,91
1,2.0,0.5,c-GC,1,2,3,,,,220119_F2_run11,46,unstable,12
1,3.0,0.5,c-GC,1,2,3,,,,220119_F2_run11,46,unstable,18
1,,0.0,c-GC,0,0,7,,,,220119_F2_run11,46,stable,33
1,2.0,0.16666666666666666,c-GC,0,1,1,,,,220119_F2_run11,46,unstable,34
1,,0.0,c-GC,0,0,7,,,,220119_F2_run11,46,stable,37
1,,0.0,c-GC,0,0,7,,,,220119_F2_run11,46,stable,44
1,3.0,0.16666666666666666,c-GC,0,1,2,,,,220119_F2_run11,46,lost,51
2,3.0,0.3333333333333333,c-GC,1,1,1,,,,220119_F2_run11,46,unstable,57
1,2.0,0.5,c-GC,1,2,2,,,,220119_F2_run11,46,unstable,71
4,6.0,0.3333333333333333,c-GC,1,1,2,,,,220119_F2_run11,46,unstable,86
1,,0.0,c-GC,0,0,7,,,,220119_F2_run11,46,stable,89
1,4.0,0.3333333333333333,c-GC,1,1,4,,,,220119_F2_run11,46,unstable,93
1,3.0,0.16666666666666666,c-GC,0,1,2,,,,220119_F2_run11,46,lost,99
1,2.0,0.3333333333333333,c-GC,1,1,2,,,,220119_F2_run11,48,unstable,0
1,3.0,0.16666666666666666,c-GC,0,1,2,,,,220119_F2_run11,48,lost,20
1,2.0,0.16666666666666666,c-GC,0,1,1,,,,220119_F2_run11,48,unstable,27
2,3.0,0.6666666666666666,c-GC,2,2,2,,,,220119_F2_run11,48,unstable,33
1,5.0,0.16666666666666666,c-GC,0,1,4,,,,220119_F2_run11,48,lost,36
6,7.0,0.3333333333333333,c-GC,1,1,1,,,,220119_F2_run11,48,unstable,39
1,5.0,0.16666666666666666,c-GC,0,1,4,,,,220119_F2_run11,48,lost,44
1,2.0,0.8333333333333334,c-GC,2,3,4,,,,220119_F2_run11,48,unstable,46
1,,0.0,c-GC,0,0,7,,,,220119_F2_run11,48,stable,89
1,2.0,0.16666666666666666,c-GC,0,1,1,,,,220119_F2_run11,48,unstable,99
2,,0.16666666666666666,c-GC,1,0,6,,,,220119_F2_run11,49,unstable,0
5,,0.16666666666666666,c-GC,1,0,3,,,,220119_F2_run11,49,unstable,8
7,,0.16666666666666666,c-GC,1,0,1,,,,220119_F2_run11,49,novel,12
1,4.0,0.16666666666666666,c-GC,0,1,3,,,,220119_F2_run11,49,lost,17
1,2.0,0.16666666666666666,c-GC,0,1,1,,,,220119_F2_run11,49,unstable,33
4,5.0,0.3333333333333333,c-GC,1,1,1,,,,220119_F2_run11,49,unstable,36
1,,0.0,c-GC,0,0,7,,,,220119_F2_run11,49,stable,65
1,2.0,0.8333333333333334,c-GC,2,3,3,,,,220119_F2_run11,49,unstable,71
1,4.0,0.6666666666666666,c-GC,2,2,5,,,,220119_F2_run11,51,unstable,34
1,2.0,0.16666666666666666,c-GC,0,1,1,,,,220119_F2_run11,52,unstable,16
1,2.0,0.16666666666666666,c-GC,0,1,1,,,,220119_F2_run11,52,unstable,28
4,5.0,0.3333333333333333,c-GC,1,1,1,,,,220119_F2_run11,52,unstable,46
1,2.0,0.16666666666666666,c-GC,0,1,1,,,,220119_F2_run11,52,unstable,49
1,6.0,0.16666666666666666,c-GC,0,1,5,,,,220119_F2_run11,52,lost,58
1,2.0,0.16666666666666666,c-GC,0,1,1,,,,220119_F2_run11,52,unstable,72
1,,0.0,c-GC,0,0,7,,,,220119_F2_run11,52,stable,81
1,2.0,0.16666666666666666,c-GC,0,1,1,,,,220119_F2_run11,52,unstable,84
1,2.0,0.5,c-GC,1,2,2,,,,220119_F2_run11,53,unstable,28
1,,0.0,c-GC,0,0,7,,,,220119_F2_run11,53,stable,80
3,,0.16666666666666666,c-GC,1,0,5,,,,220119_F2_run11,53,unstable,83
1,,0.0,c-GC,0,0,7,,,,220119_F2_run11,53,stable,84
1,4.0,0.16666666666666666,c-GC,0,1,3,,,,220119_F2_run11,54,lost,19
1,3.0,0.5,c-GC,1,2,4,,,,220119_F2_run11,54,unstable,27
1,2.0,0.16666666666666666,c-GC,0,1,1,,,,220119_F2_run11,54,unstable,39
1,2.0,0.16666666666666666,c-GC,0,1,1,,,,220119_F2_run11,54,unstable,71
1,2.0,0.16666666666666666,c-GC,0,1,1,,,,220119_F2_run11,56,unstable,25
1,5.0,0.16666666666666666,c-GC,0,1,4,,,,220119_F2_run11,56,lost,63
1,4.0,0.16666666666666666,c-GC,0,1,3,,,,220119_F2_run11,57,lost,40
2,,0.16666666666666666,c-GC,1,0,6,,,,220119_F2_run11,57,unstable,44
1,2.0,0.16666666666666666,c-GC,0,1,1,,,,220119_F2_run11,57,unstable,61
1,3.0,0.16666666666666666,c-GC,0,1,2,,,,220119_F2_run11,57,lost,64
1,,0.0,c-GC,0,0,7,,,,220119_F2_run11,57,stable,76
1,,0.0,c-GC,0,0,7,,,,220119_F2_run11,57,stable,77
1,4.0,0.16666666666666666,c-GC,0,1,3,,,,220119_F2_run11,57,lost,82
3,,0.16666666666666666,c-GC,1,0,5,,,,220119_F2_run11,58,unstable,15
1,2.0,0.16666666666666666,c-GC,0,1,1,,,,220119_F2_run11,58,unstable,16
1,4.0,0.5,c-GC,1,2,4,,,,220119_F2_run11,59,unstable,12
1,,0.0,c-GC,0,0,7,,,,220119_F2_run11,59,stable,29
2,4.0,0.6666666666666666,c-GC,2,2,3,,,,220119_F2_run11,59,unstable,41
1,2.0,0.16666666666666666,c-GC,0,1,1,,,,220119_F2_run11,59,unstable,43
1,2.0,0.16666666666666666,c-GC,0,1,1,,,,220119_F2_run11,59,unstable,64
5,6.0,0.3333333333333333,c-GC,1,1,1,,,,220119_F2_run11,59,unstable,66
1,4.0,0.16666666666666666,c-GC,0,1,3,,,,220119_F2_run11,59,lost,69
1,2.0,0.16666666666666666,c-GC,0,1,1,,,,220119_F2_run11,59,unstable,70
1,2.0,0.16666666666666666,c-GC,0,1,1,,,,220119_F2_run11,59,unstable,72
1,,0.0,c-GC,0,0,7,,,,220119_F2_run11,59,stable,73
3,6.0,0.3333333333333333,c-GC,1,1,3,,,,220119_F2_run11,59,unstable,74
2,3.0,0.3333333333333333,c-GC,1,1,1,,,,220119_F2_run11,59,unstable,76
7,,0.16666666666666666,c-GC,1,0,1,,,,220119_F2_run11,59,novel,82
1,2.0,0.16666666666666666,c-GC,0,1,1,,,,220119_F2_run11,59,unstable,89
7,,0.16666666666666666,c-GC,1,0,1,,,,220119_F2_run11,59,novel,99
1,2.0,0.3333333333333333,c-GC,1,1,6,,,,220119_F2_run11,60,unstable,16
1,2.0,0.16666666666666666,c-GC,0,1,1,,,,220119_F2_run11,60,unstable,54
1,4.0,0.16666666666666666,c-GC,0,1,3,,,,220119_F2_run11,60,lost,67
1,5.0,0.3333333333333333,c-GC,1,1,6,,,,220119_F2_run11,61,unstable,14
1,3.0,0.16666666666666666,c-GC,0,1,2,,,,220119_F2_run11,61,lost,32
1,2.0,0.16666666666666666,c-GC,0,1,1,,,,220119_F2_run11,61,unstable,69
1,2.0,0.16666666666666666,c-GC,0,1,1,,,,220119_F2_run11,61,unstable,70
1,2.0,0.16666666666666666,c-GC,0,1,1,,,,220119_F2_run11,61,unstable,72
1,2.0,0.16666666666666666,c-GC,0,1,1,,,,220119_F2_run11,62,unstable,42
1,3.0,0.16666666666666666,c-GC,0,1,2,,,,220119_F2_run11,62,lost,75
1,,0.0,c-GC,0,0,7,,,,220119_F2_run11,63,stable,18
1,2.0,0.16666666666666666,c-GC,0,1,1,,,,220119_F2_run11,63,unstable,75
1,,0.0,c-GC,0,0,7,,,,220119_F2_run11,64,stable,46
5,6.0,0.3333333333333333,c-GC,1,1,1,,,,220119_F2_run11,64,unstable,84
1,2.0,0.16666666666666666,c-GC,0,1,1,,,,220119_F2_run11,64,unstable,96
1,2.0,0.16666666666666666,c-GC,0,1,1,,,,220119_F2_run11,65,unstable,5
2,5.0,0.3333333333333333,c-GC,1,1,3,,,,220119_F2_run11,65,unstable,80
1,,0.0,c-GC,0,0,7,,,,220119_F2_run11,65,stable,81
1,2.0,0.16666666666666666,c-GC,0,1,1,,,,220119_F2_run11,65,unstable,89
1,2.0,0.16666666666666666,c-GC,0,1,1,,,,220119_F2_run11,66,unstable,9
3,7.0,0.3333333333333333,c-GC,1,1,4,,,,220119_F2_run11,66,unstable,11
5,7.0,0.3333333333333333,c-GC,1,1,2,,,,220119_F2_run11,66,unstable,40
2,3.0,0.8333333333333334,c-GC,3,2,4,,,,220119_F2_run11,66,unstable,53
1,2.0,0.16666666666666666,c-GC,0,1,1,,,,220119_F2_run11,66,unstable,71
1,2.0,0.8333333333333334,c-GC,2,3,3,,,,220119_F2_run11,66,unstable,75
1,,0.0,c-GC,0,0,7,,,,220119_F2_run11,66,stable,76
4,5.0,0.3333333333333333,c-GC,1,1,1,,,,220119_F2_run11,67,unstable,71
4,5.0,0.3333333333333333,c-GC,1,1,1,,,,220119_F2_run11,67,unstable,72
1,,0.0,c-GC,0,0,7,,,,220119_F2_run11,68,stable,53
1,2.0,0.3333333333333333,c-GC,1,1,2,,,,220119_F2_run11,69,unstable,1
1,,0.0,c-GC,0,0,7,,,,220119_F2_run11,69,stable,3
5,6.0,0.5,c-GC,2,1,2,,,,220119_F2_run11,69,unstable,11
1,7.0,0.16666666666666666,c-GC,0,1,6,,,,220119_F2_run11,69,lost,12
1,4.0,0.16666666666666666,c-GC,0,1,3,,,,220119_F2_run11,69,lost,14
6,,0.16666666666666666,c-GC,1,0,2,,,,220119_F2_run11,69,unstable,20
1,2.0,0.16666666666666666,c-GC,0,1,1,,,,220119_F2_run11,69,unstable,27
1,3.0,0.3333333333333333,c-GC,1,1,4,,,,220119_F2_run11,69,unstable,29
6,7.0,0.3333333333333333,c-GC,1,1,1,,,,220119_F2_run11,69,unstable,41
1,2.0,0.16666666666666666,c-GC,0,1,1,,,,220119_F2_run11,69,unstable,42
1,,0.0,c-GC,0,0,7,,,,220119_F2_run11,69,stable,59
1,3.0,0.8333333333333334,c-GC,2,3,4,,,,220119_F2_run11,69,unstable,61
1,2.0,0.16666666666666666,c-GC,0,1,1,,,,220119_F2_run11,69,unstable,70
4,,0.16666666666666666,c-GC,1,0,4,,,,220119_F2_run11,69,unstable,71
1,3.0,0.16666666666666666,c-GC,0,1,2,,,,220119_F2_run11,69,lost,72
1,2.0,0.16666666666666666,c-GC,0,1,1,,,,220119_F2_run11,69,unstable,73
1,2.0,0.6666666666666666,c-GC,2,2,5,,,,220119_F2_run11,69,unstable,78
1,3.0,0.3333333333333333,c-GC,1,1,3,,,,220119_F2_run11,69,unstable,83
2,6.0,0.5,c-GC,2,1,5,,,,220119_F2_run11,69,unstable,90
6,,0.16666666666666666,c-GC,1,0,2,,,,220119_F2_run11,69,unstable,92
6,7.0,0.3333333333333333,c-GC,1,1,1,,,,220119_F2_run11,70,unstable,66
1,2.0,0.16666666666666666,c-GC,0,1,1,,,,220119_F2_run11,70,unstable,68
1,3.0,0.3333333333333333,c-GC,1,1,6,,,,220119_F2_run11,70,unstable,78
1,2.0,0.16666666666666666,c-GC,0,1,1,,,,220119_F2_run11,71,unstable,0
1,,0.0,c-GC,0,0,7,,,,220119_F2_run11,71,stable,1
1,,0.0,c-GC,0,0,7,,,,220119_F2_run11,71,stable,3
2,,0.16666666666666666,c-GC,1,0,6,,,,220119_F2_run11,71,unstable,4
3,,0.16666666666666666,c-GC,1,0,5,,,,220119_F2_run11,71,unstable,11
1,,0.0,c-GC,0,0,7,,,,220119_F2_run11,71,stable,16
1,,0.0,c-GC,0,0,7,,,,220119_F2_run11,71,stable,20
4,6.0,0.5,c-GC,2,1,3,,,,220119_F2_run11,71,unstable,21
2,3.0,0.5,c-GC,2,1,5,,,,220119_F2_run11,71,unstable,24
1,,0.0,c-GC,0,0,7,,,,220119_F2_run11,71,stable,31
1,3.0,0.3333333333333333,c-GC,1,1,6,,,,220119_F2_run11,71,unstable,32
1,4.0,0.16666666666666666,c-GC,0,1,3,,,,220119_F2_run11,71,lost,41
1,2.0,0.16666666666666666,c-GC,0,1,1,,,,220119_F2_run11,71,unstable,43
1,4.0,0.3333333333333333,c-GC,1,1,6,,,,220119_F2_run11,71,unstable,49
6,,0.16666666666666666,c-GC,1,0,2,,,,220119_F2_run11,71,unstable,56
1,,0.0,c-GC,0,0,7,,,,220119_F2_run11,71,stable,66
1,2.0,0.16666666666666666,c-GC,0,1,1,,,,220119_F2_run11,71,unstable,74
7,,0.16666666666666666,c-GC,1,0,1,,,,220119_F2_run11,71,novel,77
1,,0.0,c-GC,0,0,7,,,,220119_F2_run11,71,stable,88
1,2.0,0.3333333333333333,c-GC,1,1,3,,,,220119_F2_run11,71,unstable,89
1,3.0,0.16666666666666666,c-GC,0,1,2,,,,220119_F2_run11,71,lost,93
5,6.0,0.3333333333333333,c-GC,1,1,1,,,,220119_F2_run11,71,unstable,95
5,6.0,0.3333333333333333,c-GC,1,1,1,,,,220119_F2_run11,71,unstable,97
1,,0.0,c-GC,0,0,7,,,,220119_F2_run11,71,stable,98
1,2.0,0.16666666666666666,c-GC,0,1,1,,,,220119_F2_run11,71,unstable,99
1,5.0,0.3333333333333333,c-GC,1,1,6,,,,220119_F2_run11,72,unstable,0
1,2.0,0.16666666666666666,c-GC,0,1,1,,,,220119_F2_run11,72,unstable,10
1,2.0,0.5,c-GC,1,2,5,,,,220119_F2_run11,72,unstable,64
1,4.0,0.3333333333333333,c-GC,1,1,6,,,,220119_F2_run11,72,unstable,69
1,4.0,0.16666666666666666,c-GC,0,1,3,,,,220119_F2_run11,73,lost,20
6,7.0,0.3333333333333333,c-GC,1,1,1,,,,220119_F2_run11,73,unstable,21
3,4.0,0.6666666666666666,c-GC,2,2,2,,,,220119_F2_run11,73,unstable,40
1,2.0,0.16666666666666666,c-GC,0,1,1,,,,220119_F2_run11,73,unstable,59
1,5.0,0.5,c-GC,1,2,5,,,,220119_F2_run11,73,unstable,64
1,2.0,0.16666666666666666,c-GC,0,1,1,,,,220119_F2_run11,73,unstable,71
1,2.0,0.16666666666666666,c-GC,0,1,1,,,,220119_F2_run11,73,unstable,77
1,2.0,0.16666666666666666,c-GC,0,1,1,,,,220119_F2_run11,73,unstable,90
1,2.0,0.16666666666666666,c-GC,0,1,1,,,,220119_F2_run11,73,unstable,99
1,4.0,0.5,c-GC,1,2,4,,,,220119_F2_run11,74,unstable,20
1,3.0,0.16666666666666666,c-GC,0,1,2,,,,220119_F2_run11,74,lost,27
1,2.0,0.16666666666666666,c-GC,0,1,1,,,,220119_F2_run11,74,unstable,40
1,2.0,0.16666666666666666,c-GC,0,1,1,,,,220119_F2_run11,74,unstable,43
1,3.0,0.16666666666666666,c-GC,0,1,2,,,,220119_F2_run11,74,lost,76
5,,0.16666666666666666,c-GC,1,0,3,,,,220119_F2_run11,74,unstable,84
1,2.0,0.16666666666666666,c-GC,0,1,1,,,,220119_F2_run11,74,unstable,96
1,2.0,0.16666666666666666,c-GC,0,1,1,,,,220119_F2_run11,74,unstable,99
1,,0.0,c-GC,0,0,7,,,,220119_F2_run11,75,stable,30
1,2.0,0.16666666666666666,c-GC,0,1,1,,,,220119_F2_run11,75,unstable,62
1,2.0,0.16666666666666666,c-GC,0,1,1,,,,220119_F2_run11,75,unstable,63
2,6.0,0.3333333333333333,c-GC,1,1,4,,,,220119_F2_run11,75,unstable,78
1,2.0,0.16666666666666666,c-GC,0,1,1,,,,220119_F2_run11,76,unstable,2
1,2.0,0.16666666666666666,c-GC,0,1,1,,,,220119_F2_run11,76,unstable,9
4,5.0,0.5,c-GC,2,1,2,,,,220119_F2_run11,76,unstable,13
1,2.0,0.16666666666666666,c-GC,0,1,1,,,,220119_F2_run11,76,unstable,30
1,,0.0,c-GC,0,0,7,,,,220119_F2_run11,76,stable,41
2,3.0,0.3333333333333333,c-GC,1,1,1,,,,220119_F2_run11,76,unstable,66
1,,0.0,c-GC,0,0,7,,,,220119_F2_run11,76,stable,67
1,2.0,0.16666666666666666,c-GC,0,1,1,,,,220119_F2_run11,76,unstable,78
3,7.0,0.3333333333333333,c-GC,1,1,4,,,,220119_F2_run11,76,unstable,81
7,,0.16666666666666666,c-GC,1,0,1,,,,220119_F2_run11,78,novel,22
1,2.0,0.3333333333333333,c-GC,1,1,5,,,,220119_F2_run11,79,unstable,4
1,2.0,0.16666666666666666,c-GC,0,1,1,,,,220119_F2_run11,79,unstable,29
1,3.0,0.16666666666666666,c-GC,0,1,2,,,,220119_F2_run11,79,lost,65
1,,0.0,c-GC,0,0,7,,,,220119_F2_run11,80,stable,28
1,5.0,0.3333333333333333,c-GC,1,1,6,,,,220119_F2_run11,80,unstable,53
3,4.0,0.5,c-GC,2,1,2,,,,220119_F2_run11,80,unstable,72
1,,0.0,c-GC,0,0,7,,,,220119_F2_run11,81,stable,17
1,5.0,0.3333333333333333,c-GC,1,1,6,,,,220119_F2_run11,81,unstable,21
1,4.0,0.16666666666666666,c-GC,0,1,3,,,,220119_F2_run11,81,lost,22
1,4.0,0.5,c-GC,1,2,4,,,,220119_F2_run11,81,unstable,23
1,,0.0,c-GC,0,0,7,,,,220119_F2_run11,81,stable,28
1,3.0,0.6666666666666666,c-GC,2,2,4,,,,220119_F2_run11,81,unstable,33
3,,0.16666666666666666,c-GC,1,0,5,,,,220119_F2_run11,81,unstable,49
1,2.0,0.16666666666666666,c-GC,0,1,1,,,,220119_F2_run11,81,unstable,53
1,2.0,0.5,c-GC,1,2,2,,,,220119_F2_run11,81,unstable,84
1,2.0,0.16666666666666666,c-GC,0,1,1,,,,220119_F2_run11,81,unstable,95
6,,0.16666666666666666,c-GC,1,0,2,,,,220119_F2_run11,82,unstable,12
1,2.0,0.16666666666666666,c-GC,0,1,1,,,,220119_F2_run11,82,unstable,31
1,,0.0,c-GC,0,0,7,,,,220119_F2_run11,82,stable,36
3,,0.16666666666666666,c-GC,1,0,5,,,,220119_F2_run11,82,unstable,45
2,,0.16666666666666666,c-GC,1,0,6,,,,220119_F2_run11,82,unstable,46
7,,0.16666666666666666,c-GC,1,0,1,,,,220119_F2_run11,83,novel,50
1,4.0,0.5,c-GC,1,2,4,,,,220119_F2_run11,83,unstable,56
1,3.0,0.16666666666666666,c-GC,0,1,2,,,,220119_F2_run11,83,lost,70
1,3.0,0.6666666666666666,c-GC,2,2,4,,,,220119_F2_run11,83,unstable,82
1,2.0,0.16666666666666666,c-GC,0,1,1,,,,220119_F2_run11,83,unstable,84
1,2.0,0.5,c-GC,1,2,2,,,,220119_F2_run11,84,unstable,41
1,2.0,0.16666666666666666,c-GC,0,1,1,,,,220119_F2_run11,84,unstable,52
1,2.0,0.16666666666666666,c-GC,0,1,1,,,,220119_F2_run11,84,unstable,98
1,,0.0,c-GC,0,0,7,,,,220119_F2_run11,85,stable,18
3,4.0,0.5,c-GC,2,1,3,,,,220119_F2_run11,85,unstable,21
1,,0.0,c-GC,0,0,7,,,,220119_F2_run11,85,stable,33
1,,0.0,c-GC,0,0,7,,,,220119_F2_run11,85,stable,45
1,,0.0,c-GC,0,0,7,,,,220119_F2_run11,85,stable,46
1,3.0,0.6666666666666666,c-GC,2,2,5,,,,220119_F2_run11,85,unstable,75
1,4.0,0.16666666666666666,c-GC,0,1,3,,,,220119_F2_run11,85,lost,89
2,6.0,0.3333333333333333,c-GC,1,1,4,,,,220119_F2_run11,85,unstable,95
1,,0.0,c-GC,0,0,7,,,,220119_F2_run11,86,stable,82
7,,0.16666666666666666,c-GC,1,0,1,,,,220119_F2_run11,86,novel,93
1,2.0,0.16666666666666666,c-GC,0,1,1,,,,220119_F2_run11,87,unstable,47
1,3.0,0.16666666666666666,c-GC,0,1,2,,,,220119_F2_run11,87,lost,77
1,2.0,0.5,c-GC,1,2,2,,,,220119_F2_run11,87,unstable,85
1,2.0,0.16666666666666666,c-GC,0,1,1,,,,220119_F2_run11,88,unstable,9
1,2.0,0.3333333333333333,c-GC,1,1,3,,,,220119_F2_run11,88,unstable,10
1,2.0,0.16666666666666666,c-GC,0,1,1,,,,220119_F2_run11,88,unstable,27
1,2.0,0.16666666666666666,c-GC,0,1,1,,,,220119_F2_run11,88,unstable,31
1,2.0,0.16666666666666666,c-GC,0,1,1,,,,220119_F2_run11,88,unstable,75
2,6.0,0.5,c-GC,2,1,5,,,,220119_F2_run11,89,unstable,4
1,,0.0,c-GC,0,0,7,,,,220119_F2_run11,89,stable,33
1,,0.0,c-GC,0,0,7,,,,220119_F2_run11,89,stable,36
4,5.0,0.3333333333333333,c-GC,1,1,1,,,,220119_F2_run11,89,unstable,39
4,7.0,0.3333333333333333,c-GC,1,1,3,,,,220119_F2_run11,89,unstable,42
1,,0.0,c-GC,0,0,7,,,,220119_F2_run11,89,stable,44
1,7.0,0.16666666666666666,c-GC,0,1,6,,,,220119_F2_run11,89,lost,45
3,4.0,0.3333333333333333,c-GC,1,1,1,,,,220119_F2_run11,89,unstable,46
1,,0.0,c-GC,0,0,7,,,,220119_F2_run11,89,stable,48
1,3.0,0.16666666666666666,c-GC,0,1,2,,,,220119_F2_run11,89,lost,59
7,,0.16666666666666666,c-GC,1,0,1,,,,220119_F2_run11,89,novel,64
2,,0.16666666666666666,c-GC,1,0,6,,,,220119_F2_run11,89,unstable,69
2,,0.16666666666666666,c-GC,1,0,6,,,,220119_F2_run11,89,unstable,77
1,2.0,0.6666666666666666,c-GC,2,2,3,,,,220119_F2_run11,89,unstable,88
1,,0.0,c-GC,0,0,7,,,,220119_F2_run11,89,stable,93
4,6.0,0.3333333333333333,c-GC,1,1,2,,,,220119_F2_run11,89,unstable,95
2,7.0,0.3333333333333333,c-GC,1,1,5,,,,220119_F2_run11,90,unstable,20
2,,0.16666666666666666,c-GC,1,0,6,,,,220119_F2_run11,90,unstable,26
1,3.0,0.3333333333333333,c-GC,1,1,3,,,,220119_F2_run11,90,unstable,30
1,3.0,0.16666666666666666,c-GC,0,1,2,,,,220119_F2_run11,90,lost,74
3,4.0,0.6666666666666666,c-GC,2,2,2,,,,220119_F2_run11,91,unstable,66
5,6.0,0.3333333333333333,c-GC,1,1,1,,,,220119_F2_run11,92,unstable,33
1,4.0,0.3333333333333333,c-GC,1,1,6,,,,220119_F2_run11,92,unstable,96
2,5.0,0.3333333333333333,c-GC,1,1,3,,,,220119_F2_run11,93,unstable,19
2,3.0,0.5,c-GC,2,1,2,,,,220119_F2_run11,93,unstable,49
1,3.0,0.6666666666666666,c-GC,2,2,4,,,,220119_F2_run11,94,unstable,95
1,6.0,0.3333333333333333,c-GC,1,1,6,,,,220119_F2_run11,95,unstable,21
1,2.0,0.5,c-GC,1,2,2,,,,220119_F2_run11,95,unstable,43
1,2.0,0.3333333333333333,c-GC,1,1,6,,,,220119_F2_run11,95,unstable,52
5,6.0,0.3333333333333333,c-GC,1,1,1,,,,220119_F2_run11,95,unstable,98
3,4.0,0.3333333333333333,c-GC,1,1,1,,,,220119_F2_run11,95,unstable,99
1,2.0,0.3333333333333333,c-GC,1,1,2,,,,220119_F2_run11,96,unstable,6
2,3.0,0.3333333333333333,c-GC,1,1,1,,,,220119_F2_run11,96,unstable,31
1,2.0,0.16666666666666666,c-GC,0,1,1,,,,220119_F2_run11,96,unstable,32
1,2.0,0.16666666666666666,c-GC,0,1,1,,,,220119_F2_run11,96,unstable,36
1,2.0,0.16666666666666666,c-GC,0,1,1,,,,220119_F2_run11,96,unstable,77
5,6.0,0.3333333333333333,c-GC,1,1,1,,,,220119_F2_run11,96,unstable,97
1,2.0,0.16666666666666666,c-GC,0,1,1,,,,220119_F2_run11,96,unstable,99
1,3.0,0.5,c-GC,1,2,3,,,,220119_F2_run11,97,unstable,93
1,2.0,0.16666666666666666,c-GC,0,1,1,,,,220119_F2_run11,98,unstable,13
1,2.0,0.16666666666666666,c-GC,0,1,1,,,,220119_F2_run11,98,unstable,18
6,7.0,0.3333333333333333,c-GC,1,1,1,,,,220119_F2_run11,98,unstable,33
1,,0.0,c-GC,0,0,7,,,,220119_F2_run11,98,stable,51
1,3.0,0.16666666666666666,c-GC,0,1,2,,,,220119_F2_run11,98,lost,71
3,,0.16666666666666666,c-GC,1,0,5,,,,220119_F2_run11,98,unstable,72
1,2.0,0.16666666666666666,c-GC,0,1,1,,,,220119_F2_run11,98,unstable,97
4,6.0,0.3333333333333333,c-GC,1,1,2,,,,220119_F2_run11,99,unstable,8
7,,0.16666666666666666,c-GC,1,0,1,,,,220119_F2_run11,99,novel,27
1,4.0,0.16666666666666666,c-GC,0,1,3,,,,220119_F2_run11,99,lost,44
1,3.0,0.5,c-GC,1,2,4,,,,220119_F2_run11,99,unstable,53
1,2.0,0.16666666666666666,c-GC,0,1,1,,,,220119_F2_run11,99,unstable,97
1,,0.0,c-GC,0,0,7,,,,220127_F4_run2,0,stable,1
2,4.0,0.6666666666666666,c-GC,2,2,4,,,,220127_F4_run2,0,unstable,11
1,,0.0,c-GC,0,0,7,,,,220127_F4_run2,0,stable,16
2,,0.16666666666666666,c-GC,1,0,6,,,,220127_F4_run2,0,unstable,58
3,4.0,0.5,c-GC,2,1,2,,,,220127_F4_run2,0,unstable,64
4,5.0,0.3333333333333333,c-GC,1,1,1,,,,220127_F4_run2,0,unstable,78
2,,0.16666666666666666,c-GC,1,0,6,,,,220127_F4_run2,0,unstable,82
2,,0.16666666666666666,c-GC,1,0,6,,,,220127_F4_run2,0,unstable,87
1,2.0,0.16666666666666666,c-GC,0,1,1,,,,220127_F4_run2,0,unstable,88
1,,0.0,c-GC,0,0,7,,,,220127_F4_run2,1,stable,0
1,,0.0,c-GC,0,0,7,,,,220127_F4_run2,1,stable,5
1,,0.0,c-GC,0,0,7,,,,220127_F4_run2,1,stable,7
2,,0.16666666666666666,c-GC,1,0,6,,,,220127_F4_run2,1,unstable,8
1,,0.0,c-GC,0,0,7,,,,220127_F4_run2,1,stable,11
1,,0.0,c-GC,0,0,7,,,,220127_F4_run2,1,stable,16
4,5.0,0.3333333333333333,c-GC,1,1,1,,,,220127_F4_run2,1,unstable,22
1,,0.0,c-GC,0,0,7,,,,220127_F4_run2,1,stable,25
2,,0.16666666666666666,c-GC,1,0,6,,,,220127_F4_run2,1,unstable,29
2,,0.16666666666666666,c-GC,1,0,6,,,,220127_F4_run2,1,unstable,41
2,6.0,0.3333333333333333,c-GC,1,1,4,,,,220127_F4_run2,1,unstable,53
2,4.0,0.6666666666666666,c-GC,2,2,3,,,,220127_F4_run2,1,unstable,54
1,,0.0,c-GC,0,0,7,,,,220127_F4_run2,1,stable,56
3,5.0,0.5,c-GC,2,1,3,,,,220127_F4_run2,1,unstable,58
2,5.0,0.5,c-GC,2,1,5,,,,220127_F4_run2,1,unstable,59
3,5.0,0.3333333333333333,c-GC,1,1,2,,,,220127_F4_run2,1,unstable,60
3,7.0,0.3333333333333333,c-GC,1,1,4,,,,220127_F4_run2,1,unstable,76
6,,0.16666666666666666,c-GC,1,0,2,,,,220127_F4_run2,1,unstable,78
1,3.0,0.16666666666666666,c-GC,0,1,2,,,,220127_F4_run2,1,lost,79
1,,0.0,c-GC,0,0,7,,,,220127_F4_run2,1,stable,82
1,2.0,0.16666666666666666,c-GC,0,1,1,,,,220127_F4_run2,1,unstable,83
2,,0.16666666666666666,c-GC,1,0,6,,,,220127_F4_run2,1,unstable,87
2,,0.16666666666666666,c-GC,1,0,6,,,,220127_F4_run2,1,unstable,88
1,2.0,0.16666666666666666,c-GC,0,1,1,,,,220127_F4_run2,3,unstable,4
1,,0.0,c-GC,0,0,7,,,,220127_F4_run2,3,stable,9
1,,0.0,c-GC,0,0,7,,,,220127_F4_run2,3,stable,18
2,3.0,0.3333333333333333,c-GC,1,1,1,,,,220127_F4_run2,3,unstable,19
1,,0.0,c-GC,0,0,7,,,,220127_F4_run2,3,stable,26
4,,0.16666666666666666,c-GC,1,0,4,,,,220127_F4_run2,3,unstable,33
2,,0.16666666666666666,c-GC,1,0,6,,,,220127_F4_run2,3,unstable,65
3,,0.16666666666666666,c-GC,1,0,5,,,,220127_F4_run2,3,unstable,67
2,,0.16666666666666666,c-GC,1,0,6,,,,220127_F4_run2,3,unstable,84
4,5.0,0.3333333333333333,c-GC,1,1,1,,,,220127_F4_run2,3,unstable,90
3,4.0,0.3333333333333333,c-GC,1,1,1,,,,220127_F4_run2,4,unstable,0
1,,0.0,c-GC,0,0,7,,,,220127_F4_run2,4,stable,6
1,,0.0,c-GC,0,0,7,,,,220127_F4_run2,4,stable,13
1,,0.0,c-GC,0,0,7,,,,220127_F4_run2,4,stable,14
1,,0.0,c-GC,0,0,7,,,,220127_F4_run2,4,stable,19
1,,0.0,c-GC,0,0,7,,,,220127_F4_run2,4,stable,20
1,2.0,0.16666666666666666,c-GC,0,1,1,,,,220127_F4_run2,4,unstable,27
5,7.0,0.3333333333333333,c-GC,1,1,2,,,,220127_F4_run2,4,unstable,30
5,,0.16666666666666666,c-GC,1,0,3,,,,220127_F4_run2,4,unstable,52
2,,0.16666666666666666,c-GC,1,0,6,,,,220127_F4_run2,4,unstable,89
2,3.0,0.3333333333333333,c-GC,1,1,1,,,,220127_F4_run2,5,unstable,8
1,2.0,0.16666666666666666,c-GC,0,1,1,,,,220127_F4_run2,5,unstable,22
5,,0.16666666666666666,c-GC,1,0,3,,,,220127_F4_run2,5,unstable,25
1,5.0,0.16666666666666666,c-GC,0,1,4,,,,220127_F4_run2,5,lost,28
3,,0.16666666666666666,c-GC,1,0,5,,,,220127_F4_run2,5,unstable,48
5,6.0,0.3333333333333333,c-GC,1,1,1,,,,220127_F4_run2,5,unstable,51
1,,0.0,c-GC,0,0,7,,,,220127_F4_run2,6,stable,4
2,,0.16666666666666666,c-GC,1,0,6,,,,220127_F4_run2,6,unstable,19
3,4.0,0.3333333333333333,c-GC,1,1,1,,,,220127_F4_run2,6,unstable,20
1,3.0,0.16666666666666666,c-GC,0,1,2,,,,220127_F4_run2,6,lost,33
1,7.0,0.16666666666666666,c-GC,0,1,6,,,,220127_F4_run2,6,lost,52
1,3.0,0.16666666666666666,c-GC,0,1,2,,,,220127_F4_run2,6,lost,66
1,3.0,0.16666666666666666,c-GC,0,1,2,,,,220127_F4_run2,7,lost,0
1,2.0,0.16666666666666666,c-GC,0,1,1,,,,220127_F4_run2,7,unstable,10
1,4.0,0.16666666666666666,c-GC,0,1,3,,,,220127_F4_run2,7,lost,22
1,2.0,0.16666666666666666,c-GC,0,1,1,,,,220127_F4_run2,7,unstable,32
1,2.0,0.5,c-GC,1,2,2,,,,220127_F4_run2,7,unstable,33
4,6.0,0.3333333333333333,c-GC,1,1,2,,,,220127_F4_run2,7,unstable,67
2,4.0,0.5,c-GC,2,1,5,,,,220127_F4_run2,7,unstable,82
1,,0.0,c-GC,0,0,7,,,,220127_F4_run2,8,stable,5
1,,0.0,c-GC,0,0,7,,,,220127_F4_run2,8,stable,21
1,6.0,0.3333333333333333,c-GC,1,1,6,,,,220127_F4_run2,8,unstable,24
1,4.0,0.5,c-GC,1,2,5,,,,220127_F4_run2,8,unstable,28
1,,0.0,c-GC,0,0,7,,,,220127_F4_run2,9,stable,3
5,6.0,0.3333333333333333,c-GC,1,1,1,,,,220127_F4_run2,9,unstable,7
1,,0.0,c-GC,0,0,7,,,,220127_F4_run2,9,stable,18
3,,0.16666666666666666,c-GC,1,0,5,,,,220127_F4_run2,9,unstable,65
3,,0.16666666666666666,c-GC,1,0,5,,,,220127_F4_run2,9,unstable,67
5,,0.16666666666666666,c-GC,1,0,3,,,,220127_F4_run2,9,unstable,68
4,,0.16666666666666666,c-GC,1,0,4,,,,220127_F4_run2,9,unstable,90
1,,0.0,c-GC,0,0,7,,,,220127_F4_run2,10,stable,5
3,6.0,0.3333333333333333,c-GC,1,1,3,,,,220127_F4_run2,10,unstable,7
3,4.0,0.5,c-GC,2,1,4,,,,220127_F4_run2,10,unstable,15
1,,0.0,c-GC,0,0,7,,,,220127_F4_run2,10,stable,22
1,,0.0,c-GC,0,0,7,,,,220127_F4_run2,10,stable,53
1,4.0,0.16666666666666666,c-GC,0,1,3,,,,220127_F4_run2,10,lost,56
2,7.0,0.3333333333333333,c-GC,1,1,5,,,,220127_F4_run2,10,unstable,61
3,4.0,0.8333333333333334,c-GC,3,2,3,,,,220127_F4_run2,10,unstable,86
1,,0.0,c-GC,0,0,7,,,,220127_F4_run2,11,stable,0
1,,0.0,c-GC,0,0,7,,,,220127_F4_run2,11,stable,1
1,4.0,0.16666666666666666,c-GC,0,1,3,,,,220127_F4_run2,11,lost,8
1,,0.0,c-GC,0,0,7,,,,220127_F4_run2,11,stable,16
1,,0.0,c-GC,0,0,7,,,,220127_F4_run2,11,stable,29
3,5.0,0.3333333333333333,c-GC,1,1,2,,,,220127_F4_run2,11,unstable,58
2,,0.16666666666666666,c-GC,1,0,6,,,,220127_F4_run2,11,unstable,82
6,,0.16666666666666666,c-GC,1,0,2,,,,220127_F4_run2,11,unstable,88
1,2.0,0.16666666666666666,c-GC,0,1,1,,,,220127_F4_run2,12,unstable,17
2,5.0,0.3333333333333333,c-GC,1,1,3,,,,220127_F4_run2,12,unstable,25
1,,0.0,c-GC,0,0,7,,,,220127_F4_run2,12,stable,26
1,5.0,0.3333333333333333,c-GC,1,1,5,,,,220127_F4_run2,12,unstable,40
5,6.0,0.3333333333333333,c-GC,1,1,1,,,,220127_F4_run2,12,unstable,44
1,2.0,0.16666666666666666,c-GC,0,1,1,,,,220127_F4_run2,12,unstable,83
1,2.0,0.16666666666666666,c-GC,0,1,1,,,,220127_F4_run2,12,unstable,84
5,,0.16666666666666666,c-GC,1,0,3,,,,220127_F4_run2,13,unstable,3
1,,0.0,c-GC,0,0,7,,,,220127_F4_run2,13,stable,4
4,5.0,0.5,c-GC,2,1,2,,,,220127_F4_run2,13,unstable,6
1,,0.0,c-GC,0,0,7,,,,220127_F4_run2,13,stable,14
1,2.0,0.16666666666666666,c-GC,0,1,1,,,,220127_F4_run2,13,unstable,19
1,,0.0,c-GC,0,0,7,,,,220127_F4_run2,13,stable,20
7,,0.16666666666666666,c-GC,1,0,1,,,,220127_F4_run2,13,novel,68
1,,0.0,c-GC,0,0,7,,,,220127_F4_run2,14,stable,4
3,7.0,0.3333333333333333,c-GC,1,1,4,,,,220127_F4_run2,14,unstable,6
3,4.0,0.3333333333333333,c-GC,1,1,1,,,,220127_F4_run2,14,unstable,7
1,,0.0,c-GC,0,0,7,,,,220127_F4_run2,14,stable,13
1,,0.0,c-GC,0,0,7,,,,220127_F4_run2,14,stable,19
1,,0.0,c-GC,0,0,7,,,,220127_F4_run2,14,stable,20
2,5.0,0.3333333333333333,c-GC,1,1,3,,,,220127_F4_run2,14,unstable,70
1,,0.0,c-GC,0,0,7,,,,220127_F4_run2,16,stable,0
1,,0.0,c-GC,0,0,7,,,,220127_F4_run2,16,stable,1
1,2.0,0.16666666666666666,c-GC,0,1,1,,,,220127_F4_run2,16,unstable,4
3,,0.16666666666666666,c-GC,1,0,5,,,,220127_F4_run2,16,unstable,7
3,,0.16666666666666666,c-GC,1,0,5,,,,220127_F4_run2,16,unstable,8
4,6.0,0.5,c-GC,2,1,3,,,,220127_F4_run2,16,unstable,10
1,,0.0,c-GC,0,0,7,,,,220127_F4_run2,16,stable,11
2,,0.16666666666666666,c-GC,1,0,6,,,,220127_F4_run2,16,unstable,12
2,,0.16666666666666666,c-GC,1,0,6,,,,220127_F4_run2,16,unstable,22
7,,0.16666666666666666,c-GC,1,0,1,,,,220127_F4_run2,16,novel,24
3,,0.16666666666666666,c-GC,1,0,5,,,,220127_F4_run2,16,unstable,28
4,5.0,0.3333333333333333,c-GC,1,1,1,,,,220127_F4_run2,16,unstable,29
3,,0.16666666666666666,c-GC,1,0,5,,,,220127_F4_run2,16,unstable,32
2,,0.16666666666666666,c-GC,1,0,6,,,,220127_F4_run2,16,unstable,56
2,,0.16666666666666666,c-GC,1,0,6,,,,220127_F4_run2,16,unstable,59
2,,0.16666666666666666,c-GC,1,0,6,,,,220127_F4_run2,16,unstable,62
2,6.0,0.3333333333333333,c-GC,1,1,4,,,,220127_F4_run2,16,unstable,64
2,,0.16666666666666666,c-GC,1,0,6,,,,220127_F4_run2,16,unstable,69
4,5.0,0.5,c-GC,2,1,2,,,,220127_F4_run2,16,unstable,71
1,2.0,0.16666666666666666,c-GC,0,1,1,,,,220127_F4_run2,16,unstable,82
2,,0.16666666666666666,c-GC,1,0,6,,,,220127_F4_run2,16,unstable,87
1,4.0,0.3333333333333333,c-GC,1,1,6,,,,220127_F4_run2,17,unstable,12
1,2.0,0.16666666666666666,c-GC,0,1,1,,,,220127_F4_run2,17,unstable,35
1,2.0,0.16666666666666666,c-GC,0,1,1,,,,220127_F4_run2,17,unstable,83
1,,0.0,c-GC,0,0,7,,,,220127_F4_run2,18,stable,3
1,2.0,0.16666666666666666,c-GC,0,1,1,,,,220127_F4_run2,18,unstable,6
1,,0.0,c-GC,0,0,7,,,,220127_F4_run2,18,stable,9
2,4.0,0.3333333333333333,c-GC,1,1,2,,,,220127_F4_run2,18,unstable,33
1,,0.0,c-GC,0,0,7,,,,220127_F4_run2,18,stable,65
1,,0.0,c-GC,0,0,7,,,,220127_F4_run2,18,stable,67
7,,0.16666666666666666,c-GC,1,0,1,,,,220127_F4_run2,18,novel,84
2,5.0,0.5,c-GC,2,1,5,,,,220127_F4_run2,18,unstable,90
1,,0.0,c-GC,0,0,7,,,,220127_F4_run2,18,stable,91
4,5.0,0.5,c-GC,2,1,2,,,,220127_F4_run2,19,unstable,1
1,,0.0,c-GC,0,0,7,,,,220127_F4_run2,19,stable,4
1,5.0,0.16666666666666666,c-GC,0,1,4,,,,220127_F4_run2,19,lost,6
1,,0.0,c-GC,0,0,7,,,,220127_F4_run2,19,stable,13
1,,0.0,c-GC,0,0,7,,,,220127_F4_run2,19,stable,14
4,,0.16666666666666666,c-GC,1,0,4,,,,220127_F4_run2,19,unstable,20
1,,0.0,c-GC,0,0,7,,,,220127_F4_run2,19,stable,26
2,,0.16666666666666666,c-GC,1,0,6,,,,220127_F4_run2,19,unstable,33
2,,0.16666666666666666,c-GC,1,0,6,,,,220127_F4_run2,19,unstable,35
4,,0.16666666666666666,c-GC,1,0,4,,,,220127_F4_run2,19,unstable,43
1,,0.0,c-GC,0,0,7,,,,220127_F4_run2,19,stable,52
1,2.0,0.16666666666666666,c-GC,0,1,1,,,,220127_F4_run2,19,unstable,66
1,4.0,0.5,c-GC,1,2,4,,,,220127_F4_run2,19,unstable,67
2,4.0,0.6666666666666666,c-GC,2,2,4,,,,220127_F4_run2,19,unstable,69
1,5.0,0.16666666666666666,c-GC,0,1,4,,,,220127_F4_run2,19,lost,71
1,,0.0,c-GC,0,0,7,,,,220127_F4_run2,20,stable,4
1,,0.0,c-GC,0,0,7,,,,220127_F4_run2,20,stable,6
1,,0.0,c-GC,0,0,7,,,,220127_F4_run2,20,stable,13
1,,0.0,c-GC,0,0,7,,,,220127_F4_run2,20,stable,14
5,,0.16666666666666666,c-GC,1,0,3,,,,220127_F4_run2,20,unstable,19
2,7.0,0.3333333333333333,c-GC,1,1,5,,,,220127_F4_run2,20,unstable,27
3,4.0,0.5,c-GC,2,1,3,,,,220127_F4_run2,20,unstable,52
5,7.0,0.3333333333333333,c-GC,1,1,2,,,,220127_F4_run2,20,unstable,66
7,,0.16666666666666666,c-GC,1,0,1,,,,220127_F4_run2,20,novel,74
2,6.0,0.5,c-GC,2,1,5,,,,220127_F4_run2,20,unstable,89
2,,0.16666666666666666,c-GC,1,0,6,,,,220127_F4_run2,20,unstable,90
1,,0.0,c-GC,0,0,7,,,,220127_F4_run2,21,stable,8
1,,0.0,c-GC,0,0,7,,,,220127_F4_run2,21,stable,24
1,3.0,0.16666666666666666,c-GC,0,1,2,,,,220127_F4_run2,21,lost,28
1,2.0,0.3333333333333333,c-GC,1,1,2,,,,220127_F4_run2,21,unstable,35
3,6.0,0.5,c-GC,2,1,4,,,,220127_F4_run2,21,unstable,47
1,2.0,0.16666666666666666,c-GC,0,1,1,,,,220127_F4_run2,21,unstable,60
1,,0.0,c-GC,0,0,7,,,,220127_F4_run2,22,stable,5
3,4.0,0.3333333333333333,c-GC,1,1,1,,,,220127_F4_run2,22,unstable,7
1,,0.0,c-GC,0,0,7,,,,220127_F4_run2,22,stable,10
1,3.0,0.16666666666666666,c-GC,0,1,2,,,,220127_F4_run2,22,lost,53
1,3.0,0.16666666666666666,c-GC,0,1,2,,,,220127_F4_run2,22,lost,56
7,,0.16666666666666666,c-GC,1,0,1,,,,220127_F4_run2,23,novel,1
1,2.0,0.16666666666666666,c-GC,0,1,1,,,,220127_F4_run2,24,unstable,41
1,3.0,0.6666666666666666,c-GC,2,2,4,,,,220127_F4_run2,24,unstable,67
7,,0.16666666666666666,c-GC,1,0,1,,,,220127_F4_run2,24,novel,69
1,2.0,0.16666666666666666,c-GC,0,1,1,,,,220127_F4_run2,24,unstable,88
1,7.0,0.16666666666666666,c-GC,0,1,6,,,,220127_F4_run2,25,lost,7
1,4.0,0.16666666666666666,c-GC,0,1,3,,,,220127_F4_run2,25,lost,13
3,4.0,0.5,c-GC,2,1,3,,,,220127_F4_run2,25,unstable,19
1,2.0,0.16666666666666666,c-GC,0,1,1,,,,220127_F4_run2,25,unstable,29
5,6.0,0.5,c-GC,2,1,2,,,,220127_F4_run2,25,unstable,41
2,3.0,0.5,c-GC,2,1,5,,,,220127_F4_run2,25,unstable,73
1,2.0,0.16666666666666666,c-GC,0,1,1,,,,220127_F4_run2,25,unstable,81
1,3.0,0.16666666666666666,c-GC,0,1,2,,,,220127_F4_run2,25,lost,82
7,,0.16666666666666666,c-GC,1,0,1,,,,220127_F4_run2,26,novel,11
1,,0.0,c-GC,0,0,7,,,,220127_F4_run2,26,stable,12
1,2.0,0.16666666666666666,c-GC,0,1,1,,,,220127_F4_run2,26,unstable,50
2,3.0,0.8333333333333334,c-GC,3,2,3,,,,220127_F4_run2,26,unstable,82
1,2.0,0.16666666666666666,c-GC,0,1,1,,,,220127_F4_run2,26,unstable,84
1,2.0,0.16666666666666666,c-GC,0,1,1,,,,220127_F4_run2,27,unstable,3
1,2.0,0.3333333333333333,c-GC,1,1,6,,,,220127_F4_run2,27,unstable,4
1,2.0,0.16666666666666666,c-GC,0,1,1,,,,220127_F4_run2,27,unstable,13
6,7.0,0.3333333333333333,c-GC,1,1,1,,,,220127_F4_run2,27,unstable,18
1,2.0,0.16666666666666666,c-GC,0,1,1,,,,220127_F4_run2,27,unstable,20
1,2.0,0.16666666666666666,c-GC,0,1,1,,,,220127_F4_run2,27,unstable,33
1,2.0,0.16666666666666666,c-GC,0,1,1,,,,220127_F4_run2,27,unstable,54
1,2.0,0.16666666666666666,c-GC,0,1,1,,,,220127_F4_run2,27,unstable,58
1,2.0,0.16666666666666666,c-GC,0,1,1,,,,220127_F4_run2,27,unstable,66
1,3.0,0.6666666666666666,c-GC,2,2,4,,,,220127_F4_run2,28,unstable,8
6,,0.16666666666666666,c-GC,1,0,2,,,,220127_F4_run2,28,unstable,13
1,2.0,0.16666666666666666,c-GC,0,1,1,,,,220127_F4_run2,28,unstable,21
3,4.0,0.5,c-GC,2,1,4,,,,220127_F4_run2,29,unstable,24
1,2.0,0.16666666666666666,c-GC,0,1,1,,,,220127_F4_run2,29,unstable,25
1,2.0,0.16666666666666666,c-GC,0,1,1,,,,220127_F4_run2,29,unstable,32
4,5.0,0.3333333333333333,c-GC,1,1,1,,,,220127_F4_run2,29,unstable,36
1,2.0,0.5,c-GC,1,2,2,,,,220127_F4_run2,29,unstable,41
1,2.0,0.16666666666666666,c-GC,0,1,1,,,,220127_F4_run2,29,unstable,53
1,2.0,0.3333333333333333,c-GC,1,1,4,,,,220127_F4_run2,29,unstable,54
1,2.0,0.16666666666666666,c-GC,0,1,1,,,,220127_F4_run2,29,unstable,58
1,2.0,0.16666666666666666,c-GC,0,1,1,,,,220127_F4_run2,30,unstable,31
1,2.0,0.16666666666666666,c-GC,0,1,1,,,,220127_F4_run2,30,unstable,39
1,,0.0,c-GC,0,0,7,,,,220127_F4_run2,30,stable,52
3,7.0,0.3333333333333333,c-GC,1,1,4,,,,220127_F4_run2,30,unstable,66
1,,0.0,c-GC,0,0,7,,,,220127_F4_run2,30,stable,68
1,2.0,0.16666666666666666,c-GC,0,1,1,,,,220127_F4_run2,30,unstable,69
1,4.0,0.16666666666666666,c-GC,0,1,3,,,,220127_F4_run2,30,lost,90
1,2.0,0.16666666666666666,c-GC,0,1,1,,,,220127_F4_run2,31,unstable,25
1,2.0,0.16666666666666666,c-GC,0,1,1,,,,220127_F4_run2,31,unstable,30
1,2.0,0.16666666666666666,c-GC,0,1,1,,,,220127_F4_run2,31,unstable,35
1,2.0,0.16666666666666666,c-GC,0,1,1,,,,220127_F4_run2,31,unstable,49
1,2.0,0.16666666666666666,c-GC,0,1,1,,,,220127_F4_run2,31,unstable,52
1,3.0,0.6666666666666666,c-GC,2,2,5,,,,220127_F4_run2,31,unstable,53
3,4.0,0.3333333333333333,c-GC,1,1,1,,,,220127_F4_run2,31,unstable,57
1,2.0,0.16666666666666666,c-GC,0,1,1,,,,220127_F4_run2,31,unstable,72
6,7.0,0.3333333333333333,c-GC,1,1,1,,,,220127_F4_run2,31,unstable,73
1,2.0,0.5,c-GC,1,2,2,,,,220127_F4_run2,31,unstable,76
4,5.0,0.5,c-GC,2,1,2,,,,220127_F4_run2,31,unstable,77
1,7.0,0.16666666666666666,c-GC,0,1,6,,,,220127_F4_run2,31,lost,78
1,3.0,0.16666666666666666,c-GC,0,1,2,,,,220127_F4_run2,31,lost,84
4,,0.16666666666666666,c-GC,1,0,4,,,,220127_F4_run2,32,unstable,0
1,2.0,0.16666666666666666,c-GC,0,1,1,,,,220127_F4_run2,32,unstable,23
1,2.0,0.16666666666666666,c-GC,0,1,1,,,,220127_F4_run2,32,unstable,25
1,2.0,0.16666666666666666,c-GC,0,1,1,,,,220127_F4_run2,32,unstable,56
1,3.0,0.5,c-GC,1,2,3,,,,220127_F4_run2,32,unstable,61
1,,0.0,c-GC,0,0,7,,,,220127_F4_run2,32,stable,63
1,2.0,0.16666666666666666,c-GC,0,1,1,,,,220127_F4_run2,32,unstable,64
1,2.0,0.16666666666666666,c-GC,0,1,1,,,,220127_F4_run2,32,unstable,73
1,2.0,0.16666666666666666,c-GC,0,1,1,,,,220127_F4_run2,33,unstable,6
1,2.0,0.16666666666666666,c-GC,0,1,1,,,,220127_F4_run2,33,unstable,66
1,3.0,0.16666666666666666,c-GC,0,1,2,,,,220127_F4_run2,33,lost,67
1,2.0,0.16666666666666666,c-GC,0,1,1,,,,220127_F4_run2,35,unstable,4
1,4.0,0.16666666666666666,c-GC,0,1,3,,,,220127_F4_run2,35,lost,17
1,2.0,0.16666666666666666,c-GC,0,1,1,,,,220127_F4_run2,35,unstable,44
2,3.0,0.3333333333333333,c-GC,1,1,1,,,,220127_F4_run2,36,unstable,5
4,5.0,0.3333333333333333,c-GC,1,1,1,,,,220127_F4_run2,36,unstable,31
1,2.0,0.16666666666666666,c-GC,0,1,1,,,,220127_F4_run2,36,unstable,51
1,,0.0,c-GC,0,0,7,,,,220127_F4_run2,36,stable,81
1,2.0,0.16666666666666666,c-GC,0,1,1,,,,220127_F4_run2,37,unstable,15
1,2.0,0.16666666666666666,c-GC,0,1,1,,,,220127_F4_run2,37,unstable,46
2,3.0,0.5,c-GC,2,1,3,,,,220127_F4_run2,37,unstable,56
1,4.0,0.3333333333333333,c-GC,1,1,6,,,,220127_F4_run2,37,unstable,62
1,,0.0,c-GC,0,0,7,,,,220127_F4_run2,37,stable,66
1,,0.0,c-GC,0,0,7,,,,220127_F4_run2,37,stable,73
1,2.0,0.16666666666666666,c-GC,0,1,1,,,,220127_F4_run2,38,unstable,48
1,,0.0,c-GC,0,0,7,,,,220127_F4_run2,38,stable,67
1,2.0,0.16666666666666666,c-GC,0,1,1,,,,220127_F4_run2,38,unstable,77
1,2.0,0.16666666666666666,c-GC,0,1,1,,,,220127_F4_run2,38,unstable,79
1,2.0,0.16666666666666666,c-GC,0,1,1,,,,220127_F4_run2,38,unstable,81
4,,0.16666666666666666,c-GC,1,0,4,,,,220127_F4_run2,39,unstable,6
1,7.0,0.16666666666666666,c-GC,0,1,6,,,,220127_F4_run2,39,lost,30
7,,0.16666666666666666,c-GC,1,0,1,,,,220127_F4_run2,39,novel,32
2,5.0,0.5,c-GC,2,1,5,,,,220127_F4_run2,39,unstable,38
1,3.0,0.3333333333333333,c-GC,1,1,4,,,,220127_F4_run2,39,unstable,47
1,2.0,0.5,c-GC,1,2,2,,,,220127_F4_run2,39,unstable,76
1,2.0,0.16666666666666666,c-GC,0,1,1,,,,220127_F4_run2,39,unstable,89
1,,0.0,c-GC,0,0,7,,,,220127_F4_run2,40,stable,12
4,7.0,0.3333333333333333,c-GC,1,1,3,,,,220127_F4_run2,40,unstable,25
1,3.0,0.16666666666666666,c-GC,0,1,2,,,,220127_F4_run2,40,lost,26
1,2.0,0.3333333333333333,c-GC,1,1,2,,,,220127_F4_run2,40,unstable,41
1,2.0,0.16666666666666666,c-GC,0,1,1,,,,220127_F4_run2,40,unstable,50
5,,0.16666666666666666,c-GC,1,0,3,,,,220127_F4_run2,40,unstable,80
1,2.0,0.16666666666666666,c-GC,0,1,1,,,,220127_F4_run2,40,unstable,87
1,,0.0,c-GC,0,0,7,,,,220127_F4_run2,41,stable,9
1,3.0,0.16666666666666666,c-GC,0,1,2,,,,220127_F4_run2,41,lost,10
1,2.0,0.16666666666666666,c-GC,0,1,1,,,,220127_F4_run2,41,unstable,26
6,,0.16666666666666666,c-GC,1,0,2,,,,220127_F4_run2,41,unstable,40
1,2.0,0.16666666666666666,c-GC,0,1,1,,,,220127_F4_run2,41,unstable,46
1,4.0,0.16666666666666666,c-GC,0,1,3,,,,220127_F4_run2,41,lost,48
1,2.0,0.3333333333333333,c-GC,1,1,6,,,,220127_F4_run2,41,unstable,53
1,,0.0,c-GC,0,0,7,,,,220127_F4_run2,41,stable,56
1,2.0,0.16666666666666666,c-GC,0,1,1,,,,220127_F4_run2,41,unstable,58
1,2.0,0.16666666666666666,c-GC,0,1,1,,,,220127_F4_run2,41,unstable,71
3,4.0,0.3333333333333333,c-GC,1,1,1,,,,220127_F4_run2,41,unstable,87
3,,0.16666666666666666,c-GC,1,0,5,,,,220127_F4_run2,42,unstable,45
1,2.0,0.16666666666666666,c-GC,0,1,1,,,,220127_F4_run2,42,unstable,79
1,2.0,0.8333333333333334,c-GC,2,3,3,,,,220127_F4_run2,42,unstable,84
7,,0.16666666666666666,c-GC,1,0,1,,,,220127_F4_run2,43,novel,68
5,,0.16666666666666666,c-GC,1,0,3,,,,220127_F4_run2,44,unstable,53
1,5.0,0.16666666666666666,c-GC,0,1,4,,,,220127_F4_run2,44,lost,54
1,2.0,0.16666666666666666,c-GC,0,1,1,,,,220127_F4_run2,44,unstable,73
2,3.0,0.6666666666666666,c-GC,2,2,2,,,,220127_F4_run2,44,unstable,84
4,5.0,0.3333333333333333,c-GC,1,1,1,,,,220127_F4_run2,44,unstable,91
1,2.0,0.16666666666666666,c-GC,0,1,1,,,,220127_F4_run2,45,unstable,2
3,4.0,0.3333333333333333,c-GC,1,1,1,,,,220127_F4_run2,45,unstable,8
1,3.0,0.5,c-GC,1,2,3,,,,220127_F4_run2,45,unstable,46
1,3.0,0.5,c-GC,1,2,3,,,,220127_F4_run2,45,unstable,47
1,2.0,0.16666666666666666,c-GC,0,1,1,,,,220127_F4_run2,45,unstable,55
4,5.0,0.3333333333333333,c-GC,1,1,1,,,,220127_F4_run2,45,unstable,62
1,,0.0,c-GC,0,0,7,,,,220127_F4_run2,45,stable,77
1,2.0,0.16666666666666666,c-GC,0,1,1,,,,220127_F4_run2,46,unstable,4
1,2.0,0.16666666666666666,c-GC,0,1,1,,,,220127_F4_run2,46,unstable,69
1,3.0,0.16666666666666666,c-GC,0,1,2,,,,220127_F4_run2,46,lost,70
1,2.0,0.16666666666666666,c-GC,0,1,1,,,,220127_F4_run2,46,unstable,90
2,3.0,0.3333333333333333,c-GC,1,1,1,,,,220127_F4_run2,47,unstable,1
7,,0.16666666666666666,c-GC,1,0,1,,,,220127_F4_run2,47,novel,32
1,,0.0,c-GC,0,0,7,,,,220127_F4_run2,47,stable,38
1,,0.0,c-GC,0,0,7,,,,220127_F4_run2,47,stable,39
6,,0.16666666666666666,c-GC,1,0,2,,,,220127_F4_run2,47,unstable,49
1,7.0,0.16666666666666666,c-GC,0,1,6,,,,220127_F4_run2,47,lost,50
6,7.0,0.3333333333333333,c-GC,1,1,1,,,,220127_F4_run2,47,unstable,84
1,5.0,0.3333333333333333,c-GC,1,1,5,,,,220127_F4_run2,47,unstable,88
1,2.0,0.16666666666666666,c-GC,0,1,1,,,,220127_F4_run2,48,unstable,7
1,2.0,0.16666666666666666,c-GC,0,1,1,,,,220127_F4_run2,48,unstable,41
1,3.0,0.5,c-GC,1,2,4,,,,220127_F4_run2,48,unstable,46
1,4.0,0.3333333333333333,c-GC,1,1,6,,,,220127_F4_run2,48,unstable,58
1,3.0,0.16666666666666666,c-GC,0,1,2,,,,220127_F4_run2,48,lost,59
2,3.0,0.5,c-GC,2,1,4,,,,220127_F4_run2,48,unstable,62
5,,0.16666666666666666,c-GC,1,0,3,,,,220127_F4_run2,48,unstable,71
1,2.0,0.16666666666666666,c-GC,0,1,1,,,,220127_F4_run2,48,unstable,87
1,2.0,0.16666666666666666,c-GC,0,1,1,,,,220127_F4_run2,48,unstable,88
3,4.0,0.5,c-GC,2,1,4,,,,220127_F4_run2,49,unstable,15
7,,0.16666666666666666,c-GC,1,0,1,,,,220127_F4_run2,49,novel,28
1,2.0,0.16666666666666666,c-GC,0,1,1,,,,220127_F4_run2,49,unstable,51
4,,0.16666666666666666,c-GC,1,0,4,,,,220127_F4_run2,49,unstable,69
1,,0.0,c-GC,0,0,7,,,,220127_F4_run2,49,stable,70
1,2.0,0.16666666666666666,c-GC,0,1,1,,,,220127_F4_run2,49,unstable,78
3,4.0,0.5,c-GC,2,1,3,,,,220127_F4_run2,49,unstable,81
1,2.0,0.16666666666666666,c-GC,0,1,1,,,,220127_F4_run2,50,unstable,38
1,,0.0,c-GC,0,0,7,,,,220127_F4_run2,50,stable,40
1,7.0,0.16666666666666666,c-GC,0,1,6,,,,220127_F4_run2,50,lost,44
1,3.0,0.16666666666666666,c-GC,0,1,2,,,,220127_F4_run2,50,lost,45
2,,0.16666666666666666,c-GC,1,0,6,,,,220127_F4_run2,50,unstable,49
1,3.0,0.5,c-GC,1,2,3,,,,220127_F4_run2,50,unstable,69
1,,0.0,c-GC,0,0,7,,,,220127_F4_run2,50,stable,80
3,4.0,0.6666666666666666,c-GC,2,2,2,,,,220127_F4_run2,51,unstable,28
2,3.0,0.6666666666666666,c-GC,2,2,2,,,,220127_F4_run2,51,unstable,41
2,3.0,0.3333333333333333,c-GC,1,1,1,,,,220127_F4_run2,51,unstable,53
1,2.0,0.16666666666666666,c-GC,0,1,1,,,,220127_F4_run2,51,unstable,56
1,2.0,0.5,c-GC,1,2,2,,,,220127_F4_run2,51,unstable,72
2,4.0,0.5,c-GC,2,1,3,,,,220127_F4_run2,51,unstable,73
1,,0.0,c-GC,0,0,7,,,,220127_F4_run2,51,stable,76
1,3.0,0.16666666666666666,c-GC,0,1,2,,,,220127_F4_run2,52,lost,6
1,,0.0,c-GC,0,0,7,,,,220127_F4_run2,52,stable,30
1,2.0,0.16666666666666666,c-GC,0,1,1,,,,220127_F4_run2,52,unstable,31
3,4.0,0.3333333333333333,c-GC,1,1,1,,,,220127_F4_run2,52,unstable,35
6,,0.16666666666666666,c-GC,1,0,2,,,,220127_F4_run2,52,unstable,39
1,7.0,0.16666666666666666,c-GC,0,1,6,,,,220127_F4_run2,52,lost,43
7,,0.16666666666666666,c-GC,1,0,1,,,,220127_F4_run2,52,novel,60
1,3.0,0.16666666666666666,c-GC,0,1,2,,,,220127_F4_run2,52,lost,68
1,4.0,0.3333333333333333,c-GC,1,1,4,,,,220127_F4_run2,52,unstable,73
1,4.0,0.3333333333333333,c-GC,1,1,6,,,,220127_F4_run2,53,unstable,10
3,,0.16666666666666666,c-GC,1,0,5,,,,220127_F4_run2,53,unstable,21
1,,0.0,c-GC,0,0,7,,,,220127_F4_run2,53,stable,22
1,2.0,0.6666666666666666,c-GC,2,2,3,,,,220127_F4_run2,53,unstable,25
2,,0.16666666666666666,c-GC,1,0,6,,,,220127_F4_run2,53,unstable,34
1,2.0,0.3333333333333333,c-GC,1,1,2,,,,220127_F4_run2,53,unstable,35
1,,0.0,c-GC,0,0,7,,,,220127_F4_run2,53,stable,41
1,3.0,0.16666666666666666,c-GC,0,1,2,,,,220127_F4_run2,53,lost,49
1,,0.0,c-GC,0,0,7,,,,220127_F4_run2,53,stable,56
1,5.0,0.3333333333333333,c-GC,1,1,5,,,,220127_F4_run2,53,unstable,58
1,5.0,0.3333333333333333,c-GC,1,1,6,,,,220127_F4_run2,53,unstable,59
6,,0.16666666666666666,c-GC,1,0,2,,,,220127_F4_run2,53,unstable,60
1,,0.0,c-GC,0,0,7,,,,220127_F4_run2,53,stable,62
2,,0.16666666666666666,c-GC,1,0,6,,,,220127_F4_run2,53,unstable,73
1,,0.0,c-GC,0,0,7,,,,220127_F4_run2,53,stable,76
1,,0.0,c-GC,0,0,7,,,,220127_F4_run2,53,stable,78
1,5.0,0.3333333333333333,c-GC,1,1,6,,,,220127_F4_run2,53,unstable,82
2,3.0,0.6666666666666666,c-GC,2,2,2,,,,220127_F4_run2,53,unstable,86
2,,0.16666666666666666,c-GC,1,0,6,,,,220127_F4_run2,53,unstable,87
1,,0.0,c-GC,0,0,7,,,,220127_F4_run2,53,stable,89
1,5.0,0.16666666666666666,c-GC,0,1,4,,,,220127_F4_run2,54,lost,1
1,,0.0,c-GC,0,0,7,,,,220127_F4_run2,54,stable,14
1,,0.0,c-GC,0,0,7,,,,220127_F4_run2,54,stable,29
1,,0.0,c-GC,0,0,7,,,,220127_F4_run2,54,stable,41
1,2.0,0.16666666666666666,c-GC,0,1,1,,,,220127_F4_run2,54,unstable,44
2,,0.16666666666666666,c-GC,1,0,6,,,,220127_F4_run2,54,unstable,47
2,4.0,0.3333333333333333,c-GC,1,1,2,,,,220127_F4_run2,54,unstable,51
1,,0.0,c-GC,0,0,7,,,,220127_F4_run2,54,stable,58
1,,0.0,c-GC,0,0,7,,,,220127_F4_run2,54,stable,72
5,6.0,0.3333333333333333,c-GC,1,1,1,,,,220127_F4_run2,54,unstable,89
3,4.0,0.3333333333333333,c-GC,1,1,1,,,,220127_F4_run2,55,unstable,40
2,4.0,0.3333333333333333,c-GC,1,1,2,,,,220127_F4_run2,55,unstable,46
3,4.0,0.8333333333333334,c-GC,3,2,3,,,,220127_F4_run2,55,unstable,71
1,5.0,0.16666666666666666,c-GC,0,1,4,,,,220127_F4_run2,56,lost,5
1,3.0,0.5,c-GC,1,2,3,,,,220127_F4_run2,56,unstable,10
1,,0.0,c-GC,0,0,7,,,,220127_F4_run2,56,stable,22
3,,0.16666666666666666,c-GC,1,0,5,,,,220127_F4_run2,56,unstable,28
1,,0.0,c-GC,0,0,7,,,,220127_F4_run2,56,stable,41
1,,0.0,c-GC,0,0,7,,,,220127_F4_run2,56,stable,53
1,2.0,0.5,c-GC,1,2,3,,,,220127_F4_run2,56,unstable,59
1,2.0,0.16666666666666666,c-GC,0,1,1,,,,220127_F4_run2,56,unstable,62
1,2.0,0.16666666666666666,c-GC,0,1,1,,,,220127_F4_run2,56,unstable,74
1,2.0,0.16666666666666666,c-GC,0,1,1,,,,220127_F4_run2,57,unstable,56
2,3.0,0.3333333333333333,c-GC,1,1,1,,,,220127_F4_run2,57,unstable,63
1,3.0,0.16666666666666666,c-GC,0,1,2,,,,220127_F4_run2,57,lost,81
1,2.0,0.16666666666666666,c-GC,0,1,1,,,,220127_F4_run2,58,unstable,7
2,3.0,0.3333333333333333,c-GC,1,1,1,,,,220127_F4_run2,58,unstable,23
1,2.0,0.16666666666666666,c-GC,0,1,1,,,,220127_F4_run2,58,unstable,29
1,5.0,0.5,c-GC,1,2,5,,,,220127_F4_run2,58,unstable,41
1,2.0,0.16666666666666666,c-GC,0,1,1,,,,220127_F4_run2,58,unstable,54
1,2.0,0.16666666666666666,c-GC,0,1,1,,,,220127_F4_run2,58,unstable,56
3,4.0,0.3333333333333333,c-GC,1,1,1,,,,220127_F4_run2,58,unstable,59
7,,0.16666666666666666,c-GC,1,0,1,,,,220127_F4_run2,58,novel,76
1,5.0,0.5,c-GC,1,2,5,,,,220127_F4_run2,58,unstable,82
1,,0.0,c-GC,0,0,7,,,,220127_F4_run2,58,stable,87
1,2.0,0.3333333333333333,c-GC,1,1,6,,,,220127_F4_run2,58,unstable,88
3,5.0,0.5,c-GC,2,1,4,,,,220127_F4_run2,59,unstable,30
1,2.0,0.16666666666666666,c-GC,0,1,1,,,,220127_F4_run2,59,unstable,41
1,,0.0,c-GC,0,0,7,,,,220127_F4_run2,59,stable,48
4,,0.16666666666666666,c-GC,1,0,4,,,,220127_F4_run2,59,unstable,49
7,,0.16666666666666666,c-GC,1,0,1,,,,220127_F4_run2,59,novel,52
1,,0.0,c-GC,0,0,7,,,,220127_F4_run2,59,stable,60
1,2.0,0.16666666666666666,c-GC,0,1,1,,,,220127_F4_run2,59,unstable,69
3,4.0,0.3333333333333333,c-GC,1,1,1,,,,220127_F4_run2,59,unstable,72
3,4.0,0.3333333333333333,c-GC,1,1,1,,,,220127_F4_run2,59,unstable,86
1,2.0,0.3333333333333333,c-GC,1,1,3,,,,220127_F4_run2,59,unstable,88
1,,0.0,c-GC,0,0,7,,,,220127_F4_run2,59,stable,89
1,2.0,0.16666666666666666,c-GC,0,1,1,,,,220127_F4_run2,60,unstable,21
1,2.0,0.6666666666666666,c-GC,2,2,3,,,,220127_F4_run2,60,unstable,32
5,,0.16666666666666666,c-GC,1,0,3,,,,220127_F4_run2,60,unstable,41
2,,0.16666666666666666,c-GC,1,0,6,,,,220127_F4_run2,60,unstable,56
1,3.0,0.16666666666666666,c-GC,0,1,2,,,,220127_F4_run2,60,lost,57
1,2.0,0.16666666666666666,c-GC,0,1,1,,,,220127_F4_run2,60,unstable,58
1,,0.0,c-GC,0,0,7,,,,220127_F4_run2,60,stable,59
2,3.0,0.3333333333333333,c-GC,1,1,1,,,,220127_F4_run2,60,unstable,73
1,2.0,0.16666666666666666,c-GC,0,1,1,,,,220127_F4_run2,61,unstable,32
1,2.0,0.16666666666666666,c-GC,0,1,1,,,,220127_F4_run2,61,unstable,35
1,4.0,0.5,c-GC,1,2,4,,,,220127_F4_run2,61,unstable,38
1,3.0,0.16666666666666666,c-GC,0,1,2,,,,220127_F4_run2,61,lost,52
1,3.0,0.16666666666666666,c-GC,0,1,2,,,,220127_F4_run2,61,lost,67
1,2.0,0.16666666666666666,c-GC,0,1,1,,,,220127_F4_run2,61,unstable,68
1,,0.0,c-GC,0,0,7,,,,220127_F4_run2,61,stable,77
1,3.0,0.16666666666666666,c-GC,0,1,2,,,,220127_F4_run2,61,lost,82
3,6.0,0.5,c-GC,2,1,4,,,,220127_F4_run2,61,unstable,85
1,,0.0,c-GC,0,0,7,,,,220127_F4_run2,61,stable,86
2,3.0,0.3333333333333333,c-GC,1,1,1,,,,220127_F4_run2,62,unstable,0
2,3.0,0.3333333333333333,c-GC,1,1,1,,,,220127_F4_run2,62,unstable,5
1,3.0,0.5,c-GC,1,2,3,,,,220127_F4_run2,62,unstable,15
1,,0.0,c-GC,0,0,7,,,,220127_F4_run2,62,stable,25
1,,0.0,c-GC,0,0,7,,,,220127_F4_run2,62,stable,29
2,,0.16666666666666666,c-GC,1,0,6,,,,220127_F4_run2,62,unstable,41
1,,0.0,c-GC,0,0,7,,,,220127_F4_run2,62,stable,58
1,,0.0,c-GC,0,0,7,,,,220127_F4_run2,62,stable,59
1,7.0,0.16666666666666666,c-GC,0,1,6,,,,220127_F4_run2,62,lost,71
3,,0.16666666666666666,c-GC,1,0,5,,,,220127_F4_run2,62,unstable,73
1,,0.0,c-GC,0,0,7,,,,220127_F4_run2,62,stable,82
1,2.0,0.16666666666666666,c-GC,0,1,1,,,,220127_F4_run2,63,unstable,1
5,6.0,0.5,c-GC,2,1,2,,,,220127_F4_run2,63,unstable,19
1,5.0,0.3333333333333333,c-GC,1,1,6,,,,220127_F4_run2,63,unstable,23
1,,0.0,c-GC,0,0,7,,,,220127_F4_run2,63,stable,29
2,,0.16666666666666666,c-GC,1,0,6,,,,220127_F4_run2,63,unstable,30
1,,0.0,c-GC,0,0,7,,,,220127_F4_run2,63,stable,32
1,2.0,0.16666666666666666,c-GC,0,1,1,,,,220127_F4_run2,63,unstable,47
2,4.0,0.8333333333333334,c-GC,3,2,4,,,,220127_F4_run2,63,unstable,49
3,4.0,0.3333333333333333,c-GC,1,1,1,,,,220127_F4_run2,63,unstable,54
7,,0.16666666666666666,c-GC,1,0,1,,,,220127_F4_run2,63,novel,58
1,2.0,0.16666666666666666,c-GC,0,1,1,,,,220127_F4_run2,63,unstable,61
1,2.0,0.16666666666666666,c-GC,0,1,1,,,,220127_F4_run2,63,unstable,64
1,,0.0,c-GC,0,0,7,,,,220127_F4_run2,63,stable,84
1,,0.0,c-GC,0,0,7,,,,220127_F4_run2,63,stable,86
1,6.0,0.16666666666666666,c-GC,0,1,5,,,,220127_F4_run2,64,lost,24
1,3.0,0.16666666666666666,c-GC,0,1,2,,,,220127_F4_run2,64,lost,32
3,,0.16666666666666666,c-GC,1,0,5,,,,220127_F4_run2,65,unstable,3
1,,0.0,c-GC,0,0,7,,,,220127_F4_run2,65,stable,18
1,2.0,0.16666666666666666,c-GC,0,1,1,,,,220127_F4_run2,65,unstable,26
1,2.0,0.16666666666666666,c-GC,0,1,1,,,,220127_F4_run2,65,unstable,45
1,2.0,0.16666666666666666,c-GC,0,1,1,,,,220127_F4_run2,65,unstable,67
1,3.0,0.16666666666666666,c-GC,0,1,2,,,,220127_F4_run2,65,lost,84
1,2.0,0.16666666666666666,c-GC,0,1,1,,,,220127_F4_run2,66,unstable,4
1,2.0,0.16666666666666666,c-GC,0,1,1,,,,220127_F4_run2,66,unstable,18
1,2.0,0.3333333333333333,c-GC,1,1,3,,,,220127_F4_run2,66,unstable,20
1,2.0,0.5,c-GC,1,2,2,,,,220127_F4_run2,66,unstable,43
5,,0.16666666666666666,c-GC,1,0,3,,,,220127_F4_run2,66,unstable,52
1,2.0,0.16666666666666666,c-GC,0,1,1,,,,220127_F4_run2,67,unstable,1
1,4.0,0.3333333333333333,c-GC,1,1,6,,,,220127_F4_run2,67,unstable,18
1,,0.0,c-GC,0,0,7,,,,220127_F4_run2,67,stable,33
1,,0.0,c-GC,0,0,7,,,,220127_F4_run2,67,stable,65
2,,0.16666666666666666,c-GC,1,0,6,,,,220127_F4_run2,67,unstable,84
1,,0.0,c-GC,0,0,7,,,,220127_F4_run2,67,stable,90
1,,0.0,c-GC,0,0,7,,,,220127_F4_run2,68,stable,6
4,5.0,0.5,c-GC,2,1,3,,,,220127_F4_run2,68,unstable,13
1,3.0,0.3333333333333333,c-GC,1,1,4,,,,220127_F4_run2,68,unstable,14
1,6.0,0.16666666666666666,c-GC,0,1,5,,,,220127_F4_run2,68,lost,19
1,4.0,0.3333333333333333,c-GC,1,1,6,,,,220127_F4_run2,68,unstable,30
1,3.0,0.16666666666666666,c-GC,0,1,2,,,,220127_F4_run2,68,lost,46
1,,0.0,c-GC,0,0,7,,,,220127_F4_run2,68,stable,52
1,,0.0,c-GC,0,0,7,,,,220127_F4_run2,68,stable,59
2,3.0,0.3333333333333333,c-GC,1,1,1,,,,220127_F4_run2,68,unstable,69
1,,0.0,c-GC,0,0,7,,,,220127_F4_run2,68,stable,84
5,,0.16666666666666666,c-GC,1,0,3,,,,220127_F4_run2,68,unstable,89
3,4.0,0.8333333333333334,c-GC,3,2,3,,,,220127_F4_run2,69,unstable,8
1,,0.0,c-GC,0,0,7,,,,220127_F4_run2,69,stable,17
1,3.0,0.3333333333333333,c-GC,1,1,6,,,,220127_F4_run2,69,unstable,26
2,,0.16666666666666666,c-GC,1,0,6,,,,220127_F4_run2,69,unstable,36
3,4.0,0.5,c-GC,2,1,4,,,,220127_F4_run2,69,unstable,40
1,4.0,0.16666666666666666,c-GC,0,1,3,,,,220127_F4_run2,69,lost,48
1,2.0,0.3333333333333333,c-GC,1,1,6,,,,220127_F4_run2,69,unstable,55
1,3.0,0.16666666666666666,c-GC,0,1,2,,,,220127_F4_run2,69,lost,65
1,6.0,0.3333333333333333,c-GC,1,1,6,,,,220127_F4_run2,69,unstable,66
1,,0.0,c-GC,0,0,7,,,,220127_F4_run2,69,stable,67
1,2.0,0.16666666666666666,c-GC,0,1,1,,,,220127_F4_run2,69,unstable,68
1,5.0,0.3333333333333333,c-GC,1,1,6,,,,220127_F4_run2,69,unstable,70
1,3.0,0.16666666666666666,c-GC,0,1,2,,,,220127_F4_run2,69,lost,78
2,3.0,0.3333333333333333,c-GC,1,1,1,,,,220127_F4_run2,69,unstable,83
6,7.0,0.3333333333333333,c-GC,1,1,1,,,,220127_F4_run2,70,unstable,14
2,3.0,0.3333333333333333,c-GC,1,1,1,,,,220127_F4_run2,70,unstable,24
1,,0.0,c-GC,0,0,7,,,,220127_F4_run2,70,stable,49
1,2.0,0.16666666666666666,c-GC,0,1,1,,,,220127_F4_run2,70,unstable,52
1,,0.0,c-GC,0,0,7,,,,220127_F4_run2,70,stable,66
1,2.0,0.16666666666666666,c-GC,0,1,1,,,,220127_F4_run2,70,unstable,67
1,,0.0,c-GC,0,0,7,,,,220127_F4_run2,70,stable,68
1,3.0,0.5,c-GC,1,2,5,,,,220127_F4_run2,70,unstable,69
1,,0.0,c-GC,0,0,7,,,,220127_F4_run2,70,stable,71
2,5.0,0.5,c-GC,2,1,5,,,,220127_F4_run2,71,unstable,19
2,6.0,0.3333333333333333,c-GC,1,1,4,,,,220127_F4_run2,71,unstable,33
1,,0.0,c-GC,0,0,7,,,,220127_F4_run2,71,stable,37
1,,0.0,c-GC,0,0,7,,,,220127_F4_run2,71,stable,41
1,3.0,0.16666666666666666,c-GC,0,1,2,,,,220127_F4_run2,71,lost,43
1,,0.0,c-GC,0,0,7,,,,220127_F4_run2,71,stable,46
1,,0.0,c-GC,0,0,7,,,,220127_F4_run2,71,stable,56
1,,0.0,c-GC,0,0,7,,,,220127_F4_run2,71,stable,62
1,,0.0,c-GC,0,0,7,,,,220127_F4_run2,71,stable,66
1,,0.0,c-GC,0,0,7,,,,220127_F4_run2,71,stable,68
1,6.0,0.3333333333333333,c-GC,1,1,6,,,,220127_F4_run2,71,unstable,69
1,2.0,0.16666666666666666,c-GC,0,1,1,,,,220127_F4_run2,71,unstable,70
1,,0.0,c-GC,0,0,7,,,,220127_F4_run2,71,stable,87
2,3.0,0.3333333333333333,c-GC,1,1,1,,,,220127_F4_run2,72,unstable,32
1,,0.0,c-GC,0,0,7,,,,220127_F4_run2,72,stable,39
1,5.0,0.16666666666666666,c-GC,0,1,4,,,,220127_F4_run2,72,lost,44
1,4.0,0.5,c-GC,1,2,4,,,,220127_F4_run2,72,unstable,49
1,4.0,0.5,c-GC,1,2,4,,,,220127_F4_run2,72,unstable,51
1,2.0,0.16666666666666666,c-GC,0,1,1,,,,220127_F4_run2,72,unstable,54
2,3.0,0.3333333333333333,c-GC,1,1,1,,,,220127_F4_run2,72,unstable,56
1,3.0,0.16666666666666666,c-GC,0,1,2,,,,220127_F4_run2,72,lost,57
3,4.0,0.3333333333333333,c-GC,1,1,1,,,,220127_F4_run2,72,unstable,69
1,,0.0,c-GC,0,0,7,,,,220127_F4_run2,72,stable,73
1,2.0,0.16666666666666666,c-GC,0,1,1,,,,220127_F4_run2,72,unstable,77
1,3.0,0.16666666666666666,c-GC,0,1,2,,,,220127_F4_run2,72,lost,78
4,5.0,0.3333333333333333,c-GC,1,1,1,,,,220127_F4_run2,72,unstable,79
1,5.0,0.5,c-GC,1,2,5,,,,220127_F4_run2,72,unstable,82
1,2.0,0.16666666666666666,c-GC,0,1,1,,,,220127_F4_run2,72,unstable,83
1,,0.0,c-GC,0,0,7,,,,220127_F4_run2,72,stable,86
1,2.0,0.5,c-GC,1,2,4,,,,220127_F4_run2,73,unstable,0
2,6.0,0.3333333333333333,c-GC,1,1,4,,,,220127_F4_run2,73,unstable,1
1,2.0,0.16666666666666666,c-GC,0,1,1,,,,220127_F4_run2,73,unstable,8
1,2.0,0.5,c-GC,1,2,4,,,,220127_F4_run2,73,unstable,12
1,2.0,0.16666666666666666,c-GC,0,1,1,,,,220127_F4_run2,73,unstable,22
1,2.0,0.16666666666666666,c-GC,0,1,1,,,,220127_F4_run2,73,unstable,24
1,2.0,0.5,c-GC,1,2,2,,,,220127_F4_run2,73,unstable,29
1,,0.0,c-GC,0,0,7,,,,220127_F4_run2,73,stable,32
1,4.0,0.5,c-GC,1,2,4,,,,220127_F4_run2,73,unstable,39
3,4.0,0.3333333333333333,c-GC,1,1,1,,,,220127_F4_run2,73,unstable,47
1,2.0,0.5,c-GC,1,2,2,,,,220127_F4_run2,73,unstable,49
1,3.0,0.16666666666666666,c-GC,0,1,2,,,,220127_F4_run2,73,lost,56
1,7.0,0.16666666666666666,c-GC,0,1,6,,,,220127_F4_run2,73,lost,78
1,,0.0,c-GC,0,0,7,,,,220127_F4_run2,73,stable,82
3,4.0,0.3333333333333333,c-GC,1,1,1,,,,220127_F4_run2,73,unstable,84
1,,0.0,c-GC,0,0,7,,,,220127_F4_run2,73,stable,88
7,,0.16666666666666666,c-GC,1,0,1,,,,220127_F4_run2,74,novel,6
5,,0.16666666666666666,c-GC,1,0,3,,,,220127_F4_run2,74,unstable,13
5,,0.16666666666666666,c-GC,1,0,3,,,,220127_F4_run2,74,unstable,25
1,2.0,0.6666666666666666,c-GC,2,2,3,,,,220127_F4_run2,74,unstable,57
1,,0.0,c-GC,0,0,7,,,,220127_F4_run2,74,stable,82
5,,0.16666666666666666,c-GC,1,0,3,,,,220127_F4_run2,74,unstable,87
1,2.0,0.5,c-GC,1,2,2,,,,220127_F4_run2,75,unstable,83
1,2.0,0.5,c-GC,1,2,3,,,,220127_F4_run2,76,unstable,30
6,,0.16666666666666666,c-GC,1,0,2,,,,220127_F4_run2,76,unstable,33
5,,0.16666666666666666,c-GC,1,0,3,,,,220127_F4_run2,76,unstable,38
1,,0.0,c-GC,0,0,7,,,,220127_F4_run2,76,stable,39
1,,0.0,c-GC,0,0,7,,,,220127_F4_run2,76,stable,50
1,2.0,0.16666666666666666,c-GC,0,1,1,,,,220127_F4_run2,76,unstable,51
1,,0.0,c-GC,0,0,7,,,,220127_F4_run2,76,stable,53
1,,0.0,c-GC,0,0,7,,,,220127_F4_run2,76,stable,54
1,,0.0,c-GC,0,0,7,,,,220127_F4_run2,76,stable,79
3,4.0,0.6666666666666666,c-GC,2,2,2,,,,220127_F4_run2,77,unstable,49
1,,0.0,c-GC,0,0,7,,,,220127_F4_run2,77,stable,51
5,7.0,0.3333333333333333,c-GC,1,1,2,,,,220127_F4_run2,77,unstable,53
4,5.0,0.6666666666666666,c-GC,2,2,2,,,,220127_F4_run2,77,unstable,59
1,7.0,0.16666666666666666,c-GC,0,1,6,,,,220127_F4_run2,78,lost,8
1,3.0,0.3333333333333333,c-GC,1,1,4,,,,220127_F4_run2,78,unstable,10
1,4.0,0.3333333333333333,c-GC,1,1,6,,,,220127_F4_run2,78,unstable,15
1,,0.0,c-GC,0,0,7,,,,220127_F4_run2,78,stable,21
1,3.0,0.16666666666666666,c-GC,0,1,2,,,,220127_F4_run2,78,lost,24
2,5.0,0.5,c-GC,2,1,5,,,,220127_F4_run2,78,unstable,25
1,,0.0,c-GC,0,0,7,,,,220127_F4_run2,78,stable,29
2,3.0,1.0,c-GC,3,3,3,,,,220127_F4_run2,78,unstable,30
1,2.0,0.16666666666666666,c-GC,0,1,1,,,,220127_F4_run2,78,unstable,31
1,,0.0,c-GC,0,0,7,,,,220127_F4_run2,78,stable,34
1,,0.0,c-GC,0,0,7,,,,220127_F4_run2,78,stable,35
1,2.0,0.16666666666666666,c-GC,0,1,1,,,,220127_F4_run2,78,unstable,36
2,3.0,0.8333333333333334,c-GC,3,2,3,,,,220127_F4_run2,78,unstable,39
1,,0.0,c-GC,0,0,7,,,,220127_F4_run2,78,stable,41
1,3.0,0.16666666666666666,c-GC,0,1,2,,,,220127_F4_run2,78,lost,44
1,,0.0,c-GC,0,0,7,,,,220127_F4_run2,78,stable,49
1,2.0,0.16666666666666666,c-GC,0,1,1,,,,220127_F4_run2,78,unstable,50
1,,0.0,c-GC,0,0,7,,,,220127_F4_run2,78,stable,51
1,2.0,0.16666666666666666,c-GC,0,1,1,,,,220127_F4_run2,78,unstable,52
1,,0.0,c-GC,0,0,7,,,,220127_F4_run2,78,stable,53
1,,0.0,c-GC,0,0,7,,,,220127_F4_run2,78,stable,54
1,,0.0,c-GC,0,0,7,,,,220127_F4_run2,78,stable,56
2,3.0,0.5,c-GC,2,1,2,,,,220127_F4_run2,78,unstable,58
1,,0.0,c-GC,0,0,7,,,,220127_F4_run2,78,stable,59
1,,0.0,c-GC,0,0,7,,,,220127_F4_run2,78,stable,60
1,,0.0,c-GC,0,0,7,,,,220127_F4_run2,78,stable,69
1,,0.0,c-GC,0,0,7,,,,220127_F4_run2,78,stable,72
1,,0.0,c-GC,0,0,7,,,,220127_F4_run2,78,stable,73
1,5.0,0.3333333333333333,c-GC,1,1,5,,,,220127_F4_run2,78,unstable,81
2,6.0,0.5,c-GC,2,1,5,,,,220127_F4_run2,78,unstable,82
1,3.0,0.16666666666666666,c-GC,0,1,2,,,,220127_F4_run2,78,lost,84
1,2.0,0.16666666666666666,c-GC,0,1,1,,,,220127_F4_run2,78,unstable,86
1,,0.0,c-GC,0,0,7,,,,220127_F4_run2,78,stable,88
7,,0.16666666666666666,c-GC,1,0,1,,,,220127_F4_run2,78,novel,89
1,3.0,0.16666666666666666,c-GC,0,1,2,,,,220127_F4_run2,79,lost,81
1,2.0,0.16666666666666666,c-GC,0,1,1,,,,220127_F4_run2,79,unstable,84
7,,0.16666666666666666,c-GC,1,0,1,,,,220127_F4_run2,81,novel,73
1,5.0,0.16666666666666666,c-GC,0,1,4,,,,220127_F4_run2,81,lost,83
7,,0.16666666666666666,c-GC,1,0,1,,,,220127_F4_run2,82,novel,3
2,,0.16666666666666666,c-GC,1,0,6,,,,220127_F4_run2,82,unstable,5
2,3.0,0.5,c-GC,2,1,2,,,,220127_F4_run2,82,unstable,7
2,4.0,0.5,c-GC,2,1,4,,,,220127_F4_run2,82,unstable,8
2,,0.16666666666666666,c-GC,1,0,6,,,,220127_F4_run2,82,unstable,10
2,3.0,0.3333333333333333,c-GC,1,1,1,,,,220127_F4_run2,82,unstable,11
1,2.0,0.5,c-GC,1,2,2,,,,220127_F4_run2,82,unstable,12
2,4.0,0.3333333333333333,c-GC,1,1,2,,,,220127_F4_run2,82,unstable,16
3,,0.16666666666666666,c-GC,1,0,5,,,,220127_F4_run2,82,unstable,22
3,5.0,0.3333333333333333,c-GC,1,1,2,,,,220127_F4_run2,82,unstable,23
1,,0.0,c-GC,0,0,7,,,,220127_F4_run2,82,stable,25
1,,0.0,c-GC,0,0,7,,,,220127_F4_run2,82,stable,29
1,,0.0,c-GC,0,0,7,,,,220127_F4_run2,82,stable,32
2,5.0,0.5,c-GC,2,1,4,,,,220127_F4_run2,82,unstable,35
2,,0.16666666666666666,c-GC,1,0,6,,,,220127_F4_run2,82,unstable,41
2,,0.16666666666666666,c-GC,1,0,6,,,,220127_F4_run2,82,unstable,49
1,,0.0,c-GC,0,0,7,,,,220127_F4_run2,82,stable,53
2,,0.16666666666666666,c-GC,1,0,6,,,,220127_F4_run2,82,unstable,54
2,,0.16666666666666666,c-GC,1,0,6,,,,220127_F4_run2,82,unstable,56
2,,0.16666666666666666,c-GC,1,0,6,,,,220127_F4_run2,82,unstable,58
1,,0.0,c-GC,0,0,7,,,,220127_F4_run2,82,stable,59
2,,0.16666666666666666,c-GC,1,0,6,,,,220127_F4_run2,82,unstable,60
1,,0.0,c-GC,0,0,7,,,,220127_F4_run2,82,stable,61
1,,0.0,c-GC,0,0,7,,,,220127_F4_run2,82,stable,62
5,6.0,0.3333333333333333,c-GC,1,1,1,,,,220127_F4_run2,82,unstable,63
2,,0.16666666666666666,c-GC,1,0,6,,,,220127_F4_run2,82,unstable,72
2,,0.16666666666666666,c-GC,1,0,6,,,,220127_F4_run2,82,unstable,73
6,7.0,0.3333333333333333,c-GC,1,1,1,,,,220127_F4_run2,82,unstable,74
1,,0.0,c-GC,0,0,7,,,,220127_F4_run2,82,stable,78
1,5.0,0.5,c-GC,1,2,5,,,,220127_F4_run2,82,unstable,81
2,4.0,0.5,c-GC,2,1,5,,,,220127_F4_run2,82,unstable,86
1,,0.0,c-GC,0,0,7,,,,220127_F4_run2,82,stable,87
1,5.0,0.16666666666666666,c-GC,0,1,4,,,,220127_F4_run2,82,lost,88
1,2.0,0.16666666666666666,c-GC,0,1,1,,,,220127_F4_run2,83,unstable,12
1,2.0,0.16666666666666666,c-GC,0,1,1,,,,220127_F4_run2,83,unstable,17
1,2.0,0.16666666666666666,c-GC,0,1,1,,,,220127_F4_run2,83,unstable,33
1,2.0,0.16666666666666666,c-GC,0,1,1,,,,220127_F4_run2,83,unstable,55
1,2.0,0.16666666666666666,c-GC,0,1,1,,,,220127_F4_run2,83,unstable,66
2,3.0,0.6666666666666666,c-GC,2,2,2,,,,220127_F4_run2,84,unstable,3
1,2.0,0.16666666666666666,c-GC,0,1,1,,,,220127_F4_run2,84,unstable,4
1,2.0,0.16666666666666666,c-GC,0,1,1,,,,220127_F4_run2,84,unstable,26
1,3.0,0.16666666666666666,c-GC,0,1,2,,,,220127_F4_run2,84,lost,31
1,2.0,0.16666666666666666,c-GC,0,1,1,,,,220127_F4_run2,84,unstable,42
1,2.0,0.16666666666666666,c-GC,0,1,1,,,,220127_F4_run2,84,unstable,65
1,6.0,0.16666666666666666,c-GC,0,1,5,,,,220127_F4_run2,84,lost,67
1,6.0,0.3333333333333333,c-GC,1,1,6,,,,220127_F4_run2,84,unstable,90
1,3.0,0.16666666666666666,c-GC,0,1,2,,,,220127_F4_run2,84,lost,91
1,2.0,0.16666666666666666,c-GC,0,1,1,,,,220127_F4_run2,86,unstable,1
1,4.0,0.16666666666666666,c-GC,0,1,3,,,,220127_F4_run2,87,lost,1
1,,0.0,c-GC,0,0,7,,,,220127_F4_run2,87,stable,7
1,3.0,0.16666666666666666,c-GC,0,1,2,,,,220127_F4_run2,87,lost,10
1,2.0,0.16666666666666666,c-GC,0,1,1,,,,220127_F4_run2,87,unstable,11
1,,0.0,c-GC,0,0,7,,,,220127_F4_run2,87,stable,16
2,4.0,0.3333333333333333,c-GC,1,1,2,,,,220127_F4_run2,87,unstable,25
1,,0.0,c-GC,0,0,7,,,,220127_F4_run2,87,stable,41
1,2.0,0.16666666666666666,c-GC,0,1,1,,,,220127_F4_run2,87,unstable,46
1,2.0,0.6666666666666666,c-GC,2,2,5,,,,220127_F4_run2,87,unstable,49
1,3.0,0.5,c-GC,1,2,3,,,,220127_F4_run2,87,unstable,53
1,7.0,0.16666666666666666,c-GC,0,1,6,,,,220127_F4_run2,87,lost,54
1,,0.0,c-GC,0,0,7,,,,220127_F4_run2,87,stable,56
1,,0.0,c-GC,0,0,7,,,,220127_F4_run2,87,stable,57
1,,0.0,c-GC,0,0,7,,,,220127_F4_run2,87,stable,58
4,6.0,0.5,c-GC,2,1,3,,,,220127_F4_run2,87,unstable,59
1,2.0,0.16666666666666666,c-GC,0,1,1,,,,220127_F4_run2,87,unstable,60
1,,0.0,c-GC,0,0,7,,,,220127_F4_run2,87,stable,69
1,,0.0,c-GC,0,0,7,,,,220127_F4_run2,87,stable,73
1,,0.0,c-GC,0,0,7,,,,220127_F4_run2,87,stable,74
1,,0.0,c-GC,0,0,7,,,,220127_F4_run2,87,stable,86
1,,0.0,c-GC,0,0,7,,,,220127_F4_run2,87,stable,88
1,2.0,0.16666666666666666,c-GC,0,1,1,,,,220127_F4_run2,88,unstable,24
1,2.0,0.16666666666666666,c-GC,0,1,1,,,,220127_F4_run2,88,unstable,47
7,,0.16666666666666666,c-GC,1,0,1,,,,220127_F4_run2,88,novel,51
4,5.0,0.6666666666666666,c-GC,2,2,2,,,,220127_F4_run2,88,unstable,78
1,4.0,0.16666666666666666,c-GC,0,1,3,,,,220127_F4_run2,89,lost,4
1,,0.0,c-GC,0,0,7,,,,220127_F4_run2,89,stable,6
1,,0.0,c-GC,0,0,7,,,,220127_F4_run2,89,stable,39
3,,0.16666666666666666,c-GC,1,0,5,,,,220127_F4_run2,89,unstable,48
2,,0.16666666666666666,c-GC,1,0,6,,,,220127_F4_run2,89,unstable,52
3,4.0,0.5,c-GC,2,1,2,,,,220127_F4_run2,89,unstable,56
1,5.0,0.3333333333333333,c-GC,1,1,6,,,,220127_F4_run2,89,unstable,59
2,6.0,0.3333333333333333,c-GC,1,1,4,,,,220127_F4_run2,89,unstable,60
2,4.0,0.3333333333333333,c-GC,1,1,2,,,,220127_F4_run2,89,unstable,72
1,3.0,0.3333333333333333,c-GC,1,1,3,,,,220127_F4_run2,89,unstable,73
1,,0.0,c-GC,0,0,7,,,,220127_F4_run2,89,stable,90
1,,0.0,c-GC,0,0,7,,,,220127_F4_run2,90,stable,3
2,,0.16666666666666666,c-GC,1,0,6,,,,220127_F4_run2,90,unstable,4
2,,0.16666666666666666,c-GC,1,0,6,,,,220127_F4_run2,90,unstable,6
2,,0.16666666666666666,c-GC,1,0,6,,,,220127_F4_run2,90,unstable,9
1,,0.0,c-GC,0,0,7,,,,220127_F4_run2,90,stable,18
1,,0.0,c-GC,0,0,7,,,,220127_F4_run2,90,stable,30
3,,0.16666666666666666,c-GC,1,0,5,,,,220127_F4_run2,90,unstable,33
2,,0.16666666666666666,c-GC,1,0,6,,,,220127_F4_run2,90,unstable,35
1,,0.0,c-GC,0,0,7,,,,220127_F4_run2,90,stable,39
1,2.0,0.16666666666666666,c-GC,0,1,1,,,,220127_F4_run2,90,unstable,47
2,,0.16666666666666666,c-GC,1,0,6,,,,220127_F4_run2,90,unstable,52
1,2.0,0.16666666666666666,c-GC,0,1,1,,,,220127_F4_run2,90,unstable,55
1,,0.0,c-GC,0,0,7,,,,220127_F4_run2,90,stable,65
3,4.0,0.3333333333333333,c-GC,1,1,1,,,,220127_F4_run2,90,unstable,66
1,,0.0,c-GC,0,0,7,,,,220127_F4_run2,90,stable,67
3,4.0,0.5,c-GC,2,1,3,,,,220127_F4_run2,90,unstable,68
1,3.0,0.16666666666666666,c-GC,0,1,2,,,,220127_F4_run2,90,lost,77
7,,0.16666666666666666,c-GC,1,0,1,,,,220127_F4_run2,90,novel,79
1,,0.0,c-GC,0,0,7,,,,220127_F4_run2,90,stable,84
1,5.0,0.3333333333333333,c-GC,1,1,6,,,,220127_F4_run2,90,unstable,89
1,,0.0,c-GC,0,0,7,,,,220127_F4_run2,90,stable,91
3,7.0,0.3333333333333333,c-GC,1,1,4,,,,220127_F4_run2,91,unstable,3
1,2.0,0.16666666666666666,c-GC,0,1,1,,,,220127_F4_run2,91,unstable,34
1,2.0,0.16666666666666666,c-GC,0,1,1,,,,220127_F4_run2,91,unstable,89
1,3.0,0.3333333333333333,c-GC,1,1,6,,,,220210_F1_run6,0,unstable,2
1,2.0,0.16666666666666666,c-GC,0,1,1,,,,220210_F1_run6,0,unstable,4
1,,0.0,c-GC,0,0,7,,,,220210_F1_run6,0,stable,10
1,,0.0,c-GC,0,0,7,,,,220210_F1_run6,0,stable,11
1,2.0,0.16666666666666666,c-GC,0,1,1,,,,220210_F1_run6,0,unstable,13
1,2.0,0.16666666666666666,c-GC,0,1,1,,,,220210_F1_run6,0,unstable,18
1,4.0,0.16666666666666666,c-GC,0,1,3,,,,220210_F1_run6,0,lost,20
1,3.0,0.3333333333333333,c-GC,1,1,4,,,,220210_F1_run6,0,unstable,22
1,4.0,0.6666666666666666,c-GC,2,2,5,,,,220210_F1_run6,0,unstable,33
5,6.0,0.3333333333333333,c-GC,1,1,1,,,,220210_F1_run6,0,unstable,40
1,2.0,0.16666666666666666,c-GC,0,1,1,,,,220210_F1_run6,0,unstable,41
7,,0.16666666666666666,c-GC,1,0,1,,,,220210_F1_run6,0,novel,54
3,4.0,0.6666666666666666,c-GC,2,2,2,,,,220210_F1_run6,0,unstable,65
2,,0.16666666666666666,c-GC,1,0,6,,,,220210_F1_run6,0,unstable,75
2,4.0,0.3333333333333333,c-GC,1,1,2,,,,220210_F1_run6,0,unstable,78
1,2.0,0.16666666666666666,c-GC,0,1,1,,,,220210_F1_run6,0,unstable,84
1,2.0,0.16666666666666666,c-GC,0,1,1,,,,220210_F1_run6,0,unstable,102
1,2.0,0.16666666666666666,c-GC,0,1,1,,,,220210_F1_run6,0,unstable,108
1,2.0,0.16666666666666666,c-GC,0,1,1,,,,220210_F1_run6,0,unstable,112
1,,0.0,c-GC,0,0,7,,,,220210_F1_run6,0,stable,126
3,4.0,0.3333333333333333,c-GC,1,1,1,,,,220210_F1_run6,1,unstable,11
1,2.0,0.16666666666666666,c-GC,0,1,1,,,,220210_F1_run6,1,unstable,29
3,4.0,0.3333333333333333,c-GC,1,1,1,,,,220210_F1_run6,1,unstable,101
1,2.0,0.16666666666666666,c-GC,0,1,1,,,,220210_F1_run6,1,unstable,106
1,2.0,0.16666666666666666,c-GC,0,1,1,,,,220210_F1_run6,1,unstable,107
1,2.0,0.16666666666666666,c-GC,0,1,1,,,,220210_F1_run6,1,unstable,123
1,,0.0,c-GC,0,0,7,,,,220210_F1_run6,2,stable,4
1,4.0,0.5,c-GC,1,2,4,,,,220210_F1_run6,2,unstable,10
1,,0.0,c-GC,0,0,7,,,,220210_F1_run6,2,stable,11
1,2.0,0.16666666666666666,c-GC,0,1,1,,,,220210_F1_run6,2,unstable,15
1,,0.0,c-GC,0,0,7,,,,220210_F1_run6,2,stable,16
1,,0.0,c-GC,0,0,7,,,,220210_F1_run6,2,stable,17
1,3.0,0.3333333333333333,c-GC,1,1,6,,,,220210_F1_run6,2,unstable,19
1,,0.0,c-GC,0,0,7,,,,220210_F1_run6,2,stable,22
1,,0.0,c-GC,0,0,7,,,,220210_F1_run6,2,stable,25
1,2.0,0.16666666666666666,c-GC,0,1,1,,,,220210_F1_run6,2,unstable,29
1,3.0,0.16666666666666666,c-GC,0,1,2,,,,220210_F1_run6,2,lost,32
1,3.0,0.16666666666666666,c-GC,0,1,2,,,,220210_F1_run6,2,lost,48
7,,0.16666666666666666,c-GC,1,0,1,,,,220210_F1_run6,2,novel,49
1,,0.0,c-GC,0,0,7,,,,220210_F1_run6,2,stable,65
1,3.0,0.16666666666666666,c-GC,0,1,2,,,,220210_F1_run6,2,lost,66
3,4.0,0.3333333333333333,c-GC,1,1,1,,,,220210_F1_run6,2,unstable,67
1,2.0,0.16666666666666666,c-GC,0,1,1,,,,220210_F1_run6,2,unstable,70
1,2.0,0.16666666666666666,c-GC,0,1,1,,,,220210_F1_run6,2,unstable,71
1,2.0,0.16666666666666666,c-GC,0,1,1,,,,220210_F1_run6,2,unstable,83
2,,0.16666666666666666,c-GC,1,0,6,,,,220210_F1_run6,2,unstable,114
1,2.0,0.16666666666666666,c-GC,0,1,1,,,,220210_F1_run6,2,unstable,115
1,,0.0,c-GC,0,0,7,,,,220210_F1_run6,2,stable,126
1,2.0,0.16666666666666666,c-GC,0,1,1,,,,220210_F1_run6,2,unstable,129
1,2.0,0.16666666666666666,c-GC,0,1,1,,,,220210_F1_run6,3,unstable,13
1,2.0,0.16666666666666666,c-GC,0,1,1,,,,220210_F1_run6,3,unstable,42
1,2.0,0.16666666666666666,c-GC,0,1,1,,,,220210_F1_run6,3,unstable,64
2,3.0,0.6666666666666666,c-GC,2,2,4,,,,220210_F1_run6,3,unstable,82
1,2.0,0.16666666666666666,c-GC,0,1,1,,,,220210_F1_run6,3,unstable,106
1,,0.0,c-GC,0,0,7,,,,220210_F1_run6,4,stable,2
1,3.0,0.3333333333333333,c-GC,1,1,6,,,,220210_F1_run6,4,unstable,10
1,,0.0,c-GC,0,0,7,,,,220210_F1_run6,4,stable,11
1,,0.0,c-GC,0,0,7,,,,220210_F1_run6,4,stable,16
1,3.0,0.16666666666666666,c-GC,0,1,2,,,,220210_F1_run6,4,lost,18
1,2.0,0.8333333333333334,c-GC,2,3,4,,,,220210_F1_run6,4,unstable,20
1,,0.0,c-GC,0,0,7,,,,220210_F1_run6,4,stable,22
1,2.0,0.16666666666666666,c-GC,0,1,1,,,,220210_F1_run6,4,unstable,25
2,3.0,0.6666666666666666,c-GC,2,2,2,,,,220210_F1_run6,4,unstable,29
1,2.0,0.3333333333333333,c-GC,1,1,3,,,,220210_F1_run6,4,unstable,32
1,,0.0,c-GC,0,0,7,,,,220210_F1_run6,4,stable,65
7,,0.16666666666666666,c-GC,1,0,1,,,,220210_F1_run6,4,novel,66
2,,0.16666666666666666,c-GC,1,0,6,,,,220210_F1_run6,4,unstable,67
1,2.0,0.16666666666666666,c-GC,0,1,1,,,,220210_F1_run6,4,unstable,71
1,2.0,0.3333333333333333,c-GC,1,1,5,,,,220210_F1_run6,4,unstable,90
1,2.0,0.16666666666666666,c-GC,0,1,1,,,,220210_F1_run6,4,unstable,115
1,3.0,0.16666666666666666,c-GC,0,1,2,,,,220210_F1_run6,4,lost,126
1,,0.0,c-GC,0,0,7,,,,220210_F1_run6,5,stable,7
2,5.0,0.3333333333333333,c-GC,1,1,3,,,,220210_F1_run6,5,unstable,8
6,,0.16666666666666666,c-GC,1,0,2,,,,220210_F1_run6,5,unstable,15
2,3.0,0.3333333333333333,c-GC,1,1,1,,,,220210_F1_run6,5,unstable,21
3,,0.16666666666666666,c-GC,1,0,5,,,,220210_F1_run6,5,unstable,35
1,,0.0,c-GC,0,0,7,,,,220210_F1_run6,5,stable,50
2,,0.16666666666666666,c-GC,1,0,6,,,,220210_F1_run6,5,unstable,64
1,3.0,0.16666666666666666,c-GC,0,1,2,,,,220210_F1_run6,5,lost,67
1,5.0,0.3333333333333333,c-GC,1,1,6,,,,220210_F1_run6,5,unstable,70
3,7.0,0.3333333333333333,c-GC,1,1,4,,,,220210_F1_run6,5,unstable,74
3,,0.16666666666666666,c-GC,1,0,5,,,,220210_F1_run6,5,unstable,76
5,7.0,0.3333333333333333,c-GC,1,1,2,,,,220210_F1_run6,5,unstable,78
6,7.0,0.3333333333333333,c-GC,1,1,1,,,,220210_F1_run6,5,unstable,79
4,5.0,0.3333333333333333,c-GC,1,1,1,,,,220210_F1_run6,5,unstable,82
1,2.0,0.16666666666666666,c-GC,0,1,1,,,,220210_F1_run6,5,unstable,94
2,3.0,0.3333333333333333,c-GC,1,1,1,,,,220210_F1_run6,5,unstable,106
6,7.0,0.3333333333333333,c-GC,1,1,1,,,,220210_F1_run6,5,unstable,109
1,,0.0,c-GC,0,0,7,,,,220210_F1_run6,5,stable,124
6,7.0,0.3333333333333333,c-GC,1,1,1,,,,220210_F1_run6,6,unstable,5
1,,0.0,c-GC,0,0,7,,,,220210_F1_run6,6,stable,27
4,,0.16666666666666666,c-GC,1,0,4,,,,220210_F1_run6,6,unstable,46
1,2.0,0.5,c-GC,1,2,2,,,,220210_F1_run6,6,unstable,62
4,5.0,0.3333333333333333,c-GC,1,1,1,,,,220210_F1_run6,6,unstable,70
3,,0.16666666666666666,c-GC,1,0,5,,,,220210_F1_run6,6,unstable,86
1,2.0,0.3333333333333333,c-GC,1,1,6,,,,220210_F1_run6,6,unstable,99
7,,0.16666666666666666,c-GC,1,0,1,,,,220210_F1_run6,6,novel,104
3,7.0,0.3333333333333333,c-GC,1,1,4,,,,220210_F1_run6,6,unstable,106
2,,0.16666666666666666,c-GC,1,0,6,,,,220210_F1_run6,6,unstable,113
1,2.0,0.3333333333333333,c-GC,1,1,2,,,,220210_F1_run6,7,unstable,1
1,2.0,0.16666666666666666,c-GC,0,1,1,,,,220210_F1_run6,7,unstable,4
1,,0.0,c-GC,0,0,7,,,,220210_F1_run6,7,stable,5
1,,0.0,c-GC,0,0,7,,,,220210_F1_run6,7,stable,8
1,2.0,0.16666666666666666,c-GC,0,1,1,,,,220210_F1_run6,7,unstable,15
1,2.0,0.16666666666666666,c-GC,0,1,1,,,,220210_F1_run6,7,unstable,17
7,,0.16666666666666666,c-GC,1,0,1,,,,220210_F1_run6,7,novel,23
1,5.0,0.3333333333333333,c-GC,1,1,6,,,,220210_F1_run6,7,unstable,32
1,2.0,0.16666666666666666,c-GC,0,1,1,,,,220210_F1_run6,7,unstable,42
1,,0.0,c-GC,0,0,7,,,,220210_F1_run6,7,stable,54
1,3.0,0.3333333333333333,c-GC,1,1,6,,,,220210_F1_run6,7,unstable,58
4,,0.16666666666666666,c-GC,1,0,4,,,,220210_F1_run6,7,unstable,59
1,2.0,0.16666666666666666,c-GC,0,1,1,,,,220210_F1_run6,7,unstable,60
1,2.0,0.16666666666666666,c-GC,0,1,1,,,,220210_F1_run6,7,unstable,75
1,2.0,0.16666666666666666,c-GC,0,1,1,,,,220210_F1_run6,7,unstable,78
1,2.0,0.16666666666666666,c-GC,0,1,1,,,,220210_F1_run6,7,unstable,84
1,2.0,0.16666666666666666,c-GC,0,1,1,,,,220210_F1_run6,7,unstable,89
1,2.0,0.3333333333333333,c-GC,1,1,2,,,,220210_F1_run6,7,unstable,110
1,2.0,0.16666666666666666,c-GC,0,1,1,,,,220210_F1_run6,7,unstable,120
4,5.0,0.3333333333333333,c-GC,1,1,1,,,,220210_F1_run6,7,unstable,124
1,2.0,0.16666666666666666,c-GC,0,1,1,,,,220210_F1_run6,7,unstable,128
6,7.0,0.3333333333333333,c-GC,1,1,1,,,,220210_F1_run6,8,unstable,3
1,,0.0,c-GC,0,0,7,,,,220210_F1_run6,8,stable,6
1,3.0,0.16666666666666666,c-GC,0,1,2,,,,220210_F1_run6,8,lost,7
1,2.0,0.3333333333333333,c-GC,1,1,2,,,,220210_F1_run6,8,unstable,9
7,,0.16666666666666666,c-GC,1,0,1,,,,220210_F1_run6,8,novel,15
1,7.0,0.16666666666666666,c-GC,0,1,6,,,,220210_F1_run6,8,lost,27
1,4.0,0.3333333333333333,c-GC,1,1,6,,,,220210_F1_run6,8,unstable,33
2,3.0,0.3333333333333333,c-GC,1,1,1,,,,220210_F1_run6,8,unstable,34
2,,0.16666666666666666,c-GC,1,0,6,,,,220210_F1_run6,8,unstable,37
2,3.0,0.3333333333333333,c-GC,1,1,1,,,,220210_F1_run6,8,unstable,38
1,3.0,0.5,c-GC,1,2,3,,,,220210_F1_run6,8,unstable,43
2,3.0,0.3333333333333333,c-GC,1,1,1,,,,220210_F1_run6,8,unstable,50
1,5.0,0.3333333333333333,c-GC,1,1,6,,,,220210_F1_run6,8,unstable,59
2,3.0,0.5,c-GC,2,1,5,,,,220210_F1_run6,8,unstable,60
2,,0.16666666666666666,c-GC,1,0,6,,,,220210_F1_run6,8,unstable,66
2,4.0,0.3333333333333333,c-GC,1,1,2,,,,220210_F1_run6,8,unstable,70
2,,0.16666666666666666,c-GC,1,0,6,,,,220210_F1_run6,8,unstable,80
3,4.0,0.5,c-GC,2,1,3,,,,220210_F1_run6,8,unstable,89
1,3.0,0.16666666666666666,c-GC,0,1,2,,,,220210_F1_run6,8,lost,93
1,,0.0,c-GC,0,0,7,,,,220210_F1_run6,8,stable,94
2,3.0,0.3333333333333333,c-GC,1,1,1,,,,220210_F1_run6,8,unstable,100
1,3.0,0.16666666666666666,c-GC,0,1,2,,,,220210_F1_run6,8,lost,101
2,3.0,0.3333333333333333,c-GC,1,1,1,,,,220210_F1_run6,8,unstable,102
1,,0.0,c-GC,0,0,7,,,,220210_F1_run6,8,stable,104
4,5.0,0.6666666666666666,c-GC,2,2,2,,,,220210_F1_run6,8,unstable,110
5,7.0,0.3333333333333333,c-GC,1,1,2,,,,220210_F1_run6,8,unstable,121
2,3.0,0.8333333333333334,c-GC,3,2,4,,,,220210_F1_run6,8,unstable,122
2,3.0,0.8333333333333334,c-GC,3,2,3,,,,220210_F1_run6,8,unstable,126
1,2.0,0.16666666666666666,c-GC,0,1,1,,,,220210_F1_run6,8,unstable,129
1,3.0,0.16666666666666666,c-GC,0,1,2,,,,220210_F1_run6,9,lost,17
1,5.0,0.16666666666666666,c-GC,0,1,4,,,,220210_F1_run6,9,lost,26
6,,0.16666666666666666,c-GC,1,0,2,,,,220210_F1_run6,9,unstable,39
6,,0.16666666666666666,c-GC,1,0,2,,,,220210_F1_run6,9,unstable,70
1,5.0,0.16666666666666666,c-GC,0,1,4,,,,220210_F1_run6,9,lost,72
1,,0.0,c-GC,0,0,7,,,,220210_F1_run6,9,stable,77
1,2.0,0.16666666666666666,c-GC,0,1,1,,,,220210_F1_run6,9,unstable,111
1,2.0,0.16666666666666666,c-GC,0,1,1,,,,220210_F1_run6,9,unstable,123
1,2.0,0.16666666666666666,c-GC,0,1,1,,,,220210_F1_run6,9,unstable,126
1,3.0,0.16666666666666666,c-GC,0,1,2,,,,220210_F1_run6,10,lost,11
1,3.0,0.16666666666666666,c-GC,0,1,2,,,,220210_F1_run6,10,lost,20
1,,0.0,c-GC,0,0,7,,,,220210_F1_run6,10,stable,25
1,2.0,0.16666666666666666,c-GC,0,1,1,,,,220210_F1_run6,10,unstable,62
6,,0.16666666666666666,c-GC,1,0,2,,,,220210_F1_run6,10,unstable,66
1,2.0,0.16666666666666666,c-GC,0,1,1,,,,220210_F1_run6,10,unstable,68
3,4.0,0.3333333333333333,c-GC,1,1,1,,,,220210_F1_run6,10,unstable,72
1,,0.0,c-GC,0,0,7,,,,220210_F1_run6,10,stable,82
1,2.0,0.16666666666666666,c-GC,0,1,1,,,,220210_F1_run6,10,unstable,85
1,2.0,0.16666666666666666,c-GC,0,1,1,,,,220210_F1_run6,11,unstable,4
2,,0.16666666666666666,c-GC,1,0,6,,,,220210_F1_run6,11,unstable,75
1,7.0,0.16666666666666666,c-GC,0,1,6,,,,220210_F1_run6,11,lost,85
5,6.0,0.3333333333333333,c-GC,1,1,1,,,,220210_F1_run6,11,unstable,95
1,2.0,0.5,c-GC,1,2,2,,,,220210_F1_run6,11,unstable,115
5,6.0,0.3333333333333333,c-GC,1,1,1,,,,220210_F1_run6,12,unstable,5
1,2.0,0.3333333333333333,c-GC,1,1,6,,,,220210_F1_run6,12,unstable,6
1,2.0,0.16666666666666666,c-GC,0,1,1,,,,220210_F1_run6,12,unstable,19
1,3.0,0.3333333333333333,c-GC,1,1,4,,,,220210_F1_run6,12,unstable,21
1,,0.0,c-GC,0,0,7,,,,220210_F1_run6,12,stable,23
1,2.0,0.16666666666666666,c-GC,0,1,1,,,,220210_F1_run6,12,unstable,34
1,3.0,0.3333333333333333,c-GC,1,1,6,,,,220210_F1_run6,12,unstable,35
1,3.0,0.3333333333333333,c-GC,1,1,6,,,,220210_F1_run6,12,unstable,53
1,2.0,0.3333333333333333,c-GC,1,1,4,,,,220210_F1_run6,12,unstable,70
6,7.0,0.3333333333333333,c-GC,1,1,1,,,,220210_F1_run6,12,unstable,80
1,3.0,0.3333333333333333,c-GC,1,1,6,,,,220210_F1_run6,12,unstable,86
4,,0.16666666666666666,c-GC,1,0,4,,,,220210_F1_run6,12,unstable,96
1,3.0,0.3333333333333333,c-GC,1,1,6,,,,220210_F1_run6,12,unstable,106
7,,0.16666666666666666,c-GC,1,0,1,,,,220210_F1_run6,12,novel,115
4,6.0,0.5,c-GC,2,1,3,,,,220210_F1_run6,12,unstable,118
1,3.0,0.5,c-GC,1,2,5,,,,220210_F1_run6,12,unstable,120
1,2.0,0.3333333333333333,c-GC,1,1,4,,,,220210_F1_run6,12,unstable,124
6,,0.16666666666666666,c-GC,1,0,2,,,,220210_F1_run6,12,unstable,126
1,3.0,0.16666666666666666,c-GC,0,1,2,,,,220210_F1_run6,13,lost,3
1,2.0,0.16666666666666666,c-GC,0,1,1,,,,220210_F1_run6,13,unstable,4
1,2.0,0.16666666666666666,c-GC,0,1,1,,,,220210_F1_run6,13,unstable,9
1,2.0,0.16666666666666666,c-GC,0,1,1,,,,220210_F1_run6,13,unstable,17
1,,0.0,c-GC,0,0,7,,,,220210_F1_run6,13,stable,24
1,2.0,0.16666666666666666,c-GC,0,1,1,,,,220210_F1_run6,14,unstable,24
1,2.0,0.16666666666666666,c-GC,0,1,1,,,,220210_F1_run6,14,unstable,43
1,3.0,0.16666666666666666,c-GC,0,1,2,,,,220210_F1_run6,14,lost,44
3,,0.16666666666666666,c-GC,1,0,5,,,,220210_F1_run6,14,unstable,55
6,7.0,0.3333333333333333,c-GC,1,1,1,,,,220210_F1_run6,14,unstable,73
1,2.0,0.5,c-GC,1,2,2,,,,220210_F1_run6,15,unstable,7
2,3.0,0.3333333333333333,c-GC,1,1,1,,,,220210_F1_run6,15,unstable,13
1,2.0,0.16666666666666666,c-GC,0,1,1,,,,220210_F1_run6,15,unstable,27
1,,0.0,c-GC,0,0,7,,,,220210_F1_run6,15,stable,29
3,,0.16666666666666666,c-GC,1,0,5,,,,220210_F1_run6,15,unstable,30
6,,0.16666666666666666,c-GC,1,0,2,,,,220210_F1_run6,15,unstable,35
3,5.0,0.3333333333333333,c-GC,1,1,2,,,,220210_F1_run6,15,unstable,37
2,3.0,0.5,c-GC,2,1,3,,,,220210_F1_run6,15,unstable,38
1,5.0,0.3333333333333333,c-GC,1,1,6,,,,220210_F1_run6,15,unstable,71
1,2.0,0.3333333333333333,c-GC,1,1,6,,,,220210_F1_run6,15,unstable,77
6,,0.16666666666666666,c-GC,1,0,2,,,,220210_F1_run6,15,unstable,78
1,7.0,0.16666666666666666,c-GC,0,1,6,,,,220210_F1_run6,15,lost,83
3,4.0,0.3333333333333333,c-GC,1,1,1,,,,220210_F1_run6,15,unstable,102
1,2.0,0.16666666666666666,c-GC,0,1,1,,,,220210_F1_run6,15,unstable,103
1,2.0,0.16666666666666666,c-GC,0,1,1,,,,220210_F1_run6,15,unstable,105
1,2.0,0.16666666666666666,c-GC,0,1,1,,,,220210_F1_run6,15,unstable,121
1,2.0,0.16666666666666666,c-GC,0,1,1,,,,220210_F1_run6,16,unstable,0
1,,0.0,c-GC,0,0,7,,,,220210_F1_run6,16,stable,2
1,3.0,0.16666666666666666,c-GC,0,1,2,,,,220210_F1_run6,16,lost,4
1,3.0,0.3333333333333333,c-GC,1,1,6,,,,220210_F1_run6,16,unstable,18
1,3.0,0.3333333333333333,c-GC,1,1,3,,,,220210_F1_run6,16,unstable,20
1,2.0,0.6666666666666666,c-GC,2,2,3,,,,220210_F1_run6,16,unstable,25
6,7.0,0.3333333333333333,c-GC,1,1,1,,,,220210_F1_run6,16,unstable,31
1,,0.0,c-GC,0,0,7,,,,220210_F1_run6,16,stable,65
1,2.0,0.16666666666666666,c-GC,0,1,1,,,,220210_F1_run6,16,unstable,68
1,2.0,0.16666666666666666,c-GC,0,1,1,,,,220210_F1_run6,16,unstable,71
1,2.0,0.16666666666666666,c-GC,0,1,1,,,,220210_F1_run6,16,unstable,82
7,,0.16666666666666666,c-GC,1,0,1,,,,220210_F1_run6,16,novel,88
4,5.0,0.5,c-GC,2,1,2,,,,220210_F1_run6,16,unstable,102
1,2.0,0.16666666666666666,c-GC,0,1,1,,,,220210_F1_run6,16,unstable,119
1,,0.0,c-GC,0,0,7,,,,220210_F1_run6,17,stable,0
1,,0.0,c-GC,0,0,7,,,,220210_F1_run6,17,stable,2
1,,0.0,c-GC,0,0,7,,,,220210_F1_run6,17,stable,6
1,2.0,0.16666666666666666,c-GC,0,1,1,,,,220210_F1_run6,17,unstable,7
1,2.0,0.16666666666666666,c-GC,0,1,1,,,,220210_F1_run6,17,unstable,10
3,4.0,0.6666666666666666,c-GC,2,2,3,,,,220210_F1_run6,17,unstable,11
1,6.0,0.16666666666666666,c-GC,0,1,5,,,,220210_F1_run6,17,lost,22
1,,0.0,c-GC,0,0,7,,,,220210_F1_run6,17,stable,24
1,,0.0,c-GC,0,0,7,,,,220210_F1_run6,17,stable,29
1,2.0,0.16666666666666666,c-GC,0,1,1,,,,220210_F1_run6,17,unstable,34
1,4.0,0.16666666666666666,c-GC,0,1,3,,,,220210_F1_run6,17,lost,41
2,4.0,0.3333333333333333,c-GC,1,1,2,,,,220210_F1_run6,17,unstable,46
1,2.0,0.16666666666666666,c-GC,0,1,1,,,,220210_F1_run6,17,unstable,48
1,2.0,0.16666666666666666,c-GC,0,1,1,,,,220210_F1_run6,17,unstable,50
1,2.0,0.16666666666666666,c-GC,0,1,1,,,,220210_F1_run6,17,unstable,53
1,3.0,0.3333333333333333,c-GC,1,1,6,,,,220210_F1_run6,17,unstable,62
1,2.0,0.16666666666666666,c-GC,0,1,1,,,,220210_F1_run6,17,unstable,65
1,2.0,0.16666666666666666,c-GC,0,1,1,,,,220210_F1_run6,17,unstable,66
1,2.0,0.16666666666666666,c-GC,0,1,1,,,,220210_F1_run6,17,unstable,78
1,2.0,0.16666666666666666,c-GC,0,1,1,,,,220210_F1_run6,17,unstable,90
1,3.0,0.16666666666666666,c-GC,0,1,2,,,,220210_F1_run6,17,lost,97
1,5.0,0.16666666666666666,c-GC,0,1,4,,,,220210_F1_run6,17,lost,100
1,2.0,0.16666666666666666,c-GC,0,1,1,,,,220210_F1_run6,17,unstable,110
1,2.0,0.16666666666666666,c-GC,0,1,1,,,,220210_F1_run6,17,unstable,119
1,2.0,0.16666666666666666,c-GC,0,1,1,,,,220210_F1_run6,17,unstable,121
1,6.0,0.16666666666666666,c-GC,0,1,5,,,,220210_F1_run6,17,lost,122
3,6.0,0.3333333333333333,c-GC,1,1,3,,,,220210_F1_run6,17,unstable,126
1,2.0,0.16666666666666666,c-GC,0,1,1,,,,220210_F1_run6,18,unstable,0
1,2.0,0.16666666666666666,c-GC,0,1,1,,,,220210_F1_run6,18,unstable,4
1,2.0,0.5,c-GC,1,2,2,,,,220210_F1_run6,18,unstable,9
1,2.0,0.16666666666666666,c-GC,0,1,1,,,,220210_F1_run6,18,unstable,16
1,2.0,0.16666666666666666,c-GC,0,1,1,,,,220210_F1_run6,18,unstable,62
1,2.0,0.5,c-GC,1,2,5,,,,220210_F1_run6,18,unstable,117
1,3.0,0.3333333333333333,c-GC,1,1,6,,,,220210_F1_run6,19,unstable,2
1,2.0,0.16666666666666666,c-GC,0,1,1,,,,220210_F1_run6,19,unstable,30
1,2.0,0.16666666666666666,c-GC,0,1,1,,,,220210_F1_run6,19,unstable,31
1,2.0,0.8333333333333334,c-GC,2,3,4,,,,220210_F1_run6,19,unstable,39
1,2.0,0.5,c-GC,1,2,4,,,,220210_F1_run6,19,unstable,60
1,3.0,0.3333333333333333,c-GC,1,1,6,,,,220210_F1_run6,19,unstable,83
4,5.0,0.5,c-GC,2,1,2,,,,220210_F1_run6,19,unstable,93
1,6.0,0.16666666666666666,c-GC,0,1,5,,,,220210_F1_run6,20,lost,4
1,7.0,0.16666666666666666,c-GC,0,1,6,,,,220210_F1_run6,20,lost,16
1,2.0,0.16666666666666666,c-GC,0,1,1,,,,220210_F1_run6,20,unstable,18
1,2.0,0.5,c-GC,1,2,2,,,,220210_F1_run6,20,unstable,29
1,,0.0,c-GC,0,0,7,,,,220210_F1_run6,20,stable,34
1,2.0,0.16666666666666666,c-GC,0,1,1,,,,220210_F1_run6,20,unstable,65
1,2.0,0.16666666666666666,c-GC,0,1,1,,,,220210_F1_run6,20,unstable,84
6,,0.16666666666666666,c-GC,1,0,2,,,,220210_F1_run6,20,unstable,89
2,3.0,0.5,c-GC,2,1,3,,,,220210_F1_run6,20,unstable,97
6,,0.16666666666666666,c-GC,1,0,2,,,,220210_F1_run6,20,unstable,104
3,4.0,0.5,c-GC,2,1,2,,,,220210_F1_run6,21,unstable,3
2,3.0,0.3333333333333333,c-GC,1,1,1,,,,220210_F1_run6,21,unstable,38
5,,0.16666666666666666,c-GC,1,0,3,,,,220210_F1_run6,21,unstable,68
3,,0.16666666666666666,c-GC,1,0,5,,,,220210_F1_run6,21,unstable,79
1,2.0,0.16666666666666666,c-GC,0,1,1,,,,220210_F1_run6,21,unstable,84
1,2.0,0.16666666666666666,c-GC,0,1,1,,,,220210_F1_run6,21,unstable,102
1,2.0,0.16666666666666666,c-GC,0,1,1,,,,220210_F1_run6,22,unstable,0
1,2.0,0.3333333333333333,c-GC,1,1,3,,,,220210_F1_run6,22,unstable,2
1,,0.0,c-GC,0,0,7,,,,220210_F1_run6,22,stable,4
2,3.0,0.3333333333333333,c-GC,1,1,1,,,,220210_F1_run6,22,unstable,6
5,,0.16666666666666666,c-GC,1,0,3,,,,220210_F1_run6,22,unstable,14
1,2.0,0.16666666666666666,c-GC,0,1,1,,,,220210_F1_run6,22,unstable,15
1,2.0,0.16666666666666666,c-GC,0,1,1,,,,220210_F1_run6,22,unstable,20
2,4.0,0.5,c-GC,2,1,5,,,,220210_F1_run6,22,unstable,37
7,,0.16666666666666666,c-GC,1,0,1,,,,220210_F1_run6,22,novel,50
3,4.0,0.3333333333333333,c-GC,1,1,1,,,,220210_F1_run6,22,unstable,54
3,7.0,0.3333333333333333,c-GC,1,1,4,,,,220210_F1_run6,22,unstable,55
3,,0.16666666666666666,c-GC,1,0,5,,,,220210_F1_run6,22,unstable,62
6,7.0,0.3333333333333333,c-GC,1,1,1,,,,220210_F1_run6,22,unstable,65
5,6.0,0.5,c-GC,2,1,2,,,,220210_F1_run6,22,unstable,70
7,,0.16666666666666666,c-GC,1,0,1,,,,220210_F1_run6,22,novel,77
1,5.0,0.3333333333333333,c-GC,1,1,6,,,,220210_F1_run6,22,unstable,78
4,6.0,0.5,c-GC,2,1,3,,,,220210_F1_run6,22,unstable,89
1,2.0,0.6666666666666666,c-GC,2,2,4,,,,220210_F1_run6,22,unstable,100
2,4.0,0.5,c-GC,2,1,5,,,,220210_F1_run6,22,unstable,103
6,,0.16666666666666666,c-GC,1,0,2,,,,220210_F1_run6,22,unstable,111
3,,0.16666666666666666,c-GC,1,0,5,,,,220210_F1_run6,22,unstable,119
1,2.0,0.16666666666666666,c-GC,0,1,1,,,,220210_F1_run6,23,unstable,10
1,2.0,0.5,c-GC,1,2,2,,,,220210_F1_run6,23,unstable,12
5,6.0,0.3333333333333333,c-GC,1,1,1,,,,220210_F1_run6,23,unstable,14
1,,0.0,c-GC,0,0,7,,,,220210_F1_run6,23,stable,27
1,2.0,0.5,c-GC,1,2,2,,,,220210_F1_run6,23,unstable,34
1,,0.0,c-GC,0,0,7,,,,220210_F1_run6,23,stable,37
4,5.0,0.5,c-GC,2,1,2,,,,220210_F1_run6,23,unstable,38
6,7.0,0.3333333333333333,c-GC,1,1,1,,,,220210_F1_run6,23,unstable,39
1,2.0,0.16666666666666666,c-GC,0,1,1,,,,220210_F1_run6,23,unstable,43
5,6.0,0.3333333333333333,c-GC,1,1,1,,,,220210_F1_run6,23,unstable,45
1,2.0,0.16666666666666666,c-GC,0,1,1,,,,220210_F1_run6,23,unstable,50
4,6.0,0.5,c-GC,2,1,3,,,,220210_F1_run6,23,unstable,69
1,2.0,0.3333333333333333,c-GC,1,1,2,,,,220210_F1_run6,23,unstable,76
1,2.0,0.8333333333333334,c-GC,2,3,3,,,,220210_F1_run6,23,unstable,80
1,3.0,0.5,c-GC,1,2,3,,,,220210_F1_run6,23,unstable,84
1,2.0,0.3333333333333333,c-GC,1,1,3,,,,220210_F1_run6,23,unstable,87
1,2.0,0.16666666666666666,c-GC,0,1,1,,,,220210_F1_run6,23,unstable,94
1,,0.0,c-GC,0,0,7,,,,220210_F1_run6,23,stable,96
6,7.0,0.3333333333333333,c-GC,1,1,1,,,,220210_F1_run6,23,unstable,105
6,7.0,0.3333333333333333,c-GC,1,1,1,,,,220210_F1_run6,23,unstable,106
3,6.0,0.5,c-GC,2,1,4,,,,220210_F1_run6,23,unstable,107
1,2.0,0.16666666666666666,c-GC,0,1,1,,,,220210_F1_run6,23,unstable,108
1,3.0,0.6666666666666666,c-GC,2,2,4,,,,220210_F1_run6,23,unstable,109
7,,0.16666666666666666,c-GC,1,0,1,,,,220210_F1_run6,23,novel,112
6,,0.16666666666666666,c-GC,1,0,2,,,,220210_F1_run6,23,unstable,122
1,3.0,0.6666666666666666,c-GC,2,2,4,,,,220210_F1_run6,23,unstable,123
1,,0.0,c-GC,0,0,7,,,,220210_F1_run6,23,stable,124
6,,0.16666666666666666,c-GC,1,0,2,,,,220210_F1_run6,24,unstable,11
1,,0.0,c-GC,0,0,7,,,,220210_F1_run6,24,stable,13
1,6.0,0.16666666666666666,c-GC,0,1,5,,,,220210_F1_run6,24,lost,14
1,2.0,0.16666666666666666,c-GC,0,1,1,,,,220210_F1_run6,24,unstable,17
3,4.0,0.3333333333333333,c-GC,1,1,1,,,,220210_F1_run6,24,unstable,38
6,7.0,0.3333333333333333,c-GC,1,1,1,,,,220210_F1_run6,24,unstable,87
1,,0.0,c-GC,0,0,7,,,,220210_F1_run6,25,stable,11
7,,0.16666666666666666,c-GC,1,0,1,,,,220210_F1_run6,25,novel,19
1,2.0,0.16666666666666666,c-GC,0,1,1,,,,220210_F1_run6,25,unstable,34
1,2.0,0.3333333333333333,c-GC,1,1,2,,,,220210_F1_run6,25,unstable,37
5,,0.16666666666666666,c-GC,1,0,3,,,,220210_F1_run6,25,unstable,38
1,2.0,0.16666666666666666,c-GC,0,1,1,,,,220210_F1_run6,25,unstable,44
1,2.0,0.16666666666666666,c-GC,0,1,1,,,,220210_F1_run6,25,unstable,53
1,2.0,0.16666666666666666,c-GC,0,1,1,,,,220210_F1_run6,25,unstable,70
1,2.0,0.16666666666666666,c-GC,0,1,1,,,,220210_F1_run6,25,unstable,83
6,,0.16666666666666666,c-GC,1,0,2,,,,220210_F1_run6,25,unstable,124
1,2.0,0.16666666666666666,c-GC,0,1,1,,,,220210_F1_run6,26,unstable,7
1,6.0,0.16666666666666666,c-GC,0,1,5,,,,220210_F1_run6,26,lost,9
7,,0.16666666666666666,c-GC,1,0,1,,,,220210_F1_run6,26,novel,97
1,,0.0,c-GC,0,0,7,,,,220210_F1_run6,27,stable,5
1,,0.0,c-GC,0,0,7,,,,220210_F1_run6,27,stable,6
1,,0.0,c-GC,0,0,7,,,,220210_F1_run6,27,stable,8
5,6.0,0.3333333333333333,c-GC,1,1,1,,,,220210_F1_run6,27,unstable,9
1,2.0,0.16666666666666666,c-GC,0,1,1,,,,220210_F1_run6,27,unstable,15
6,7.0,0.3333333333333333,c-GC,1,1,1,,,,220210_F1_run6,27,unstable,20
1,4.0,0.16666666666666666,c-GC,0,1,3,,,,220210_F1_run6,27,lost,21
2,,0.16666666666666666,c-GC,1,0,6,,,,220210_F1_run6,27,unstable,23
1,2.0,0.16666666666666666,c-GC,0,1,1,,,,220210_F1_run6,27,unstable,25
1,2.0,0.16666666666666666,c-GC,0,1,1,,,,220210_F1_run6,27,unstable,29
5,,0.16666666666666666,c-GC,1,0,3,,,,220210_F1_run6,27,unstable,34
6,7.0,0.3333333333333333,c-GC,1,1,1,,,,220210_F1_run6,27,unstable,35
2,,0.16666666666666666,c-GC,1,0,6,,,,220210_F1_run6,27,unstable,37
1,3.0,0.16666666666666666,c-GC,0,1,2,,,,220210_F1_run6,27,lost,38
6,,0.16666666666666666,c-GC,1,0,2,,,,220210_F1_run6,27,unstable,44
6,7.0,0.3333333333333333,c-GC,1,1,1,,,,220210_F1_run6,27,unstable,45
1,2.0,0.16666666666666666,c-GC,0,1,1,,,,220210_F1_run6,27,unstable,46
1,3.0,0.16666666666666666,c-GC,0,1,2,,,,220210_F1_run6,27,lost,47
1,2.0,0.5,c-GC,1,2,4,,,,220210_F1_run6,27,unstable,50
1,2.0,0.3333333333333333,c-GC,1,1,2,,,,220210_F1_run6,27,unstable,53
4,5.0,0.3333333333333333,c-GC,1,1,1,,,,220210_F1_run6,27,unstable,59
1,2.0,0.3333333333333333,c-GC,1,1,6,,,,220210_F1_run6,27,unstable,60
1,3.0,0.3333333333333333,c-GC,1,1,6,,,,220210_F1_run6,27,unstable,64
2,,0.16666666666666666,c-GC,1,0,6,,,,220210_F1_run6,27,unstable,67
1,,0.0,c-GC,0,0,7,,,,220210_F1_run6,27,stable,69
1,,0.0,c-GC,0,0,7,,,,220210_F1_run6,27,stable,70
1,2.0,0.16666666666666666,c-GC,0,1,1,,,,220210_F1_run6,27,unstable,75
1,3.0,0.16666666666666666,c-GC,0,1,2,,,,220210_F1_run6,27,lost,76
1,4.0,0.16666666666666666,c-GC,0,1,3,,,,220210_F1_run6,27,lost,89
1,4.0,0.16666666666666666,c-GC,0,1,3,,,,220210_F1_run6,27,lost,93
1,3.0,0.5,c-GC,1,2,3,,,,220210_F1_run6,27,unstable,98
1,4.0,0.16666666666666666,c-GC,0,1,3,,,,220210_F1_run6,27,lost,104
1,6.0,0.3333333333333333,c-GC,1,1,6,,,,220210_F1_run6,27,unstable,106
1,2.0,0.16666666666666666,c-GC,0,1,1,,,,220210_F1_run6,27,unstable,107
1,2.0,0.16666666666666666,c-GC,0,1,1,,,,220210_F1_run6,27,unstable,108
1,2.0,0.16666666666666666,c-GC,0,1,1,,,,220210_F1_run6,27,unstable,109
1,2.0,0.5,c-GC,1,2,3,,,,220210_F1_run6,27,unstable,121
1,,0.0,c-GC,0,0,7,,,,220210_F1_run6,27,stable,124
1,7.0,0.16666666666666666,c-GC,0,1,6,,,,220210_F1_run6,27,lost,128
5,6.0,0.5,c-GC,2,1,2,,,,220210_F1_run6,28,unstable,12
1,2.0,0.16666666666666666,c-GC,0,1,1,,,,220210_F1_run6,28,unstable,38
2,3.0,0.3333333333333333,c-GC,1,1,1,,,,220210_F1_run6,28,unstable,90
1,3.0,0.6666666666666666,c-GC,2,2,5,,,,220210_F1_run6,28,unstable,114
2,3.0,0.3333333333333333,c-GC,1,1,1,,,,220210_F1_run6,28,unstable,115
3,5.0,0.3333333333333333,c-GC,1,1,2,,,,220210_F1_run6,28,unstable,119
1,,0.0,c-GC,0,0,7,,,,220210_F1_run6,29,stable,0
1,2.0,0.16666666666666666,c-GC,0,1,1,,,,220210_F1_run6,29,unstable,1
2,6.0,0.5,c-GC,2,1,5,,,,220210_F1_run6,29,unstable,2
6,7.0,0.3333333333333333,c-GC,1,1,1,,,,220210_F1_run6,29,unstable,4
1,3.0,0.3333333333333333,c-GC,1,1,3,,,,220210_F1_run6,29,unstable,10
1,2.0,0.16666666666666666,c-GC,0,1,1,,,,220210_F1_run6,29,unstable,11
1,2.0,0.16666666666666666,c-GC,0,1,1,,,,220210_F1_run6,29,unstable,17
1,3.0,0.16666666666666666,c-GC,0,1,2,,,,220210_F1_run6,29,lost,20
1,4.0,0.3333333333333333,c-GC,1,1,6,,,,220210_F1_run6,29,unstable,22
6,,0.16666666666666666,c-GC,1,0,2,,,,220210_F1_run6,29,unstable,23
1,2.0,0.16666666666666666,c-GC,0,1,1,,,,220210_F1_run6,29,unstable,25
1,2.0,0.16666666666666666,c-GC,0,1,1,,,,220210_F1_run6,29,unstable,37
1,3.0,0.16666666666666666,c-GC,0,1,2,,,,220210_F1_run6,29,lost,45
1,2.0,0.16666666666666666,c-GC,0,1,1,,,,220210_F1_run6,29,unstable,63
1,,0.0,c-GC,0,0,7,,,,220210_F1_run6,29,stable,65
1,3.0,0.3333333333333333,c-GC,1,1,4,,,,220210_F1_run6,29,unstable,67
1,2.0,0.16666666666666666,c-GC,0,1,1,,,,220210_F1_run6,29,unstable,68
1,2.0,0.16666666666666666,c-GC,0,1,1,,,,220210_F1_run6,29,unstable,80
1,2.0,0.16666666666666666,c-GC,0,1,1,,,,220210_F1_run6,29,unstable,89
1,,0.0,c-GC,0,0,7,,,,220210_F1_run6,29,stable,100
6,7.0,0.3333333333333333,c-GC,1,1,1,,,,220210_F1_run6,29,unstable,102
1,7.0,0.16666666666666666,c-GC,0,1,6,,,,220210_F1_run6,29,lost,103
1,2.0,0.16666666666666666,c-GC,0,1,1,,,,220210_F1_run6,29,unstable,108
1,2.0,0.16666666666666666,c-GC,0,1,1,,,,220210_F1_run6,29,unstable,112
1,3.0,0.16666666666666666,c-GC,0,1,2,,,,220210_F1_run6,29,lost,114
1,3.0,0.16666666666666666,c-GC,0,1,2,,,,220210_F1_run6,29,lost,120
1,2.0,0.16666666666666666,c-GC,0,1,1,,,,220210_F1_run6,29,unstable,124
1,3.0,0.5,c-GC,1,2,4,,,,220210_F1_run6,30,unstable,44
1,2.0,0.6666666666666666,c-GC,2,2,5,,,,220210_F1_run6,30,unstable,48
1,7.0,0.16666666666666666,c-GC,0,1,6,,,,220210_F1_run6,30,lost,66
1,4.0,0.16666666666666666,c-GC,0,1,3,,,,220210_F1_run6,30,lost,67
1,2.0,0.8333333333333334,c-GC,2,3,3,,,,220210_F1_run6,30,unstable,68
1,2.0,0.16666666666666666,c-GC,0,1,1,,,,220210_F1_run6,30,unstable,76
1,,0.0,c-GC,0,0,7,,,,220210_F1_run6,30,stable,87
2,3.0,0.3333333333333333,c-GC,1,1,1,,,,220210_F1_run6,30,unstable,101
1,2.0,0.16666666666666666,c-GC,0,1,1,,,,220210_F1_run6,30,unstable,103
1,,0.0,c-GC,0,0,7,,,,220210_F1_run6,30,stable,107
1,3.0,0.3333333333333333,c-GC,1,1,6,,,,220210_F1_run6,30,unstable,119
1,2.0,0.16666666666666666,c-GC,0,1,1,,,,220210_F1_run6,31,unstable,50
1,2.0,0.16666666666666666,c-GC,0,1,1,,,,220210_F1_run6,31,unstable,82
2,3.0,0.3333333333333333,c-GC,1,1,1,,,,220210_F1_run6,31,unstable,101
1,5.0,0.16666666666666666,c-GC,0,1,4,,,,220210_F1_run6,31,lost,106
1,2.0,0.16666666666666666,c-GC,0,1,1,,,,220210_F1_run6,31,unstable,107
1,2.0,0.16666666666666666,c-GC,0,1,1,,,,220210_F1_run6,32,unstable,4
3,,0.16666666666666666,c-GC,1,0,5,,,,220210_F1_run6,32,unstable,27
1,2.0,0.16666666666666666,c-GC,0,1,1,,,,220210_F1_run6,32,unstable,30
2,,0.16666666666666666,c-GC,1,0,6,,,,220210_F1_run6,32,unstable,36
1,6.0,0.16666666666666666,c-GC,0,1,5,,,,220210_F1_run6,32,lost,38
1,2.0,0.16666666666666666,c-GC,0,1,1,,,,220210_F1_run6,32,unstable,40
1,3.0,0.16666666666666666,c-GC,0,1,2,,,,220210_F1_run6,32,lost,43
1,2.0,0.16666666666666666,c-GC,0,1,1,,,,220210_F1_run6,32,unstable,53
5,6.0,0.3333333333333333,c-GC,1,1,1,,,,220210_F1_run6,32,unstable,54
1,7.0,0.16666666666666666,c-GC,0,1,6,,,,220210_F1_run6,32,lost,55
1,3.0,0.16666666666666666,c-GC,0,1,2,,,,220210_F1_run6,32,lost,66
1,2.0,0.16666666666666666,c-GC,0,1,1,,,,220210_F1_run6,32,unstable,84
1,2.0,0.16666666666666666,c-GC,0,1,1,,,,220210_F1_run6,32,unstable,102
7,,0.16666666666666666,c-GC,1,0,1,,,,220210_F1_run6,32,novel,127
4,,0.16666666666666666,c-GC,1,0,4,,,,220210_F1_run6,32,unstable,129
1,2.0,0.16666666666666666,c-GC,0,1,1,,,,220210_F1_run6,33,unstable,26
4,5.0,0.3333333333333333,c-GC,1,1,1,,,,220210_F1_run6,33,unstable,34
1,2.0,0.16666666666666666,c-GC,0,1,1,,,,220210_F1_run6,33,unstable,88
1,2.0,0.16666666666666666,c-GC,0,1,1,,,,220210_F1_run6,34,unstable,27
1,2.0,0.16666666666666666,c-GC,0,1,1,,,,220210_F1_run6,34,unstable,54
1,2.0,0.16666666666666666,c-GC,0,1,1,,,,220210_F1_run6,34,unstable,58
1,3.0,0.16666666666666666,c-GC,0,1,2,,,,220210_F1_run6,34,lost,84
1,2.0,0.16666666666666666,c-GC,0,1,1,,,,220210_F1_run6,34,unstable,121
3,,0.16666666666666666,c-GC,1,0,5,,,,220210_F1_run6,35,unstable,5
1,2.0,0.3333333333333333,c-GC,1,1,2,,,,220210_F1_run6,35,unstable,6
1,2.0,0.16666666666666666,c-GC,0,1,1,,,,220210_F1_run6,35,unstable,9
2,3.0,0.3333333333333333,c-GC,1,1,1,,,,220210_F1_run6,35,unstable,10
1,,0.0,c-GC,0,0,7,,,,220210_F1_run6,35,stable,27
3,4.0,0.3333333333333333,c-GC,1,1,1,,,,220210_F1_run6,35,unstable,30
1,5.0,0.16666666666666666,c-GC,0,1,4,,,,220210_F1_run6,35,lost,44
3,5.0,0.3333333333333333,c-GC,1,1,2,,,,220210_F1_run6,35,unstable,55
3,6.0,0.3333333333333333,c-GC,1,1,3,,,,220210_F1_run6,35,unstable,64
2,3.0,0.3333333333333333,c-GC,1,1,1,,,,220210_F1_run6,35,unstable,67
2,3.0,0.6666666666666666,c-GC,2,2,2,,,,220210_F1_run6,35,unstable,82
3,4.0,0.3333333333333333,c-GC,1,1,1,,,,220210_F1_run6,35,unstable,108
1,3.0,0.16666666666666666,c-GC,0,1,2,,,,220210_F1_run6,35,lost,113
5,6.0,0.3333333333333333,c-GC,1,1,1,,,,220210_F1_run6,36,unstable,12
1,2.0,0.8333333333333334,c-GC,2,3,4,,,,220210_F1_run6,36,unstable,27
1,2.0,0.16666666666666666,c-GC,0,1,1,,,,220210_F1_run6,36,unstable,42
3,,0.16666666666666666,c-GC,1,0,5,,,,220210_F1_run6,36,unstable,53
1,4.0,0.5,c-GC,1,2,4,,,,220210_F1_run6,36,unstable,59
1,2.0,0.16666666666666666,c-GC,0,1,1,,,,220210_F1_run6,36,unstable,73
3,,0.16666666666666666,c-GC,1,0,5,,,,220210_F1_run6,36,unstable,78
1,2.0,0.16666666666666666,c-GC,0,1,1,,,,220210_F1_run6,36,unstable,95
1,2.0,0.6666666666666666,c-GC,2,2,3,,,,220210_F1_run6,36,unstable,101
4,6.0,0.5,c-GC,2,1,3,,,,220210_F1_run6,37,unstable,0
1,2.0,0.16666666666666666,c-GC,0,1,1,,,,220210_F1_run6,37,unstable,2
1,,0.0,c-GC,0,0,7,,,,220210_F1_run6,37,stable,6
3,4.0,0.6666666666666666,c-GC,2,2,2,,,,220210_F1_run6,37,unstable,7
1,,0.0,c-GC,0,0,7,,,,220210_F1_run6,37,stable,8
1,4.0,0.5,c-GC,1,2,4,,,,220210_F1_run6,37,unstable,20
1,3.0,0.16666666666666666,c-GC,0,1,2,,,,220210_F1_run6,37,lost,22
2,,0.16666666666666666,c-GC,1,0,6,,,,220210_F1_run6,37,unstable,30
2,,0.16666666666666666,c-GC,1,0,6,,,,220210_F1_run6,37,unstable,34
1,,0.0,c-GC,0,0,7,,,,220210_F1_run6,37,stable,38
3,,0.16666666666666666,c-GC,1,0,5,,,,220210_F1_run6,37,unstable,43
1,2.0,0.16666666666666666,c-GC,0,1,1,,,,220210_F1_run6,37,unstable,45
1,2.0,0.16666666666666666,c-GC,0,1,1,,,,220210_F1_run6,37,unstable,46
1,,0.0,c-GC,0,0,7,,,,220210_F1_run6,37,stable,50
1,2.0,0.16666666666666666,c-GC,0,1,1,,,,220210_F1_run6,37,unstable,51
1,,0.0,c-GC,0,0,7,,,,220210_F1_run6,37,stable,54
1,3.0,0.3333333333333333,c-GC,1,1,6,,,,220210_F1_run6,37,unstable,59
1,2.0,0.16666666666666666,c-GC,0,1,1,,,,220210_F1_run6,37,unstable,60
4,5.0,0.3333333333333333,c-GC,1,1,1,,,,220210_F1_run6,37,unstable,65
2,,0.16666666666666666,c-GC,1,0,6,,,,220210_F1_run6,37,unstable,67
3,,0.16666666666666666,c-GC,1,0,5,,,,220210_F1_run6,37,unstable,69
1,,0.0,c-GC,0,0,7,,,,220210_F1_run6,37,stable,70
2,,0.16666666666666666,c-GC,1,0,6,,,,220210_F1_run6,37,unstable,76
1,,0.0,c-GC,0,0,7,,,,220210_F1_run6,37,stable,77
1,,0.0,c-GC,0,0,7,,,,220210_F1_run6,37,stable,78
2,,0.16666666666666666,c-GC,1,0,6,,,,220210_F1_run6,37,unstable,79
1,3.0,0.3333333333333333,c-GC,1,1,6,,,,220210_F1_run6,37,unstable,80
1,,0.0,c-GC,0,0,7,,,,220210_F1_run6,37,stable,84
1,,0.0,c-GC,0,0,7,,,,220210_F1_run6,37,stable,85
1,5.0,0.3333333333333333,c-GC,1,1,5,,,,220210_F1_run6,37,unstable,86
1,,0.0,c-GC,0,0,7,,,,220210_F1_run6,37,stable,89
3,,0.16666666666666666,c-GC,1,0,5,,,,220210_F1_run6,37,unstable,90
2,6.0,0.5,c-GC,2,1,5,,,,220210_F1_run6,37,unstable,93
5,7.0,0.3333333333333333,c-GC,1,1,2,,,,220210_F1_run6,37,unstable,94
2,3.0,0.3333333333333333,c-GC,1,1,1,,,,220210_F1_run6,37,unstable,98
1,,0.0,c-GC,0,0,7,,,,220210_F1_run6,37,stable,100
1,,0.0,c-GC,0,0,7,,,,220210_F1_run6,37,stable,106
2,3.0,0.5,c-GC,2,1,5,,,,220210_F1_run6,37,unstable,107
5,7.0,0.3333333333333333,c-GC,1,1,2,,,,220210_F1_run6,37,unstable,108
2,,0.16666666666666666,c-GC,1,0,6,,,,220210_F1_run6,37,unstable,110
1,2.0,0.16666666666666666,c-GC,0,1,1,,,,220210_F1_run6,37,unstable,111
1,3.0,0.3333333333333333,c-GC,1,1,6,,,,220210_F1_run6,37,unstable,118
1,,0.0,c-GC,0,0,7,,,,220210_F1_run6,37,stable,120
2,,0.16666666666666666,c-GC,1,0,6,,,,220210_F1_run6,37,unstable,122
3,6.0,0.3333333333333333,c-GC,1,1,3,,,,220210_F1_run6,37,unstable,126
3,4.0,0.3333333333333333,c-GC,1,1,1,,,,220210_F1_run6,37,unstable,128
1,3.0,0.16666666666666666,c-GC,0,1,2,,,,220210_F1_run6,38,lost,7
1,4.0,0.3333333333333333,c-GC,1,1,6,,,,220210_F1_run6,38,unstable,10
2,3.0,0.3333333333333333,c-GC,1,1,1,,,,220210_F1_run6,38,unstable,45
1,2.0,0.16666666666666666,c-GC,0,1,1,,,,220210_F1_run6,38,unstable,49
1,2.0,0.16666666666666666,c-GC,0,1,1,,,,220210_F1_run6,38,unstable,58
4,,0.16666666666666666,c-GC,1,0,4,,,,220210_F1_run6,38,unstable,61
1,2.0,0.16666666666666666,c-GC,0,1,1,,,,220210_F1_run6,38,unstable,69
3,4.0,0.3333333333333333,c-GC,1,1,1,,,,220210_F1_run6,38,unstable,96
1,2.0,0.16666666666666666,c-GC,0,1,1,,,,220210_F1_run6,38,unstable,98
1,4.0,0.3333333333333333,c-GC,1,1,6,,,,220210_F1_run6,38,unstable,101
1,2.0,0.16666666666666666,c-GC,0,1,1,,,,220210_F1_run6,38,unstable,104
1,2.0,0.16666666666666666,c-GC,0,1,1,,,,220210_F1_run6,38,unstable,105
4,5.0,0.3333333333333333,c-GC,1,1,1,,,,220210_F1_run6,38,unstable,112
1,2.0,0.16666666666666666,c-GC,0,1,1,,,,220210_F1_run6,38,unstable,115
4,,0.16666666666666666,c-GC,1,0,4,,,,220210_F1_run6,38,unstable,121
1,2.0,0.16666666666666666,c-GC,0,1,1,,,,220210_F1_run6,38,unstable,128
1,2.0,0.16666666666666666,c-GC,0,1,1,,,,220210_F1_run6,39,unstable,6
1,2.0,0.16666666666666666,c-GC,0,1,1,,,,220210_F1_run6,39,unstable,7
4,6.0,0.5,c-GC,2,1,3,,,,220210_F1_run6,39,unstable,10
1,6.0,0.16666666666666666,c-GC,0,1,5,,,,220210_F1_run6,39,lost,26
1,2.0,0.16666666666666666,c-GC,0,1,1,,,,220210_F1_run6,39,unstable,37
1,2.0,0.16666666666666666,c-GC,0,1,1,,,,220210_F1_run6,39,unstable,54
1,2.0,0.16666666666666666,c-GC,0,1,1,,,,220210_F1_run6,39,unstable,56
1,6.0,0.16666666666666666,c-GC,0,1,5,,,,220210_F1_run6,39,lost,58
1,2.0,0.16666666666666666,c-GC,0,1,1,,,,220210_F1_run6,39,unstable,64
1,2.0,0.16666666666666666,c-GC,0,1,1,,,,220210_F1_run6,39,unstable,69
1,2.0,0.16666666666666666,c-GC,0,1,1,,,,220210_F1_run6,39,unstable,70
2,3.0,0.5,c-GC,2,1,5,,,,220210_F1_run6,39,unstable,75
5,6.0,0.3333333333333333,c-GC,1,1,1,,,,220210_F1_run6,39,unstable,77
1,3.0,0.16666666666666666,c-GC,0,1,2,,,,220210_F1_run6,39,lost,82
1,2.0,0.16666666666666666,c-GC,0,1,1,,,,220210_F1_run6,39,unstable,89
3,,0.16666666666666666,c-GC,1,0,5,,,,220210_F1_run6,39,unstable,92
1,2.0,0.16666666666666666,c-GC,0,1,1,,,,220210_F1_run6,39,unstable,94
1,,0.0,c-GC,0,0,7,,,,220210_F1_run6,39,stable,96
1,2.0,0.3333333333333333,c-GC,1,1,6,,,,220210_F1_run6,39,unstable,102
1,2.0,0.16666666666666666,c-GC,0,1,1,,,,220210_F1_run6,39,unstable,108
1,2.0,0.16666666666666666,c-GC,0,1,1,,,,220210_F1_run6,39,unstable,109
1,2.0,0.16666666666666666,c-GC,0,1,1,,,,220210_F1_run6,40,unstable,21
1,2.0,0.16666666666666666,c-GC,0,1,1,,,,220210_F1_run6,40,unstable,26
1,3.0,0.16666666666666666,c-GC,0,1,2,,,,220210_F1_run6,40,lost,30
4,5.0,0.5,c-GC,2,1,3,,,,220210_F1_run6,40,unstable,43
1,5.0,0.3333333333333333,c-GC,1,1,6,,,,220210_F1_run6,40,unstable,44
1,5.0,0.5,c-GC,1,2,5,,,,220210_F1_run6,40,unstable,67
1,2.0,0.16666666666666666,c-GC,0,1,1,,,,220210_F1_run6,40,unstable,69
1,5.0,0.16666666666666666,c-GC,0,1,4,,,,220210_F1_run6,40,lost,86
4,5.0,0.3333333333333333,c-GC,1,1,1,,,,220210_F1_run6,40,unstable,89
4,6.0,0.3333333333333333,c-GC,1,1,2,,,,220210_F1_run6,40,unstable,96
6,7.0,0.3333333333333333,c-GC,1,1,1,,,,220210_F1_run6,40,unstable,115
3,,0.16666666666666666,c-GC,1,0,5,,,,220210_F1_run6,40,unstable,118
6,,0.16666666666666666,c-GC,1,0,2,,,,220210_F1_run6,40,unstable,126
1,2.0,0.5,c-GC,1,2,2,,,,220210_F1_run6,41,unstable,15
1,2.0,0.16666666666666666,c-GC,0,1,1,,,,220210_F1_run6,41,unstable,65
5,6.0,0.3333333333333333,c-GC,1,1,1,,,,220210_F1_run6,41,unstable,67
2,3.0,0.3333333333333333,c-GC,1,1,1,,,,220210_F1_run6,41,unstable,89
5,,0.16666666666666666,c-GC,1,0,3,,,,220210_F1_run6,42,unstable,2
2,3.0,0.5,c-GC,2,1,2,,,,220210_F1_run6,42,unstable,4
1,2.0,0.16666666666666666,c-GC,0,1,1,,,,220210_F1_run6,42,unstable,70
2,3.0,0.3333333333333333,c-GC,1,1,1,,,,220210_F1_run6,42,unstable,86
1,2.0,0.16666666666666666,c-GC,0,1,1,,,,220210_F1_run6,42,unstable,87
1,2.0,0.16666666666666666,c-GC,0,1,1,,,,220210_F1_run6,42,unstable,101
1,2.0,0.16666666666666666,c-GC,0,1,1,,,,220210_F1_run6,42,unstable,108
1,2.0,0.16666666666666666,c-GC,0,1,1,,,,220210_F1_run6,42,unstable,129
1,2.0,0.16666666666666666,c-GC,0,1,1,,,,220210_F1_run6,43,unstable,4
4,6.0,0.3333333333333333,c-GC,1,1,2,,,,220210_F1_run6,43,unstable,5
1,2.0,0.16666666666666666,c-GC,0,1,1,,,,220210_F1_run6,43,unstable,59
4,5.0,0.6666666666666666,c-GC,2,2,2,,,,220210_F1_run6,43,unstable,76
1,2.0,0.16666666666666666,c-GC,0,1,1,,,,220210_F1_run6,43,unstable,84
1,2.0,0.16666666666666666,c-GC,0,1,1,,,,220210_F1_run6,43,unstable,89
1,,0.0,c-GC,0,0,7,,,,220210_F1_run6,43,stable,99
1,3.0,0.3333333333333333,c-GC,1,1,3,,,,220210_F1_run6,43,unstable,107
1,2.0,0.16666666666666666,c-GC,0,1,1,,,,220210_F1_run6,43,unstable,110
1,2.0,0.16666666666666666,c-GC,0,1,1,,,,220210_F1_run6,44,unstable,0
1,2.0,0.16666666666666666,c-GC,0,1,1,,,,220210_F1_run6,44,unstable,4
1,2.0,0.16666666666666666,c-GC,0,1,1,,,,220210_F1_run6,44,unstable,6
4,6.0,0.3333333333333333,c-GC,1,1,2,,,,220210_F1_run6,44,unstable,8
1,2.0,0.16666666666666666,c-GC,0,1,1,,,,220210_F1_run6,44,unstable,28
1,2.0,0.3333333333333333,c-GC,1,1,6,,,,220210_F1_run6,44,unstable,29
1,2.0,0.16666666666666666,c-GC,0,1,1,,,,220210_F1_run6,44,unstable,30
1,2.0,0.16666666666666666,c-GC,0,1,1,,,,220210_F1_run6,44,unstable,37
1,2.0,0.16666666666666666,c-GC,0,1,1,,,,220210_F1_run6,44,unstable,38
3,5.0,0.6666666666666666,c-GC,2,2,3,,,,220210_F1_run6,44,unstable,40
3,,0.16666666666666666,c-GC,1,0,5,,,,220210_F1_run6,44,unstable,42
1,2.0,0.16666666666666666,c-GC,0,1,1,,,,220210_F1_run6,44,unstable,48
6,7.0,0.3333333333333333,c-GC,1,1,1,,,,220210_F1_run6,44,unstable,58
1,,0.0,c-GC,0,0,7,,,,220210_F1_run6,44,stable,60
1,2.0,0.16666666666666666,c-GC,0,1,1,,,,220210_F1_run6,44,unstable,65
1,2.0,0.5,c-GC,1,2,2,,,,220210_F1_run6,44,unstable,67
1,2.0,0.16666666666666666,c-GC,0,1,1,,,,220210_F1_run6,44,unstable,69
1,2.0,0.16666666666666666,c-GC,0,1,1,,,,220210_F1_run6,44,unstable,74
1,2.0,0.16666666666666666,c-GC,0,1,1,,,,220210_F1_run6,44,unstable,80
7,,0.16666666666666666,c-GC,1,0,1,,,,220210_F1_run6,44,novel,82
1,2.0,0.16666666666666666,c-GC,0,1,1,,,,220210_F1_run6,44,unstable,84
1,2.0,0.16666666666666666,c-GC,0,1,1,,,,220210_F1_run6,44,unstable,93
1,2.0,0.16666666666666666,c-GC,0,1,1,,,,220210_F1_run6,44,unstable,94
1,2.0,0.16666666666666666,c-GC,0,1,1,,,,220210_F1_run6,44,unstable,95
1,6.0,0.16666666666666666,c-GC,0,1,5,,,,220210_F1_run6,44,lost,96
1,2.0,0.16666666666666666,c-GC,0,1,1,,,,220210_F1_run6,44,unstable,118
1,2.0,0.16666666666666666,c-GC,0,1,1,,,,220210_F1_run6,44,unstable,119
1,2.0,0.16666666666666666,c-GC,0,1,1,,,,220210_F1_run6,45,unstable,21
1,6.0,0.16666666666666666,c-GC,0,1,5,,,,220210_F1_run6,45,lost,29
1,2.0,0.16666666666666666,c-GC,0,1,1,,,,220210_F1_run6,45,unstable,124
1,5.0,0.3333333333333333,c-GC,1,1,6,,,,220210_F1_run6,46,unstable,6
1,6.0,0.3333333333333333,c-GC,1,1,6,,,,220210_F1_run6,46,unstable,7
6,7.0,0.3333333333333333,c-GC,1,1,1,,,,220210_F1_run6,46,unstable,8
2,4.0,0.3333333333333333,c-GC,1,1,2,,,,220210_F1_run6,46,unstable,22
1,2.0,0.16666666666666666,c-GC,0,1,1,,,,220210_F1_run6,46,unstable,23
1,,0.0,c-GC,0,0,7,,,,220210_F1_run6,46,stable,25
1,3.0,0.16666666666666666,c-GC,0,1,2,,,,220210_F1_run6,46,lost,36
1,,0.0,c-GC,0,0,7,,,,220210_F1_run6,46,stable,37
5,6.0,0.3333333333333333,c-GC,1,1,1,,,,220210_F1_run6,46,unstable,38
2,3.0,0.3333333333333333,c-GC,1,1,1,,,,220210_F1_run6,46,unstable,48
5,6.0,0.3333333333333333,c-GC,1,1,1,,,,220210_F1_run6,46,unstable,51
1,,0.0,c-GC,0,0,7,,,,220210_F1_run6,46,stable,62
2,5.0,0.3333333333333333,c-GC,1,1,3,,,,220210_F1_run6,46,unstable,65
1,3.0,0.3333333333333333,c-GC,1,1,4,,,,220210_F1_run6,46,unstable,68
1,,0.0,c-GC,0,0,7,,,,220210_F1_run6,46,stable,81
1,2.0,0.16666666666666666,c-GC,0,1,1,,,,220210_F1_run6,46,unstable,88
1,,0.0,c-GC,0,0,7,,,,220210_F1_run6,46,stable,100
1,2.0,0.16666666666666666,c-GC,0,1,1,,,,220210_F1_run6,46,unstable,101
1,5.0,0.16666666666666666,c-GC,0,1,4,,,,220210_F1_run6,46,lost,105
2,4.0,0.8333333333333334,c-GC,3,2,4,,,,220210_F1_run6,46,unstable,115
1,2.0,0.16666666666666666,c-GC,0,1,1,,,,220210_F1_run6,46,unstable,120
3,6.0,0.3333333333333333,c-GC,1,1,3,,,,220210_F1_run6,46,unstable,128
1,2.0,0.16666666666666666,c-GC,0,1,1,,,,220210_F1_run6,47,unstable,38
1,2.0,0.16666666666666666,c-GC,0,1,1,,,,220210_F1_run6,47,unstable,40
1,2.0,0.16666666666666666,c-GC,0,1,1,,,,220210_F1_run6,47,unstable,51
5,,0.16666666666666666,c-GC,1,0,3,,,,220210_F1_run6,47,unstable,54
1,2.0,0.16666666666666666,c-GC,0,1,1,,,,220210_F1_run6,47,unstable,58
1,2.0,0.16666666666666666,c-GC,0,1,1,,,,220210_F1_run6,47,unstable,62
3,4.0,0.5,c-GC,2,1,4,,,,220210_F1_run6,47,unstable,74
1,,0.0,c-GC,0,0,7,,,,220210_F1_run6,47,stable,75
3,5.0,0.6666666666666666,c-GC,2,2,3,,,,220210_F1_run6,47,unstable,76
1,2.0,0.5,c-GC,1,2,2,,,,220210_F1_run6,47,unstable,80
5,,0.16666666666666666,c-GC,1,0,3,,,,220210_F1_run6,47,unstable,90
4,5.0,0.5,c-GC,2,1,3,,,,220210_F1_run6,47,unstable,104
5,7.0,0.3333333333333333,c-GC,1,1,2,,,,220210_F1_run6,47,unstable,110
1,7.0,0.16666666666666666,c-GC,0,1,6,,,,220210_F1_run6,47,lost,115
2,,0.16666666666666666,c-GC,1,0,6,,,,220210_F1_run6,47,unstable,117
1,3.0,0.5,c-GC,1,2,4,,,,220210_F1_run6,47,unstable,119
7,,0.16666666666666666,c-GC,1,0,1,,,,220210_F1_run6,47,novel,123
1,2.0,0.16666666666666666,c-GC,0,1,1,,,,220210_F1_run6,48,unstable,10
1,2.0,0.16666666666666666,c-GC,0,1,1,,,,220210_F1_run6,48,unstable,11
1,2.0,0.16666666666666666,c-GC,0,1,1,,,,220210_F1_run6,48,unstable,25
1,2.0,0.3333333333333333,c-GC,1,1,6,,,,220210_F1_run6,48,unstable,47
6,7.0,0.3333333333333333,c-GC,1,1,1,,,,220210_F1_run6,48,unstable,64
7,,0.16666666666666666,c-GC,1,0,1,,,,220210_F1_run6,48,novel,72
4,5.0,0.5,c-GC,2,1,3,,,,220210_F1_run6,48,unstable,90
1,2.0,0.16666666666666666,c-GC,0,1,1,,,,220210_F1_run6,48,unstable,106
4,,0.16666666666666666,c-GC,1,0,4,,,,220210_F1_run6,49,unstable,5
4,5.0,0.5,c-GC,2,1,3,,,,220210_F1_run6,49,unstable,6
2,3.0,0.5,c-GC,2,1,5,,,,220210_F1_run6,49,unstable,10
3,7.0,0.3333333333333333,c-GC,1,1,4,,,,220210_F1_run6,49,unstable,37
7,,0.16666666666666666,c-GC,1,0,1,,,,220210_F1_run6,49,novel,48
5,7.0,0.3333333333333333,c-GC,1,1,2,,,,220210_F1_run6,49,unstable,61
3,6.0,0.5,c-GC,2,1,4,,,,220210_F1_run6,49,unstable,93
1,5.0,0.3333333333333333,c-GC,1,1,6,,,,220210_F1_run6,49,unstable,94
2,3.0,0.6666666666666666,c-GC,2,2,2,,,,220210_F1_run6,49,unstable,100
1,2.0,0.16666666666666666,c-GC,0,1,1,,,,220210_F1_run6,49,unstable,113
1,2.0,0.16666666666666666,c-GC,0,1,1,,,,220210_F1_run6,50,unstable,13
7,,0.16666666666666666,c-GC,1,0,1,,,,220210_F1_run6,50,novel,27
4,5.0,0.3333333333333333,c-GC,1,1,1,,,,220210_F1_run6,50,unstable,34
1,7.0,0.16666666666666666,c-GC,0,1,6,,,,220210_F1_run6,50,lost,38
1,,0.0,c-GC,0,0,7,,,,220210_F1_run6,50,stable,47
1,2.0,0.5,c-GC,1,2,2,,,,220210_F1_run6,50,unstable,48
3,4.0,0.3333333333333333,c-GC,1,1,1,,,,220210_F1_run6,50,unstable,59
1,2.0,0.5,c-GC,1,2,2,,,,220210_F1_run6,50,unstable,69
2,4.0,0.6666666666666666,c-GC,2,2,4,,,,220210_F1_run6,50,unstable,70
1,2.0,0.16666666666666666,c-GC,0,1,1,,,,220210_F1_run6,50,unstable,73
1,,0.0,c-GC,0,0,7,,,,220210_F1_run6,50,stable,74
1,,0.0,c-GC,0,0,7,,,,220210_F1_run6,50,stable,75
1,,0.0,c-GC,0,0,7,,,,220210_F1_run6,50,stable,76
1,5.0,0.3333333333333333,c-GC,1,1,6,,,,220210_F1_run6,50,unstable,77
1,5.0,0.16666666666666666,c-GC,0,1,4,,,,220210_F1_run6,50,lost,78
1,2.0,0.16666666666666666,c-GC,0,1,1,,,,220210_F1_run6,50,unstable,79
3,5.0,0.5,c-GC,2,1,3,,,,220210_F1_run6,50,unstable,80
1,2.0,0.3333333333333333,c-GC,1,1,4,,,,220210_F1_run6,50,unstable,84
4,5.0,0.5,c-GC,2,1,2,,,,220210_F1_run6,50,unstable,85
6,7.0,0.3333333333333333,c-GC,1,1,1,,,,220210_F1_run6,50,unstable,86
4,5.0,0.3333333333333333,c-GC,1,1,1,,,,220210_F1_run6,50,unstable,89
1,,0.0,c-GC,0,0,7,,,,220210_F1_run6,50,stable,93
1,,0.0,c-GC,0,0,7,,,,220210_F1_run6,50,stable,109
3,7.0,0.3333333333333333,c-GC,1,1,4,,,,220210_F1_run6,50,unstable,110
1,2.0,0.6666666666666666,c-GC,2,2,3,,,,220210_F1_run6,50,unstable,119
1,2.0,0.16666666666666666,c-GC,0,1,1,,,,220210_F1_run6,50,unstable,128
3,4.0,0.3333333333333333,c-GC,1,1,1,,,,220210_F1_run6,51,unstable,15
1,2.0,0.5,c-GC,1,2,2,,,,220210_F1_run6,51,unstable,74
5,6.0,0.3333333333333333,c-GC,1,1,1,,,,220210_F1_run6,51,unstable,86
6,,0.16666666666666666,c-GC,1,0,2,,,,220210_F1_run6,51,unstable,106
1,2.0,0.16666666666666666,c-GC,0,1,1,,,,220210_F1_run6,52,unstable,36
1,2.0,0.16666666666666666,c-GC,0,1,1,,,,220210_F1_run6,52,unstable,39
5,6.0,0.3333333333333333,c-GC,1,1,1,,,,220210_F1_run6,52,unstable,61
5,6.0,0.3333333333333333,c-GC,1,1,1,,,,220210_F1_run6,52,unstable,71
4,6.0,0.3333333333333333,c-GC,1,1,2,,,,220210_F1_run6,52,unstable,92
1,,0.0,c-GC,0,0,7,,,,220210_F1_run6,52,stable,93
2,3.0,0.8333333333333334,c-GC,3,2,3,,,,220210_F1_run6,52,unstable,109
1,,0.0,c-GC,0,0,7,,,,220210_F1_run6,53,stable,5
2,3.0,0.6666666666666666,c-GC,2,2,3,,,,220210_F1_run6,53,unstable,6
1,,0.0,c-GC,0,0,7,,,,220210_F1_run6,53,stable,17
6,7.0,0.3333333333333333,c-GC,1,1,1,,,,220210_F1_run6,53,unstable,39
6,,0.16666666666666666,c-GC,1,0,2,,,,220210_F1_run6,53,unstable,44
1,2.0,0.3333333333333333,c-GC,1,1,3,,,,220210_F1_run6,53,unstable,46
1,2.0,0.16666666666666666,c-GC,0,1,1,,,,220210_F1_run6,53,unstable,59
7,,0.16666666666666666,c-GC,1,0,1,,,,220210_F1_run6,53,novel,70
1,3.0,0.5,c-GC,1,2,3,,,,220210_F1_run6,53,unstable,82
1,,0.0,c-GC,0,0,7,,,,220210_F1_run6,53,stable,107
1,,0.0,c-GC,0,0,7,,,,220210_F1_run6,53,stable,108
2,3.0,0.3333333333333333,c-GC,1,1,1,,,,220210_F1_run6,53,unstable,111
1,2.0,0.16666666666666666,c-GC,0,1,1,,,,220210_F1_run6,53,unstable,117
4,,0.16666666666666666,c-GC,1,0,4,,,,220210_F1_run6,53,unstable,120
2,4.0,0.5,c-GC,2,1,5,,,,220210_F1_run6,54,unstable,6
2,5.0,0.6666666666666666,c-GC,2,2,4,,,,220210_F1_run6,54,unstable,7
2,,0.16666666666666666,c-GC,1,0,6,,,,220210_F1_run6,54,unstable,8
2,,0.16666666666666666,c-GC,1,0,6,,,,220210_F1_run6,54,unstable,13
1,3.0,0.16666666666666666,c-GC,0,1,2,,,,220210_F1_run6,54,lost,15
1,,0.0,c-GC,0,0,7,,,,220210_F1_run6,54,stable,27
3,4.0,0.3333333333333333,c-GC,1,1,1,,,,220210_F1_run6,54,unstable,30
1,,0.0,c-GC,0,0,7,,,,220210_F1_run6,54,stable,37
1,,0.0,c-GC,0,0,7,,,,220210_F1_run6,54,stable,38
1,,0.0,c-GC,0,0,7,,,,220210_F1_run6,54,stable,43
4,5.0,0.5,c-GC,2,1,2,,,,220210_F1_run6,54,unstable,48
1,,0.0,c-GC,0,0,7,,,,220210_F1_run6,54,stable,50
6,,0.16666666666666666,c-GC,1,0,2,,,,220210_F1_run6,54,unstable,53
1,2.0,0.16666666666666666,c-GC,0,1,1,,,,220210_F1_run6,54,unstable,64
1,,0.0,c-GC,0,0,7,,,,220210_F1_run6,54,stable,67
5,,0.16666666666666666,c-GC,1,0,3,,,,220210_F1_run6,54,unstable,70
1,,0.0,c-GC,0,0,7,,,,220210_F1_run6,54,stable,74
1,,0.0,c-GC,0,0,7,,,,220210_F1_run6,54,stable,75
1,,0.0,c-GC,0,0,7,,,,220210_F1_run6,54,stable,76
1,,0.0,c-GC,0,0,7,,,,220210_F1_run6,54,stable,77
2,3.0,0.3333333333333333,c-GC,1,1,1,,,,220210_F1_run6,54,unstable,78
3,,0.16666666666666666,c-GC,1,0,5,,,,220210_F1_run6,54,unstable,80
6,,0.16666666666666666,c-GC,1,0,2,,,,220210_F1_run6,54,unstable,86
5,6.0,0.3333333333333333,c-GC,1,1,1,,,,220210_F1_run6,54,unstable,87
1,,0.0,c-GC,0,0,7,,,,220210_F1_run6,54,stable,89
1,,0.0,c-GC,0,0,7,,,,220210_F1_run6,54,stable,94
3,4.0,0.5,c-GC,2,1,3,,,,220210_F1_run6,54,unstable,96
5,,0.16666666666666666,c-GC,1,0,3,,,,220210_F1_run6,54,unstable,98
3,,0.16666666666666666,c-GC,1,0,5,,,,220210_F1_run6,54,unstable,100
1,,0.0,c-GC,0,0,7,,,,220210_F1_run6,54,stable,106
1,,0.0,c-GC,0,0,7,,,,220210_F1_run6,54,stable,107
1,,0.0,c-GC,0,0,7,,,,220210_F1_run6,54,stable,108
1,,0.0,c-GC,0,0,7,,,,220210_F1_run6,54,stable,109
1,2.0,0.16666666666666666,c-GC,0,1,1,,,,220210_F1_run6,54,unstable,117
6,,0.16666666666666666,c-GC,1,0,2,,,,220210_F1_run6,54,unstable,118
1,5.0,0.16666666666666666,c-GC,0,1,4,,,,220210_F1_run6,54,lost,128
3,7.0,0.3333333333333333,c-GC,1,1,4,,,,220210_F1_run6,55,unstable,3
7,,0.16666666666666666,c-GC,1,0,1,,,,220210_F1_run6,55,novel,24
1,2.0,0.16666666666666666,c-GC,0,1,1,,,,220210_F1_run6,55,unstable,73
1,2.0,0.6666666666666666,c-GC,2,2,3,,,,220210_F1_run6,55,unstable,86
1,2.0,0.16666666666666666,c-GC,0,1,1,,,,220210_F1_run6,56,unstable,5
1,2.0,0.16666666666666666,c-GC,0,1,1,,,,220210_F1_run6,56,unstable,47
1,2.0,0.16666666666666666,c-GC,0,1,1,,,,220210_F1_run6,56,unstable,58
1,2.0,0.16666666666666666,c-GC,0,1,1,,,,220210_F1_run6,56,unstable,59
1,2.0,0.16666666666666666,c-GC,0,1,1,,,,220210_F1_run6,56,unstable,75
1,2.0,0.16666666666666666,c-GC,0,1,1,,,,220210_F1_run6,56,unstable,86
1,2.0,0.16666666666666666,c-GC,0,1,1,,,,220210_F1_run6,56,unstable,108
5,6.0,0.3333333333333333,c-GC,1,1,1,,,,220210_F1_run6,56,unstable,115
7,,0.16666666666666666,c-GC,1,0,1,,,,220210_F1_run6,57,novel,34
4,,0.16666666666666666,c-GC,1,0,4,,,,220210_F1_run6,57,unstable,52
1,2.0,0.16666666666666666,c-GC,0,1,1,,,,220210_F1_run6,57,unstable,62
4,6.0,0.5,c-GC,2,1,3,,,,220210_F1_run6,57,unstable,96
1,5.0,0.3333333333333333,c-GC,1,1,6,,,,220210_F1_run6,57,unstable,122
1,3.0,0.16666666666666666,c-GC,0,1,2,,,,220210_F1_run6,58,lost,34
3,5.0,0.3333333333333333,c-GC,1,1,2,,,,220210_F1_run6,58,unstable,52
4,5.0,0.3333333333333333,c-GC,1,1,1,,,,220210_F1_run6,58,unstable,56
1,5.0,0.16666666666666666,c-GC,0,1,4,,,,220210_F1_run6,58,lost,62
1,2.0,0.16666666666666666,c-GC,0,1,1,,,,220210_F1_run6,58,unstable,67
1,3.0,0.5,c-GC,1,2,3,,,,220210_F1_run6,58,unstable,77
1,2.0,0.16666666666666666,c-GC,0,1,1,,,,220210_F1_run6,58,unstable,80
1,2.0,0.16666666666666666,c-GC,0,1,1,,,,220210_F1_run6,58,unstable,98
1,2.0,0.16666666666666666,c-GC,0,1,1,,,,220210_F1_run6,58,unstable,110
2,,0.16666666666666666,c-GC,1,0,6,,,,220210_F1_run6,59,unstable,5
2,4.0,0.5,c-GC,2,1,5,,,,220210_F1_run6,59,unstable,6
1,2.0,0.16666666666666666,c-GC,0,1,1,,,,220210_F1_run6,59,unstable,36
1,2.0,0.3333333333333333,c-GC,1,1,4,,,,220210_F1_run6,59,unstable,43
1,4.0,0.3333333333333333,c-GC,1,1,6,,,,220210_F1_run6,59,unstable,53
1,2.0,0.5,c-GC,1,2,5,,,,220210_F1_run6,59,unstable,60
1,2.0,0.16666666666666666,c-GC,0,1,1,,,,220210_F1_run6,59,unstable,74
1,2.0,0.16666666666666666,c-GC,0,1,1,,,,220210_F1_run6,59,unstable,81
7,,0.16666666666666666,c-GC,1,0,1,,,,220210_F1_run6,59,novel,89
1,2.0,0.16666666666666666,c-GC,0,1,1,,,,220210_F1_run6,59,unstable,98
5,6.0,0.3333333333333333,c-GC,1,1,1,,,,220210_F1_run6,59,unstable,101
3,4.0,0.5,c-GC,2,1,4,,,,220210_F1_run6,59,unstable,113
1,3.0,0.16666666666666666,c-GC,0,1,2,,,,220210_F1_run6,59,lost,114
1,3.0,0.3333333333333333,c-GC,1,1,6,,,,220210_F1_run6,59,unstable,124
7,,0.16666666666666666,c-GC,1,0,1,,,,220210_F1_run6,59,novel,126
1,2.0,0.16666666666666666,c-GC,0,1,1,,,,220210_F1_run6,60,unstable,0
6,7.0,0.3333333333333333,c-GC,1,1,1,,,,220210_F1_run6,60,unstable,5
2,,0.16666666666666666,c-GC,1,0,6,,,,220210_F1_run6,60,unstable,6
7,,0.16666666666666666,c-GC,1,0,1,,,,220210_F1_run6,60,novel,11
1,3.0,0.16666666666666666,c-GC,0,1,2,,,,220210_F1_run6,60,lost,12
1,2.0,0.16666666666666666,c-GC,0,1,1,,,,220210_F1_run6,60,unstable,17
1,2.0,0.16666666666666666,c-GC,0,1,1,,,,220210_F1_run6,60,unstable,37
3,4.0,0.5,c-GC,2,1,4,,,,220210_F1_run6,60,unstable,46
3,4.0,0.5,c-GC,2,1,2,,,,220210_F1_run6,60,unstable,52
1,2.0,0.6666666666666666,c-GC,2,2,3,,,,220210_F1_run6,60,unstable,59
1,3.0,0.16666666666666666,c-GC,0,1,2,,,,220210_F1_run6,60,lost,63
1,,0.0,c-GC,0,0,7,,,,220210_F1_run6,60,stable,66
2,,0.16666666666666666,c-GC,1,0,6,,,,220210_F1_run6,60,unstable,70
2,,0.16666666666666666,c-GC,1,0,6,,,,220210_F1_run6,60,unstable,76
3,4.0,0.5,c-GC,2,1,4,,,,220210_F1_run6,60,unstable,89
2,,0.16666666666666666,c-GC,1,0,6,,,,220210_F1_run6,60,unstable,93
3,4.0,0.3333333333333333,c-GC,1,1,1,,,,220210_F1_run6,60,unstable,104
2,,0.16666666666666666,c-GC,1,0,6,,,,220210_F1_run6,60,unstable,109
2,3.0,0.3333333333333333,c-GC,1,1,1,,,,220210_F1_run6,60,unstable,117
1,,0.0,c-GC,0,0,7,,,,220210_F1_run6,60,stable,124
1,2.0,0.16666666666666666,c-GC,0,1,1,,,,220210_F1_run6,60,unstable,128
3,4.0,0.8333333333333334,c-GC,3,2,3,,,,220210_F1_run6,61,unstable,10
1,2.0,0.16666666666666666,c-GC,0,1,1,,,,220210_F1_run6,61,unstable,38
1,2.0,0.3333333333333333,c-GC,1,1,4,,,,220210_F1_run6,61,unstable,43
1,2.0,0.16666666666666666,c-GC,0,1,1,,,,220210_F1_run6,61,unstable,77
1,2.0,0.16666666666666666,c-GC,0,1,1,,,,220210_F1_run6,61,unstable,83
1,2.0,0.16666666666666666,c-GC,0,1,1,,,,220210_F1_run6,61,unstable,87
1,7.0,0.16666666666666666,c-GC,0,1,6,,,,220210_F1_run6,61,lost,124
1,2.0,0.16666666666666666,c-GC,0,1,1,,,,220210_F1_run6,62,unstable,10
1,2.0,0.16666666666666666,c-GC,0,1,1,,,,220210_F1_run6,62,unstable,58
1,4.0,0.16666666666666666,c-GC,0,1,3,,,,220210_F1_run6,62,lost,70
1,2.0,0.16666666666666666,c-GC,0,1,1,,,,220210_F1_run6,62,unstable,84
7,,0.16666666666666666,c-GC,1,0,1,,,,220210_F1_run6,62,novel,89
1,4.0,0.16666666666666666,c-GC,0,1,3,,,,220210_F1_run6,62,lost,123
7,,0.16666666666666666,c-GC,1,0,1,,,,220210_F1_run6,62,novel,124
1,2.0,0.16666666666666666,c-GC,0,1,1,,,,220210_F1_run6,62,unstable,129
6,7.0,0.3333333333333333,c-GC,1,1,1,,,,220210_F1_run6,63,unstable,2
1,2.0,0.16666666666666666,c-GC,0,1,1,,,,220210_F1_run6,63,unstable,25
1,2.0,0.16666666666666666,c-GC,0,1,1,,,,220210_F1_run6,63,unstable,41
6,7.0,0.3333333333333333,c-GC,1,1,1,,,,220210_F1_run6,63,unstable,65
6,7.0,0.3333333333333333,c-GC,1,1,1,,,,220210_F1_run6,63,unstable,75
1,6.0,0.3333333333333333,c-GC,1,1,6,,,,220210_F1_run6,63,unstable,88
1,2.0,0.16666666666666666,c-GC,0,1,1,,,,220210_F1_run6,63,unstable,98
1,2.0,0.16666666666666666,c-GC,0,1,1,,,,220210_F1_run6,63,unstable,120
6,7.0,0.3333333333333333,c-GC,1,1,1,,,,220210_F1_run6,63,unstable,129
2,4.0,0.3333333333333333,c-GC,1,1,2,,,,220210_F1_run6,64,unstable,15
1,2.0,0.16666666666666666,c-GC,0,1,1,,,,220210_F1_run6,64,unstable,22
2,4.0,0.5,c-GC,2,1,5,,,,220210_F1_run6,64,unstable,37
3,4.0,0.5,c-GC,2,1,4,,,,220210_F1_run6,64,unstable,38
5,7.0,0.3333333333333333,c-GC,1,1,2,,,,220210_F1_run6,64,unstable,48
2,,0.16666666666666666,c-GC,1,0,6,,,,220210_F1_run6,64,unstable,67
2,4.0,0.5,c-GC,2,1,4,,,,220210_F1_run6,64,unstable,69
2,7.0,0.3333333333333333,c-GC,1,1,5,,,,220210_F1_run6,64,unstable,70
1,3.0,0.16666666666666666,c-GC,0,1,2,,,,220210_F1_run6,64,lost,71
4,6.0,0.3333333333333333,c-GC,1,1,2,,,,220210_F1_run6,64,unstable,74
1,,0.0,c-GC,0,0,7,,,,220210_F1_run6,64,stable,75
1,4.0,0.16666666666666666,c-GC,0,1,3,,,,220210_F1_run6,64,lost,82
2,3.0,0.8333333333333334,c-GC,3,2,4,,,,220210_F1_run6,64,unstable,108
1,2.0,0.3333333333333333,c-GC,1,1,6,,,,220210_F1_run6,64,unstable,113
1,2.0,0.16666666666666666,c-GC,0,1,1,,,,220210_F1_run6,64,unstable,115
6,,0.16666666666666666,c-GC,1,0,2,,,,220210_F1_run6,64,unstable,122
6,7.0,0.3333333333333333,c-GC,1,1,1,,,,220210_F1_run6,64,unstable,124
6,,0.16666666666666666,c-GC,1,0,2,,,,220210_F1_run6,64,unstable,129
1,5.0,0.5,c-GC,1,2,5,,,,220210_F1_run6,65,unstable,0
1,,0.0,c-GC,0,0,7,,,,220210_F1_run6,65,stable,2
2,,0.16666666666666666,c-GC,1,0,6,,,,220210_F1_run6,65,unstable,4
1,,0.0,c-GC,0,0,7,,,,220210_F1_run6,65,stable,20
1,,0.0,c-GC,0,0,7,,,,220210_F1_run6,65,stable,22
2,,0.16666666666666666,c-GC,1,0,6,,,,220210_F1_run6,65,unstable,29
1,2.0,0.16666666666666666,c-GC,0,1,1,,,,220210_F1_run6,65,unstable,31
1,2.0,0.16666666666666666,c-GC,0,1,1,,,,220210_F1_run6,65,unstable,41
6,,0.16666666666666666,c-GC,1,0,2,,,,220210_F1_run6,65,unstable,45
7,,0.16666666666666666,c-GC,1,0,1,,,,220210_F1_run6,65,novel,50
1,2.0,0.16666666666666666,c-GC,0,1,1,,,,220210_F1_run6,65,unstable,97
4,5.0,0.3333333333333333,c-GC,1,1,1,,,,220210_F1_run6,65,unstable,100
1,,0.0,c-GC,0,0,7,,,,220210_F1_run6,65,stable,102
1,2.0,0.16666666666666666,c-GC,0,1,1,,,,220210_F1_run6,65,unstable,103
1,2.0,0.16666666666666666,c-GC,0,1,1,,,,220210_F1_run6,65,unstable,106
4,5.0,0.3333333333333333,c-GC,1,1,1,,,,220210_F1_run6,65,unstable,114
1,2.0,0.16666666666666666,c-GC,0,1,1,,,,220210_F1_run6,65,unstable,118
3,4.0,0.3333333333333333,c-GC,1,1,1,,,,220210_F1_run6,65,unstable,126
5,6.0,0.3333333333333333,c-GC,1,1,1,,,,220210_F1_run6,66,unstable,0
2,,0.16666666666666666,c-GC,1,0,6,,,,220210_F1_run6,66,unstable,22
1,,0.0,c-GC,0,0,7,,,,220210_F1_run6,66,stable,24
1,3.0,0.6666666666666666,c-GC,2,2,4,,,,220210_F1_run6,66,unstable,30
1,3.0,0.16666666666666666,c-GC,0,1,2,,,,220210_F1_run6,66,lost,45
2,3.0,0.8333333333333334,c-GC,3,2,3,,,,220210_F1_run6,66,unstable,53
1,2.0,0.16666666666666666,c-GC,0,1,1,,,,220210_F1_run6,66,unstable,60
2,,0.16666666666666666,c-GC,1,0,6,,,,220210_F1_run6,66,unstable,65
1,2.0,0.16666666666666666,c-GC,0,1,1,,,,220210_F1_run6,66,unstable,90
1,,0.0,c-GC,0,0,7,,,,220210_F1_run6,66,stable,100
1,2.0,0.8333333333333334,c-GC,2,3,4,,,,220210_F1_run6,66,unstable,104
1,3.0,0.16666666666666666,c-GC,0,1,2,,,,220210_F1_run6,66,lost,129
1,2.0,0.16666666666666666,c-GC,0,1,1,,,,220210_F1_run6,67,unstable,17
2,5.0,0.3333333333333333,c-GC,1,1,3,,,,220210_F1_run6,67,unstable,19
1,,0.0,c-GC,0,0,7,,,,220210_F1_run6,67,stable,25
7,,0.16666666666666666,c-GC,1,0,1,,,,220210_F1_run6,67,novel,27
1,,0.0,c-GC,0,0,7,,,,220210_F1_run6,67,stable,40
1,,0.0,c-GC,0,0,7,,,,220210_F1_run6,67,stable,44
3,6.0,0.3333333333333333,c-GC,1,1,3,,,,220210_F1_run6,67,unstable,47
7,,0.16666666666666666,c-GC,1,0,1,,,,220210_F1_run6,67,novel,52
2,3.0,0.3333333333333333,c-GC,1,1,1,,,,220210_F1_run6,67,unstable,58
1,2.0,0.16666666666666666,c-GC,0,1,1,,,,220210_F1_run6,67,unstable,60
1,3.0,0.16666666666666666,c-GC,0,1,2,,,,220210_F1_run6,67,lost,62
1,,0.0,c-GC,0,0,7,,,,220210_F1_run6,67,stable,66
2,3.0,0.3333333333333333,c-GC,1,1,1,,,,220210_F1_run6,67,unstable,95
4,6.0,0.3333333333333333,c-GC,1,1,2,,,,220210_F1_run6,67,unstable,97
1,3.0,0.16666666666666666,c-GC,0,1,2,,,,220210_F1_run6,67,lost,100
1,2.0,0.16666666666666666,c-GC,0,1,1,,,,220210_F1_run6,67,unstable,102
1,2.0,0.5,c-GC,1,2,2,,,,220210_F1_run6,67,unstable,103
1,,0.0,c-GC,0,0,7,,,,220210_F1_run6,67,stable,104
1,2.0,0.16666666666666666,c-GC,0,1,1,,,,220210_F1_run6,67,unstable,107
1,,0.0,c-GC,0,0,7,,,,220210_F1_run6,67,stable,126
1,2.0,0.16666666666666666,c-GC,0,1,1,,,,220210_F1_run6,67,unstable,129
1,2.0,0.16666666666666666,c-GC,0,1,1,,,,220210_F1_run6,68,unstable,2
1,2.0,0.16666666666666666,c-GC,0,1,1,,,,220210_F1_run6,68,unstable,6
1,2.0,0.16666666666666666,c-GC,0,1,1,,,,220210_F1_run6,68,unstable,8
1,2.0,0.16666666666666666,c-GC,0,1,1,,,,220210_F1_run6,68,unstable,15
1,2.0,0.16666666666666666,c-GC,0,1,1,,,,220210_F1_run6,68,unstable,16
1,2.0,0.16666666666666666,c-GC,0,1,1,,,,220210_F1_run6,68,unstable,22
1,2.0,0.16666666666666666,c-GC,0,1,1,,,,220210_F1_run6,68,unstable,24
1,2.0,0.16666666666666666,c-GC,0,1,1,,,,220210_F1_run6,68,unstable,25
1,2.0,0.16666666666666666,c-GC,0,1,1,,,,220210_F1_run6,68,unstable,27
1,2.0,0.16666666666666666,c-GC,0,1,1,,,,220210_F1_run6,68,unstable,35
1,2.0,0.16666666666666666,c-GC,0,1,1,,,,220210_F1_run6,68,unstable,38
1,2.0,0.16666666666666666,c-GC,0,1,1,,,,220210_F1_run6,68,unstable,40
1,3.0,0.16666666666666666,c-GC,0,1,2,,,,220210_F1_run6,68,lost,46
1,2.0,0.16666666666666666,c-GC,0,1,1,,,,220210_F1_run6,68,unstable,47
1,7.0,0.16666666666666666,c-GC,0,1,6,,,,220210_F1_run6,68,lost,48
1,2.0,0.16666666666666666,c-GC,0,1,1,,,,220210_F1_run6,68,unstable,50
1,2.0,0.16666666666666666,c-GC,0,1,1,,,,220210_F1_run6,68,unstable,52
1,2.0,0.16666666666666666,c-GC,0,1,1,,,,220210_F1_run6,68,unstable,53
1,2.0,0.16666666666666666,c-GC,0,1,1,,,,220210_F1_run6,68,unstable,54
1,2.0,0.16666666666666666,c-GC,0,1,1,,,,220210_F1_run6,68,unstable,59
1,2.0,0.16666666666666666,c-GC,0,1,1,,,,220210_F1_run6,68,unstable,60
1,4.0,0.3333333333333333,c-GC,1,1,5,,,,220210_F1_run6,68,unstable,64
1,2.0,0.16666666666666666,c-GC,0,1,1,,,,220210_F1_run6,68,unstable,67
1,3.0,0.16666666666666666,c-GC,0,1,2,,,,220210_F1_run6,68,lost,70
1,2.0,0.16666666666666666,c-GC,0,1,1,,,,220210_F1_run6,68,unstable,71
1,,0.0,c-GC,0,0,7,,,,220210_F1_run6,68,stable,73
1,2.0,0.16666666666666666,c-GC,0,1,1,,,,220210_F1_run6,68,unstable,74
1,2.0,0.16666666666666666,c-GC,0,1,1,,,,220210_F1_run6,68,unstable,75
1,2.0,0.16666666666666666,c-GC,0,1,1,,,,220210_F1_run6,68,unstable,76
1,3.0,0.6666666666666666,c-GC,2,2,5,,,,220210_F1_run6,68,unstable,78
1,2.0,0.16666666666666666,c-GC,0,1,1,,,,220210_F1_run6,68,unstable,82
1,2.0,0.16666666666666666,c-GC,0,1,1,,,,220210_F1_run6,68,unstable,84
1,2.0,0.16666666666666666,c-GC,0,1,1,,,,220210_F1_run6,68,unstable,86
1,2.0,0.16666666666666666,c-GC,0,1,1,,,,220210_F1_run6,68,unstable,88
1,2.0,0.16666666666666666,c-GC,0,1,1,,,,220210_F1_run6,68,unstable,89
1,,0.0,c-GC,0,0,7,,,,220210_F1_run6,68,stable,92
1,2.0,0.16666666666666666,c-GC,0,1,1,,,,220210_F1_run6,68,unstable,93
1,2.0,0.16666666666666666,c-GC,0,1,1,,,,220210_F1_run6,68,unstable,94
1,3.0,0.16666666666666666,c-GC,0,1,2,,,,220210_F1_run6,68,lost,105
1,2.0,0.16666666666666666,c-GC,0,1,1,,,,220210_F1_run6,68,unstable,106
1,2.0,0.16666666666666666,c-GC,0,1,1,,,,220210_F1_run6,68,unstable,107
1,2.0,0.16666666666666666,c-GC,0,1,1,,,,220210_F1_run6,68,unstable,108
1,3.0,0.3333333333333333,c-GC,1,1,4,,,,220210_F1_run6,68,unstable,109
1,2.0,0.16666666666666666,c-GC,0,1,1,,,,220210_F1_run6,68,unstable,110
1,2.0,0.16666666666666666,c-GC,0,1,1,,,,220210_F1_run6,68,unstable,117
1,2.0,0.16666666666666666,c-GC,0,1,1,,,,220210_F1_run6,68,unstable,121
1,2.0,0.16666666666666666,c-GC,0,1,1,,,,220210_F1_run6,68,unstable,122
1,2.0,0.16666666666666666,c-GC,0,1,1,,,,220210_F1_run6,68,unstable,125
1,2.0,0.16666666666666666,c-GC,0,1,1,,,,220210_F1_run6,69,unstable,7
2,,0.16666666666666666,c-GC,1,0,6,,,,220210_F1_run6,69,unstable,8
1,2.0,0.16666666666666666,c-GC,0,1,1,,,,220210_F1_run6,69,unstable,21
1,2.0,0.16666666666666666,c-GC,0,1,1,,,,220210_F1_run6,69,unstable,23
1,2.0,0.16666666666666666,c-GC,0,1,1,,,,220210_F1_run6,69,unstable,27
1,4.0,0.5,c-GC,1,2,4,,,,220210_F1_run6,69,unstable,30
1,2.0,0.16666666666666666,c-GC,0,1,1,,,,220210_F1_run6,69,unstable,34
1,2.0,0.16666666666666666,c-GC,0,1,1,,,,220210_F1_run6,69,unstable,36
1,2.0,0.16666666666666666,c-GC,0,1,1,,,,220210_F1_run6,69,unstable,37
1,2.0,0.16666666666666666,c-GC,0,1,1,,,,220210_F1_run6,69,unstable,39
1,2.0,0.16666666666666666,c-GC,0,1,1,,,,220210_F1_run6,69,unstable,40
1,2.0,0.16666666666666666,c-GC,0,1,1,,,,220210_F1_run6,69,unstable,43
1,2.0,0.16666666666666666,c-GC,0,1,1,,,,220210_F1_run6,69,unstable,50
1,2.0,0.3333333333333333,c-GC,1,1,6,,,,220210_F1_run6,69,unstable,53
1,,0.0,c-GC,0,0,7,,,,220210_F1_run6,69,stable,56
1,3.0,0.16666666666666666,c-GC,0,1,2,,,,220210_F1_run6,69,lost,58
1,2.0,0.16666666666666666,c-GC,0,1,1,,,,220210_F1_run6,69,unstable,68
1,2.0,0.16666666666666666,c-GC,0,1,1,,,,220210_F1_run6,69,unstable,70
6,,0.16666666666666666,c-GC,1,0,2,,,,220210_F1_run6,69,unstable,77
1,2.0,0.16666666666666666,c-GC,0,1,1,,,,220210_F1_run6,69,unstable,89
1,2.0,0.16666666666666666,c-GC,0,1,1,,,,220210_F1_run6,69,unstable,93
1,2.0,0.16666666666666666,c-GC,0,1,1,,,,220210_F1_run6,69,unstable,94
1,2.0,0.16666666666666666,c-GC,0,1,1,,,,220210_F1_run6,69,unstable,95
1,4.0,0.16666666666666666,c-GC,0,1,3,,,,220210_F1_run6,69,lost,96
1,3.0,0.6666666666666666,c-GC,2,2,4,,,,220210_F1_run6,69,unstable,107
1,2.0,0.16666666666666666,c-GC,0,1,1,,,,220210_F1_run6,69,unstable,108
2,,0.16666666666666666,c-GC,1,0,6,,,,220210_F1_run6,69,unstable,110
2,3.0,0.6666666666666666,c-GC,2,2,2,,,,220210_F1_run6,69,unstable,120
1,2.0,0.16666666666666666,c-GC,0,1,1,,,,220210_F1_run6,69,unstable,122
1,2.0,0.16666666666666666,c-GC,0,1,1,,,,220210_F1_run6,69,unstable,128
1,,0.0,c-GC,0,0,7,,,,220210_F1_run6,70,stable,5
3,,0.16666666666666666,c-GC,1,0,5,,,,220210_F1_run6,70,unstable,6
1,5.0,0.5,c-GC,1,2,5,,,,220210_F1_run6,70,unstable,8
5,,0.16666666666666666,c-GC,1,0,3,,,,220210_F1_run6,70,unstable,12
1,2.0,0.16666666666666666,c-GC,0,1,1,,,,220210_F1_run6,70,unstable,25
1,,0.0,c-GC,0,0,7,,,,220210_F1_run6,70,stable,27
5,,0.16666666666666666,c-GC,1,0,3,,,,220210_F1_run6,70,unstable,30
6,,0.16666666666666666,c-GC,1,0,2,,,,220210_F1_run6,70,unstable,36
1,,0.0,c-GC,0,0,7,,,,220210_F1_run6,70,stable,37
3,,0.16666666666666666,c-GC,1,0,5,,,,220210_F1_run6,70,unstable,38
1,2.0,0.16666666666666666,c-GC,0,1,1,,,,220210_F1_run6,70,unstable,42
2,5.0,0.5,c-GC,2,1,5,,,,220210_F1_run6,70,unstable,43
2,3.0,0.3333333333333333,c-GC,1,1,1,,,,220210_F1_run6,70,unstable,48
1,3.0,0.3333333333333333,c-GC,1,1,6,,,,220210_F1_run6,70,unstable,53
2,3.0,0.6666666666666666,c-GC,2,2,4,,,,220210_F1_run6,70,unstable,69
6,,0.16666666666666666,c-GC,1,0,2,,,,220210_F1_run6,70,unstable,72
2,3.0,0.3333333333333333,c-GC,1,1,1,,,,220210_F1_run6,70,unstable,74
6,,0.16666666666666666,c-GC,1,0,2,,,,220210_F1_run6,70,unstable,76
2,3.0,0.3333333333333333,c-GC,1,1,1,,,,220210_F1_run6,70,unstable,77
2,,0.16666666666666666,c-GC,1,0,6,,,,220210_F1_run6,70,unstable,80
3,,0.16666666666666666,c-GC,1,0,5,,,,220210_F1_run6,70,unstable,81
3,4.0,0.3333333333333333,c-GC,1,1,1,,,,220210_F1_run6,70,unstable,86
5,6.0,0.3333333333333333,c-GC,1,1,1,,,,220210_F1_run6,70,unstable,89
5,7.0,0.3333333333333333,c-GC,1,1,2,,,,220210_F1_run6,70,unstable,93
2,,0.16666666666666666,c-GC,1,0,6,,,,220210_F1_run6,70,unstable,106
2,3.0,0.3333333333333333,c-GC,1,1,1,,,,220210_F1_run6,70,unstable,107
1,2.0,0.5,c-GC,1,2,2,,,,220210_F1_run6,70,unstable,109
1,,0.0,c-GC,0,0,7,,,,220210_F1_run6,70,stable,110
1,3.0,0.16666666666666666,c-GC,0,1,2,,,,220210_F1_run6,70,lost,120
5,6.0,0.3333333333333333,c-GC,1,1,1,,,,220210_F1_run6,70,unstable,121
1,6.0,0.3333333333333333,c-GC,1,1,6,,,,220210_F1_run6,70,unstable,124
1,2.0,0.16666666666666666,c-GC,0,1,1,,,,220210_F1_run6,70,unstable,129
1,2.0,0.3333333333333333,c-GC,1,1,4,,,,220210_F1_run6,71,unstable,18
2,3.0,0.3333333333333333,c-GC,1,1,1,,,,220210_F1_run6,71,unstable,38
1,2.0,0.8333333333333334,c-GC,2,3,3,,,,220210_F1_run6,71,unstable,46
1,2.0,0.16666666666666666,c-GC,0,1,1,,,,220210_F1_run6,71,unstable,50
1,2.0,0.16666666666666666,c-GC,0,1,1,,,,220210_F1_run6,71,unstable,63
1,2.0,0.16666666666666666,c-GC,0,1,1,,,,220210_F1_run6,71,unstable,76
1,3.0,0.5,c-GC,1,2,3,,,,220210_F1_run6,71,unstable,87
1,2.0,0.16666666666666666,c-GC,0,1,1,,,,220210_F1_run6,71,unstable,89
3,4.0,0.6666666666666666,c-GC,2,2,2,,,,220210_F1_run6,71,unstable,94
1,,0.0,c-GC,0,0,7,,,,220210_F1_run6,71,stable,114
1,3.0,0.3333333333333333,c-GC,1,1,4,,,,220210_F1_run6,71,unstable,120
6,7.0,0.3333333333333333,c-GC,1,1,1,,,,220210_F1_run6,72,unstable,0
1,2.0,0.16666666666666666,c-GC,0,1,1,,,,220210_F1_run6,72,unstable,6
4,6.0,0.5,c-GC,2,1,3,,,,220210_F1_run6,72,unstable,24
1,,0.0,c-GC,0,0,7,,,,220210_F1_run6,72,stable,55
1,,0.0,c-GC,0,0,7,,,,220210_F1_run6,72,stable,75
1,2.0,0.3333333333333333,c-GC,1,1,4,,,,220210_F1_run6,72,unstable,76
1,,0.0,c-GC,0,0,7,,,,220210_F1_run6,72,stable,88
4,5.0,0.3333333333333333,c-GC,1,1,1,,,,220210_F1_run6,72,unstable,107
1,,0.0,c-GC,0,0,7,,,,220210_F1_run6,72,stable,117
1,2.0,0.16666666666666666,c-GC,0,1,1,,,,220210_F1_run6,72,unstable,121
3,7.0,0.3333333333333333,c-GC,1,1,4,,,,220210_F1_run6,73,unstable,5
2,,0.16666666666666666,c-GC,1,0,6,,,,220210_F1_run6,73,unstable,6
2,3.0,0.5,c-GC,2,1,5,,,,220210_F1_run6,73,unstable,8
3,4.0,0.3333333333333333,c-GC,1,1,1,,,,220210_F1_run6,73,unstable,17
2,6.0,0.3333333333333333,c-GC,1,1,4,,,,220210_F1_run6,73,unstable,34
2,3.0,0.3333333333333333,c-GC,1,1,1,,,,220210_F1_run6,73,unstable,36
2,,0.16666666666666666,c-GC,1,0,6,,,,220210_F1_run6,73,unstable,37
2,,0.16666666666666666,c-GC,1,0,6,,,,220210_F1_run6,73,unstable,38
2,,0.16666666666666666,c-GC,1,0,6,,,,220210_F1_run6,73,unstable,43
1,2.0,0.5,c-GC,1,2,2,,,,220210_F1_run6,73,unstable,48
4,5.0,0.3333333333333333,c-GC,1,1,1,,,,220210_F1_run6,73,unstable,49
1,,0.0,c-GC,0,0,7,,,,220210_F1_run6,73,stable,50
3,4.0,0.3333333333333333,c-GC,1,1,1,,,,220210_F1_run6,73,unstable,51
6,,0.16666666666666666,c-GC,1,0,2,,,,220210_F1_run6,73,unstable,59
3,,0.16666666666666666,c-GC,1,0,5,,,,220210_F1_run6,73,unstable,64
4,5.0,0.3333333333333333,c-GC,1,1,1,,,,220210_F1_run6,73,unstable,67
4,5.0,0.3333333333333333,c-GC,1,1,1,,,,220210_F1_run6,73,unstable,69
1,,0.0,c-GC,0,0,7,,,,220210_F1_run6,73,stable,74
2,5.0,0.3333333333333333,c-GC,1,1,3,,,,220210_F1_run6,73,unstable,75
2,5.0,0.3333333333333333,c-GC,1,1,3,,,,220210_F1_run6,73,unstable,76
2,3.0,0.3333333333333333,c-GC,1,1,1,,,,220210_F1_run6,73,unstable,79
1,,0.0,c-GC,0,0,7,,,,220210_F1_run6,73,stable,80
1,7.0,0.16666666666666666,c-GC,0,1,6,,,,220210_F1_run6,73,lost,84
1,,0.0,c-GC,0,0,7,,,,220210_F1_run6,73,stable,85
1,,0.0,c-GC,0,0,7,,,,220210_F1_run6,73,stable,86
2,,0.16666666666666666,c-GC,1,0,6,,,,220210_F1_run6,73,unstable,89
2,,0.16666666666666666,c-GC,1,0,6,,,,220210_F1_run6,73,unstable,94
5,,0.16666666666666666,c-GC,1,0,3,,,,220210_F1_run6,73,unstable,96
2,,0.16666666666666666,c-GC,1,0,6,,,,220210_F1_run6,73,unstable,98
1,,0.0,c-GC,0,0,7,,,,220210_F1_run6,73,stable,106
1,,0.0,c-GC,0,0,7,,,,220210_F1_run6,73,stable,110
5,6.0,0.3333333333333333,c-GC,1,1,1,,,,220210_F1_run6,73,unstable,111
2,,0.16666666666666666,c-GC,1,0,6,,,,220210_F1_run6,73,unstable,118
1,7.0,0.16666666666666666,c-GC,0,1,6,,,,220210_F1_run6,73,lost,126
1,3.0,0.3333333333333333,c-GC,1,1,4,,,,220210_F1_run6,73,unstable,129
2,3.0,0.3333333333333333,c-GC,1,1,1,,,,220210_F1_run6,74,unstable,15
2,,0.16666666666666666,c-GC,1,0,6,,,,220210_F1_run6,74,unstable,38
1,5.0,0.5,c-GC,1,2,5,,,,220210_F1_run6,74,unstable,39
2,4.0,0.3333333333333333,c-GC,1,1,2,,,,220210_F1_run6,74,unstable,44
1,2.0,0.16666666666666666,c-GC,0,1,1,,,,220210_F1_run6,74,unstable,45
2,,0.16666666666666666,c-GC,1,0,6,,,,220210_F1_run6,74,unstable,46
1,,0.0,c-GC,0,0,7,,,,220210_F1_run6,74,stable,47
1,3.0,0.16666666666666666,c-GC,0,1,2,,,,220210_F1_run6,74,lost,48
1,,0.0,c-GC,0,0,7,,,,220210_F1_run6,74,stable,50
2,6.0,0.3333333333333333,c-GC,1,1,4,,,,220210_F1_run6,74,unstable,53
1,,0.0,c-GC,0,0,7,,,,220210_F1_run6,74,stable,54
1,3.0,0.3333333333333333,c-GC,1,1,3,,,,220210_F1_run6,74,unstable,58
1,5.0,0.3333333333333333,c-GC,1,1,5,,,,220210_F1_run6,74,unstable,60
2,3.0,0.3333333333333333,c-GC,1,1,1,,,,220210_F1_run6,74,unstable,63
1,2.0,0.16666666666666666,c-GC,0,1,1,,,,220210_F1_run6,74,unstable,66
2,5.0,0.3333333333333333,c-GC,1,1,3,,,,220210_F1_run6,74,unstable,67
1,2.0,0.16666666666666666,c-GC,0,1,1,,,,220210_F1_run6,74,unstable,68
2,5.0,0.3333333333333333,c-GC,1,1,3,,,,220210_F1_run6,74,unstable,70
1,,0.0,c-GC,0,0,7,,,,220210_F1_run6,74,stable,73
1,,0.0,c-GC,0,0,7,,,,220210_F1_run6,74,stable,75
2,,0.16666666666666666,c-GC,1,0,6,,,,220210_F1_run6,74,unstable,76
2,,0.16666666666666666,c-GC,1,0,6,,,,220210_F1_run6,74,unstable,77
2,,0.16666666666666666,c-GC,1,0,6,,,,220210_F1_run6,74,unstable,78
1,,0.0,c-GC,0,0,7,,,,220210_F1_run6,74,stable,80
1,,0.0,c-GC,0,0,7,,,,220210_F1_run6,74,stable,84
1,5.0,0.16666666666666666,c-GC,0,1,4,,,,220210_F1_run6,74,lost,86
2,,0.16666666666666666,c-GC,1,0,6,,,,220210_F1_run6,74,unstable,89
3,4.0,0.3333333333333333,c-GC,1,1,1,,,,220210_F1_run6,74,unstable,90
1,,0.0,c-GC,0,0,7,,,,220210_F1_run6,74,stable,93
1,,0.0,c-GC,0,0,7,,,,220210_F1_run6,74,stable,94
5,6.0,0.5,c-GC,2,1,2,,,,220210_F1_run6,74,unstable,100
1,,0.0,c-GC,0,0,7,,,,220210_F1_run6,74,stable,107
1,,0.0,c-GC,0,0,7,,,,220210_F1_run6,74,stable,108
1,5.0,0.16666666666666666,c-GC,0,1,4,,,,220210_F1_run6,74,lost,109
1,,0.0,c-GC,0,0,7,,,,220210_F1_run6,74,stable,110
2,4.0,0.3333333333333333,c-GC,1,1,2,,,,220210_F1_run6,74,unstable,117
2,6.0,0.3333333333333333,c-GC,1,1,4,,,,220210_F1_run6,74,unstable,128
6,7.0,0.3333333333333333,c-GC,1,1,1,,,,220210_F1_run6,75,unstable,37
2,3.0,0.3333333333333333,c-GC,1,1,1,,,,220210_F1_run6,75,unstable,47
1,2.0,0.16666666666666666,c-GC,0,1,1,,,,220210_F1_run6,75,unstable,54
6,7.0,0.3333333333333333,c-GC,1,1,1,,,,220210_F1_run6,75,unstable,74
4,,0.16666666666666666,c-GC,1,0,4,,,,220210_F1_run6,75,unstable,84
2,3.0,0.6666666666666666,c-GC,2,2,3,,,,220210_F1_run6,75,unstable,89
1,,0.0,c-GC,0,0,7,,,,220210_F1_run6,75,stable,92
2,3.0,0.3333333333333333,c-GC,1,1,1,,,,220210_F1_run6,75,unstable,102
1,,0.0,c-GC,0,0,7,,,,220210_F1_run6,75,stable,117
2,3.0,0.6666666666666666,c-GC,2,2,3,,,,220210_F1_run6,76,unstable,7
7,,0.16666666666666666,c-GC,1,0,1,,,,220210_F1_run6,76,novel,27
1,2.0,0.16666666666666666,c-GC,0,1,1,,,,220210_F1_run6,76,unstable,28
7,,0.16666666666666666,c-GC,1,0,1,,,,220210_F1_run6,76,novel,30
1,3.0,0.3333333333333333,c-GC,1,1,6,,,,220210_F1_run6,76,unstable,50
3,5.0,0.3333333333333333,c-GC,1,1,2,,,,220210_F1_run6,76,unstable,54
3,5.0,0.3333333333333333,c-GC,1,1,2,,,,220210_F1_run6,76,unstable,77
7,,0.16666666666666666,c-GC,1,0,1,,,,220210_F1_run6,76,novel,80
1,3.0,0.5,c-GC,1,2,4,,,,220210_F1_run6,76,unstable,86
1,4.0,0.3333333333333333,c-GC,1,1,6,,,,220210_F1_run6,76,unstable,94
4,5.0,0.3333333333333333,c-GC,1,1,1,,,,220210_F1_run6,76,unstable,100
1,2.0,0.3333333333333333,c-GC,1,1,5,,,,220210_F1_run6,76,unstable,104
2,3.0,0.6666666666666666,c-GC,2,2,4,,,,220210_F1_run6,76,unstable,117
1,2.0,0.16666666666666666,c-GC,0,1,1,,,,220210_F1_run6,77,unstable,4
1,7.0,0.16666666666666666,c-GC,0,1,6,,,,220210_F1_run6,77,lost,11
1,3.0,0.16666666666666666,c-GC,0,1,2,,,,220210_F1_run6,77,lost,16
1,3.0,0.16666666666666666,c-GC,0,1,2,,,,220210_F1_run6,77,lost,25
7,,0.16666666666666666,c-GC,1,0,1,,,,220210_F1_run6,77,novel,30
7,,0.16666666666666666,c-GC,1,0,1,,,,220210_F1_run6,77,novel,37
6,,0.16666666666666666,c-GC,1,0,2,,,,220210_F1_run6,77,unstable,38
6,,0.16666666666666666,c-GC,1,0,2,,,,220210_F1_run6,77,unstable,39
6,,0.16666666666666666,c-GC,1,0,2,,,,220210_F1_run6,77,unstable,43
7,,0.16666666666666666,c-GC,1,0,1,,,,220210_F1_run6,77,novel,46
7,,0.16666666666666666,c-GC,1,0,1,,,,220210_F1_run6,77,novel,50
2,3.0,0.3333333333333333,c-GC,1,1,1,,,,220210_F1_run6,77,unstable,67
2,,0.16666666666666666,c-GC,1,0,6,,,,220210_F1_run6,77,unstable,78
6,7.0,0.3333333333333333,c-GC,1,1,1,,,,220210_F1_run6,77,unstable,79
1,3.0,0.3333333333333333,c-GC,1,1,6,,,,220210_F1_run6,77,unstable,80
5,7.0,0.3333333333333333,c-GC,1,1,2,,,,220210_F1_run6,77,unstable,83
3,6.0,0.3333333333333333,c-GC,1,1,3,,,,220210_F1_run6,77,unstable,89
5,,0.16666666666666666,c-GC,1,0,3,,,,220210_F1_run6,77,unstable,93
1,,0.0,c-GC,0,0,7,,,,220210_F1_run6,77,stable,94
5,6.0,0.3333333333333333,c-GC,1,1,1,,,,220210_F1_run6,77,unstable,96
3,,0.16666666666666666,c-GC,1,0,5,,,,220210_F1_run6,77,unstable,100
7,,0.16666666666666666,c-GC,1,0,1,,,,220210_F1_run6,77,novel,122
1,,0.0,c-GC,0,0,7,,,,220210_F1_run6,77,stable,123
2,7.0,0.3333333333333333,c-GC,1,1,5,,,,220210_F1_run6,78,unstable,8
1,,0.0,c-GC,0,0,7,,,,220210_F1_run6,78,stable,13
1,4.0,0.5,c-GC,1,2,4,,,,220210_F1_run6,78,unstable,17
1,2.0,0.16666666666666666,c-GC,0,1,1,,,,220210_F1_run6,78,unstable,18
1,,0.0,c-GC,0,0,7,,,,220210_F1_run6,78,stable,37
1,3.0,0.16666666666666666,c-GC,0,1,2,,,,220210_F1_run6,78,lost,39
1,2.0,0.16666666666666666,c-GC,0,1,1,,,,220210_F1_run6,78,unstable,50
1,,0.0,c-GC,0,0,7,,,,220210_F1_run6,78,stable,76
4,5.0,0.5,c-GC,2,1,2,,,,220210_F1_run6,78,unstable,79
1,2.0,0.16666666666666666,c-GC,0,1,1,,,,220210_F1_run6,78,unstable,80
1,4.0,0.16666666666666666,c-GC,0,1,3,,,,220210_F1_run6,78,lost,87
3,4.0,0.3333333333333333,c-GC,1,1,1,,,,220210_F1_run6,78,unstable,88
1,2.0,0.16666666666666666,c-GC,0,1,1,,,,220210_F1_run6,78,unstable,89
4,5.0,0.3333333333333333,c-GC,1,1,1,,,,220210_F1_run6,78,unstable,93
3,4.0,0.3333333333333333,c-GC,1,1,1,,,,220210_F1_run6,78,unstable,94
1,2.0,0.16666666666666666,c-GC,0,1,1,,,,220210_F1_run6,78,unstable,95
1,2.0,0.16666666666666666,c-GC,0,1,1,,,,220210_F1_run6,78,unstable,102
1,2.0,0.3333333333333333,c-GC,1,1,3,,,,220210_F1_run6,78,unstable,116
1,4.0,0.16666666666666666,c-GC,0,1,3,,,,220210_F1_run6,78,lost,122
1,2.0,0.16666666666666666,c-GC,0,1,1,,,,220210_F1_run6,79,unstable,9
4,,0.16666666666666666,c-GC,1,0,4,,,,220210_F1_run6,79,unstable,31
7,,0.16666666666666666,c-GC,1,0,1,,,,220210_F1_run6,79,novel,45
1,3.0,0.16666666666666666,c-GC,0,1,2,,,,220210_F1_run6,79,lost,46
1,2.0,0.16666666666666666,c-GC,0,1,1,,,,220210_F1_run6,79,unstable,48
2,3.0,0.3333333333333333,c-GC,1,1,1,,,,220210_F1_run6,79,unstable,49
5,,0.16666666666666666,c-GC,1,0,3,,,,220210_F1_run6,79,unstable,61
1,2.0,0.16666666666666666,c-GC,0,1,1,,,,220210_F1_run6,79,unstable,80
1,2.0,0.3333333333333333,c-GC,1,1,6,,,,220210_F1_run6,79,unstable,81
1,2.0,0.16666666666666666,c-GC,0,1,1,,,,220210_F1_run6,79,unstable,93
1,2.0,0.16666666666666666,c-GC,0,1,1,,,,220210_F1_run6,79,unstable,114
1,2.0,0.16666666666666666,c-GC,0,1,1,,,,220210_F1_run6,79,unstable,119
1,2.0,0.16666666666666666,c-GC,0,1,1,,,,220210_F1_run6,79,unstable,120
5,,0.16666666666666666,c-GC,1,0,3,,,,220210_F1_run6,80,unstable,9
2,4.0,0.3333333333333333,c-GC,1,1,2,,,,220210_F1_run6,80,unstable,10
1,4.0,0.5,c-GC,1,2,4,,,,220210_F1_run6,80,unstable,34
1,2.0,0.16666666666666666,c-GC,0,1,1,,,,220210_F1_run6,80,unstable,46
2,,0.16666666666666666,c-GC,1,0,6,,,,220210_F1_run6,80,unstable,47
2,3.0,0.3333333333333333,c-GC,1,1,1,,,,220210_F1_run6,80,unstable,50
1,4.0,0.3333333333333333,c-GC,1,1,5,,,,220210_F1_run6,80,unstable,72
1,4.0,0.3333333333333333,c-GC,1,1,5,,,,220210_F1_run6,80,unstable,73
2,,0.16666666666666666,c-GC,1,0,6,,,,220210_F1_run6,80,unstable,74
2,3.0,0.6666666666666666,c-GC,2,2,4,,,,220210_F1_run6,80,unstable,76
1,2.0,0.16666666666666666,c-GC,0,1,1,,,,220210_F1_run6,80,unstable,79
3,,0.16666666666666666,c-GC,1,0,5,,,,220210_F1_run6,80,unstable,85
2,,0.16666666666666666,c-GC,1,0,6,,,,220210_F1_run6,80,unstable,89
1,3.0,0.8333333333333334,c-GC,2,3,4,,,,220210_F1_run6,80,unstable,93
1,2.0,0.5,c-GC,1,2,2,,,,220210_F1_run6,80,unstable,96
4,,0.16666666666666666,c-GC,1,0,4,,,,220210_F1_run6,80,unstable,98
1,2.0,0.16666666666666666,c-GC,0,1,1,,,,220210_F1_run6,80,unstable,107
1,,0.0,c-GC,0,0,7,,,,220210_F1_run6,80,stable,108
1,5.0,0.3333333333333333,c-GC,1,1,6,,,,220210_F1_run6,80,unstable,109
1,5.0,0.16666666666666666,c-GC,0,1,4,,,,220210_F1_run6,80,lost,110
1,2.0,0.16666666666666666,c-GC,0,1,1,,,,220210_F1_run6,80,unstable,111
2,6.0,0.5,c-GC,2,1,5,,,,220210_F1_run6,80,unstable,117
1,2.0,0.16666666666666666,c-GC,0,1,1,,,,220210_F1_run6,80,unstable,120
1,2.0,0.16666666666666666,c-GC,0,1,1,,,,220210_F1_run6,80,unstable,122
1,2.0,0.16666666666666666,c-GC,0,1,1,,,,220210_F1_run6,80,unstable,128
1,2.0,0.16666666666666666,c-GC,0,1,1,,,,220210_F1_run6,80,unstable,129
2,3.0,0.3333333333333333,c-GC,1,1,1,,,,220210_F1_run6,81,unstable,12
7,,0.16666666666666666,c-GC,1,0,1,,,,220210_F1_run6,81,novel,13
1,3.0,0.16666666666666666,c-GC,0,1,2,,,,220210_F1_run6,81,lost,36
2,4.0,0.3333333333333333,c-GC,1,1,2,,,,220210_F1_run6,81,unstable,38
2,3.0,0.3333333333333333,c-GC,1,1,1,,,,220210_F1_run6,81,unstable,39
4,,0.16666666666666666,c-GC,1,0,4,,,,220210_F1_run6,81,unstable,59
2,,0.16666666666666666,c-GC,1,0,6,,,,220210_F1_run6,81,unstable,109
2,3.0,0.8333333333333334,c-GC,3,2,3,,,,220210_F1_run6,81,unstable,128
1,2.0,0.16666666666666666,c-GC,0,1,1,,,,220210_F1_run6,82,unstable,0
1,2.0,0.16666666666666666,c-GC,0,1,1,,,,220210_F1_run6,82,unstable,4
1,2.0,0.16666666666666666,c-GC,0,1,1,,,,220210_F1_run6,82,unstable,9
1,6.0,0.16666666666666666,c-GC,0,1,5,,,,220210_F1_run6,82,lost,10
1,2.0,0.16666666666666666,c-GC,0,1,1,,,,220210_F1_run6,82,unstable,12
2,3.0,0.3333333333333333,c-GC,1,1,1,,,,220210_F1_run6,82,unstable,25
1,2.0,0.16666666666666666,c-GC,0,1,1,,,,220210_F1_run6,82,unstable,30
1,2.0,0.16666666666666666,c-GC,0,1,1,,,,220210_F1_run6,82,unstable,31
1,,0.0,c-GC,0,0,7,,,,220210_F1_run6,82,stable,39
1,2.0,0.16666666666666666,c-GC,0,1,1,,,,220210_F1_run6,82,unstable,43
4,5.0,0.3333333333333333,c-GC,1,1,1,,,,220210_F1_run6,82,unstable,45
1,2.0,0.16666666666666666,c-GC,0,1,1,,,,220210_F1_run6,82,unstable,53
1,2.0,0.3333333333333333,c-GC,1,1,4,,,,220210_F1_run6,82,unstable,54
1,2.0,0.16666666666666666,c-GC,0,1,1,,,,220210_F1_run6,82,unstable,58
1,2.0,0.16666666666666666,c-GC,0,1,1,,,,220210_F1_run6,82,unstable,59
1,2.0,0.16666666666666666,c-GC,0,1,1,,,,220210_F1_run6,82,unstable,66
1,2.0,0.16666666666666666,c-GC,0,1,1,,,,220210_F1_run6,82,unstable,68
1,2.0,0.3333333333333333,c-GC,1,1,2,,,,220210_F1_run6,82,unstable,79
1,2.0,0.16666666666666666,c-GC,0,1,1,,,,220210_F1_run6,82,unstable,110
1,2.0,0.16666666666666666,c-GC,0,1,1,,,,220210_F1_run6,82,unstable,116
1,2.0,0.16666666666666666,c-GC,0,1,1,,,,220210_F1_run6,82,unstable,122
1,,0.0,c-GC,0,0,7,,,,220210_F1_run6,83,stable,8
1,2.0,0.16666666666666666,c-GC,0,1,1,,,,220210_F1_run6,83,unstable,24
1,2.0,0.16666666666666666,c-GC,0,1,1,,,,220210_F1_run6,83,unstable,25
1,2.0,0.5,c-GC,1,2,3,,,,220210_F1_run6,83,unstable,43
4,,0.16666666666666666,c-GC,1,0,4,,,,220210_F1_run6,83,unstable,76
4,,0.16666666666666666,c-GC,1,0,4,,,,220210_F1_run6,83,unstable,84
5,,0.16666666666666666,c-GC,1,0,3,,,,220210_F1_run6,83,unstable,89
5,6.0,0.5,c-GC,2,1,2,,,,220210_F1_run6,83,unstable,96
1,2.0,0.16666666666666666,c-GC,0,1,1,,,,220210_F1_run6,83,unstable,98
1,6.0,0.16666666666666666,c-GC,0,1,5,,,,220210_F1_run6,83,lost,104
4,,0.16666666666666666,c-GC,1,0,4,,,,220210_F1_run6,83,unstable,124
1,2.0,0.5,c-GC,1,2,2,,,,220210_F1_run6,84,unstable,2
1,2.0,0.16666666666666666,c-GC,0,1,1,,,,220210_F1_run6,84,unstable,5
1,3.0,0.5,c-GC,1,2,4,,,,220210_F1_run6,84,unstable,6
1,2.0,0.16666666666666666,c-GC,0,1,1,,,,220210_F1_run6,84,unstable,10
1,2.0,0.5,c-GC,1,2,5,,,,220210_F1_run6,84,unstable,11
6,7.0,0.3333333333333333,c-GC,1,1,1,,,,220210_F1_run6,84,unstable,12
1,2.0,0.16666666666666666,c-GC,0,1,1,,,,220210_F1_run6,84,unstable,16
1,3.0,0.16666666666666666,c-GC,0,1,2,,,,220210_F1_run6,84,lost,21
2,3.0,0.3333333333333333,c-GC,1,1,1,,,,220210_F1_run6,84,unstable,31
1,7.0,0.16666666666666666,c-GC,0,1,6,,,,220210_F1_run6,84,lost,32
1,,0.0,c-GC,0,0,7,,,,220210_F1_run6,84,stable,34
1,3.0,0.16666666666666666,c-GC,0,1,2,,,,220210_F1_run6,84,lost,37
2,3.0,0.6666666666666666,c-GC,2,2,4,,,,220210_F1_run6,84,unstable,40
1,2.0,0.16666666666666666,c-GC,0,1,1,,,,220210_F1_run6,84,unstable,42
2,,0.16666666666666666,c-GC,1,0,6,,,,220210_F1_run6,84,unstable,47
1,2.0,0.16666666666666666,c-GC,0,1,1,,,,220210_F1_run6,84,unstable,49
1,,0.0,c-GC,0,0,7,,,,220210_F1_run6,84,stable,50
1,2.0,0.16666666666666666,c-GC,0,1,1,,,,220210_F1_run6,84,unstable,51
1,2.0,0.16666666666666666,c-GC,0,1,1,,,,220210_F1_run6,84,unstable,57
1,,0.0,c-GC,0,0,7,,,,220210_F1_run6,84,stable,62
6,7.0,0.3333333333333333,c-GC,1,1,1,,,,220210_F1_run6,84,unstable,66
2,3.0,0.3333333333333333,c-GC,1,1,1,,,,220210_F1_run6,84,unstable,73
2,5.0,0.3333333333333333,c-GC,1,1,3,,,,220210_F1_run6,84,unstable,75
1,,0.0,c-GC,0,0,7,,,,220210_F1_run6,84,stable,76
1,2.0,0.16666666666666666,c-GC,0,1,1,,,,220210_F1_run6,84,unstable,85
1,2.0,0.16666666666666666,c-GC,0,1,1,,,,220210_F1_run6,84,unstable,86
2,3.0,0.6666666666666666,c-GC,2,2,2,,,,220210_F1_run6,84,unstable,89
1,3.0,0.5,c-GC,1,2,4,,,,220210_F1_run6,84,unstable,93
1,2.0,0.16666666666666666,c-GC,0,1,1,,,,220210_F1_run6,84,unstable,106
4,5.0,0.3333333333333333,c-GC,1,1,1,,,,220210_F1_run6,84,unstable,117
1,2.0,0.16666666666666666,c-GC,0,1,1,,,,220210_F1_run6,84,unstable,121
1,2.0,0.16666666666666666,c-GC,0,1,1,,,,220210_F1_run6,84,unstable,124
6,7.0,0.3333333333333333,c-GC,1,1,1,,,,220210_F1_run6,85,unstable,12
1,2.0,0.5,c-GC,1,2,2,,,,220210_F1_run6,85,unstable,46
1,5.0,0.16666666666666666,c-GC,0,1,4,,,,220210_F1_run6,85,lost,54
1,2.0,0.5,c-GC,1,2,3,,,,220210_F1_run6,85,unstable,64
1,2.0,0.3333333333333333,c-GC,1,1,2,,,,220210_F1_run6,85,unstable,72
1,,0.0,c-GC,0,0,7,,,,220210_F1_run6,85,stable,75
1,4.0,0.16666666666666666,c-GC,0,1,3,,,,220210_F1_run6,85,lost,80
2,,0.16666666666666666,c-GC,1,0,6,,,,220210_F1_run6,85,unstable,88
1,5.0,0.16666666666666666,c-GC,0,1,4,,,,220210_F1_run6,85,lost,102
5,6.0,0.5,c-GC,2,1,2,,,,220210_F1_run6,85,unstable,106
7,,0.16666666666666666,c-GC,1,0,1,,,,220210_F1_run6,85,novel,111
1,4.0,0.3333333333333333,c-GC,1,1,6,,,,220210_F1_run6,85,unstable,117
3,,0.16666666666666666,c-GC,1,0,5,,,,220210_F1_run6,85,unstable,118
3,4.0,0.3333333333333333,c-GC,1,1,1,,,,220210_F1_run6,85,unstable,128
3,,0.16666666666666666,c-GC,1,0,5,,,,220210_F1_run6,86,unstable,6
4,,0.16666666666666666,c-GC,1,0,4,,,,220210_F1_run6,86,unstable,8
1,2.0,0.16666666666666666,c-GC,0,1,1,,,,220210_F1_run6,86,unstable,17
1,2.0,0.16666666666666666,c-GC,0,1,1,,,,220210_F1_run6,86,unstable,18
1,2.0,0.16666666666666666,c-GC,0,1,1,,,,220210_F1_run6,86,unstable,21
1,3.0,0.16666666666666666,c-GC,0,1,2,,,,220210_F1_run6,86,lost,26
7,,0.16666666666666666,c-GC,1,0,1,,,,220210_F1_run6,86,novel,29
7,,0.16666666666666666,c-GC,1,0,1,,,,220210_F1_run6,86,novel,30
6,,0.16666666666666666,c-GC,1,0,2,,,,220210_F1_run6,86,unstable,35
1,2.0,0.5,c-GC,1,2,2,,,,220210_F1_run6,86,unstable,47
3,,0.16666666666666666,c-GC,1,0,5,,,,220210_F1_run6,86,unstable,53
5,6.0,0.3333333333333333,c-GC,1,1,1,,,,220210_F1_run6,86,unstable,54
1,7.0,0.16666666666666666,c-GC,0,1,6,,,,220210_F1_run6,86,lost,55
3,4.0,0.5,c-GC,2,1,2,,,,220210_F1_run6,86,unstable,65
2,3.0,0.3333333333333333,c-GC,1,1,1,,,,220210_F1_run6,86,unstable,74
1,,0.0,c-GC,0,0,7,,,,220210_F1_run6,86,stable,75
1,,0.0,c-GC,0,0,7,,,,220210_F1_run6,86,stable,76
2,,0.16666666666666666,c-GC,1,0,6,,,,220210_F1_run6,86,unstable,77
1,,0.0,c-GC,0,0,7,,,,220210_F1_run6,86,stable,84
2,3.0,0.6666666666666666,c-GC,2,2,2,,,,220210_F1_run6,86,unstable,89
1,3.0,0.3333333333333333,c-GC,1,1,6,,,,220210_F1_run6,86,unstable,95
1,2.0,0.16666666666666666,c-GC,0,1,1,,,,220210_F1_run6,86,unstable,103
4,,0.16666666666666666,c-GC,1,0,4,,,,220210_F1_run6,86,unstable,107
1,2.0,0.16666666666666666,c-GC,0,1,1,,,,220210_F1_run6,86,unstable,115
2,3.0,0.3333333333333333,c-GC,1,1,1,,,,220210_F1_run6,86,unstable,129
1,2.0,0.16666666666666666,c-GC,0,1,1,,,,220210_F1_run6,87,unstable,30
1,5.0,0.16666666666666666,c-GC,0,1,4,,,,220210_F1_run6,87,lost,61
3,,0.16666666666666666,c-GC,1,0,5,,,,220210_F1_run6,87,unstable,75
1,,0.0,c-GC,0,0,7,,,,220210_F1_run6,87,stable,78
6,,0.16666666666666666,c-GC,1,0,2,,,,220210_F1_run6,87,unstable,79
1,2.0,0.6666666666666666,c-GC,2,2,4,,,,220210_F1_run6,87,unstable,88
1,2.0,0.16666666666666666,c-GC,0,1,1,,,,220210_F1_run6,87,unstable,90
1,3.0,0.3333333333333333,c-GC,1,1,5,,,,220210_F1_run6,87,unstable,95
1,3.0,0.16666666666666666,c-GC,0,1,2,,,,220210_F1_run6,87,lost,104
5,6.0,0.3333333333333333,c-GC,1,1,1,,,,220210_F1_run6,88,unstable,6
1,2.0,0.16666666666666666,c-GC,0,1,1,,,,220210_F1_run6,88,unstable,50
3,5.0,0.3333333333333333,c-GC,1,1,2,,,,220210_F1_run6,88,unstable,66
3,4.0,0.5,c-GC,2,1,4,,,,220210_F1_run6,88,unstable,67
1,,0.0,c-GC,0,0,7,,,,220210_F1_run6,88,stable,86
1,2.0,0.8333333333333334,c-GC,2,3,3,,,,220210_F1_run6,88,unstable,108
1,5.0,0.16666666666666666,c-GC,0,1,4,,,,220210_F1_run6,89,lost,5
2,3.0,0.6666666666666666,c-GC,2,2,2,,,,220210_F1_run6,89,unstable,6
1,3.0,0.16666666666666666,c-GC,0,1,2,,,,220210_F1_run6,89,lost,7
2,5.0,0.6666666666666666,c-GC,2,2,4,,,,220210_F1_run6,89,unstable,8
1,2.0,0.16666666666666666,c-GC,0,1,1,,,,220210_F1_run6,89,unstable,22
1,6.0,0.16666666666666666,c-GC,0,1,5,,,,220210_F1_run6,89,lost,27
1,2.0,0.16666666666666666,c-GC,0,1,1,,,,220210_F1_run6,89,unstable,29
2,7.0,0.3333333333333333,c-GC,1,1,5,,,,220210_F1_run6,89,unstable,34
1,2.0,0.16666666666666666,c-GC,0,1,1,,,,220210_F1_run6,89,unstable,35
1,,0.0,c-GC,0,0,7,,,,220210_F1_run6,89,stable,37
1,,0.0,c-GC,0,0,7,,,,220210_F1_run6,89,stable,38
1,,0.0,c-GC,0,0,7,,,,220210_F1_run6,89,stable,46
1,,0.0,c-GC,0,0,7,,,,220210_F1_run6,89,stable,47
1,,0.0,c-GC,0,0,7,,,,220210_F1_run6,89,stable,48
1,,0.0,c-GC,0,0,7,,,,220210_F1_run6,89,stable,50
4,5.0,0.5,c-GC,2,1,3,,,,220210_F1_run6,89,unstable,53
1,,0.0,c-GC,0,0,7,,,,220210_F1_run6,89,stable,54
5,,0.16666666666666666,c-GC,1,0,3,,,,220210_F1_run6,89,unstable,59
7,,0.16666666666666666,c-GC,1,0,1,,,,220210_F1_run6,89,novel,60
2,3.0,0.3333333333333333,c-GC,1,1,1,,,,220210_F1_run6,89,unstable,64
4,5.0,0.3333333333333333,c-GC,1,1,1,,,,220210_F1_run6,89,unstable,66
1,,0.0,c-GC,0,0,7,,,,220210_F1_run6,89,stable,67
1,,0.0,c-GC,0,0,7,,,,220210_F1_run6,89,stable,68
7,,0.16666666666666666,c-GC,1,0,1,,,,220210_F1_run6,89,novel,69
1,,0.0,c-GC,0,0,7,,,,220210_F1_run6,89,stable,74
2,4.0,0.5,c-GC,2,1,5,,,,220210_F1_run6,89,unstable,75
1,,0.0,c-GC,0,0,7,,,,220210_F1_run6,89,stable,76
1,6.0,0.3333333333333333,c-GC,1,1,6,,,,220210_F1_run6,89,unstable,77
1,,0.0,c-GC,0,0,7,,,,220210_F1_run6,89,stable,78
1,,0.0,c-GC,0,0,7,,,,220210_F1_run6,89,stable,79
1,,0.0,c-GC,0,0,7,,,,220210_F1_run6,89,stable,80
7,,0.16666666666666666,c-GC,1,0,1,,,,220210_F1_run6,89,novel,82
2,,0.16666666666666666,c-GC,1,0,6,,,,220210_F1_run6,89,unstable,84
1,,0.0,c-GC,0,0,7,,,,220210_F1_run6,89,stable,86
1,3.0,0.16666666666666666,c-GC,0,1,2,,,,220210_F1_run6,89,lost,88
1,,0.0,c-GC,0,0,7,,,,220210_F1_run6,89,stable,90
1,,0.0,c-GC,0,0,7,,,,220210_F1_run6,89,stable,93
1,,0.0,c-GC,0,0,7,,,,220210_F1_run6,89,stable,94
1,2.0,0.16666666666666666,c-GC,0,1,1,,,,220210_F1_run6,89,unstable,96
2,3.0,0.6666666666666666,c-GC,2,2,3,,,,220210_F1_run6,89,unstable,99
2,4.0,0.3333333333333333,c-GC,1,1,2,,,,220210_F1_run6,89,unstable,100
4,5.0,0.3333333333333333,c-GC,1,1,1,,,,220210_F1_run6,89,unstable,102
2,,0.16666666666666666,c-GC,1,0,6,,,,220210_F1_run6,89,unstable,106
1,,0.0,c-GC,0,0,7,,,,220210_F1_run6,89,stable,107
1,6.0,0.3333333333333333,c-GC,1,1,6,,,,220210_F1_run6,89,unstable,109
1,,0.0,c-GC,0,0,7,,,,220210_F1_run6,89,stable,110
1,,0.0,c-GC,0,0,7,,,,220210_F1_run6,89,stable,114
1,,0.0,c-GC,0,0,7,,,,220210_F1_run6,89,stable,116
4,5.0,0.3333333333333333,c-GC,1,1,1,,,,220210_F1_run6,89,unstable,123
1,2.0,0.5,c-GC,1,2,3,,,,220210_F1_run6,89,unstable,124
1,2.0,0.16666666666666666,c-GC,0,1,1,,,,220210_F1_run6,90,unstable,49
4,7.0,0.3333333333333333,c-GC,1,1,3,,,,220210_F1_run6,90,unstable,50
1,2.0,0.16666666666666666,c-GC,0,1,1,,,,220210_F1_run6,90,unstable,51
1,,0.0,c-GC,0,0,7,,,,220210_F1_run6,90,stable,54
1,2.0,0.16666666666666666,c-GC,0,1,1,,,,220210_F1_run6,90,unstable,71
1,2.0,0.16666666666666666,c-GC,0,1,1,,,,220210_F1_run6,90,unstable,72
2,,0.16666666666666666,c-GC,1,0,6,,,,220210_F1_run6,90,unstable,74
2,,0.16666666666666666,c-GC,1,0,6,,,,220210_F1_run6,90,unstable,75
2,,0.16666666666666666,c-GC,1,0,6,,,,220210_F1_run6,90,unstable,77
3,4.0,0.3333333333333333,c-GC,1,1,1,,,,220210_F1_run6,90,unstable,78
1,2.0,0.16666666666666666,c-GC,0,1,1,,,,220210_F1_run6,90,unstable,87
2,3.0,0.3333333333333333,c-GC,1,1,1,,,,220210_F1_run6,90,unstable,92
1,2.0,0.16666666666666666,c-GC,0,1,1,,,,220210_F1_run6,90,unstable,103
2,,0.16666666666666666,c-GC,1,0,6,,,,220210_F1_run6,90,unstable,110
2,,0.16666666666666666,c-GC,1,0,6,,,,220210_F1_run6,90,unstable,115
3,4.0,0.3333333333333333,c-GC,1,1,1,,,,220210_F1_run6,90,unstable,117
1,2.0,0.16666666666666666,c-GC,0,1,1,,,,220210_F1_run6,91,unstable,33
1,2.0,0.16666666666666666,c-GC,0,1,1,,,,220210_F1_run6,91,unstable,49
1,2.0,0.16666666666666666,c-GC,0,1,1,,,,220210_F1_run6,91,unstable,51
1,2.0,0.16666666666666666,c-GC,0,1,1,,,,220210_F1_run6,91,unstable,66
1,2.0,0.16666666666666666,c-GC,0,1,1,,,,220210_F1_run6,91,unstable,83
1,2.0,0.16666666666666666,c-GC,0,1,1,,,,220210_F1_run6,91,unstable,96
2,3.0,0.8333333333333334,c-GC,3,2,4,,,,220210_F1_run6,91,unstable,98
1,2.0,0.16666666666666666,c-GC,0,1,1,,,,220210_F1_run6,91,unstable,116
4,,0.16666666666666666,c-GC,1,0,4,,,,220210_F1_run6,92,unstable,34
3,,0.16666666666666666,c-GC,1,0,5,,,,220210_F1_run6,92,unstable,37
6,,0.16666666666666666,c-GC,1,0,2,,,,220210_F1_run6,92,unstable,79
6,7.0,0.3333333333333333,c-GC,1,1,1,,,,220210_F1_run6,92,unstable,91
4,5.0,0.5,c-GC,2,1,2,,,,220210_F1_run6,93,unstable,47
1,2.0,0.16666666666666666,c-GC,0,1,1,,,,220210_F1_run6,93,unstable,63
1,2.0,0.16666666666666666,c-GC,0,1,1,,,,220210_F1_run6,93,unstable,65
1,2.0,0.6666666666666666,c-GC,2,2,4,,,,220210_F1_run6,93,unstable,96
3,4.0,0.3333333333333333,c-GC,1,1,1,,,,220210_F1_run6,93,unstable,122
1,7.0,0.16666666666666666,c-GC,0,1,6,,,,220210_F1_run6,94,lost,5
1,3.0,0.16666666666666666,c-GC,0,1,2,,,,220210_F1_run6,94,lost,11
7,,0.16666666666666666,c-GC,1,0,1,,,,220210_F1_run6,94,novel,33
1,5.0,0.3333333333333333,c-GC,1,1,6,,,,220210_F1_run6,94,unstable,47
1,3.0,0.16666666666666666,c-GC,0,1,2,,,,220210_F1_run6,94,lost,49
2,3.0,0.6666666666666666,c-GC,2,2,4,,,,220210_F1_run6,94,unstable,76
1,2.0,0.16666666666666666,c-GC,0,1,1,,,,220210_F1_run6,94,unstable,80
3,4.0,0.3333333333333333,c-GC,1,1,1,,,,220210_F1_run6,94,unstable,81
1,2.0,0.16666666666666666,c-GC,0,1,1,,,,220210_F1_run6,94,unstable,84
2,,0.16666666666666666,c-GC,1,0,6,,,,220210_F1_run6,94,unstable,90
4,5.0,0.5,c-GC,2,1,3,,,,220210_F1_run6,94,unstable,98
1,2.0,0.16666666666666666,c-GC,0,1,1,,,,220210_F1_run6,94,unstable,103
5,,0.16666666666666666,c-GC,1,0,3,,,,220210_F1_run6,94,unstable,109
7,,0.16666666666666666,c-GC,1,0,1,,,,220210_F1_run6,94,novel,125
1,4.0,0.6666666666666666,c-GC,2,2,5,,,,220210_F1_run6,95,unstable,21
1,2.0,0.16666666666666666,c-GC,0,1,1,,,,220210_F1_run6,95,unstable,77
1,3.0,0.8333333333333334,c-GC,2,3,4,,,,220210_F1_run6,95,unstable,86
1,2.0,0.3333333333333333,c-GC,1,1,3,,,,220210_F1_run6,95,unstable,115
1,2.0,0.16666666666666666,c-GC,0,1,1,,,,220210_F1_run6,95,unstable,119
5,,0.16666666666666666,c-GC,1,0,3,,,,220210_F1_run6,96,unstable,6
6,7.0,0.3333333333333333,c-GC,1,1,1,,,,220210_F1_run6,96,unstable,12
1,2.0,0.16666666666666666,c-GC,0,1,1,,,,220210_F1_run6,96,unstable,23
1,,0.0,c-GC,0,0,7,,,,220210_F1_run6,96,stable,26
1,2.0,0.16666666666666666,c-GC,0,1,1,,,,220210_F1_run6,96,unstable,30
1,,0.0,c-GC,0,0,7,,,,220210_F1_run6,96,stable,39
7,,0.16666666666666666,c-GC,1,0,1,,,,220210_F1_run6,96,novel,57
1,2.0,0.16666666666666666,c-GC,0,1,1,,,,220210_F1_run6,96,unstable,58
2,3.0,0.5,c-GC,2,1,2,,,,220210_F1_run6,96,unstable,64
1,2.0,0.16666666666666666,c-GC,0,1,1,,,,220210_F1_run6,96,unstable,68
1,2.0,0.5,c-GC,1,2,2,,,,220210_F1_run6,96,unstable,69
1,2.0,0.16666666666666666,c-GC,0,1,1,,,,220210_F1_run6,96,unstable,76
1,2.0,0.16666666666666666,c-GC,0,1,1,,,,220210_F1_run6,96,unstable,80
1,2.0,0.16666666666666666,c-GC,0,1,1,,,,220210_F1_run6,96,unstable,100
1,2.0,0.16666666666666666,c-GC,0,1,1,,,,220210_F1_run6,96,unstable,101
1,2.0,0.16666666666666666,c-GC,0,1,1,,,,220210_F1_run6,96,unstable,107
1,2.0,0.16666666666666666,c-GC,0,1,1,,,,220210_F1_run6,96,unstable,122
1,,0.0,c-GC,0,0,7,,,,220210_F1_run6,96,stable,123
1,2.0,0.16666666666666666,c-GC,0,1,1,,,,220210_F1_run6,96,unstable,128
1,2.0,0.16666666666666666,c-GC,0,1,1,,,,220210_F1_run6,97,unstable,27
1,3.0,0.16666666666666666,c-GC,0,1,2,,,,220210_F1_run6,97,lost,58
1,3.0,0.16666666666666666,c-GC,0,1,2,,,,220210_F1_run6,97,lost,114
1,,0.0,c-GC,0,0,7,,,,220210_F1_run6,97,stable,119
1,2.0,0.6666666666666666,c-GC,2,2,4,,,,220210_F1_run6,98,unstable,34
1,2.0,0.16666666666666666,c-GC,0,1,1,,,,220210_F1_run6,98,unstable,36
6,7.0,0.3333333333333333,c-GC,1,1,1,,,,220210_F1_run6,98,unstable,40
1,2.0,0.3333333333333333,c-GC,1,1,5,,,,220210_F1_run6,98,unstable,49
1,2.0,0.16666666666666666,c-GC,0,1,1,,,,220210_F1_run6,98,unstable,56
1,2.0,0.5,c-GC,1,2,4,,,,220210_F1_run6,98,unstable,64
3,4.0,0.5,c-GC,2,1,3,,,,220210_F1_run6,98,unstable,68
1,,0.0,c-GC,0,0,7,,,,220210_F1_run6,98,stable,72
1,2.0,0.16666666666666666,c-GC,0,1,1,,,,220210_F1_run6,98,unstable,73
1,2.0,0.16666666666666666,c-GC,0,1,1,,,,220210_F1_run6,98,unstable,110
2,,0.16666666666666666,c-GC,1,0,6,,,,220210_F1_run6,98,unstable,113
1,2.0,0.16666666666666666,c-GC,0,1,1,,,,220210_F1_run6,98,unstable,123
1,2.0,0.16666666666666666,c-GC,0,1,1,,,,220210_F1_run6,98,unstable,126
5,6.0,0.3333333333333333,c-GC,1,1,1,,,,220210_F1_run6,99,unstable,2
2,3.0,0.3333333333333333,c-GC,1,1,1,,,,220210_F1_run6,99,unstable,6
2,3.0,0.3333333333333333,c-GC,1,1,1,,,,220210_F1_run6,99,unstable,12
1,,0.0,c-GC,0,0,7,,,,220210_F1_run6,99,stable,31
1,,0.0,c-GC,0,0,7,,,,220210_F1_run6,99,stable,43
2,3.0,0.3333333333333333,c-GC,1,1,1,,,,220210_F1_run6,99,unstable,64
1,,0.0,c-GC,0,0,7,,,,220210_F1_run6,99,stable,65
4,6.0,0.5,c-GC,2,1,3,,,,220210_F1_run6,99,unstable,76
6,7.0,0.3333333333333333,c-GC,1,1,1,,,,220210_F1_run6,99,unstable,82
4,7.0,0.3333333333333333,c-GC,1,1,3,,,,220210_F1_run6,99,unstable,88
2,3.0,0.6666666666666666,c-GC,2,2,2,,,,220210_F1_run6,99,unstable,89
1,,0.0,c-GC,0,0,7,,,,220210_F1_run6,99,stable,114
5,6.0,0.3333333333333333,c-GC,1,1,1,,,,220210_F1_run6,100,unstable,1
1,2.0,0.16666666666666666,c-GC,0,1,1,,,,220210_F1_run6,100,unstable,14
1,2.0,0.16666666666666666,c-GC,0,1,1,,,,220210_F1_run6,100,unstable,32
1,2.0,0.6666666666666666,c-GC,2,2,3,,,,220210_F1_run6,100,unstable,44
3,6.0,0.3333333333333333,c-GC,1,1,3,,,,220210_F1_run6,100,unstable,62
1,2.0,0.16666666666666666,c-GC,0,1,1,,,,220210_F1_run6,100,unstable,66
1,2.0,0.5,c-GC,1,2,2,,,,220210_F1_run6,101,unstable,4
1,4.0,0.5,c-GC,1,2,4,,,,220210_F1_run6,101,unstable,6
1,2.0,0.16666666666666666,c-GC,0,1,1,,,,220210_F1_run6,101,unstable,10
6,7.0,0.3333333333333333,c-GC,1,1,1,,,,220210_F1_run6,101,unstable,28
1,2.0,0.16666666666666666,c-GC,0,1,1,,,,220210_F1_run6,101,unstable,37
1,3.0,0.16666666666666666,c-GC,0,1,2,,,,220210_F1_run6,101,lost,42
1,2.0,0.16666666666666666,c-GC,0,1,1,,,,220210_F1_run6,101,unstable,46
1,2.0,0.16666666666666666,c-GC,0,1,1,,,,220210_F1_run6,101,unstable,61
1,2.0,0.16666666666666666,c-GC,0,1,1,,,,220210_F1_run6,101,unstable,99
7,,0.16666666666666666,c-GC,1,0,1,,,,220210_F1_run6,101,novel,111
1,2.0,0.16666666666666666,c-GC,0,1,1,,,,220210_F1_run6,102,unstable,0
7,,0.16666666666666666,c-GC,1,0,1,,,,220210_F1_run6,102,novel,5
1,2.0,0.6666666666666666,c-GC,2,2,5,,,,220210_F1_run6,102,unstable,7
1,2.0,0.16666666666666666,c-GC,0,1,1,,,,220210_F1_run6,102,unstable,21
3,6.0,0.5,c-GC,2,1,4,,,,220210_F1_run6,102,unstable,37
2,,0.16666666666666666,c-GC,1,0,6,,,,220210_F1_run6,102,unstable,39
3,6.0,0.3333333333333333,c-GC,1,1,3,,,,220210_F1_run6,102,unstable,40
1,2.0,0.16666666666666666,c-GC,0,1,1,,,,220210_F1_run6,102,unstable,43
1,4.0,0.16666666666666666,c-GC,0,1,3,,,,220210_F1_run6,102,lost,50
7,,0.16666666666666666,c-GC,1,0,1,,,,220210_F1_run6,102,novel,53
1,,0.0,c-GC,0,0,7,,,,220210_F1_run6,102,stable,65
1,2.0,0.16666666666666666,c-GC,0,1,1,,,,220210_F1_run6,102,unstable,68
1,4.0,0.16666666666666666,c-GC,0,1,3,,,,220210_F1_run6,102,lost,73
1,2.0,0.6666666666666666,c-GC,2,2,4,,,,220210_F1_run6,102,unstable,74
2,4.0,0.5,c-GC,2,1,5,,,,220210_F1_run6,102,unstable,77
6,7.0,0.3333333333333333,c-GC,1,1,1,,,,220210_F1_run6,102,unstable,79
1,,0.0,c-GC,0,0,7,,,,220210_F1_run6,102,stable,86
1,,0.0,c-GC,0,0,7,,,,220210_F1_run6,102,stable,90
1,2.0,0.16666666666666666,c-GC,0,1,1,,,,220210_F1_run6,102,unstable,91
5,,0.16666666666666666,c-GC,1,0,3,,,,220210_F1_run6,102,unstable,98
3,,0.16666666666666666,c-GC,1,0,5,,,,220210_F1_run6,102,unstable,104
1,2.0,0.16666666666666666,c-GC,0,1,1,,,,220210_F1_run6,102,unstable,107
1,3.0,0.16666666666666666,c-GC,0,1,2,,,,220210_F1_run6,102,lost,108
1,,0.0,c-GC,0,0,7,,,,220210_F1_run6,102,stable,109
1,,0.0,c-GC,0,0,7,,,,220210_F1_run6,102,stable,110
1,2.0,0.16666666666666666,c-GC,0,1,1,,,,220210_F1_run6,102,unstable,117
1,2.0,0.16666666666666666,c-GC,0,1,1,,,,220210_F1_run6,102,unstable,125
1,3.0,0.16666666666666666,c-GC,0,1,2,,,,220210_F1_run6,103,lost,40
1,2.0,0.6666666666666666,c-GC,2,2,4,,,,220210_F1_run6,103,unstable,45
1,2.0,0.16666666666666666,c-GC,0,1,1,,,,220210_F1_run6,103,unstable,59
1,2.0,0.16666666666666666,c-GC,0,1,1,,,,220210_F1_run6,103,unstable,90
4,5.0,0.5,c-GC,2,1,2,,,,220210_F1_run6,103,unstable,107
1,2.0,0.16666666666666666,c-GC,0,1,1,,,,220210_F1_run6,103,unstable,119
6,7.0,0.3333333333333333,c-GC,1,1,1,,,,220210_F1_run6,103,unstable,126
1,2.0,0.16666666666666666,c-GC,0,1,1,,,,220210_F1_run6,103,unstable,127
1,2.0,0.16666666666666666,c-GC,0,1,1,,,,220210_F1_run6,104,unstable,0
2,5.0,0.3333333333333333,c-GC,1,1,3,,,,220210_F1_run6,104,unstable,4
4,,0.16666666666666666,c-GC,1,0,4,,,,220210_F1_run6,104,unstable,9
1,2.0,0.16666666666666666,c-GC,0,1,1,,,,220210_F1_run6,104,unstable,19
1,7.0,0.16666666666666666,c-GC,0,1,6,,,,220210_F1_run6,104,lost,25
2,4.0,0.6666666666666666,c-GC,2,2,3,,,,220210_F1_run6,104,unstable,29
1,2.0,0.16666666666666666,c-GC,0,1,1,,,,220210_F1_run6,104,unstable,30
2,,0.16666666666666666,c-GC,1,0,6,,,,220210_F1_run6,104,unstable,44
1,2.0,0.3333333333333333,c-GC,1,1,3,,,,220210_F1_run6,104,unstable,55
1,,0.0,c-GC,0,0,7,,,,220210_F1_run6,104,stable,66
1,,0.0,c-GC,0,0,7,,,,220210_F1_run6,104,stable,67
1,,0.0,c-GC,0,0,7,,,,220210_F1_run6,104,stable,76
2,3.0,0.3333333333333333,c-GC,1,1,1,,,,220210_F1_run6,104,unstable,100
1,2.0,0.16666666666666666,c-GC,0,1,1,,,,220210_F1_run6,104,unstable,101
6,,0.16666666666666666,c-GC,1,0,2,,,,220210_F1_run6,104,unstable,117
5,,0.16666666666666666,c-GC,1,0,3,,,,220210_F1_run6,104,unstable,124
2,3.0,0.3333333333333333,c-GC,1,1,1,,,,220210_F1_run6,104,unstable,126
3,4.0,0.5,c-GC,2,1,3,,,,220210_F1_run6,104,unstable,127
4,,0.16666666666666666,c-GC,1,0,4,,,,220210_F1_run6,105,unstable,4
2,3.0,0.3333333333333333,c-GC,1,1,1,,,,220210_F1_run6,105,unstable,5
1,2.0,0.16666666666666666,c-GC,0,1,1,,,,220210_F1_run6,105,unstable,16
1,3.0,0.6666666666666666,c-GC,2,2,5,,,,220210_F1_run6,105,unstable,54
1,2.0,0.16666666666666666,c-GC,0,1,1,,,,220210_F1_run6,105,unstable,62
1,2.0,0.16666666666666666,c-GC,0,1,1,,,,220210_F1_run6,105,unstable,68
1,2.0,0.16666666666666666,c-GC,0,1,1,,,,220210_F1_run6,105,unstable,73
5,7.0,0.3333333333333333,c-GC,1,1,2,,,,220210_F1_run6,105,unstable,84
4,,0.16666666666666666,c-GC,1,0,4,,,,220210_F1_run6,105,unstable,98
1,2.0,0.5,c-GC,1,2,2,,,,220210_F1_run6,105,unstable,127
1,2.0,0.16666666666666666,c-GC,0,1,1,,,,220210_F1_run6,106,unstable,3
1,2.0,0.16666666666666666,c-GC,0,1,1,,,,220210_F1_run6,106,unstable,6
6,,0.16666666666666666,c-GC,1,0,2,,,,220210_F1_run6,106,unstable,8
1,2.0,0.16666666666666666,c-GC,0,1,1,,,,220210_F1_run6,106,unstable,11
1,2.0,0.16666666666666666,c-GC,0,1,1,,,,220210_F1_run6,106,unstable,21
1,2.0,0.16666666666666666,c-GC,0,1,1,,,,220210_F1_run6,106,unstable,27
1,,0.0,c-GC,0,0,7,,,,220210_F1_run6,106,stable,31
1,3.0,0.16666666666666666,c-GC,0,1,2,,,,220210_F1_run6,106,lost,32
1,,0.0,c-GC,0,0,7,,,,220210_F1_run6,106,stable,37
1,3.0,0.16666666666666666,c-GC,0,1,2,,,,220210_F1_run6,106,lost,47
1,3.0,0.3333333333333333,c-GC,1,1,5,,,,220210_F1_run6,106,unstable,54
1,3.0,0.16666666666666666,c-GC,0,1,2,,,,220210_F1_run6,106,lost,65
1,2.0,0.16666666666666666,c-GC,0,1,1,,,,220210_F1_run6,106,unstable,67
1,2.0,0.16666666666666666,c-GC,0,1,1,,,,220210_F1_run6,106,unstable,75
1,2.0,0.3333333333333333,c-GC,1,1,3,,,,220210_F1_run6,106,unstable,78
1,2.0,0.16666666666666666,c-GC,0,1,1,,,,220210_F1_run6,106,unstable,84
1,2.0,0.16666666666666666,c-GC,0,1,1,,,,220210_F1_run6,106,unstable,86
1,2.0,0.16666666666666666,c-GC,0,1,1,,,,220210_F1_run6,106,unstable,89
1,2.0,0.16666666666666666,c-GC,0,1,1,,,,220210_F1_run6,106,unstable,107
1,2.0,0.3333333333333333,c-GC,1,1,3,,,,220210_F1_run6,106,unstable,108
1,2.0,0.16666666666666666,c-GC,0,1,1,,,,220210_F1_run6,106,unstable,117
1,2.0,0.16666666666666666,c-GC,0,1,1,,,,220210_F1_run6,106,unstable,120
1,2.0,0.16666666666666666,c-GC,0,1,1,,,,220210_F1_run6,107,unstable,20
1,2.0,0.16666666666666666,c-GC,0,1,1,,,,220210_F1_run6,107,unstable,26
1,3.0,0.16666666666666666,c-GC,0,1,2,,,,220210_F1_run6,107,lost,30
1,2.0,0.16666666666666666,c-GC,0,1,1,,,,220210_F1_run6,107,unstable,31
1,2.0,0.16666666666666666,c-GC,0,1,1,,,,220210_F1_run6,107,unstable,35
1,7.0,0.16666666666666666,c-GC,0,1,6,,,,220210_F1_run6,107,lost,36
1,,0.0,c-GC,0,0,7,,,,220210_F1_run6,107,stable,53
1,6.0,0.16666666666666666,c-GC,0,1,5,,,,220210_F1_run6,107,lost,54
1,,0.0,c-GC,0,0,7,,,,220210_F1_run6,107,stable,69
1,2.0,0.16666666666666666,c-GC,0,1,1,,,,220210_F1_run6,107,unstable,84
1,2.0,0.16666666666666666,c-GC,0,1,1,,,,220210_F1_run6,107,unstable,108
1,2.0,0.16666666666666666,c-GC,0,1,1,,,,220210_F1_run6,107,unstable,117
2,3.0,0.3333333333333333,c-GC,1,1,1,,,,220210_F1_run6,108,unstable,4
1,5.0,0.3333333333333333,c-GC,1,1,6,,,,220210_F1_run6,108,unstable,11
1,5.0,0.3333333333333333,c-GC,1,1,6,,,,220210_F1_run6,108,unstable,34
1,2.0,0.16666666666666666,c-GC,0,1,1,,,,220210_F1_run6,108,unstable,58
1,2.0,0.16666666666666666,c-GC,0,1,1,,,,220210_F1_run6,108,unstable,81
7,,0.16666666666666666,c-GC,1,0,1,,,,220210_F1_run6,108,novel,88
1,2.0,0.16666666666666666,c-GC,0,1,1,,,,220210_F1_run6,108,unstable,90
1,2.0,0.16666666666666666,c-GC,0,1,1,,,,220210_F1_run6,108,unstable,103
1,3.0,0.16666666666666666,c-GC,0,1,2,,,,220210_F1_run6,108,lost,112
4,5.0,0.3333333333333333,c-GC,1,1,1,,,,220210_F1_run6,109,unstable,10
1,2.0,0.16666666666666666,c-GC,0,1,1,,,,220210_F1_run6,109,unstable,29
1,2.0,0.16666666666666666,c-GC,0,1,1,,,,220210_F1_run6,109,unstable,34
1,2.0,0.16666666666666666,c-GC,0,1,1,,,,220210_F1_run6,109,unstable,47
1,2.0,0.16666666666666666,c-GC,0,1,1,,,,220210_F1_run6,109,unstable,76
1,2.0,0.3333333333333333,c-GC,1,1,2,,,,220210_F1_run6,109,unstable,88
1,3.0,0.16666666666666666,c-GC,0,1,2,,,,220210_F1_run6,109,lost,91
2,,0.16666666666666666,c-GC,1,0,6,,,,220210_F1_run6,109,unstable,94
4,5.0,0.6666666666666666,c-GC,2,2,2,,,,220210_F1_run6,109,unstable,98
1,2.0,0.16666666666666666,c-GC,0,1,1,,,,220210_F1_run6,109,unstable,102
2,5.0,0.3333333333333333,c-GC,1,1,3,,,,220210_F1_run6,109,unstable,114
4,6.0,0.3333333333333333,c-GC,1,1,2,,,,220210_F1_run6,109,unstable,118
7,,0.16666666666666666,c-GC,1,0,1,,,,220210_F1_run6,109,novel,120
1,2.0,0.16666666666666666,c-GC,0,1,1,,,,220210_F1_run6,110,unstable,7
1,2.0,0.16666666666666666,c-GC,0,1,1,,,,220210_F1_run6,110,unstable,9
5,6.0,0.3333333333333333,c-GC,1,1,1,,,,220210_F1_run6,110,unstable,50
1,2.0,0.16666666666666666,c-GC,0,1,1,,,,220210_F1_run6,110,unstable,58
3,4.0,0.8333333333333334,c-GC,3,2,3,,,,220210_F1_run6,110,unstable,64
1,4.0,0.3333333333333333,c-GC,1,1,6,,,,220210_F1_run6,110,unstable,69
1,2.0,0.5,c-GC,1,2,2,,,,220210_F1_run6,110,unstable,73
6,,0.16666666666666666,c-GC,1,0,2,,,,220210_F1_run6,110,unstable,90
5,7.0,0.3333333333333333,c-GC,1,1,2,,,,220210_F1_run6,110,unstable,107
1,2.0,0.16666666666666666,c-GC,0,1,1,,,,220210_F1_run6,110,unstable,124
3,4.0,0.3333333333333333,c-GC,1,1,1,,,,220210_F1_run6,111,unstable,42
2,3.0,0.3333333333333333,c-GC,1,1,1,,,,220210_F1_run6,111,unstable,71
2,3.0,0.5,c-GC,2,1,2,,,,220210_F1_run6,111,unstable,83
1,2.0,0.16666666666666666,c-GC,0,1,1,,,,220210_F1_run6,111,unstable,99
1,2.0,0.5,c-GC,1,2,2,,,,220210_F1_run6,111,unstable,101
1,3.0,0.3333333333333333,c-GC,1,1,6,,,,220210_F1_run6,111,unstable,102
7,,0.16666666666666666,c-GC,1,0,1,,,,220210_F1_run6,111,novel,110
5,,0.16666666666666666,c-GC,1,0,3,,,,220210_F1_run6,111,unstable,124
1,2.0,0.16666666666666666,c-GC,0,1,1,,,,220210_F1_run6,112,unstable,12
5,,0.16666666666666666,c-GC,1,0,3,,,,220210_F1_run6,112,unstable,13
5,6.0,0.3333333333333333,c-GC,1,1,1,,,,220210_F1_run6,112,unstable,20
1,2.0,0.16666666666666666,c-GC,0,1,1,,,,220210_F1_run6,112,unstable,84
1,2.0,0.16666666666666666,c-GC,0,1,1,,,,220210_F1_run6,112,unstable,87
1,2.0,0.16666666666666666,c-GC,0,1,1,,,,220210_F1_run6,112,unstable,123
1,2.0,1.0,c-GC,3,3,4,,,,220210_F1_run6,113,unstable,5
1,2.0,0.8333333333333334,c-GC,2,3,3,,,,220210_F1_run6,113,unstable,6
1,6.0,0.3333333333333333,c-GC,1,1,6,,,,220210_F1_run6,113,unstable,8
1,2.0,0.16666666666666666,c-GC,0,1,1,,,,220210_F1_run6,113,unstable,32
1,2.0,0.16666666666666666,c-GC,0,1,1,,,,220210_F1_run6,113,unstable,35
2,3.0,0.3333333333333333,c-GC,1,1,1,,,,220210_F1_run6,113,unstable,42
1,5.0,0.16666666666666666,c-GC,0,1,4,,,,220210_F1_run6,113,lost,48
1,,0.0,c-GC,0,0,7,,,,220210_F1_run6,113,stable,49
1,2.0,0.16666666666666666,c-GC,0,1,1,,,,220210_F1_run6,113,unstable,52
1,2.0,0.16666666666666666,c-GC,0,1,1,,,,220210_F1_run6,113,unstable,64
1,2.0,0.16666666666666666,c-GC,0,1,1,,,,220210_F1_run6,113,unstable,74
1,2.0,0.16666666666666666,c-GC,0,1,1,,,,220210_F1_run6,113,unstable,77
1,2.0,0.16666666666666666,c-GC,0,1,1,,,,220210_F1_run6,113,unstable,91
1,3.0,0.16666666666666666,c-GC,0,1,2,,,,220210_F1_run6,113,lost,94
1,2.0,0.16666666666666666,c-GC,0,1,1,,,,220210_F1_run6,113,unstable,97
1,2.0,0.3333333333333333,c-GC,1,1,6,,,,220210_F1_run6,113,unstable,98
1,3.0,0.3333333333333333,c-GC,1,1,4,,,,220210_F1_run6,113,unstable,99
1,2.0,0.16666666666666666,c-GC,0,1,1,,,,220210_F1_run6,113,unstable,118
1,2.0,0.16666666666666666,c-GC,0,1,1,,,,220210_F1_run6,114,unstable,0
3,4.0,0.3333333333333333,c-GC,1,1,1,,,,220210_F1_run6,114,unstable,6
1,2.0,0.16666666666666666,c-GC,0,1,1,,,,220210_F1_run6,114,unstable,20
1,2.0,0.5,c-GC,1,2,2,,,,220210_F1_run6,114,unstable,29
2,,0.16666666666666666,c-GC,1,0,6,,,,220210_F1_run6,114,unstable,46
5,7.0,0.3333333333333333,c-GC,1,1,2,,,,220210_F1_run6,114,unstable,55
1,2.0,0.16666666666666666,c-GC,0,1,1,,,,220210_F1_run6,114,unstable,59
1,2.0,0.16666666666666666,c-GC,0,1,1,,,,220210_F1_run6,114,unstable,71
3,4.0,0.3333333333333333,c-GC,1,1,1,,,,220210_F1_run6,114,unstable,72
1,2.0,0.16666666666666666,c-GC,0,1,1,,,,220210_F1_run6,115,unstable,2
1,2.0,0.16666666666666666,c-GC,0,1,1,,,,220210_F1_run6,115,unstable,8
1,2.0,0.8333333333333334,c-GC,2,3,4,,,,220210_F1_run6,115,unstable,17
1,2.0,0.16666666666666666,c-GC,0,1,1,,,,220210_F1_run6,115,unstable,36
6,7.0,0.3333333333333333,c-GC,1,1,1,,,,220210_F1_run6,115,unstable,37
3,4.0,0.6666666666666666,c-GC,2,2,2,,,,220210_F1_run6,115,unstable,46
1,4.0,0.3333333333333333,c-GC,1,1,4,,,,220210_F1_run6,115,unstable,65
1,2.0,0.16666666666666666,c-GC,0,1,1,,,,220210_F1_run6,115,unstable,71
1,2.0,0.3333333333333333,c-GC,1,1,2,,,,220210_F1_run6,115,unstable,76
1,2.0,0.16666666666666666,c-GC,0,1,1,,,,220210_F1_run6,115,unstable,79
1,2.0,0.16666666666666666,c-GC,0,1,1,,,,220210_F1_run6,115,unstable,86
1,,0.0,c-GC,0,0,7,,,,220210_F1_run6,115,stable,95
1,4.0,0.3333333333333333,c-GC,1,1,4,,,,220210_F1_run6,115,unstable,102
1,2.0,0.16666666666666666,c-GC,0,1,1,,,,220210_F1_run6,115,unstable,109
1,2.0,0.16666666666666666,c-GC,0,1,1,,,,220210_F1_run6,115,unstable,116
1,2.0,0.16666666666666666,c-GC,0,1,1,,,,220210_F1_run6,115,unstable,121
1,2.0,0.16666666666666666,c-GC,0,1,1,,,,220210_F1_run6,116,unstable,8
1,2.0,0.16666666666666666,c-GC,0,1,1,,,,220210_F1_run6,116,unstable,12
1,2.0,0.16666666666666666,c-GC,0,1,1,,,,220210_F1_run6,116,unstable,15
1,2.0,0.16666666666666666,c-GC,0,1,1,,,,220210_F1_run6,116,unstable,21
1,2.0,0.3333333333333333,c-GC,1,1,3,,,,220210_F1_run6,116,unstable,34
1,2.0,0.16666666666666666,c-GC,0,1,1,,,,220210_F1_run6,116,unstable,37
1,2.0,0.16666666666666666,c-GC,0,1,1,,,,220210_F1_run6,116,unstable,38
1,2.0,0.16666666666666666,c-GC,0,1,1,,,,220210_F1_run6,116,unstable,39
1,2.0,0.16666666666666666,c-GC,0,1,1,,,,220210_F1_run6,116,unstable,43
1,2.0,0.16666666666666666,c-GC,0,1,1,,,,220210_F1_run6,116,unstable,50
5,,0.16666666666666666,c-GC,1,0,3,,,,220210_F1_run6,116,unstable,60
1,2.0,0.16666666666666666,c-GC,0,1,1,,,,220210_F1_run6,116,unstable,67
1,2.0,0.16666666666666666,c-GC,0,1,1,,,,220210_F1_run6,116,unstable,68
6,,0.16666666666666666,c-GC,1,0,2,,,,220210_F1_run6,116,unstable,69
1,2.0,0.16666666666666666,c-GC,0,1,1,,,,220210_F1_run6,116,unstable,70
1,2.0,0.16666666666666666,c-GC,0,1,1,,,,220210_F1_run6,116,unstable,74
1,2.0,0.16666666666666666,c-GC,0,1,1,,,,220210_F1_run6,116,unstable,75
1,2.0,0.16666666666666666,c-GC,0,1,1,,,,220210_F1_run6,116,unstable,77
1,2.0,0.16666666666666666,c-GC,0,1,1,,,,220210_F1_run6,116,unstable,80
1,2.0,0.16666666666666666,c-GC,0,1,1,,,,220210_F1_run6,116,unstable,84
1,2.0,0.16666666666666666,c-GC,0,1,1,,,,220210_F1_run6,116,unstable,86
3,4.0,0.3333333333333333,c-GC,1,1,1,,,,220210_F1_run6,116,unstable,89
1,2.0,0.16666666666666666,c-GC,0,1,1,,,,220210_F1_run6,116,unstable,94
1,2.0,0.16666666666666666,c-GC,0,1,1,,,,220210_F1_run6,116,unstable,100
1,2.0,0.16666666666666666,c-GC,0,1,1,,,,220210_F1_run6,116,unstable,106
1,2.0,0.16666666666666666,c-GC,0,1,1,,,,220210_F1_run6,116,unstable,110
2,4.0,0.3333333333333333,c-GC,1,1,2,,,,220210_F1_run6,116,unstable,124
1,2.0,0.16666666666666666,c-GC,0,1,1,,,,220210_F1_run6,116,unstable,127
1,2.0,0.16666666666666666,c-GC,0,1,1,,,,220210_F1_run6,116,unstable,128
1,5.0,0.3333333333333333,c-GC,1,1,5,,,,220210_F1_run6,117,unstable,4
1,2.0,0.16666666666666666,c-GC,0,1,1,,,,220210_F1_run6,117,unstable,27
7,,0.16666666666666666,c-GC,1,0,1,,,,220210_F1_run6,117,novel,35
1,2.0,0.16666666666666666,c-GC,0,1,1,,,,220210_F1_run6,117,unstable,52
1,2.0,0.16666666666666666,c-GC,0,1,1,,,,220210_F1_run6,117,unstable,75
1,2.0,0.3333333333333333,c-GC,1,1,5,,,,220210_F1_run6,117,unstable,76
1,2.0,0.16666666666666666,c-GC,0,1,1,,,,220210_F1_run6,117,unstable,79
1,2.0,0.5,c-GC,1,2,3,,,,220210_F1_run6,117,unstable,95
1,2.0,0.16666666666666666,c-GC,0,1,1,,,,220210_F1_run6,117,unstable,103
1,2.0,0.16666666666666666,c-GC,0,1,1,,,,220210_F1_run6,118,unstable,1
1,2.0,0.16666666666666666,c-GC,0,1,1,,,,220210_F1_run6,118,unstable,39
1,,0.0,c-GC,0,0,7,,,,220210_F1_run6,118,stable,47
1,2.0,0.16666666666666666,c-GC,0,1,1,,,,220210_F1_run6,118,unstable,60
6,,0.16666666666666666,c-GC,1,0,2,,,,220210_F1_run6,118,unstable,96
1,2.0,0.16666666666666666,c-GC,0,1,1,,,,220210_F1_run6,118,unstable,119
1,2.0,0.16666666666666666,c-GC,0,1,1,,,,220210_F1_run6,119,unstable,16
1,2.0,0.16666666666666666,c-GC,0,1,1,,,,220210_F1_run6,119,unstable,77
1,2.0,0.16666666666666666,c-GC,0,1,1,,,,220210_F1_run6,119,unstable,78
1,2.0,0.16666666666666666,c-GC,0,1,1,,,,220210_F1_run6,119,unstable,79
1,2.0,0.16666666666666666,c-GC,0,1,1,,,,220210_F1_run6,119,unstable,83
1,2.0,0.16666666666666666,c-GC,0,1,1,,,,220210_F1_run6,119,unstable,95
1,2.0,0.16666666666666666,c-GC,0,1,1,,,,220210_F1_run6,119,unstable,109
1,2.0,0.3333333333333333,c-GC,1,1,5,,,,220210_F1_run6,119,unstable,120
1,2.0,0.16666666666666666,c-GC,0,1,1,,,,220210_F1_run6,119,unstable,128
7,,0.16666666666666666,c-GC,1,0,1,,,,220210_F1_run6,120,novel,12
1,3.0,0.3333333333333333,c-GC,1,1,3,,,,220210_F1_run6,120,unstable,23
1,2.0,0.16666666666666666,c-GC,0,1,1,,,,220210_F1_run6,120,unstable,46
1,2.0,0.16666666666666666,c-GC,0,1,1,,,,220210_F1_run6,120,unstable,53
1,2.0,0.16666666666666666,c-GC,0,1,1,,,,220210_F1_run6,120,unstable,63
1,4.0,0.16666666666666666,c-GC,0,1,3,,,,220210_F1_run6,120,lost,70
1,2.0,0.16666666666666666,c-GC,0,1,1,,,,220210_F1_run6,121,unstable,8
1,4.0,0.16666666666666666,c-GC,0,1,3,,,,220210_F1_run6,121,lost,15
1,2.0,0.16666666666666666,c-GC,0,1,1,,,,220210_F1_run6,121,unstable,16
1,3.0,0.16666666666666666,c-GC,0,1,2,,,,220210_F1_run6,121,lost,17
1,2.0,0.16666666666666666,c-GC,0,1,1,,,,220210_F1_run6,121,unstable,37
1,2.0,0.16666666666666666,c-GC,0,1,1,,,,220210_F1_run6,121,unstable,38
1,2.0,0.16666666666666666,c-GC,0,1,1,,,,220210_F1_run6,121,unstable,53
1,2.0,0.16666666666666666,c-GC,0,1,1,,,,220210_F1_run6,121,unstable,58
1,2.0,0.16666666666666666,c-GC,0,1,1,,,,220210_F1_run6,121,unstable,80
1,2.0,0.16666666666666666,c-GC,0,1,1,,,,220210_F1_run6,121,unstable,84
3,,0.16666666666666666,c-GC,1,0,5,,,,220210_F1_run6,121,unstable,92
2,3.0,0.3333333333333333,c-GC,1,1,1,,,,220210_F1_run6,121,unstable,96
1,2.0,0.16666666666666666,c-GC,0,1,1,,,,220210_F1_run6,121,unstable,100
1,2.0,0.16666666666666666,c-GC,0,1,1,,,,220210_F1_run6,121,unstable,106
1,2.0,0.16666666666666666,c-GC,0,1,1,,,,220210_F1_run6,121,unstable,108
1,2.0,0.16666666666666666,c-GC,0,1,1,,,,220210_F1_run6,121,unstable,116
1,2.0,0.16666666666666666,c-GC,0,1,1,,,,220210_F1_run6,121,unstable,129
6,7.0,0.3333333333333333,c-GC,1,1,1,,,,220210_F1_run6,122,unstable,26
4,5.0,0.5,c-GC,2,1,3,,,,220210_F1_run6,122,unstable,37
1,,0.0,c-GC,0,0,7,,,,220210_F1_run6,122,stable,39
1,2.0,0.16666666666666666,c-GC,0,1,1,,,,220210_F1_run6,122,unstable,46
1,3.0,0.16666666666666666,c-GC,0,1,2,,,,220210_F1_run6,122,lost,57
1,2.0,0.5,c-GC,1,2,2,,,,220210_F1_run6,122,unstable,79
1,3.0,0.16666666666666666,c-GC,0,1,2,,,,220210_F1_run6,122,lost,80
1,2.0,0.16666666666666666,c-GC,0,1,1,,,,220210_F1_run6,122,unstable,90
3,5.0,0.5,c-GC,2,1,3,,,,220210_F1_run6,122,unstable,108
1,4.0,0.16666666666666666,c-GC,0,1,3,,,,220210_F1_run6,122,lost,109
1,4.0,0.16666666666666666,c-GC,0,1,3,,,,220210_F1_run6,122,lost,123
2,4.0,0.5,c-GC,2,1,5,,,,220210_F1_run6,122,unstable,124
1,2.0,0.16666666666666666,c-GC,0,1,1,,,,220210_F1_run6,123,unstable,23
1,2.0,0.16666666666666666,c-GC,0,1,1,,,,220210_F1_run6,123,unstable,44
1,2.0,0.16666666666666666,c-GC,0,1,1,,,,220210_F1_run6,123,unstable,78
1,,0.0,c-GC,0,0,7,,,,220210_F1_run6,123,stable,96
1,2.0,0.16666666666666666,c-GC,0,1,1,,,,220210_F1_run6,123,unstable,112
1,,0.0,c-GC,0,0,7,,,,220210_F1_run6,123,stable,122
1,,0.0,c-GC,0,0,7,,,,220210_F1_run6,124,stable,5
1,2.0,0.16666666666666666,c-GC,0,1,1,,,,220210_F1_run6,124,unstable,23
1,2.0,0.16666666666666666,c-GC,0,1,1,,,,220210_F1_run6,124,unstable,25
1,,0.0,c-GC,0,0,7,,,,220210_F1_run6,124,stable,26
2,,0.16666666666666666,c-GC,1,0,6,,,,220210_F1_run6,124,unstable,27
5,,0.16666666666666666,c-GC,1,0,3,,,,220210_F1_run6,124,unstable,48
5,6.0,0.5,c-GC,2,1,2,,,,220210_F1_run6,124,unstable,59
1,2.0,0.16666666666666666,c-GC,0,1,1,,,,220210_F1_run6,124,unstable,87
1,2.0,0.16666666666666666,c-GC,0,1,1,,,,220210_F1_run6,124,unstable,104
7,,0.16666666666666666,c-GC,1,0,1,,,,220210_F1_run6,124,novel,106
6,,0.16666666666666666,c-GC,1,0,2,,,,220210_F1_run6,124,unstable,110
1,2.0,0.16666666666666666,c-GC,0,1,1,,,,220210_F1_run6,124,unstable,120
3,4.0,0.3333333333333333,c-GC,1,1,1,,,,220210_F1_run6,125,unstable,7
4,,0.16666666666666666,c-GC,1,0,4,,,,220210_F1_run6,125,unstable,27
1,4.0,0.16666666666666666,c-GC,0,1,3,,,,220210_F1_run6,125,lost,42
4,,0.16666666666666666,c-GC,1,0,4,,,,220210_F1_run6,125,unstable,76
1,3.0,0.16666666666666666,c-GC,0,1,2,,,,220210_F1_run6,125,lost,84
3,4.0,0.3333333333333333,c-GC,1,1,1,,,,220210_F1_run6,126,unstable,4
1,2.0,0.16666666666666666,c-GC,0,1,1,,,,220210_F1_run6,126,unstable,22
1,2.0,0.16666666666666666,c-GC,0,1,1,,,,220210_F1_run6,126,unstable,47
2,3.0,0.5,c-GC,2,1,2,,,,220210_F1_run6,126,unstable,53
1,2.0,0.16666666666666666,c-GC,0,1,1,,,,220210_F1_run6,126,unstable,59
1,,0.0,c-GC,0,0,7,,,,220210_F1_run6,126,stable,67
3,5.0,0.5,c-GC,2,1,4,,,,220210_F1_run6,126,unstable,74
2,3.0,0.6666666666666666,c-GC,2,2,3,,,,220210_F1_run6,126,unstable,100
1,2.0,0.16666666666666666,c-GC,0,1,1,,,,220210_F1_run6,126,unstable,110
1,2.0,0.16666666666666666,c-GC,0,1,1,,,,220210_F1_run6,126,unstable,120
1,2.0,0.16666666666666666,c-GC,0,1,1,,,,220210_F1_run6,126,unstable,127
1,3.0,0.16666666666666666,c-GC,0,1,2,,,,220210_F1_run6,127,lost,9
1,3.0,0.16666666666666666,c-GC,0,1,2,,,,220210_F1_run6,127,lost,10
1,2.0,0.3333333333333333,c-GC,1,1,4,,,,220210_F1_run6,127,unstable,22
1,2.0,0.16666666666666666,c-GC,0,1,1,,,,220210_F1_run6,127,unstable,25
1,2.0,0.16666666666666666,c-GC,0,1,1,,,,220210_F1_run6,127,unstable,36
1,2.0,0.16666666666666666,c-GC,0,1,1,,,,220210_F1_run6,127,unstable,37
1,2.0,0.16666666666666666,c-GC,0,1,1,,,,220210_F1_run6,127,unstable,50
1,2.0,0.16666666666666666,c-GC,0,1,1,,,,220210_F1_run6,127,unstable,53
1,2.0,0.16666666666666666,c-GC,0,1,1,,,,220210_F1_run6,127,unstable,76
1,2.0,0.16666666666666666,c-GC,0,1,1,,,,220210_F1_run6,127,unstable,77
4,6.0,0.3333333333333333,c-GC,1,1,2,,,,220210_F1_run6,127,unstable,84
1,2.0,0.16666666666666666,c-GC,0,1,1,,,,220210_F1_run6,127,unstable,102
1,3.0,0.8333333333333334,c-GC,2,3,4,,,,220210_F1_run6,127,unstable,103
1,2.0,0.16666666666666666,c-GC,0,1,1,,,,220210_F1_run6,127,unstable,106
1,2.0,0.16666666666666666,c-GC,0,1,1,,,,220210_F1_run6,127,unstable,112
7,,0.16666666666666666,c-GC,1,0,1,,,,220210_F1_run6,127,novel,122
7,,0.16666666666666666,c-GC,1,0,1,,,,220210_F1_run6,128,novel,18
1,3.0,0.16666666666666666,c-GC,0,1,2,,,,220210_F1_run6,128,lost,28
1,2.0,0.16666666666666666,c-GC,0,1,1,,,,220210_F1_run6,128,unstable,39
1,2.0,0.16666666666666666,c-GC,0,1,1,,,,220210_F1_run6,128,unstable,51
1,2.0,0.3333333333333333,c-GC,1,1,3,,,,220210_F1_run6,128,unstable,59
3,5.0,0.6666666666666666,c-GC,2,2,3,,,,220210_F1_run6,128,unstable,67
7,,0.16666666666666666,c-GC,1,0,1,,,,220210_F1_run6,128,novel,73
1,,0.0,c-GC,0,0,7,,,,220210_F1_run6,128,stable,75
1,2.0,0.16666666666666666,c-GC,0,1,1,,,,220210_F1_run6,128,unstable,80
4,6.0,0.5,c-GC,2,1,3,,,,220210_F1_run6,128,unstable,93
1,7.0,0.16666666666666666,c-GC,0,1,6,,,,220210_F1_run6,128,lost,119
1,2.0,0.16666666666666666,c-GC,0,1,1,,,,220210_F1_run6,129,unstable,42
7,,0.16666666666666666,c-GC,1,0,1,,,,220210_F1_run6,129,novel,55
1,2.0,0.16666666666666666,c-GC,0,1,1,,,,220210_F1_run6,129,unstable,84
2,3.0,0.3333333333333333,c-GC,1,1,1,,,,220210_F1_run6,129,unstable,108
1,3.0,0.5,c-GC,1,2,3,,,,220210_F1_run6,129,unstable,116
1,2.0,0.16666666666666666,c-GC,0,1,1,,,,220210_F1_run6,129,unstable,126
6,,0.16666666666666666,c-GC,1,0,2,,,,220210_F2_run5,0,unstable,7
6,7.0,0.3333333333333333,c-GC,1,1,1,,,,220210_F2_run5,0,unstable,69
1,2.0,0.16666666666666666,c-GC,0,1,1,,,,220210_F2_run5,1,unstable,2
1,2.0,0.16666666666666666,c-GC,0,1,1,,,,220210_F2_run5,1,unstable,14
1,6.0,0.3333333333333333,c-GC,1,1,6,,,,220210_F2_run5,1,unstable,15
5,,0.16666666666666666,c-GC,1,0,3,,,,220210_F2_run5,1,unstable,18
1,2.0,0.5,c-GC,1,2,4,,,,220210_F2_run5,1,unstable,43
3,4.0,0.3333333333333333,c-GC,1,1,1,,,,220210_F2_run5,1,unstable,56
1,5.0,0.16666666666666666,c-GC,0,1,4,,,,220210_F2_run5,1,lost,93
1,2.0,0.6666666666666666,c-GC,2,2,4,,,,220210_F2_run5,2,unstable,1
1,2.0,0.16666666666666666,c-GC,0,1,1,,,,220210_F2_run5,2,unstable,19
7,,0.16666666666666666,c-GC,1,0,1,,,,220210_F2_run5,2,novel,27
1,3.0,0.3333333333333333,c-GC,1,1,6,,,,220210_F2_run5,2,unstable,29
1,2.0,0.16666666666666666,c-GC,0,1,1,,,,220210_F2_run5,2,unstable,40
1,3.0,0.3333333333333333,c-GC,1,1,3,,,,220210_F2_run5,3,unstable,1
1,2.0,0.16666666666666666,c-GC,0,1,1,,,,220210_F2_run5,3,unstable,5
1,4.0,0.16666666666666666,c-GC,0,1,3,,,,220210_F2_run5,3,lost,9
1,2.0,0.16666666666666666,c-GC,0,1,1,,,,220210_F2_run5,3,unstable,14
1,2.0,0.16666666666666666,c-GC,0,1,1,,,,220210_F2_run5,3,unstable,15
1,2.0,0.3333333333333333,c-GC,1,1,3,,,,220210_F2_run5,3,unstable,20
1,,0.0,c-GC,0,0,7,,,,220210_F2_run5,3,stable,24
1,2.0,0.16666666666666666,c-GC,0,1,1,,,,220210_F2_run5,3,unstable,25
1,,0.0,c-GC,0,0,7,,,,220210_F2_run5,3,stable,28
1,3.0,0.6666666666666666,c-GC,2,2,4,,,,220210_F2_run5,3,unstable,35
1,2.0,0.16666666666666666,c-GC,0,1,1,,,,220210_F2_run5,3,unstable,37
1,2.0,0.16666666666666666,c-GC,0,1,1,,,,220210_F2_run5,3,unstable,38
5,6.0,0.3333333333333333,c-GC,1,1,1,,,,220210_F2_run5,3,unstable,58
1,2.0,0.16666666666666666,c-GC,0,1,1,,,,220210_F2_run5,3,unstable,96
1,4.0,0.3333333333333333,c-GC,1,1,6,,,,220210_F2_run5,4,unstable,17
1,2.0,0.16666666666666666,c-GC,0,1,1,,,,220210_F2_run5,4,unstable,27
5,,0.16666666666666666,c-GC,1,0,3,,,,220210_F2_run5,4,unstable,29
1,2.0,0.16666666666666666,c-GC,0,1,1,,,,220210_F2_run5,4,unstable,101
1,2.0,0.16666666666666666,c-GC,0,1,1,,,,220210_F2_run5,5,unstable,15
1,2.0,0.3333333333333333,c-GC,1,1,2,,,,220210_F2_run5,5,unstable,24
1,3.0,0.5,c-GC,1,2,3,,,,220210_F2_run5,5,unstable,28
1,2.0,0.16666666666666666,c-GC,0,1,1,,,,220210_F2_run5,5,unstable,56
7,,0.16666666666666666,c-GC,1,0,1,,,,220210_F2_run5,5,novel,58
5,6.0,0.3333333333333333,c-GC,1,1,1,,,,220210_F2_run5,5,unstable,67
2,3.0,0.3333333333333333,c-GC,1,1,1,,,,220210_F2_run5,5,unstable,91
5,6.0,0.3333333333333333,c-GC,1,1,1,,,,220210_F2_run5,5,unstable,114
1,,0.0,c-GC,0,0,7,,,,220210_F2_run5,5,stable,129
1,4.0,0.16666666666666666,c-GC,0,1,3,,,,220210_F2_run5,5,lost,130
1,3.0,0.3333333333333333,c-GC,1,1,6,,,,220210_F2_run5,6,unstable,7
1,2.0,0.16666666666666666,c-GC,0,1,1,,,,220210_F2_run5,6,unstable,41
7,,0.16666666666666666,c-GC,1,0,1,,,,220210_F2_run5,6,novel,88
2,3.0,0.5,c-GC,2,1,2,,,,220210_F2_run5,6,unstable,94
1,2.0,0.8333333333333334,c-GC,2,3,3,,,,220210_F2_run5,6,unstable,108
5,,0.16666666666666666,c-GC,1,0,3,,,,220210_F2_run5,6,unstable,130
5,6.0,0.3333333333333333,c-GC,1,1,1,,,,220210_F2_run5,6,unstable,131
1,,0.0,c-GC,0,0,7,,,,220210_F2_run5,6,stable,151
1,,0.0,c-GC,0,0,7,,,,220210_F2_run5,7,stable,6
1,2.0,0.16666666666666666,c-GC,0,1,1,,,,220210_F2_run5,7,unstable,15
1,,0.0,c-GC,0,0,7,,,,220210_F2_run5,7,stable,40
1,2.0,0.16666666666666666,c-GC,0,1,1,,,,220210_F2_run5,7,unstable,52
6,7.0,0.3333333333333333,c-GC,1,1,1,,,,220210_F2_run5,7,unstable,72
3,4.0,0.3333333333333333,c-GC,1,1,1,,,,220210_F2_run5,7,unstable,85
1,2.0,0.16666666666666666,c-GC,0,1,1,,,,220210_F2_run5,7,unstable,97
2,3.0,0.6666666666666666,c-GC,2,2,4,,,,220210_F2_run5,7,unstable,116
3,5.0,0.3333333333333333,c-GC,1,1,2,,,,220210_F2_run5,7,unstable,120
1,2.0,0.16666666666666666,c-GC,0,1,1,,,,220210_F2_run5,8,unstable,12
1,2.0,0.16666666666666666,c-GC,0,1,1,,,,220210_F2_run5,8,unstable,37
1,2.0,0.16666666666666666,c-GC,0,1,1,,,,220210_F2_run5,8,unstable,57
1,2.0,0.16666666666666666,c-GC,0,1,1,,,,220210_F2_run5,8,unstable,95
5,7.0,0.3333333333333333,c-GC,1,1,2,,,,220210_F2_run5,8,unstable,117
1,2.0,0.16666666666666666,c-GC,0,1,1,,,,220210_F2_run5,8,unstable,126
1,2.0,0.16666666666666666,c-GC,0,1,1,,,,220210_F2_run5,8,unstable,140
7,,0.16666666666666666,c-GC,1,0,1,,,,220210_F2_run5,8,novel,154
7,,0.16666666666666666,c-GC,1,0,1,,,,220210_F2_run5,8,novel,156
7,,0.16666666666666666,c-GC,1,0,1,,,,220210_F2_run5,9,novel,20
2,3.0,0.3333333333333333,c-GC,1,1,1,,,,220210_F2_run5,9,unstable,38
1,,0.0,c-GC,0,0,7,,,,220210_F2_run5,9,stable,39
1,,0.0,c-GC,0,0,7,,,,220210_F2_run5,9,stable,41
1,,0.0,c-GC,0,0,7,,,,220210_F2_run5,9,stable,53
3,5.0,0.3333333333333333,c-GC,1,1,2,,,,220210_F2_run5,9,unstable,94
2,3.0,0.8333333333333334,c-GC,3,2,3,,,,220210_F2_run5,9,unstable,117
6,7.0,0.3333333333333333,c-GC,1,1,1,,,,220210_F2_run5,10,unstable,1
2,3.0,0.6666666666666666,c-GC,2,2,4,,,,220210_F2_run5,10,unstable,3
5,,0.16666666666666666,c-GC,1,0,3,,,,220210_F2_run5,10,unstable,6
1,2.0,0.3333333333333333,c-GC,1,1,4,,,,220210_F2_run5,10,unstable,9
2,3.0,0.5,c-GC,2,1,4,,,,220210_F2_run5,10,unstable,15
6,7.0,0.3333333333333333,c-GC,1,1,1,,,,220210_F2_run5,10,unstable,32
1,,0.0,c-GC,0,0,7,,,,220210_F2_run5,10,stable,38
1,,0.0,c-GC,0,0,7,,,,220210_F2_run5,10,stable,42
1,2.0,0.5,c-GC,1,2,3,,,,220210_F2_run5,10,unstable,106
4,7.0,0.3333333333333333,c-GC,1,1,3,,,,220210_F2_run5,10,unstable,129
1,2.0,0.16666666666666666,c-GC,0,1,1,,,,220210_F2_run5,11,unstable,31
2,5.0,0.5,c-GC,2,1,5,,,,220210_F2_run5,11,unstable,34
1,5.0,0.16666666666666666,c-GC,0,1,4,,,,220210_F2_run5,11,lost,40
1,3.0,0.3333333333333333,c-GC,1,1,3,,,,220210_F2_run5,11,unstable,65
1,2.0,0.16666666666666666,c-GC,0,1,1,,,,220210_F2_run5,11,unstable,153
1,4.0,0.16666666666666666,c-GC,0,1,3,,,,220210_F2_run5,12,lost,63
1,2.0,0.6666666666666666,c-GC,2,2,3,,,,220210_F2_run5,12,unstable,102
1,2.0,0.16666666666666666,c-GC,0,1,1,,,,220210_F2_run5,12,unstable,133
2,5.0,0.5,c-GC,2,1,5,,,,220210_F2_run5,13,unstable,1
2,5.0,0.6666666666666666,c-GC,2,2,4,,,,220210_F2_run5,13,unstable,6
2,,0.16666666666666666,c-GC,1,0,6,,,,220210_F2_run5,13,unstable,7
2,4.0,0.3333333333333333,c-GC,1,1,2,,,,220210_F2_run5,13,unstable,9
2,,0.16666666666666666,c-GC,1,0,6,,,,220210_F2_run5,13,unstable,10
2,3.0,0.3333333333333333,c-GC,1,1,1,,,,220210_F2_run5,13,unstable,15
3,5.0,0.3333333333333333,c-GC,1,1,2,,,,220210_F2_run5,13,unstable,18
1,,0.0,c-GC,0,0,7,,,,220210_F2_run5,13,stable,24
2,3.0,0.3333333333333333,c-GC,1,1,1,,,,220210_F2_run5,13,unstable,35
6,7.0,0.3333333333333333,c-GC,1,1,1,,,,220210_F2_run5,13,unstable,37
2,,0.16666666666666666,c-GC,1,0,6,,,,220210_F2_run5,13,unstable,38
2,3.0,0.6666666666666666,c-GC,2,2,2,,,,220210_F2_run5,13,unstable,39
1,3.0,0.3333333333333333,c-GC,1,1,6,,,,220210_F2_run5,13,unstable,40
1,,0.0,c-GC,0,0,7,,,,220210_F2_run5,13,stable,47
2,3.0,0.6666666666666666,c-GC,2,2,2,,,,220210_F2_run5,13,unstable,52
1,,0.0,c-GC,0,0,7,,,,220210_F2_run5,13,stable,67
2,,0.16666666666666666,c-GC,1,0,6,,,,220210_F2_run5,13,unstable,86
2,3.0,0.5,c-GC,2,1,5,,,,220210_F2_run5,13,unstable,87
7,,0.16666666666666666,c-GC,1,0,1,,,,220210_F2_run5,13,novel,95
1,2.0,0.5,c-GC,1,2,2,,,,220210_F2_run5,13,unstable,96
4,5.0,0.3333333333333333,c-GC,1,1,1,,,,220210_F2_run5,13,unstable,97
2,,0.16666666666666666,c-GC,1,0,6,,,,220210_F2_run5,13,unstable,104
2,,0.16666666666666666,c-GC,1,0,6,,,,220210_F2_run5,13,unstable,105
4,,0.16666666666666666,c-GC,1,0,4,,,,220210_F2_run5,13,unstable,107
2,3.0,1.0,c-GC,3,3,3,,,,220210_F2_run5,13,unstable,117
2,4.0,0.3333333333333333,c-GC,1,1,2,,,,220210_F2_run5,13,unstable,119
1,,0.0,c-GC,0,0,7,,,,220210_F2_run5,13,stable,128
2,,0.16666666666666666,c-GC,1,0,6,,,,220210_F2_run5,13,unstable,130
1,,0.0,c-GC,0,0,7,,,,220210_F2_run5,13,stable,144
1,,0.0,c-GC,0,0,7,,,,220210_F2_run5,13,stable,151
1,,0.0,c-GC,0,0,7,,,,220210_F2_run5,14,stable,0
5,,0.16666666666666666,c-GC,1,0,3,,,,220210_F2_run5,14,unstable,6
1,2.0,0.5,c-GC,1,2,2,,,,220210_F2_run5,14,unstable,15
1,2.0,0.16666666666666666,c-GC,0,1,1,,,,220210_F2_run5,14,unstable,17
4,5.0,0.5,c-GC,2,1,3,,,,220210_F2_run5,14,unstable,147
1,3.0,0.3333333333333333,c-GC,1,1,4,,,,220210_F2_run5,15,unstable,0
1,2.0,0.16666666666666666,c-GC,0,1,1,,,,220210_F2_run5,15,unstable,1
1,2.0,0.16666666666666666,c-GC,0,1,1,,,,220210_F2_run5,15,unstable,6
5,6.0,0.3333333333333333,c-GC,1,1,1,,,,220210_F2_run5,15,unstable,11
1,7.0,0.16666666666666666,c-GC,0,1,6,,,,220210_F2_run5,15,lost,14
4,5.0,0.3333333333333333,c-GC,1,1,1,,,,220210_F2_run5,15,unstable,24
1,,0.0,c-GC,0,0,7,,,,220210_F2_run5,15,stable,34
1,2.0,0.16666666666666666,c-GC,0,1,1,,,,220210_F2_run5,15,unstable,39
7,,0.16666666666666666,c-GC,1,0,1,,,,220210_F2_run5,15,novel,40
1,4.0,0.16666666666666666,c-GC,0,1,3,,,,220210_F2_run5,15,lost,86
2,3.0,0.3333333333333333,c-GC,1,1,1,,,,220210_F2_run5,15,unstable,95
1,4.0,0.16666666666666666,c-GC,0,1,3,,,,220210_F2_run5,15,lost,97
1,2.0,0.16666666666666666,c-GC,0,1,1,,,,220210_F2_run5,15,unstable,111
1,2.0,0.16666666666666666,c-GC,0,1,1,,,,220210_F2_run5,15,unstable,129
1,,0.0,c-GC,0,0,7,,,,220210_F2_run5,15,stable,130
7,,0.16666666666666666,c-GC,1,0,1,,,,220210_F2_run5,15,novel,133
1,,0.0,c-GC,0,0,7,,,,220210_F2_run5,15,stable,157
1,2.0,0.16666666666666666,c-GC,0,1,1,,,,220210_F2_run5,16,unstable,34
1,2.0,0.3333333333333333,c-GC,1,1,5,,,,220210_F2_run5,16,unstable,83
1,2.0,0.16666666666666666,c-GC,0,1,1,,,,220210_F2_run5,16,unstable,148
1,2.0,0.16666666666666666,c-GC,0,1,1,,,,220210_F2_run5,16,unstable,149
1,2.0,0.16666666666666666,c-GC,0,1,1,,,,220210_F2_run5,17,unstable,4
1,2.0,0.16666666666666666,c-GC,0,1,1,,,,220210_F2_run5,17,unstable,27
6,7.0,0.3333333333333333,c-GC,1,1,1,,,,220210_F2_run5,17,unstable,71
7,,0.16666666666666666,c-GC,1,0,1,,,,220210_F2_run5,17,novel,100
1,5.0,0.3333333333333333,c-GC,1,1,6,,,,220210_F2_run5,18,unstable,1
2,,0.16666666666666666,c-GC,1,0,6,,,,220210_F2_run5,18,unstable,9
1,,0.0,c-GC,0,0,7,,,,220210_F2_run5,18,stable,14
1,6.0,0.3333333333333333,c-GC,1,1,6,,,,220210_F2_run5,18,unstable,15
1,,0.0,c-GC,0,0,7,,,,220210_F2_run5,18,stable,34
2,,0.16666666666666666,c-GC,1,0,6,,,,220210_F2_run5,18,unstable,38
2,3.0,0.3333333333333333,c-GC,1,1,1,,,,220210_F2_run5,18,unstable,39
1,,0.0,c-GC,0,0,7,,,,220210_F2_run5,18,stable,43
1,,0.0,c-GC,0,0,7,,,,220210_F2_run5,18,stable,73
3,4.0,0.3333333333333333,c-GC,1,1,1,,,,220210_F2_run5,18,unstable,94
1,2.0,0.16666666666666666,c-GC,0,1,1,,,,220210_F2_run5,19,unstable,112
1,2.0,0.16666666666666666,c-GC,0,1,1,,,,220210_F2_run5,20,unstable,5
1,2.0,0.16666666666666666,c-GC,0,1,1,,,,220210_F2_run5,20,unstable,11
6,7.0,0.3333333333333333,c-GC,1,1,1,,,,220210_F2_run5,20,unstable,17
1,2.0,0.16666666666666666,c-GC,0,1,1,,,,220210_F2_run5,20,unstable,23
1,3.0,0.16666666666666666,c-GC,0,1,2,,,,220210_F2_run5,20,lost,28
3,5.0,0.3333333333333333,c-GC,1,1,2,,,,220210_F2_run5,20,unstable,36
3,4.0,0.3333333333333333,c-GC,1,1,1,,,,220210_F2_run5,20,unstable,140
1,3.0,0.16666666666666666,c-GC,0,1,2,,,,220210_F2_run5,21,lost,35
1,5.0,0.16666666666666666,c-GC,0,1,4,,,,220210_F2_run5,22,lost,8
2,,0.16666666666666666,c-GC,1,0,6,,,,220210_F2_run5,22,unstable,26
1,4.0,0.16666666666666666,c-GC,0,1,3,,,,220210_F2_run5,22,lost,46
5,6.0,0.3333333333333333,c-GC,1,1,1,,,,220210_F2_run5,22,unstable,88
6,,0.16666666666666666,c-GC,1,0,2,,,,220210_F2_run5,22,unstable,119
7,,0.16666666666666666,c-GC,1,0,1,,,,220210_F2_run5,22,novel,128
3,,0.16666666666666666,c-GC,1,0,5,,,,220210_F2_run5,22,unstable,147
7,,0.16666666666666666,c-GC,1,0,1,,,,220210_F2_run5,22,novel,148
1,2.0,0.16666666666666666,c-GC,0,1,1,,,,220210_F2_run5,22,unstable,152
5,6.0,0.3333333333333333,c-GC,1,1,1,,,,220210_F2_run5,23,unstable,4
4,6.0,0.3333333333333333,c-GC,1,1,2,,,,220210_F2_run5,23,unstable,15
3,7.0,0.3333333333333333,c-GC,1,1,4,,,,220210_F2_run5,23,unstable,19
5,6.0,0.3333333333333333,c-GC,1,1,1,,,,220210_F2_run5,23,unstable,31
5,6.0,0.3333333333333333,c-GC,1,1,1,,,,220210_F2_run5,23,unstable,54
2,4.0,0.3333333333333333,c-GC,1,1,2,,,,220210_F2_run5,23,unstable,153
2,3.0,0.5,c-GC,2,1,5,,,,220210_F2_run5,24,unstable,1
1,,0.0,c-GC,0,0,7,,,,220210_F2_run5,24,stable,3
5,6.0,0.3333333333333333,c-GC,1,1,1,,,,220210_F2_run5,24,unstable,8
4,5.0,0.3333333333333333,c-GC,1,1,1,,,,220210_F2_run5,24,unstable,20
1,7.0,0.16666666666666666,c-GC,0,1,6,,,,220210_F2_run5,24,lost,28
1,2.0,0.16666666666666666,c-GC,0,1,1,,,,220210_F2_run5,24,unstable,50
1,2.0,0.16666666666666666,c-GC,0,1,1,,,,220210_F2_run5,24,unstable,66
1,2.0,0.16666666666666666,c-GC,0,1,1,,,,220210_F2_run5,24,unstable,73
1,3.0,0.5,c-GC,1,2,3,,,,220210_F2_run5,24,unstable,74
1,2.0,0.16666666666666666,c-GC,0,1,1,,,,220210_F2_run5,24,unstable,94
1,2.0,0.6666666666666666,c-GC,2,2,3,,,,220210_F2_run5,24,unstable,97
1,2.0,0.16666666666666666,c-GC,0,1,1,,,,220210_F2_run5,24,unstable,130
3,4.0,0.3333333333333333,c-GC,1,1,1,,,,220210_F2_run5,24,unstable,134
1,2.0,0.16666666666666666,c-GC,0,1,1,,,,220210_F2_run5,24,unstable,157
7,,0.16666666666666666,c-GC,1,0,1,,,,220210_F2_run5,25,novel,78
2,3.0,0.5,c-GC,2,1,2,,,,220210_F2_run5,25,unstable,85
7,,0.16666666666666666,c-GC,1,0,1,,,,220210_F2_run5,25,novel,126
1,3.0,0.16666666666666666,c-GC,0,1,2,,,,220210_F2_run5,25,lost,136
4,,0.16666666666666666,c-GC,1,0,4,,,,220210_F2_run5,26,unstable,2
1,3.0,0.5,c-GC,1,2,5,,,,220210_F2_run5,26,unstable,4
6,,0.16666666666666666,c-GC,1,0,2,,,,220210_F2_run5,26,unstable,8
7,,0.16666666666666666,c-GC,1,0,1,,,,220210_F2_run5,26,novel,37
2,3.0,0.3333333333333333,c-GC,1,1,1,,,,220210_F2_run5,26,unstable,46
1,2.0,0.16666666666666666,c-GC,0,1,1,,,,220210_F2_run5,26,unstable,86
4,5.0,0.3333333333333333,c-GC,1,1,1,,,,220210_F2_run5,27,unstable,0
1,2.0,0.16666666666666666,c-GC,0,1,1,,,,220210_F2_run5,27,unstable,18
2,4.0,0.6666666666666666,c-GC,2,2,3,,,,220210_F2_run5,27,unstable,30
1,2.0,0.16666666666666666,c-GC,0,1,1,,,,220210_F2_run5,27,unstable,47
7,,0.16666666666666666,c-GC,1,0,1,,,,220210_F2_run5,27,novel,105
4,5.0,0.3333333333333333,c-GC,1,1,1,,,,220210_F2_run5,27,unstable,109
4,5.0,0.6666666666666666,c-GC,2,2,2,,,,220210_F2_run5,27,unstable,111
5,7.0,0.3333333333333333,c-GC,1,1,2,,,,220210_F2_run5,27,unstable,118
4,5.0,0.3333333333333333,c-GC,1,1,1,,,,220210_F2_run5,27,unstable,119
1,,0.0,c-GC,0,0,7,,,,220210_F2_run5,28,stable,20
7,,0.16666666666666666,c-GC,1,0,1,,,,220210_F2_run5,28,novel,23
1,,0.0,c-GC,0,0,7,,,,220210_F2_run5,28,stable,24
1,2.0,0.16666666666666666,c-GC,0,1,1,,,,220210_F2_run5,28,unstable,37
1,2.0,0.16666666666666666,c-GC,0,1,1,,,,220210_F2_run5,28,unstable,78
1,2.0,0.5,c-GC,1,2,2,,,,220210_F2_run5,28,unstable,82
1,3.0,0.16666666666666666,c-GC,0,1,2,,,,220210_F2_run5,28,lost,104
1,,0.0,c-GC,0,0,7,,,,220210_F2_run5,28,stable,141
1,2.0,0.16666666666666666,c-GC,0,1,1,,,,220210_F2_run5,28,unstable,143
1,2.0,0.16666666666666666,c-GC,0,1,1,,,,220210_F2_run5,29,unstable,1
1,2.0,0.16666666666666666,c-GC,0,1,1,,,,220210_F2_run5,29,unstable,2
1,2.0,0.16666666666666666,c-GC,0,1,1,,,,220210_F2_run5,29,unstable,4
1,2.0,0.16666666666666666,c-GC,0,1,1,,,,220210_F2_run5,29,unstable,17
1,2.0,0.16666666666666666,c-GC,0,1,1,,,,220210_F2_run5,29,unstable,23
1,2.0,0.16666666666666666,c-GC,0,1,1,,,,220210_F2_run5,29,unstable,37
6,7.0,0.3333333333333333,c-GC,1,1,1,,,,220210_F2_run5,29,unstable,102
1,2.0,0.16666666666666666,c-GC,0,1,1,,,,220210_F2_run5,30,unstable,5
1,2.0,0.16666666666666666,c-GC,0,1,1,,,,220210_F2_run5,30,unstable,23
1,2.0,0.16666666666666666,c-GC,0,1,1,,,,220210_F2_run5,30,unstable,25
1,2.0,0.16666666666666666,c-GC,0,1,1,,,,220210_F2_run5,30,unstable,35
6,,0.16666666666666666,c-GC,1,0,2,,,,220210_F2_run5,30,unstable,40
1,2.0,0.16666666666666666,c-GC,0,1,1,,,,220210_F2_run5,30,unstable,69
7,,0.16666666666666666,c-GC,1,0,1,,,,220210_F2_run5,30,novel,73
3,4.0,0.5,c-GC,2,1,2,,,,220210_F2_run5,30,unstable,108
7,,0.16666666666666666,c-GC,1,0,1,,,,220210_F2_run5,30,novel,117
1,2.0,0.16666666666666666,c-GC,0,1,1,,,,220210_F2_run5,30,unstable,130
2,3.0,0.3333333333333333,c-GC,1,1,1,,,,220210_F2_run5,31,unstable,0
4,7.0,0.3333333333333333,c-GC,1,1,3,,,,220210_F2_run5,31,unstable,7
1,7.0,0.16666666666666666,c-GC,0,1,6,,,,220210_F2_run5,31,lost,24
2,3.0,0.5,c-GC,2,1,5,,,,220210_F2_run5,31,unstable,59
1,2.0,0.16666666666666666,c-GC,0,1,1,,,,220210_F2_run5,31,unstable,97
1,2.0,0.16666666666666666,c-GC,0,1,1,,,,220210_F2_run5,31,unstable,151
1,2.0,0.16666666666666666,c-GC,0,1,1,,,,220210_F2_run5,32,unstable,10
1,2.0,0.3333333333333333,c-GC,1,1,3,,,,220210_F2_run5,32,unstable,42
1,2.0,0.5,c-GC,1,2,2,,,,220210_F2_run5,32,unstable,104
1,2.0,0.16666666666666666,c-GC,0,1,1,,,,220210_F2_run5,32,unstable,106
1,4.0,0.5,c-GC,1,2,5,,,,220210_F2_run5,32,unstable,146
1,2.0,0.16666666666666666,c-GC,0,1,1,,,,220210_F2_run5,32,unstable,158
1,2.0,0.3333333333333333,c-GC,1,1,4,,,,220210_F2_run5,33,unstable,6
4,5.0,0.3333333333333333,c-GC,1,1,1,,,,220210_F2_run5,33,unstable,7
1,,0.0,c-GC,0,0,7,,,,220210_F2_run5,33,stable,19
4,5.0,0.3333333333333333,c-GC,1,1,1,,,,220210_F2_run5,33,unstable,65
5,7.0,0.3333333333333333,c-GC,1,1,2,,,,220210_F2_run5,33,unstable,76
6,,0.16666666666666666,c-GC,1,0,2,,,,220210_F2_run5,33,unstable,128
5,6.0,0.3333333333333333,c-GC,1,1,1,,,,220210_F2_run5,33,unstable,151
1,2.0,0.16666666666666666,c-GC,0,1,1,,,,220210_F2_run5,34,unstable,1
3,5.0,0.3333333333333333,c-GC,1,1,2,,,,220210_F2_run5,34,unstable,7
1,2.0,0.16666666666666666,c-GC,0,1,1,,,,220210_F2_run5,34,unstable,15
4,,0.16666666666666666,c-GC,1,0,4,,,,220210_F2_run5,34,unstable,57
7,,0.16666666666666666,c-GC,1,0,1,,,,220210_F2_run5,34,novel,70
7,,0.16666666666666666,c-GC,1,0,1,,,,220210_F2_run5,34,novel,91
3,4.0,0.3333333333333333,c-GC,1,1,1,,,,220210_F2_run5,34,unstable,104
1,2.0,0.16666666666666666,c-GC,0,1,1,,,,220210_F2_run5,34,unstable,107
7,,0.16666666666666666,c-GC,1,0,1,,,,220210_F2_run5,35,novel,0
1,7.0,0.16666666666666666,c-GC,0,1,6,,,,220210_F2_run5,35,lost,3
6,,0.16666666666666666,c-GC,1,0,2,,,,220210_F2_run5,35,unstable,6
1,4.0,0.5,c-GC,1,2,4,,,,220210_F2_run5,35,unstable,7
6,7.0,0.3333333333333333,c-GC,1,1,1,,,,220210_F2_run5,35,unstable,21
1,6.0,0.16666666666666666,c-GC,0,1,5,,,,220210_F2_run5,35,lost,28
1,3.0,0.16666666666666666,c-GC,0,1,2,,,,220210_F2_run5,35,lost,44
3,6.0,0.3333333333333333,c-GC,1,1,3,,,,220210_F2_run5,35,unstable,62
2,3.0,0.3333333333333333,c-GC,1,1,1,,,,220210_F2_run5,35,unstable,74
1,2.0,0.16666666666666666,c-GC,0,1,1,,,,220210_F2_run5,35,unstable,106
2,4.0,0.3333333333333333,c-GC,1,1,2,,,,220210_F2_run5,35,unstable,122
1,2.0,0.6666666666666666,c-GC,2,2,3,,,,220210_F2_run5,35,unstable,127
1,2.0,0.16666666666666666,c-GC,0,1,1,,,,220210_F2_run5,35,unstable,146
7,,0.16666666666666666,c-GC,1,0,1,,,,220210_F2_run5,36,novel,27
1,2.0,0.3333333333333333,c-GC,1,1,5,,,,220210_F2_run5,37,unstable,3
1,2.0,0.5,c-GC,1,2,2,,,,220210_F2_run5,37,unstable,8
1,,0.0,c-GC,0,0,7,,,,220210_F2_run5,37,stable,22
1,4.0,0.16666666666666666,c-GC,0,1,3,,,,220210_F2_run5,37,lost,29
1,,0.0,c-GC,0,0,7,,,,220210_F2_run5,37,stable,45
1,2.0,0.16666666666666666,c-GC,0,1,1,,,,220210_F2_run5,37,unstable,50
1,2.0,0.16666666666666666,c-GC,0,1,1,,,,220210_F2_run5,37,unstable,60
1,2.0,0.16666666666666666,c-GC,0,1,1,,,,220210_F2_run5,37,unstable,62
1,2.0,0.6666666666666666,c-GC,2,2,4,,,,220210_F2_run5,37,unstable,85
3,4.0,0.6666666666666666,c-GC,2,2,3,,,,220210_F2_run5,37,unstable,103
1,2.0,0.16666666666666666,c-GC,0,1,1,,,,220210_F2_run5,37,unstable,108
1,2.0,0.16666666666666666,c-GC,0,1,1,,,,220210_F2_run5,37,unstable,134
1,2.0,0.3333333333333333,c-GC,1,1,6,,,,220210_F2_run5,37,unstable,135
1,2.0,0.3333333333333333,c-GC,1,1,2,,,,220210_F2_run5,37,unstable,160
7,,0.16666666666666666,c-GC,1,0,1,,,,220210_F2_run5,38,novel,1
7,,0.16666666666666666,c-GC,1,0,1,,,,220210_F2_run5,38,novel,3
2,3.0,0.6666666666666666,c-GC,2,2,2,,,,220210_F2_run5,38,unstable,7
2,,0.16666666666666666,c-GC,1,0,6,,,,220210_F2_run5,38,unstable,9
1,,0.0,c-GC,0,0,7,,,,220210_F2_run5,38,stable,10
2,7.0,0.3333333333333333,c-GC,1,1,5,,,,220210_F2_run5,38,unstable,13
6,,0.16666666666666666,c-GC,1,0,2,,,,220210_F2_run5,38,unstable,15
2,,0.16666666666666666,c-GC,1,0,6,,,,220210_F2_run5,38,unstable,24
4,5.0,0.3333333333333333,c-GC,1,1,1,,,,220210_F2_run5,38,unstable,25
4,5.0,0.5,c-GC,2,1,3,,,,220210_F2_run5,38,unstable,35
1,,0.0,c-GC,0,0,7,,,,220210_F2_run5,38,stable,39
1,,0.0,c-GC,0,0,7,,,,220210_F2_run5,38,stable,41
1,,0.0,c-GC,0,0,7,,,,220210_F2_run5,38,stable,42
5,6.0,0.3333333333333333,c-GC,1,1,1,,,,220210_F2_run5,38,unstable,80
2,6.0,0.3333333333333333,c-GC,1,1,4,,,,220210_F2_run5,38,unstable,117
6,,0.16666666666666666,c-GC,1,0,2,,,,220210_F2_run5,39,unstable,1
1,,0.0,c-GC,0,0,7,,,,220210_F2_run5,39,stable,3
1,,0.0,c-GC,0,0,7,,,,220210_F2_run5,39,stable,5
1,,0.0,c-GC,0,0,7,,,,220210_F2_run5,39,stable,7
1,,0.0,c-GC,0,0,7,,,,220210_F2_run5,39,stable,9
1,,0.0,c-GC,0,0,7,,,,220210_F2_run5,39,stable,10
1,3.0,0.16666666666666666,c-GC,0,1,2,,,,220210_F2_run5,39,lost,18
1,,0.0,c-GC,0,0,7,,,,220210_F2_run5,39,stable,20
1,,0.0,c-GC,0,0,7,,,,220210_F2_run5,39,stable,24
2,,0.16666666666666666,c-GC,1,0,6,,,,220210_F2_run5,39,unstable,28
1,2.0,0.16666666666666666,c-GC,0,1,1,,,,220210_F2_run5,39,unstable,34
1,2.0,0.16666666666666666,c-GC,0,1,1,,,,220210_F2_run5,39,unstable,35
1,5.0,0.3333333333333333,c-GC,1,1,5,,,,220210_F2_run5,39,unstable,38
1,,0.0,c-GC,0,0,7,,,,220210_F2_run5,39,stable,41
1,5.0,0.3333333333333333,c-GC,1,1,6,,,,220210_F2_run5,39,unstable,42
3,,0.16666666666666666,c-GC,1,0,5,,,,220210_F2_run5,39,unstable,45
1,2.0,0.16666666666666666,c-GC,0,1,1,,,,220210_F2_run5,39,unstable,52
7,,0.16666666666666666,c-GC,1,0,1,,,,220210_F2_run5,39,novel,55
1,2.0,0.16666666666666666,c-GC,0,1,1,,,,220210_F2_run5,39,unstable,66
6,,0.16666666666666666,c-GC,1,0,2,,,,220210_F2_run5,39,unstable,74
1,,0.0,c-GC,0,0,7,,,,220210_F2_run5,39,stable,87
1,4.0,0.16666666666666666,c-GC,0,1,3,,,,220210_F2_run5,39,lost,96
1,,0.0,c-GC,0,0,7,,,,220210_F2_run5,39,stable,108
1,,0.0,c-GC,0,0,7,,,,220210_F2_run5,39,stable,118
6,,0.16666666666666666,c-GC,1,0,2,,,,220210_F2_run5,40,unstable,6
1,,0.0,c-GC,0,0,7,,,,220210_F2_run5,40,stable,7
1,,0.0,c-GC,0,0,7,,,,220210_F2_run5,40,stable,11
2,3.0,0.3333333333333333,c-GC,1,1,1,,,,220210_F2_run5,40,unstable,23
3,4.0,0.3333333333333333,c-GC,1,1,1,,,,220210_F2_run5,40,unstable,60
3,5.0,0.3333333333333333,c-GC,1,1,2,,,,220210_F2_run5,40,unstable,62
5,6.0,0.3333333333333333,c-GC,1,1,1,,,,220210_F2_run5,40,unstable,82
3,5.0,0.3333333333333333,c-GC,1,1,2,,,,220210_F2_run5,40,unstable,102
3,5.0,0.3333333333333333,c-GC,1,1,2,,,,220210_F2_run5,40,unstable,130
3,5.0,0.5,c-GC,2,1,4,,,,220210_F2_run5,40,unstable,151
3,,0.16666666666666666,c-GC,1,0,5,,,,220210_F2_run5,40,unstable,152
3,4.0,0.3333333333333333,c-GC,1,1,1,,,,220210_F2_run5,40,unstable,160
1,5.0,0.16666666666666666,c-GC,0,1,4,,,,220210_F2_run5,41,lost,9
3,5.0,0.3333333333333333,c-GC,1,1,2,,,,220210_F2_run5,41,unstable,38
7,,0.16666666666666666,c-GC,1,0,1,,,,220210_F2_run5,41,novel,52
2,3.0,0.3333333333333333,c-GC,1,1,1,,,,220210_F2_run5,41,unstable,56
4,6.0,0.3333333333333333,c-GC,1,1,2,,,,220210_F2_run5,41,unstable,78
1,2.0,0.16666666666666666,c-GC,0,1,1,,,,220210_F2_run5,41,unstable,95
6,,0.16666666666666666,c-GC,1,0,2,,,,220210_F2_run5,42,unstable,0
1,,0.0,c-GC,0,0,7,,,,220210_F2_run5,42,stable,10
4,,0.16666666666666666,c-GC,1,0,4,,,,220210_F2_run5,42,unstable,18
5,6.0,0.5,c-GC,2,1,2,,,,220210_F2_run5,42,unstable,86
1,,0.0,c-GC,0,0,7,,,,220210_F2_run5,42,stable,94
2,,0.16666666666666666,c-GC,1,0,6,,,,220210_F2_run5,42,unstable,136
7,,0.16666666666666666,c-GC,1,0,1,,,,220210_F2_run5,42,novel,151
7,,0.16666666666666666,c-GC,1,0,1,,,,220210_F2_run5,42,novel,152
1,,0.0,c-GC,0,0,7,,,,220210_F2_run5,43,stable,1
1,2.0,0.16666666666666666,c-GC,0,1,1,,,,220210_F2_run5,43,unstable,17
1,,0.0,c-GC,0,0,7,,,,220210_F2_run5,43,stable,18
1,2.0,0.3333333333333333,c-GC,1,1,3,,,,220210_F2_run5,43,unstable,34
1,3.0,0.5,c-GC,1,2,4,,,,220210_F2_run5,43,unstable,112
6,,0.16666666666666666,c-GC,1,0,2,,,,220210_F2_run5,44,unstable,20
7,,0.16666666666666666,c-GC,1,0,1,,,,220210_F2_run5,44,novel,62
1,2.0,0.16666666666666666,c-GC,0,1,1,,,,220210_F2_run5,44,unstable,65
1,2.0,0.5,c-GC,1,2,2,,,,220210_F2_run5,44,unstable,67
4,5.0,0.5,c-GC,2,1,3,,,,220210_F2_run5,44,unstable,68
1,2.0,0.16666666666666666,c-GC,0,1,1,,,,220210_F2_run5,44,unstable,71
1,,0.0,c-GC,0,0,7,,,,220210_F2_run5,44,stable,72
6,7.0,0.3333333333333333,c-GC,1,1,1,,,,220210_F2_run5,44,unstable,74
1,,0.0,c-GC,0,0,7,,,,220210_F2_run5,44,stable,79
1,2.0,0.16666666666666666,c-GC,0,1,1,,,,220210_F2_run5,44,unstable,89
1,2.0,0.16666666666666666,c-GC,0,1,1,,,,220210_F2_run5,44,unstable,94
7,,0.16666666666666666,c-GC,1,0,1,,,,220210_F2_run5,44,novel,106
1,2.0,0.16666666666666666,c-GC,0,1,1,,,,220210_F2_run5,44,unstable,114
7,,0.16666666666666666,c-GC,1,0,1,,,,220210_F2_run5,44,novel,116
1,2.0,0.16666666666666666,c-GC,0,1,1,,,,220210_F2_run5,44,unstable,127
1,2.0,0.5,c-GC,1,2,2,,,,220210_F2_run5,44,unstable,129
1,2.0,0.16666666666666666,c-GC,0,1,1,,,,220210_F2_run5,44,unstable,130
1,2.0,0.16666666666666666,c-GC,0,1,1,,,,220210_F2_run5,44,unstable,132
1,2.0,0.16666666666666666,c-GC,0,1,1,,,,220210_F2_run5,44,unstable,134
1,2.0,0.16666666666666666,c-GC,0,1,1,,,,220210_F2_run5,44,unstable,146
1,2.0,0.3333333333333333,c-GC,1,1,2,,,,220210_F2_run5,44,unstable,152
1,2.0,0.3333333333333333,c-GC,1,1,2,,,,220210_F2_run5,44,unstable,153
1,3.0,0.3333333333333333,c-GC,1,1,3,,,,220210_F2_run5,44,unstable,164
7,,0.16666666666666666,c-GC,1,0,1,,,,220210_F2_run5,45,novel,5
1,2.0,0.16666666666666666,c-GC,0,1,1,,,,220210_F2_run5,45,unstable,6
4,5.0,0.5,c-GC,2,1,2,,,,220210_F2_run5,45,unstable,25
1,2.0,0.16666666666666666,c-GC,0,1,1,,,,220210_F2_run5,45,unstable,35
1,2.0,0.16666666666666666,c-GC,0,1,1,,,,220210_F2_run5,45,unstable,42
1,,0.0,c-GC,0,0,7,,,,220210_F2_run5,45,stable,95
4,5.0,0.3333333333333333,c-GC,1,1,1,,,,220210_F2_run5,45,unstable,114
2,,0.16666666666666666,c-GC,1,0,6,,,,220210_F2_run5,45,unstable,118
6,7.0,0.3333333333333333,c-GC,1,1,1,,,,220210_F2_run5,45,unstable,137
1,2.0,0.16666666666666666,c-GC,0,1,1,,,,220210_F2_run5,45,unstable,141
1,2.0,0.16666666666666666,c-GC,0,1,1,,,,220210_F2_run5,45,unstable,157
2,6.0,0.5,c-GC,2,1,5,,,,220210_F2_run5,46,unstable,8
3,4.0,0.3333333333333333,c-GC,1,1,1,,,,220210_F2_run5,46,unstable,44
1,2.0,0.16666666666666666,c-GC,0,1,1,,,,220210_F2_run5,46,unstable,45
1,2.0,0.16666666666666666,c-GC,0,1,1,,,,220210_F2_run5,46,unstable,49
6,,0.16666666666666666,c-GC,1,0,2,,,,220210_F2_run5,46,unstable,50
1,2.0,0.3333333333333333,c-GC,1,1,2,,,,220210_F2_run5,46,unstable,60
1,2.0,0.16666666666666666,c-GC,0,1,1,,,,220210_F2_run5,46,unstable,62
1,2.0,0.16666666666666666,c-GC,0,1,1,,,,220210_F2_run5,46,unstable,78
1,5.0,0.16666666666666666,c-GC,0,1,4,,,,220210_F2_run5,46,lost,83
1,2.0,0.16666666666666666,c-GC,0,1,1,,,,220210_F2_run5,46,unstable,102
7,,0.16666666666666666,c-GC,1,0,1,,,,220210_F2_run5,46,novel,103
2,4.0,0.5,c-GC,2,1,3,,,,220210_F2_run5,46,unstable,114
1,2.0,0.8333333333333334,c-GC,2,3,3,,,,220210_F2_run5,46,unstable,118
1,5.0,0.3333333333333333,c-GC,1,1,5,,,,220210_F2_run5,46,unstable,124
1,,0.0,c-GC,0,0,7,,,,220210_F2_run5,46,stable,134
1,,0.0,c-GC,0,0,7,,,,220210_F2_run5,46,stable,156
1,2.0,0.16666666666666666,c-GC,0,1,1,,,,220210_F2_run5,46,unstable,164
6,,0.16666666666666666,c-GC,1,0,2,,,,220210_F2_run5,47,unstable,33
5,,0.16666666666666666,c-GC,1,0,3,,,,220210_F2_run5,47,unstable,50
6,7.0,0.3333333333333333,c-GC,1,1,1,,,,220210_F2_run5,47,unstable,128
3,4.0,0.3333333333333333,c-GC,1,1,1,,,,220210_F2_run5,48,unstable,60
5,6.0,0.5,c-GC,2,1,2,,,,220210_F2_run5,48,unstable,62
3,,0.16666666666666666,c-GC,1,0,5,,,,220210_F2_run5,48,unstable,64
1,,0.0,c-GC,0,0,7,,,,220210_F2_run5,48,stable,102
2,,0.16666666666666666,c-GC,1,0,6,,,,220210_F2_run5,48,unstable,124
2,,0.16666666666666666,c-GC,1,0,6,,,,220210_F2_run5,48,unstable,140
4,5.0,0.5,c-GC,2,1,2,,,,220210_F2_run5,48,unstable,163
2,4.0,0.3333333333333333,c-GC,1,1,2,,,,220210_F2_run5,48,unstable,164
1,2.0,0.16666666666666666,c-GC,0,1,1,,,,220210_F2_run5,49,unstable,22
1,2.0,0.16666666666666666,c-GC,0,1,1,,,,220210_F2_run5,49,unstable,30
1,4.0,0.16666666666666666,c-GC,0,1,3,,,,220210_F2_run5,49,lost,37
1,2.0,0.16666666666666666,c-GC,0,1,1,,,,220210_F2_run5,49,unstable,45
1,2.0,0.16666666666666666,c-GC,0,1,1,,,,220210_F2_run5,49,unstable,48
1,5.0,0.16666666666666666,c-GC,0,1,4,,,,220210_F2_run5,49,lost,61
1,2.0,0.16666666666666666,c-GC,0,1,1,,,,220210_F2_run5,49,unstable,69
1,4.0,0.3333333333333333,c-GC,1,1,6,,,,220210_F2_run5,49,unstable,75
1,2.0,0.16666666666666666,c-GC,0,1,1,,,,220210_F2_run5,49,unstable,76
1,2.0,0.16666666666666666,c-GC,0,1,1,,,,220210_F2_run5,49,unstable,102
1,2.0,0.16666666666666666,c-GC,0,1,1,,,,220210_F2_run5,49,unstable,119
1,2.0,0.16666666666666666,c-GC,0,1,1,,,,220210_F2_run5,49,unstable,127
1,2.0,0.16666666666666666,c-GC,0,1,1,,,,220210_F2_run5,49,unstable,138
1,2.0,0.16666666666666666,c-GC,0,1,1,,,,220210_F2_run5,49,unstable,148
3,4.0,0.3333333333333333,c-GC,1,1,1,,,,220210_F2_run5,49,unstable,156
5,6.0,0.5,c-GC,2,1,2,,,,220210_F2_run5,50,unstable,28
4,6.0,0.3333333333333333,c-GC,1,1,2,,,,220210_F2_run5,50,unstable,41
1,2.0,0.16666666666666666,c-GC,0,1,1,,,,220210_F2_run5,50,unstable,70
2,3.0,0.3333333333333333,c-GC,1,1,1,,,,220210_F2_run5,50,unstable,74
1,2.0,0.3333333333333333,c-GC,1,1,4,,,,220210_F2_run5,50,unstable,75
1,2.0,0.16666666666666666,c-GC,0,1,1,,,,220210_F2_run5,50,unstable,87
1,2.0,0.16666666666666666,c-GC,0,1,1,,,,220210_F2_run5,50,unstable,108
3,4.0,0.3333333333333333,c-GC,1,1,1,,,,220210_F2_run5,50,unstable,133
1,2.0,0.16666666666666666,c-GC,0,1,1,,,,220210_F2_run5,50,unstable,154
1,2.0,0.16666666666666666,c-GC,0,1,1,,,,220210_F2_run5,50,unstable,156
5,6.0,0.5,c-GC,2,1,2,,,,220210_F2_run5,50,unstable,162
7,,0.16666666666666666,c-GC,1,0,1,,,,220210_F2_run5,51,novel,12
1,3.0,0.5,c-GC,1,2,4,,,,220210_F2_run5,51,unstable,14
3,5.0,0.5,c-GC,2,1,4,,,,220210_F2_run5,51,unstable,15
7,,0.16666666666666666,c-GC,1,0,1,,,,220210_F2_run5,51,novel,41
1,,0.0,c-GC,0,0,7,,,,220210_F2_run5,51,stable,56
1,,0.0,c-GC,0,0,7,,,,220210_F2_run5,51,stable,57
1,,0.0,c-GC,0,0,7,,,,220210_F2_run5,51,stable,66
1,2.0,0.3333333333333333,c-GC,1,1,6,,,,220210_F2_run5,51,unstable,70
1,2.0,0.16666666666666666,c-GC,0,1,1,,,,220210_F2_run5,51,unstable,78
1,6.0,0.16666666666666666,c-GC,0,1,5,,,,220210_F2_run5,51,lost,80
1,2.0,0.3333333333333333,c-GC,1,1,2,,,,220210_F2_run5,51,unstable,89
6,7.0,0.3333333333333333,c-GC,1,1,1,,,,220210_F2_run5,51,unstable,103
1,,0.0,c-GC,0,0,7,,,,220210_F2_run5,51,stable,127
2,,0.16666666666666666,c-GC,1,0,6,,,,220210_F2_run5,52,unstable,57
1,,0.0,c-GC,0,0,7,,,,220210_F2_run5,52,stable,68
1,2.0,0.16666666666666666,c-GC,0,1,1,,,,220210_F2_run5,52,unstable,96
1,2.0,0.16666666666666666,c-GC,0,1,1,,,,220210_F2_run5,52,unstable,114
3,4.0,0.3333333333333333,c-GC,1,1,1,,,,220210_F2_run5,53,unstable,20
1,2.0,0.16666666666666666,c-GC,0,1,1,,,,220210_F2_run5,53,unstable,22
1,5.0,0.16666666666666666,c-GC,0,1,4,,,,220210_F2_run5,53,lost,25
1,2.0,0.16666666666666666,c-GC,0,1,1,,,,220210_F2_run5,53,unstable,54
1,2.0,0.16666666666666666,c-GC,0,1,1,,,,220210_F2_run5,53,unstable,78
1,5.0,0.16666666666666666,c-GC,0,1,4,,,,220210_F2_run5,53,lost,98
1,3.0,0.16666666666666666,c-GC,0,1,2,,,,220210_F2_run5,53,lost,106
6,7.0,0.3333333333333333,c-GC,1,1,1,,,,220210_F2_run5,53,unstable,107
5,,0.16666666666666666,c-GC,1,0,3,,,,220210_F2_run5,53,unstable,118
3,4.0,0.5,c-GC,2,1,2,,,,220210_F2_run5,53,unstable,124
6,,0.16666666666666666,c-GC,1,0,2,,,,220210_F2_run5,53,unstable,134
5,7.0,0.3333333333333333,c-GC,1,1,2,,,,220210_F2_run5,53,unstable,137
1,3.0,0.16666666666666666,c-GC,0,1,2,,,,220210_F2_run5,53,lost,139
1,3.0,0.16666666666666666,c-GC,0,1,2,,,,220210_F2_run5,53,lost,143
1,2.0,0.16666666666666666,c-GC,0,1,1,,,,220210_F2_run5,53,unstable,145
6,,0.16666666666666666,c-GC,1,0,2,,,,220210_F2_run5,53,unstable,149
4,5.0,0.5,c-GC,2,1,3,,,,220210_F2_run5,53,unstable,154
2,5.0,0.3333333333333333,c-GC,1,1,3,,,,220210_F2_run5,54,unstable,34
7,,0.16666666666666666,c-GC,1,0,1,,,,220210_F2_run5,54,novel,158
1,2.0,0.6666666666666666,c-GC,2,2,3,,,,220210_F2_run5,55,unstable,45
5,,0.16666666666666666,c-GC,1,0,3,,,,220210_F2_run5,56,unstable,14
1,6.0,0.16666666666666666,c-GC,0,1,5,,,,220210_F2_run5,56,lost,16
6,7.0,0.3333333333333333,c-GC,1,1,1,,,,220210_F2_run5,56,unstable,34
1,2.0,0.16666666666666666,c-GC,0,1,1,,,,220210_F2_run5,56,unstable,49
2,3.0,0.3333333333333333,c-GC,1,1,1,,,,220210_F2_run5,56,unstable,57
4,,0.16666666666666666,c-GC,1,0,4,,,,220210_F2_run5,56,unstable,70
1,3.0,0.16666666666666666,c-GC,0,1,2,,,,220210_F2_run5,56,lost,75
3,4.0,0.3333333333333333,c-GC,1,1,1,,,,220210_F2_run5,57,unstable,7
2,7.0,0.3333333333333333,c-GC,1,1,5,,,,220210_F2_run5,57,unstable,8
2,3.0,0.3333333333333333,c-GC,1,1,1,,,,220210_F2_run5,57,unstable,37
1,3.0,0.6666666666666666,c-GC,2,2,4,,,,220210_F2_run5,57,unstable,44
1,2.0,0.16666666666666666,c-GC,0,1,1,,,,220210_F2_run5,57,unstable,46
2,4.0,0.6666666666666666,c-GC,2,2,4,,,,220210_F2_run5,57,unstable,50
2,,0.16666666666666666,c-GC,1,0,6,,,,220210_F2_run5,57,unstable,52
5,6.0,0.3333333333333333,c-GC,1,1,1,,,,220210_F2_run5,57,unstable,53
2,,0.16666666666666666,c-GC,1,0,6,,,,220210_F2_run5,57,unstable,56
1,3.0,0.5,c-GC,1,2,3,,,,220210_F2_run5,57,unstable,59
2,,0.16666666666666666,c-GC,1,0,6,,,,220210_F2_run5,57,unstable,68
1,,0.0,c-GC,0,0,7,,,,220210_F2_run5,57,stable,70
2,4.0,0.6666666666666666,c-GC,2,2,3,,,,220210_F2_run5,57,unstable,73
4,5.0,0.5,c-GC,2,1,3,,,,220210_F2_run5,57,unstable,75
3,,0.16666666666666666,c-GC,1,0,5,,,,220210_F2_run5,57,unstable,85
1,,0.0,c-GC,0,0,7,,,,220210_F2_run5,57,stable,89
1,,0.0,c-GC,0,0,7,,,,220210_F2_run5,57,stable,91
1,3.0,0.16666666666666666,c-GC,0,1,2,,,,220210_F2_run5,57,lost,92
1,3.0,0.16666666666666666,c-GC,0,1,2,,,,220210_F2_run5,57,lost,97
5,6.0,0.5,c-GC,2,1,2,,,,220210_F2_run5,57,unstable,102
3,5.0,0.5,c-GC,2,1,3,,,,220210_F2_run5,57,unstable,104
2,3.0,0.5,c-GC,2,1,5,,,,220210_F2_run5,57,unstable,114
4,,0.16666666666666666,c-GC,1,0,4,,,,220210_F2_run5,57,unstable,118
2,6.0,0.3333333333333333,c-GC,1,1,4,,,,220210_F2_run5,57,unstable,147
2,3.0,0.5,c-GC,2,1,2,,,,220210_F2_run5,58,unstable,34
3,7.0,0.3333333333333333,c-GC,1,1,4,,,,220210_F2_run5,58,unstable,52
5,,0.16666666666666666,c-GC,1,0,3,,,,220210_F2_run5,58,unstable,56
1,,0.0,c-GC,0,0,7,,,,220210_F2_run5,58,stable,57
4,,0.16666666666666666,c-GC,1,0,4,,,,220210_F2_run5,58,unstable,66
2,,0.16666666666666666,c-GC,1,0,6,,,,220210_F2_run5,58,unstable,69
2,,0.16666666666666666,c-GC,1,0,6,,,,220210_F2_run5,58,unstable,70
3,7.0,0.3333333333333333,c-GC,1,1,4,,,,220210_F2_run5,58,unstable,75
6,,0.16666666666666666,c-GC,1,0,2,,,,220210_F2_run5,58,unstable,89
5,,0.16666666666666666,c-GC,1,0,3,,,,220210_F2_run5,58,unstable,91
6,,0.16666666666666666,c-GC,1,0,2,,,,220210_F2_run5,58,unstable,102
5,6.0,0.5,c-GC,2,1,2,,,,220210_F2_run5,58,unstable,114
7,,0.16666666666666666,c-GC,1,0,1,,,,220210_F2_run5,58,novel,127
5,,0.16666666666666666,c-GC,1,0,3,,,,220210_F2_run5,58,unstable,153
5,7.0,0.3333333333333333,c-GC,1,1,2,,,,220210_F2_run5,58,unstable,155
4,5.0,0.3333333333333333,c-GC,1,1,1,,,,220210_F2_run5,59,unstable,109
1,2.0,0.5,c-GC,1,2,3,,,,220210_F2_run5,59,unstable,114
5,7.0,0.3333333333333333,c-GC,1,1,2,,,,220210_F2_run5,60,unstable,20
2,7.0,0.3333333333333333,c-GC,1,1,5,,,,220210_F2_run5,60,unstable,45
1,,0.0,c-GC,0,0,7,,,,220210_F2_run5,60,stable,48
6,7.0,0.3333333333333333,c-GC,1,1,1,,,,220210_F2_run5,60,unstable,58
1,,0.0,c-GC,0,0,7,,,,220210_F2_run5,60,stable,61
3,,0.16666666666666666,c-GC,1,0,5,,,,220210_F2_run5,60,unstable,65
2,5.0,0.5,c-GC,2,1,4,,,,220210_F2_run5,60,unstable,80
1,,0.0,c-GC,0,0,7,,,,220210_F2_run5,60,stable,83
3,,0.16666666666666666,c-GC,1,0,5,,,,220210_F2_run5,60,unstable,85
3,4.0,0.6666666666666666,c-GC,2,2,2,,,,220210_F2_run5,60,unstable,88
6,,0.16666666666666666,c-GC,1,0,2,,,,220210_F2_run5,60,unstable,90
2,,0.16666666666666666,c-GC,1,0,6,,,,220210_F2_run5,60,unstable,102
5,6.0,0.5,c-GC,2,1,2,,,,220210_F2_run5,60,unstable,118
1,,0.0,c-GC,0,0,7,,,,220210_F2_run5,60,stable,119
7,,0.16666666666666666,c-GC,1,0,1,,,,220210_F2_run5,60,novel,120
7,,0.16666666666666666,c-GC,1,0,1,,,,220210_F2_run5,60,novel,121
2,7.0,0.3333333333333333,c-GC,1,1,5,,,,220210_F2_run5,60,unstable,124
2,,0.16666666666666666,c-GC,1,0,6,,,,220210_F2_run5,60,unstable,125
5,6.0,0.3333333333333333,c-GC,1,1,1,,,,220210_F2_run5,60,unstable,126
2,4.0,0.3333333333333333,c-GC,1,1,2,,,,220210_F2_run5,60,unstable,127
2,,0.16666666666666666,c-GC,1,0,6,,,,220210_F2_run5,60,unstable,135
1,,0.0,c-GC,0,0,7,,,,220210_F2_run5,60,stable,139
1,,0.0,c-GC,0,0,7,,,,220210_F2_run5,60,stable,140
2,3.0,0.6666666666666666,c-GC,2,2,2,,,,220210_F2_run5,60,unstable,154
3,4.0,0.5,c-GC,2,1,4,,,,220210_F2_run5,60,unstable,156
4,6.0,0.3333333333333333,c-GC,1,1,2,,,,220210_F2_run5,60,unstable,157
1,6.0,0.16666666666666666,c-GC,0,1,5,,,,220210_F2_run5,60,lost,163
5,6.0,0.3333333333333333,c-GC,1,1,1,,,,220210_F2_run5,61,unstable,12
1,2.0,0.16666666666666666,c-GC,0,1,1,,,,220210_F2_run5,61,unstable,37
1,3.0,0.3333333333333333,c-GC,1,1,6,,,,220210_F2_run5,61,unstable,62
1,2.0,0.16666666666666666,c-GC,0,1,1,,,,220210_F2_run5,61,unstable,65
1,,0.0,c-GC,0,0,7,,,,220210_F2_run5,61,stable,73
7,,0.16666666666666666,c-GC,1,0,1,,,,220210_F2_run5,61,novel,75
1,2.0,0.16666666666666666,c-GC,0,1,1,,,,220210_F2_run5,61,unstable,102
5,6.0,0.3333333333333333,c-GC,1,1,1,,,,220210_F2_run5,61,unstable,103
1,2.0,0.16666666666666666,c-GC,0,1,1,,,,220210_F2_run5,61,unstable,114
6,,0.16666666666666666,c-GC,1,0,2,,,,220210_F2_run5,61,unstable,116
1,3.0,0.3333333333333333,c-GC,1,1,4,,,,220210_F2_run5,61,unstable,118
6,,0.16666666666666666,c-GC,1,0,2,,,,220210_F2_run5,61,unstable,119
6,,0.16666666666666666,c-GC,1,0,2,,,,220210_F2_run5,61,unstable,131
7,,0.16666666666666666,c-GC,1,0,1,,,,220210_F2_run5,61,novel,133
7,,0.16666666666666666,c-GC,1,0,1,,,,220210_F2_run5,61,novel,134
7,,0.16666666666666666,c-GC,1,0,1,,,,220210_F2_run5,61,novel,141
7,,0.16666666666666666,c-GC,1,0,1,,,,220210_F2_run5,61,novel,147
1,2.0,0.16666666666666666,c-GC,0,1,1,,,,220210_F2_run5,62,unstable,3
1,4.0,0.3333333333333333,c-GC,1,1,6,,,,220210_F2_run5,62,unstable,7
1,2.0,0.16666666666666666,c-GC,0,1,1,,,,220210_F2_run5,62,unstable,9
1,,0.0,c-GC,0,0,7,,,,220210_F2_run5,62,stable,24
1,7.0,0.16666666666666666,c-GC,0,1,6,,,,220210_F2_run5,62,lost,28
3,5.0,0.6666666666666666,c-GC,2,2,3,,,,220210_F2_run5,62,unstable,30
1,2.0,0.16666666666666666,c-GC,0,1,1,,,,220210_F2_run5,62,unstable,41
1,2.0,0.16666666666666666,c-GC,0,1,1,,,,220210_F2_run5,62,unstable,48
1,2.0,0.5,c-GC,1,2,3,,,,220210_F2_run5,62,unstable,51
1,2.0,0.16666666666666666,c-GC,0,1,1,,,,220210_F2_run5,62,unstable,56
1,,0.0,c-GC,0,0,7,,,,220210_F2_run5,62,stable,57
1,2.0,0.16666666666666666,c-GC,0,1,1,,,,220210_F2_run5,62,unstable,58
1,4.0,0.3333333333333333,c-GC,1,1,6,,,,220210_F2_run5,62,unstable,60
1,3.0,0.3333333333333333,c-GC,1,1,6,,,,220210_F2_run5,62,unstable,63
1,2.0,0.16666666666666666,c-GC,0,1,1,,,,220210_F2_run5,62,unstable,66
1,,0.0,c-GC,0,0,7,,,,220210_F2_run5,62,stable,69
1,,0.0,c-GC,0,0,7,,,,220210_F2_run5,62,stable,70
1,,0.0,c-GC,0,0,7,,,,220210_F2_run5,62,stable,72
1,,0.0,c-GC,0,0,7,,,,220210_F2_run5,62,stable,80
1,2.0,0.16666666666666666,c-GC,0,1,1,,,,220210_F2_run5,62,unstable,88
4,5.0,0.5,c-GC,2,1,3,,,,220210_F2_run5,62,unstable,89
3,5.0,0.5,c-GC,2,1,4,,,,220210_F2_run5,62,unstable,91
1,4.0,0.6666666666666666,c-GC,2,2,5,,,,220210_F2_run5,62,unstable,102
1,2.0,0.16666666666666666,c-GC,0,1,1,,,,220210_F2_run5,62,unstable,113
1,,0.0,c-GC,0,0,7,,,,220210_F2_run5,62,stable,117
1,,0.0,c-GC,0,0,7,,,,220210_F2_run5,62,stable,124
1,2.0,0.3333333333333333,c-GC,1,1,2,,,,220210_F2_run5,62,unstable,125
1,2.0,0.5,c-GC,1,2,3,,,,220210_F2_run5,62,unstable,127
7,,0.16666666666666666,c-GC,1,0,1,,,,220210_F2_run5,62,novel,146
6,,0.16666666666666666,c-GC,1,0,2,,,,220210_F2_run5,63,unstable,44
1,4.0,0.16666666666666666,c-GC,0,1,3,,,,220210_F2_run5,63,lost,61
7,,0.16666666666666666,c-GC,1,0,1,,,,220210_F2_run5,63,novel,83
2,5.0,0.3333333333333333,c-GC,1,1,3,,,,220210_F2_run5,63,unstable,111
3,,0.16666666666666666,c-GC,1,0,5,,,,220210_F2_run5,63,unstable,117
1,3.0,0.3333333333333333,c-GC,1,1,6,,,,220210_F2_run5,63,unstable,120
2,4.0,0.3333333333333333,c-GC,1,1,2,,,,220210_F2_run5,63,unstable,124
7,,0.16666666666666666,c-GC,1,0,1,,,,220210_F2_run5,63,novel,140
7,,0.16666666666666666,c-GC,1,0,1,,,,220210_F2_run5,64,novel,18
1,2.0,0.16666666666666666,c-GC,0,1,1,,,,220210_F2_run5,64,unstable,59
1,3.0,0.16666666666666666,c-GC,0,1,2,,,,220210_F2_run5,64,lost,67
1,3.0,0.16666666666666666,c-GC,0,1,2,,,,220210_F2_run5,64,lost,85
1,5.0,0.16666666666666666,c-GC,0,1,4,,,,220210_F2_run5,64,lost,95
6,7.0,0.3333333333333333,c-GC,1,1,1,,,,220210_F2_run5,64,unstable,114
3,5.0,0.3333333333333333,c-GC,1,1,2,,,,220210_F2_run5,64,unstable,125
3,4.0,0.6666666666666666,c-GC,2,2,2,,,,220210_F2_run5,64,unstable,132
7,,0.16666666666666666,c-GC,1,0,1,,,,220210_F2_run5,64,novel,133
7,,0.16666666666666666,c-GC,1,0,1,,,,220210_F2_run5,64,novel,151
7,,0.16666666666666666,c-GC,1,0,1,,,,220210_F2_run5,65,novel,14
1,3.0,0.3333333333333333,c-GC,1,1,3,,,,220210_F2_run5,65,unstable,43
1,,0.0,c-GC,0,0,7,,,,220210_F2_run5,65,stable,44
1,2.0,0.16666666666666666,c-GC,0,1,1,,,,220210_F2_run5,65,unstable,49
6,,0.16666666666666666,c-GC,1,0,2,,,,220210_F2_run5,65,unstable,50
2,3.0,0.5,c-GC,2,1,4,,,,220210_F2_run5,65,unstable,59
2,4.0,0.5,c-GC,2,1,5,,,,220210_F2_run5,65,unstable,60
2,4.0,0.5,c-GC,2,1,5,,,,220210_F2_run5,65,unstable,62
4,,0.16666666666666666,c-GC,1,0,4,,,,220210_F2_run5,65,unstable,68
1,4.0,0.16666666666666666,c-GC,0,1,3,,,,220210_F2_run5,65,lost,72
2,,0.16666666666666666,c-GC,1,0,6,,,,220210_F2_run5,65,unstable,83
6,,0.16666666666666666,c-GC,1,0,2,,,,220210_F2_run5,65,unstable,101
1,2.0,0.5,c-GC,1,2,3,,,,220210_F2_run5,65,unstable,104
5,6.0,0.3333333333333333,c-GC,1,1,1,,,,220210_F2_run5,65,unstable,107
2,,0.16666666666666666,c-GC,1,0,6,,,,220210_F2_run5,65,unstable,124
5,6.0,0.3333333333333333,c-GC,1,1,1,,,,220210_F2_run5,65,unstable,125
2,3.0,0.6666666666666666,c-GC,2,2,2,,,,220210_F2_run5,65,unstable,127
3,4.0,0.5,c-GC,2,1,4,,,,220210_F2_run5,65,unstable,130
1,,0.0,c-GC,0,0,7,,,,220210_F2_run5,65,stable,133
4,,0.16666666666666666,c-GC,1,0,4,,,,220210_F2_run5,65,unstable,137
6,7.0,0.3333333333333333,c-GC,1,1,1,,,,220210_F2_run5,65,unstable,141
1,6.0,0.16666666666666666,c-GC,0,1,5,,,,220210_F2_run5,65,lost,153
2,5.0,0.3333333333333333,c-GC,1,1,3,,,,220210_F2_run5,65,unstable,164
2,6.0,0.3333333333333333,c-GC,1,1,4,,,,220210_F2_run5,66,unstable,8
4,6.0,0.3333333333333333,c-GC,1,1,2,,,,220210_F2_run5,66,unstable,9
3,4.0,0.3333333333333333,c-GC,1,1,1,,,,220210_F2_run5,66,unstable,23
4,5.0,0.3333333333333333,c-GC,1,1,1,,,,220210_F2_run5,66,unstable,46
1,2.0,0.5,c-GC,1,2,3,,,,220210_F2_run5,66,unstable,47
1,,0.0,c-GC,0,0,7,,,,220210_F2_run5,66,stable,50
1,,0.0,c-GC,0,0,7,,,,220210_F2_run5,66,stable,51
1,,0.0,c-GC,0,0,7,,,,220210_F2_run5,66,stable,52
1,,0.0,c-GC,0,0,7,,,,220210_F2_run5,66,stable,56
1,,0.0,c-GC,0,0,7,,,,220210_F2_run5,66,stable,57
1,2.0,0.16666666666666666,c-GC,0,1,1,,,,220210_F2_run5,66,unstable,64
5,,0.16666666666666666,c-GC,1,0,3,,,,220210_F2_run5,66,unstable,65
1,,0.0,c-GC,0,0,7,,,,220210_F2_run5,66,stable,68
2,,0.16666666666666666,c-GC,1,0,6,,,,220210_F2_run5,66,unstable,70
1,,0.0,c-GC,0,0,7,,,,220210_F2_run5,66,stable,89
1,6.0,0.16666666666666666,c-GC,0,1,5,,,,220210_F2_run5,66,lost,91
1,2.0,0.16666666666666666,c-GC,0,1,1,,,,220210_F2_run5,66,unstable,108
1,,0.0,c-GC,0,0,7,,,,220210_F2_run5,66,stable,109
1,,0.0,c-GC,0,0,7,,,,220210_F2_run5,66,stable,147
1,,0.0,c-GC,0,0,7,,,,220210_F2_run5,66,stable,151
1,,0.0,c-GC,0,0,7,,,,220210_F2_run5,66,stable,152
4,,0.16666666666666666,c-GC,1,0,4,,,,220210_F2_run5,67,unstable,9
1,5.0,0.3333333333333333,c-GC,1,1,6,,,,220210_F2_run5,67,unstable,10
1,,0.0,c-GC,0,0,7,,,,220210_F2_run5,67,stable,13
1,2.0,0.16666666666666666,c-GC,0,1,1,,,,220210_F2_run5,67,unstable,14
4,,0.16666666666666666,c-GC,1,0,4,,,,220210_F2_run5,67,unstable,34
1,4.0,0.16666666666666666,c-GC,0,1,3,,,,220210_F2_run5,67,lost,35
1,,0.0,c-GC,0,0,7,,,,220210_F2_run5,67,stable,38
1,,0.0,c-GC,0,0,7,,,,220210_F2_run5,67,stable,39
1,,0.0,c-GC,0,0,7,,,,220210_F2_run5,67,stable,41
7,,0.16666666666666666,c-GC,1,0,1,,,,220210_F2_run5,67,novel,53
2,3.0,0.3333333333333333,c-GC,1,1,1,,,,220210_F2_run5,67,unstable,73
1,5.0,0.3333333333333333,c-GC,1,1,5,,,,220210_F2_run5,67,unstable,74
1,,0.0,c-GC,0,0,7,,,,220210_F2_run5,67,stable,86
1,2.0,0.5,c-GC,1,2,2,,,,220210_F2_run5,67,unstable,104
1,,0.0,c-GC,0,0,7,,,,220210_F2_run5,67,stable,144
4,6.0,0.5,c-GC,2,1,3,,,,220210_F2_run5,68,unstable,6
4,,0.16666666666666666,c-GC,1,0,4,,,,220210_F2_run5,68,unstable,7
1,2.0,0.16666666666666666,c-GC,0,1,1,,,,220210_F2_run5,68,unstable,22
2,3.0,0.3333333333333333,c-GC,1,1,1,,,,220210_F2_run5,68,unstable,30
1,,0.0,c-GC,0,0,7,,,,220210_F2_run5,68,stable,31
4,5.0,0.5,c-GC,2,1,3,,,,220210_F2_run5,68,unstable,45
6,7.0,0.3333333333333333,c-GC,1,1,1,,,,220210_F2_run5,68,unstable,49
3,,0.16666666666666666,c-GC,1,0,5,,,,220210_F2_run5,68,unstable,50
1,,0.0,c-GC,0,0,7,,,,220210_F2_run5,68,stable,52
1,,0.0,c-GC,0,0,7,,,,220210_F2_run5,68,stable,56
4,,0.16666666666666666,c-GC,1,0,4,,,,220210_F2_run5,68,unstable,58
4,5.0,0.5,c-GC,2,1,3,,,,220210_F2_run5,68,unstable,62
7,,0.16666666666666666,c-GC,1,0,1,,,,220210_F2_run5,68,novel,63
1,,0.0,c-GC,0,0,7,,,,220210_F2_run5,68,stable,66
2,3.0,0.5,c-GC,2,1,5,,,,220210_F2_run5,68,unstable,70
1,,0.0,c-GC,0,0,7,,,,220210_F2_run5,68,stable,74
4,,0.16666666666666666,c-GC,1,0,4,,,,220210_F2_run5,68,unstable,75
1,,0.0,c-GC,0,0,7,,,,220210_F2_run5,68,stable,78
7,,0.16666666666666666,c-GC,1,0,1,,,,220210_F2_run5,68,novel,80
4,5.0,0.3333333333333333,c-GC,1,1,1,,,,220210_F2_run5,68,unstable,85
2,,0.16666666666666666,c-GC,1,0,6,,,,220210_F2_run5,68,unstable,87
7,,0.16666666666666666,c-GC,1,0,1,,,,220210_F2_run5,68,novel,95
3,,0.16666666666666666,c-GC,1,0,5,,,,220210_F2_run5,68,unstable,96
5,,0.16666666666666666,c-GC,1,0,3,,,,220210_F2_run5,68,unstable,102
1,6.0,0.16666666666666666,c-GC,0,1,5,,,,220210_F2_run5,68,lost,105
1,2.0,0.16666666666666666,c-GC,0,1,1,,,,220210_F2_run5,68,unstable,108
1,,0.0,c-GC,0,0,7,,,,220210_F2_run5,68,stable,109
3,5.0,0.5,c-GC,2,1,4,,,,220210_F2_run5,68,unstable,114
6,,0.16666666666666666,c-GC,1,0,2,,,,220210_F2_run5,68,unstable,120
6,,0.16666666666666666,c-GC,1,0,2,,,,220210_F2_run5,68,unstable,125
4,5.0,0.5,c-GC,2,1,2,,,,220210_F2_run5,68,unstable,126
2,,0.16666666666666666,c-GC,1,0,6,,,,220210_F2_run5,68,unstable,127
1,2.0,0.3333333333333333,c-GC,1,1,5,,,,220210_F2_run5,68,unstable,128
3,,0.16666666666666666,c-GC,1,0,5,,,,220210_F2_run5,68,unstable,130
4,,0.16666666666666666,c-GC,1,0,4,,,,220210_F2_run5,68,unstable,131
2,,0.16666666666666666,c-GC,1,0,6,,,,220210_F2_run5,68,unstable,133
4,,0.16666666666666666,c-GC,1,0,4,,,,220210_F2_run5,68,unstable,134
1,3.0,0.5,c-GC,1,2,3,,,,220210_F2_run5,68,unstable,138
1,2.0,0.16666666666666666,c-GC,0,1,1,,,,220210_F2_run5,68,unstable,146
2,6.0,0.3333333333333333,c-GC,1,1,4,,,,220210_F2_run5,68,unstable,147
1,7.0,0.16666666666666666,c-GC,0,1,6,,,,220210_F2_run5,68,lost,151
2,3.0,0.6666666666666666,c-GC,2,2,2,,,,220210_F2_run5,68,unstable,155
1,3.0,0.5,c-GC,1,2,3,,,,220210_F2_run5,68,unstable,162
3,4.0,0.3333333333333333,c-GC,1,1,1,,,,220210_F2_run5,69,unstable,29
4,5.0,0.5,c-GC,2,1,2,,,,220210_F2_run5,69,unstable,45
1,2.0,0.16666666666666666,c-GC,0,1,1,,,,220210_F2_run5,69,unstable,46
5,6.0,0.3333333333333333,c-GC,1,1,1,,,,220210_F2_run5,69,unstable,60
1,2.0,0.16666666666666666,c-GC,0,1,1,,,,220210_F2_run5,69,unstable,70
4,,0.16666666666666666,c-GC,1,0,4,,,,220210_F2_run5,69,unstable,75
5,6.0,0.5,c-GC,2,1,2,,,,220210_F2_run5,69,unstable,134
7,,0.16666666666666666,c-GC,1,0,1,,,,220210_F2_run5,69,novel,149
1,3.0,0.3333333333333333,c-GC,1,1,6,,,,220210_F2_run5,69,unstable,152
3,,0.16666666666666666,c-GC,1,0,5,,,,220210_F2_run5,70,unstable,6
1,2.0,0.16666666666666666,c-GC,0,1,1,,,,220210_F2_run5,70,unstable,55
1,5.0,0.3333333333333333,c-GC,1,1,6,,,,220210_F2_run5,70,unstable,56
1,,0.0,c-GC,0,0,7,,,,220210_F2_run5,70,stable,57
1,2.0,0.16666666666666666,c-GC,0,1,1,,,,220210_F2_run5,70,unstable,61
1,2.0,0.16666666666666666,c-GC,0,1,1,,,,220210_F2_run5,70,unstable,69
7,,0.16666666666666666,c-GC,1,0,1,,,,220210_F2_run5,70,novel,73
1,2.0,0.16666666666666666,c-GC,0,1,1,,,,220210_F2_run5,70,unstable,103
6,7.0,0.3333333333333333,c-GC,1,1,1,,,,220210_F2_run5,70,unstable,130
5,,0.16666666666666666,c-GC,1,0,3,,,,220210_F2_run5,70,unstable,132
7,,0.16666666666666666,c-GC,1,0,1,,,,220210_F2_run5,70,novel,133
7,,0.16666666666666666,c-GC,1,0,1,,,,220210_F2_run5,71,novel,83
1,3.0,0.16666666666666666,c-GC,0,1,2,,,,220210_F2_run5,71,lost,92
1,,0.0,c-GC,0,0,7,,,,220210_F2_run5,72,stable,44
1,3.0,0.16666666666666666,c-GC,0,1,2,,,,220210_F2_run5,72,lost,62
1,2.0,0.16666666666666666,c-GC,0,1,1,,,,220210_F2_run5,72,unstable,65
5,6.0,0.3333333333333333,c-GC,1,1,1,,,,220210_F2_run5,72,unstable,79
5,6.0,0.3333333333333333,c-GC,1,1,1,,,,220210_F2_run5,72,unstable,84
5,6.0,0.3333333333333333,c-GC,1,1,1,,,,220210_F2_run5,72,unstable,101
1,2.0,0.16666666666666666,c-GC,0,1,1,,,,220210_F2_run5,72,unstable,118
1,4.0,0.16666666666666666,c-GC,0,1,3,,,,220210_F2_run5,72,lost,151
1,5.0,0.16666666666666666,c-GC,0,1,4,,,,220210_F2_run5,72,lost,152
2,,0.16666666666666666,c-GC,1,0,6,,,,220210_F2_run5,73,unstable,0
2,4.0,0.3333333333333333,c-GC,1,1,2,,,,220210_F2_run5,73,unstable,1
2,,0.16666666666666666,c-GC,1,0,6,,,,220210_F2_run5,73,unstable,3
1,,0.0,c-GC,0,0,7,,,,220210_F2_run5,73,stable,5
3,,0.16666666666666666,c-GC,1,0,5,,,,220210_F2_run5,73,unstable,7
1,,0.0,c-GC,0,0,7,,,,220210_F2_run5,73,stable,9
1,,0.0,c-GC,0,0,7,,,,220210_F2_run5,73,stable,10
1,,0.0,c-GC,0,0,7,,,,220210_F2_run5,73,stable,13
2,,0.16666666666666666,c-GC,1,0,6,,,,220210_F2_run5,73,unstable,14
2,,0.16666666666666666,c-GC,1,0,6,,,,220210_F2_run5,73,unstable,15
1,,0.0,c-GC,0,0,7,,,,220210_F2_run5,73,stable,18
4,5.0,0.5,c-GC,2,1,3,,,,220210_F2_run5,73,unstable,22
2,5.0,0.3333333333333333,c-GC,1,1,3,,,,220210_F2_run5,73,unstable,23
1,,0.0,c-GC,0,0,7,,,,220210_F2_run5,73,stable,24
1,3.0,0.16666666666666666,c-GC,0,1,2,,,,220210_F2_run5,73,lost,27
3,7.0,0.3333333333333333,c-GC,1,1,4,,,,220210_F2_run5,73,unstable,28
6,7.0,0.3333333333333333,c-GC,1,1,1,,,,220210_F2_run5,73,unstable,34
3,,0.16666666666666666,c-GC,1,0,5,,,,220210_F2_run5,73,unstable,35
2,,0.16666666666666666,c-GC,1,0,6,,,,220210_F2_run5,73,unstable,38
1,,0.0,c-GC,0,0,7,,,,220210_F2_run5,73,stable,39
1,,0.0,c-GC,0,0,7,,,,220210_F2_run5,73,stable,41
2,,0.16666666666666666,c-GC,1,0,6,,,,220210_F2_run5,73,unstable,42
1,,0.0,c-GC,0,0,7,,,,220210_F2_run5,73,stable,44
1,4.0,0.3333333333333333,c-GC,1,1,4,,,,220210_F2_run5,73,unstable,45
6,7.0,0.3333333333333333,c-GC,1,1,1,,,,220210_F2_run5,73,unstable,64
5,,0.16666666666666666,c-GC,1,0,3,,,,220210_F2_run5,73,unstable,65
5,,0.16666666666666666,c-GC,1,0,3,,,,220210_F2_run5,73,unstable,66
2,,0.16666666666666666,c-GC,1,0,6,,,,220210_F2_run5,73,unstable,67
2,,0.16666666666666666,c-GC,1,0,6,,,,220210_F2_run5,73,unstable,68
1,,0.0,c-GC,0,0,7,,,,220210_F2_run5,73,stable,74
1,,0.0,c-GC,0,0,7,,,,220210_F2_run5,73,stable,86
1,,0.0,c-GC,0,0,7,,,,220210_F2_run5,73,stable,87
1,,0.0,c-GC,0,0,7,,,,220210_F2_run5,73,stable,94
1,,0.0,c-GC,0,0,7,,,,220210_F2_run5,73,stable,95
1,3.0,0.6666666666666666,c-GC,2,2,4,,,,220210_F2_run5,73,unstable,97
1,2.0,0.16666666666666666,c-GC,0,1,1,,,,220210_F2_run5,73,unstable,103
1,2.0,0.16666666666666666,c-GC,0,1,1,,,,220210_F2_run5,73,unstable,105
3,6.0,0.3333333333333333,c-GC,1,1,3,,,,220210_F2_run5,73,unstable,107
3,,0.16666666666666666,c-GC,1,0,5,,,,220210_F2_run5,73,unstable,109
2,4.0,0.5,c-GC,2,1,5,,,,220210_F2_run5,73,unstable,111
1,2.0,0.5,c-GC,1,2,2,,,,220210_F2_run5,73,unstable,117
5,6.0,0.3333333333333333,c-GC,1,1,1,,,,220210_F2_run5,73,unstable,128
1,2.0,0.16666666666666666,c-GC,0,1,1,,,,220210_F2_run5,73,unstable,140
5,6.0,0.3333333333333333,c-GC,1,1,1,,,,220210_F2_run5,73,unstable,141
3,4.0,0.6666666666666666,c-GC,2,2,2,,,,220210_F2_run5,73,unstable,143
3,,0.16666666666666666,c-GC,1,0,5,,,,220210_F2_run5,73,unstable,157
1,,0.0,c-GC,0,0,7,,,,220210_F2_run5,74,stable,0
1,2.0,0.3333333333333333,c-GC,1,1,5,,,,220210_F2_run5,74,unstable,1
1,,0.0,c-GC,0,0,7,,,,220210_F2_run5,74,stable,5
1,,0.0,c-GC,0,0,7,,,,220210_F2_run5,74,stable,6
3,,0.16666666666666666,c-GC,1,0,5,,,,220210_F2_run5,74,unstable,7
1,,0.0,c-GC,0,0,7,,,,220210_F2_run5,74,stable,9
1,,0.0,c-GC,0,0,7,,,,220210_F2_run5,74,stable,10
1,,0.0,c-GC,0,0,7,,,,220210_F2_run5,74,stable,13
1,,0.0,c-GC,0,0,7,,,,220210_F2_run5,74,stable,14
1,,0.0,c-GC,0,0,7,,,,220210_F2_run5,74,stable,15
1,,0.0,c-GC,0,0,7,,,,220210_F2_run5,74,stable,18
4,5.0,0.3333333333333333,c-GC,1,1,1,,,,220210_F2_run5,74,unstable,20
1,2.0,0.16666666666666666,c-GC,0,1,1,,,,220210_F2_run5,74,unstable,24
4,5.0,0.5,c-GC,2,1,3,,,,220210_F2_run5,74,unstable,27
1,2.0,0.6666666666666666,c-GC,2,2,5,,,,220210_F2_run5,74,unstable,28
4,5.0,0.3333333333333333,c-GC,1,1,1,,,,220210_F2_run5,74,unstable,33
1,,0.0,c-GC,0,0,7,,,,220210_F2_run5,74,stable,34
1,2.0,0.3333333333333333,c-GC,1,1,5,,,,220210_F2_run5,74,unstable,35
1,,0.0,c-GC,0,0,7,,,,220210_F2_run5,74,stable,38
1,,0.0,c-GC,0,0,7,,,,220210_F2_run5,74,stable,39
1,,0.0,c-GC,0,0,7,,,,220210_F2_run5,74,stable,41
1,,0.0,c-GC,0,0,7,,,,220210_F2_run5,74,stable,42
4,,0.16666666666666666,c-GC,1,0,4,,,,220210_F2_run5,74,unstable,45
1,7.0,0.16666666666666666,c-GC,0,1,6,,,,220210_F2_run5,74,lost,51
1,,0.0,c-GC,0,0,7,,,,220210_F2_run5,74,stable,52
6,7.0,0.3333333333333333,c-GC,1,1,1,,,,220210_F2_run5,74,unstable,53
1,2.0,0.5,c-GC,1,2,3,,,,220210_F2_run5,74,unstable,56
1,2.0,0.3333333333333333,c-GC,1,1,4,,,,220210_F2_run5,74,unstable,57
1,,0.0,c-GC,0,0,7,,,,220210_F2_run5,74,stable,66
1,,0.0,c-GC,0,0,7,,,,220210_F2_run5,74,stable,67
1,,0.0,c-GC,0,0,7,,,,220210_F2_run5,74,stable,68
1,2.0,0.3333333333333333,c-GC,1,1,4,,,,220210_F2_run5,74,unstable,70
1,,0.0,c-GC,0,0,7,,,,220210_F2_run5,74,stable,73
1,2.0,0.3333333333333333,c-GC,1,1,4,,,,220210_F2_run5,74,unstable,75
3,7.0,0.3333333333333333,c-GC,1,1,4,,,,220210_F2_run5,74,unstable,76
6,,0.16666666666666666,c-GC,1,0,2,,,,220210_F2_run5,74,unstable,78
4,7.0,0.3333333333333333,c-GC,1,1,3,,,,220210_F2_run5,74,unstable,79
1,2.0,0.5,c-GC,1,2,4,,,,220210_F2_run5,74,unstable,86
1,,0.0,c-GC,0,0,7,,,,220210_F2_run5,74,stable,87
7,,0.16666666666666666,c-GC,1,0,1,,,,220210_F2_run5,74,novel,89
3,,0.16666666666666666,c-GC,1,0,5,,,,220210_F2_run5,74,unstable,91
1,,0.0,c-GC,0,0,7,,,,220210_F2_run5,74,stable,94
3,4.0,0.3333333333333333,c-GC,1,1,1,,,,220210_F2_run5,74,unstable,95
7,,0.16666666666666666,c-GC,1,0,1,,,,220210_F2_run5,74,novel,97
1,2.0,0.6666666666666666,c-GC,2,2,4,,,,220210_F2_run5,74,unstable,102
1,,0.0,c-GC,0,0,7,,,,220210_F2_run5,74,stable,105
3,4.0,0.6666666666666666,c-GC,2,2,2,,,,220210_F2_run5,74,unstable,107
1,,0.0,c-GC,0,0,7,,,,220210_F2_run5,74,stable,109
4,7.0,0.3333333333333333,c-GC,1,1,3,,,,220210_F2_run5,74,unstable,111
1,2.0,0.3333333333333333,c-GC,1,1,4,,,,220210_F2_run5,74,unstable,119
2,3.0,0.6666666666666666,c-GC,2,2,4,,,,220210_F2_run5,74,unstable,127
3,,0.16666666666666666,c-GC,1,0,5,,,,220210_F2_run5,74,unstable,128
2,4.0,0.5,c-GC,2,1,5,,,,220210_F2_run5,74,unstable,129
1,,0.0,c-GC,0,0,7,,,,220210_F2_run5,74,stable,130
4,,0.16666666666666666,c-GC,1,0,4,,,,220210_F2_run5,74,unstable,133
1,2.0,0.16666666666666666,c-GC,0,1,1,,,,220210_F2_run5,74,unstable,140
3,7.0,0.3333333333333333,c-GC,1,1,4,,,,220210_F2_run5,74,unstable,144
1,,0.0,c-GC,0,0,7,,,,220210_F2_run5,74,stable,151
1,2.0,0.16666666666666666,c-GC,0,1,1,,,,220210_F2_run5,74,unstable,155
1,,0.0,c-GC,0,0,7,,,,220210_F2_run5,75,stable,8
1,2.0,0.3333333333333333,c-GC,1,1,2,,,,220210_F2_run5,75,unstable,37
3,4.0,0.3333333333333333,c-GC,1,1,1,,,,220210_F2_run5,75,unstable,47
5,,0.16666666666666666,c-GC,1,0,3,,,,220210_F2_run5,75,unstable,56
1,,0.0,c-GC,0,0,7,,,,220210_F2_run5,75,stable,57
1,,0.0,c-GC,0,0,7,,,,220210_F2_run5,75,stable,70
2,3.0,0.3333333333333333,c-GC,1,1,1,,,,220210_F2_run5,75,unstable,87
1,,0.0,c-GC,0,0,7,,,,220210_F2_run5,75,stable,89
1,,0.0,c-GC,0,0,7,,,,220210_F2_run5,75,stable,91
3,4.0,0.6666666666666666,c-GC,2,2,2,,,,220210_F2_run5,75,unstable,102
7,,0.16666666666666666,c-GC,1,0,1,,,,220210_F2_run5,75,novel,108
1,,0.0,c-GC,0,0,7,,,,220210_F2_run5,75,stable,114
1,2.0,0.16666666666666666,c-GC,0,1,1,,,,220210_F2_run5,75,unstable,126
6,,0.16666666666666666,c-GC,1,0,2,,,,220210_F2_run5,75,unstable,131
1,7.0,0.16666666666666666,c-GC,0,1,6,,,,220210_F2_run5,75,lost,147
6,,0.16666666666666666,c-GC,1,0,2,,,,220210_F2_run5,76,unstable,12
4,5.0,0.3333333333333333,c-GC,1,1,1,,,,220210_F2_run5,76,unstable,65
5,,0.16666666666666666,c-GC,1,0,3,,,,220210_F2_run5,76,unstable,90
1,2.0,0.16666666666666666,c-GC,0,1,1,,,,220210_F2_run5,76,unstable,112
7,,0.16666666666666666,c-GC,1,0,1,,,,220210_F2_run5,76,novel,135
1,,0.0,c-GC,0,0,7,,,,220210_F2_run5,76,stable,142
4,,0.16666666666666666,c-GC,1,0,4,,,,220210_F2_run5,76,unstable,143
1,2.0,0.16666666666666666,c-GC,0,1,1,,,,220210_F2_run5,77,unstable,19
7,,0.16666666666666666,c-GC,1,0,1,,,,220210_F2_run5,77,novel,107
7,,0.16666666666666666,c-GC,1,0,1,,,,220210_F2_run5,77,novel,124
2,4.0,0.3333333333333333,c-GC,1,1,2,,,,220210_F2_run5,78,unstable,10
7,,0.16666666666666666,c-GC,1,0,1,,,,220210_F2_run5,78,novel,42
2,3.0,0.3333333333333333,c-GC,1,1,1,,,,220210_F2_run5,78,unstable,45
2,5.0,0.5,c-GC,2,1,5,,,,220210_F2_run5,78,unstable,57
1,3.0,0.5,c-GC,1,2,4,,,,220210_F2_run5,78,unstable,115
1,2.0,0.16666666666666666,c-GC,0,1,1,,,,220210_F2_run5,78,unstable,127
1,,0.0,c-GC,0,0,7,,,,220210_F2_run5,78,stable,135
2,3.0,0.5,c-GC,2,1,2,,,,220210_F2_run5,79,unstable,25
1,2.0,0.16666666666666666,c-GC,0,1,1,,,,220210_F2_run5,79,unstable,101
6,7.0,0.3333333333333333,c-GC,1,1,1,,,,220210_F2_run5,79,unstable,153
1,2.0,0.16666666666666666,c-GC,0,1,1,,,,220210_F2_run5,79,unstable,157
2,,0.16666666666666666,c-GC,1,0,6,,,,220210_F2_run5,80,unstable,39
2,,0.16666666666666666,c-GC,1,0,6,,,,220210_F2_run5,80,unstable,51
2,3.0,0.3333333333333333,c-GC,1,1,1,,,,220210_F2_run5,80,unstable,62
1,2.0,0.5,c-GC,1,2,2,,,,220210_F2_run5,80,unstable,74
2,3.0,0.3333333333333333,c-GC,1,1,1,,,,220210_F2_run5,80,unstable,85
2,,0.16666666666666666,c-GC,1,0,6,,,,220210_F2_run5,80,unstable,87
1,2.0,0.16666666666666666,c-GC,0,1,1,,,,220210_F2_run5,80,unstable,89
1,,0.0,c-GC,0,0,7,,,,220210_F2_run5,80,stable,94
5,6.0,0.5,c-GC,2,1,2,,,,220210_F2_run5,80,unstable,109
1,2.0,0.16666666666666666,c-GC,0,1,1,,,,220210_F2_run5,80,unstable,115
1,2.0,0.16666666666666666,c-GC,0,1,1,,,,220210_F2_run5,80,unstable,129
2,3.0,0.3333333333333333,c-GC,1,1,1,,,,220210_F2_run5,80,unstable,130
7,,0.16666666666666666,c-GC,1,0,1,,,,220210_F2_run5,80,novel,131
2,4.0,0.3333333333333333,c-GC,1,1,2,,,,220210_F2_run5,80,unstable,164
1,2.0,0.16666666666666666,c-GC,0,1,1,,,,220210_F2_run5,81,unstable,26
7,,0.16666666666666666,c-GC,1,0,1,,,,220210_F2_run5,81,novel,37
4,5.0,0.3333333333333333,c-GC,1,1,1,,,,220210_F2_run5,81,unstable,50
1,2.0,0.16666666666666666,c-GC,0,1,1,,,,220210_F2_run5,82,unstable,22
1,5.0,0.3333333333333333,c-GC,1,1,6,,,,220210_F2_run5,82,unstable,93
1,2.0,0.16666666666666666,c-GC,0,1,1,,,,220210_F2_run5,82,unstable,100
1,2.0,0.16666666666666666,c-GC,0,1,1,,,,220210_F2_run5,82,unstable,106
1,2.0,0.5,c-GC,1,2,2,,,,220210_F2_run5,82,unstable,110
2,3.0,0.3333333333333333,c-GC,1,1,1,,,,220210_F2_run5,82,unstable,126
1,,0.0,c-GC,0,0,7,,,,220210_F2_run5,82,stable,138
1,2.0,0.16666666666666666,c-GC,0,1,1,,,,220210_F2_run5,82,unstable,141
1,2.0,0.16666666666666666,c-GC,0,1,1,,,,220210_F2_run5,82,unstable,143
1,3.0,0.16666666666666666,c-GC,0,1,2,,,,220210_F2_run5,82,lost,146
7,,0.16666666666666666,c-GC,1,0,1,,,,220210_F2_run5,83,novel,124
2,3.0,0.3333333333333333,c-GC,1,1,1,,,,220210_F2_run5,83,unstable,125
1,2.0,0.16666666666666666,c-GC,0,1,1,,,,220210_F2_run5,84,unstable,22
1,2.0,0.16666666666666666,c-GC,0,1,1,,,,220210_F2_run5,84,unstable,82
1,2.0,0.16666666666666666,c-GC,0,1,1,,,,220210_F2_run5,84,unstable,99
1,2.0,0.16666666666666666,c-GC,0,1,1,,,,220210_F2_run5,85,unstable,7
6,,0.16666666666666666,c-GC,1,0,2,,,,220210_F2_run5,85,unstable,12
1,2.0,0.16666666666666666,c-GC,0,1,1,,,,220210_F2_run5,85,unstable,24
2,3.0,0.3333333333333333,c-GC,1,1,1,,,,220210_F2_run5,85,unstable,26
1,3.0,0.16666666666666666,c-GC,0,1,2,,,,220210_F2_run5,85,lost,41
1,2.0,0.16666666666666666,c-GC,0,1,1,,,,220210_F2_run5,85,unstable,46
1,2.0,0.16666666666666666,c-GC,0,1,1,,,,220210_F2_run5,85,unstable,49
1,2.0,0.16666666666666666,c-GC,0,1,1,,,,220210_F2_run5,85,unstable,50
1,3.0,0.16666666666666666,c-GC,0,1,2,,,,220210_F2_run5,85,lost,51
1,2.0,0.16666666666666666,c-GC,0,1,1,,,,220210_F2_run5,85,unstable,56
1,2.0,0.16666666666666666,c-GC,0,1,1,,,,220210_F2_run5,85,unstable,59
1,2.0,0.3333333333333333,c-GC,1,1,2,,,,220210_F2_run5,85,unstable,60
1,3.0,0.3333333333333333,c-GC,1,1,3,,,,220210_F2_run5,85,unstable,62
1,3.0,0.16666666666666666,c-GC,0,1,2,,,,220210_F2_run5,85,lost,64
1,3.0,0.16666666666666666,c-GC,0,1,2,,,,220210_F2_run5,85,lost,70
1,2.0,0.16666666666666666,c-GC,0,1,1,,,,220210_F2_run5,85,unstable,73
1,2.0,0.16666666666666666,c-GC,0,1,1,,,,220210_F2_run5,85,unstable,89
1,,0.0,c-GC,0,0,7,,,,220210_F2_run5,85,stable,95
1,3.0,0.16666666666666666,c-GC,0,1,2,,,,220210_F2_run5,85,lost,102
1,4.0,0.5,c-GC,1,2,4,,,,220210_F2_run5,85,unstable,103
1,2.0,0.16666666666666666,c-GC,0,1,1,,,,220210_F2_run5,85,unstable,107
1,2.0,0.16666666666666666,c-GC,0,1,1,,,,220210_F2_run5,85,unstable,114
1,3.0,0.16666666666666666,c-GC,0,1,2,,,,220210_F2_run5,85,lost,118
1,2.0,0.16666666666666666,c-GC,0,1,1,,,,220210_F2_run5,85,unstable,119
1,2.0,0.16666666666666666,c-GC,0,1,1,,,,220210_F2_run5,85,unstable,120
1,,0.0,c-GC,0,0,7,,,,220210_F2_run5,85,stable,124
1,,0.0,c-GC,0,0,7,,,,220210_F2_run5,85,stable,125
1,,0.0,c-GC,0,0,7,,,,220210_F2_run5,85,stable,126
1,2.0,0.16666666666666666,c-GC,0,1,1,,,,220210_F2_run5,85,unstable,127
1,4.0,0.16666666666666666,c-GC,0,1,3,,,,220210_F2_run5,85,lost,131
1,5.0,0.16666666666666666,c-GC,0,1,4,,,,220210_F2_run5,85,lost,132
1,2.0,0.16666666666666666,c-GC,0,1,1,,,,220210_F2_run5,85,unstable,133
1,4.0,0.16666666666666666,c-GC,0,1,3,,,,220210_F2_run5,85,lost,134
1,2.0,0.16666666666666666,c-GC,0,1,1,,,,220210_F2_run5,85,unstable,135
1,2.0,0.16666666666666666,c-GC,0,1,1,,,,220210_F2_run5,85,unstable,136
1,2.0,0.16666666666666666,c-GC,0,1,1,,,,220210_F2_run5,85,unstable,140
1,2.0,0.16666666666666666,c-GC,0,1,1,,,,220210_F2_run5,85,unstable,160
1,,0.0,c-GC,0,0,7,,,,220210_F2_run5,85,stable,164
1,2.0,0.16666666666666666,c-GC,0,1,1,,,,220210_F2_run5,86,unstable,1
3,,0.16666666666666666,c-GC,1,0,5,,,,220210_F2_run5,86,unstable,3
2,,0.16666666666666666,c-GC,1,0,6,,,,220210_F2_run5,86,unstable,5
5,,0.16666666666666666,c-GC,1,0,3,,,,220210_F2_run5,86,unstable,7
2,,0.16666666666666666,c-GC,1,0,6,,,,220210_F2_run5,86,unstable,9
2,,0.16666666666666666,c-GC,1,0,6,,,,220210_F2_run5,86,unstable,10
3,,0.16666666666666666,c-GC,1,0,5,,,,220210_F2_run5,86,unstable,11
1,,0.0,c-GC,0,0,7,,,,220210_F2_run5,86,stable,13
2,3.0,0.3333333333333333,c-GC,1,1,1,,,,220210_F2_run5,86,unstable,23
3,5.0,0.6666666666666666,c-GC,2,2,3,,,,220210_F2_run5,86,unstable,24
1,2.0,0.16666666666666666,c-GC,0,1,1,,,,220210_F2_run5,86,unstable,26
4,6.0,0.5,c-GC,2,1,3,,,,220210_F2_run5,86,unstable,29
2,,0.16666666666666666,c-GC,1,0,6,,,,220210_F2_run5,86,unstable,38
2,5.0,0.5,c-GC,2,1,5,,,,220210_F2_run5,86,unstable,39
2,,0.16666666666666666,c-GC,1,0,6,,,,220210_F2_run5,86,unstable,41
2,,0.16666666666666666,c-GC,1,0,6,,,,220210_F2_run5,86,unstable,42
2,3.0,0.5,c-GC,2,1,4,,,,220210_F2_run5,86,unstable,44
2,,0.16666666666666666,c-GC,1,0,6,,,,220210_F2_run5,86,unstable,67
3,6.0,0.5,c-GC,2,1,4,,,,220210_F2_run5,86,unstable,73
2,,0.16666666666666666,c-GC,1,0,6,,,,220210_F2_run5,86,unstable,74
2,3.0,0.8333333333333334,c-GC,3,2,3,,,,220210_F2_run5,86,unstable,95
1,,0.0,c-GC,0,0,7,,,,220210_F2_run5,86,stable,104
2,5.0,0.3333333333333333,c-GC,1,1,3,,,,220210_F2_run5,86,unstable,128
2,3.0,0.3333333333333333,c-GC,1,1,1,,,,220210_F2_run5,86,unstable,130
1,,0.0,c-GC,0,0,7,,,,220210_F2_run5,86,stable,144
2,4.0,0.3333333333333333,c-GC,1,1,2,,,,220210_F2_run5,86,unstable,157
1,2.0,0.16666666666666666,c-GC,0,1,1,,,,220210_F2_run5,87,unstable,10
1,2.0,0.3333333333333333,c-GC,1,1,2,,,,220210_F2_run5,87,unstable,11
2,,0.16666666666666666,c-GC,1,0,6,,,,220210_F2_run5,87,unstable,24
1,3.0,0.16666666666666666,c-GC,0,1,2,,,,220210_F2_run5,87,lost,33
1,2.0,0.16666666666666666,c-GC,0,1,1,,,,220210_F2_run5,87,unstable,68
1,2.0,0.16666666666666666,c-GC,0,1,1,,,,220210_F2_run5,87,unstable,96
1,2.0,0.16666666666666666,c-GC,0,1,1,,,,220210_F2_run5,87,unstable,107
1,2.0,0.16666666666666666,c-GC,0,1,1,,,,220210_F2_run5,87,unstable,108
1,,0.0,c-GC,0,0,7,,,,220210_F2_run5,87,stable,109
1,3.0,0.5,c-GC,1,2,3,,,,220210_F2_run5,87,unstable,117
2,,0.16666666666666666,c-GC,1,0,6,,,,220210_F2_run5,88,unstable,8
1,3.0,0.16666666666666666,c-GC,0,1,2,,,,220210_F2_run5,88,lost,20
1,5.0,0.5,c-GC,1,2,5,,,,220210_F2_run5,88,unstable,37
5,6.0,0.3333333333333333,c-GC,1,1,1,,,,220210_F2_run5,88,unstable,40
1,2.0,0.16666666666666666,c-GC,0,1,1,,,,220210_F2_run5,88,unstable,44
1,,0.0,c-GC,0,0,7,,,,220210_F2_run5,88,stable,45
1,,0.0,c-GC,0,0,7,,,,220210_F2_run5,88,stable,48
1,2.0,0.16666666666666666,c-GC,0,1,1,,,,220210_F2_run5,88,unstable,50
1,3.0,0.16666666666666666,c-GC,0,1,2,,,,220210_F2_run5,88,lost,51
3,5.0,0.5,c-GC,2,1,4,,,,220210_F2_run5,88,unstable,57
2,3.0,0.5,c-GC,2,1,5,,,,220210_F2_run5,88,unstable,58
1,6.0,0.3333333333333333,c-GC,1,1,6,,,,220210_F2_run5,88,unstable,59
1,2.0,0.16666666666666666,c-GC,0,1,1,,,,220210_F2_run5,88,unstable,61
1,7.0,0.16666666666666666,c-GC,0,1,6,,,,220210_F2_run5,88,lost,62
1,,0.0,c-GC,0,0,7,,,,220210_F2_run5,88,stable,65
1,,0.0,c-GC,0,0,7,,,,220210_F2_run5,88,stable,75
1,6.0,0.3333333333333333,c-GC,1,1,6,,,,220210_F2_run5,88,unstable,78
1,,0.0,c-GC,0,0,7,,,,220210_F2_run5,88,stable,80
1,,0.0,c-GC,0,0,7,,,,220210_F2_run5,88,stable,85
1,2.0,0.16666666666666666,c-GC,0,1,1,,,,220210_F2_run5,88,unstable,89
7,,0.16666666666666666,c-GC,1,0,1,,,,220210_F2_run5,88,novel,91
1,2.0,0.16666666666666666,c-GC,0,1,1,,,,220210_F2_run5,88,unstable,93
1,2.0,0.16666666666666666,c-GC,0,1,1,,,,220210_F2_run5,88,unstable,95
1,6.0,0.3333333333333333,c-GC,1,1,6,,,,220210_F2_run5,88,unstable,102
1,2.0,0.16666666666666666,c-GC,0,1,1,,,,220210_F2_run5,88,unstable,108
1,4.0,0.3333333333333333,c-GC,1,1,6,,,,220210_F2_run5,88,unstable,110
1,3.0,0.16666666666666666,c-GC,0,1,2,,,,220210_F2_run5,88,lost,111
1,3.0,0.16666666666666666,c-GC,0,1,2,,,,220210_F2_run5,88,lost,113
1,2.0,0.5,c-GC,1,2,2,,,,220210_F2_run5,88,unstable,114
1,,0.0,c-GC,0,0,7,,,,220210_F2_run5,88,stable,116
1,5.0,0.16666666666666666,c-GC,0,1,4,,,,220210_F2_run5,88,lost,117
2,3.0,0.5,c-GC,2,1,4,,,,220210_F2_run5,88,unstable,118
2,3.0,0.3333333333333333,c-GC,1,1,1,,,,220210_F2_run5,88,unstable,119
1,,0.0,c-GC,0,0,7,,,,220210_F2_run5,88,stable,120
1,2.0,0.16666666666666666,c-GC,0,1,1,,,,220210_F2_run5,88,unstable,124
1,,0.0,c-GC,0,0,7,,,,220210_F2_run5,88,stable,125
1,,0.0,c-GC,0,0,7,,,,220210_F2_run5,88,stable,127
1,3.0,0.3333333333333333,c-GC,1,1,6,,,,220210_F2_run5,88,unstable,130
1,3.0,0.16666666666666666,c-GC,0,1,2,,,,220210_F2_run5,88,lost,133
1,,0.0,c-GC,0,0,7,,,,220210_F2_run5,88,stable,134
2,6.0,0.5,c-GC,2,1,5,,,,220210_F2_run5,88,unstable,135
1,2.0,0.16666666666666666,c-GC,0,1,1,,,,220210_F2_run5,88,unstable,136
1,4.0,0.3333333333333333,c-GC,1,1,4,,,,220210_F2_run5,88,unstable,138
1,4.0,0.16666666666666666,c-GC,0,1,3,,,,220210_F2_run5,88,lost,140
1,,0.0,c-GC,0,0,7,,,,220210_F2_run5,88,stable,147
1,,0.0,c-GC,0,0,7,,,,220210_F2_run5,88,stable,154
1,2.0,0.16666666666666666,c-GC,0,1,1,,,,220210_F2_run5,88,unstable,155
1,7.0,0.16666666666666666,c-GC,0,1,6,,,,220210_F2_run5,88,lost,156
1,,0.0,c-GC,0,0,7,,,,220210_F2_run5,88,stable,160
1,5.0,0.16666666666666666,c-GC,0,1,4,,,,220210_F2_run5,88,lost,164
1,,0.0,c-GC,0,0,7,,,,220210_F2_run5,89,stable,8
6,7.0,0.3333333333333333,c-GC,1,1,1,,,,220210_F2_run5,89,unstable,47
1,,0.0,c-GC,0,0,7,,,,220210_F2_run5,89,stable,56
1,,0.0,c-GC,0,0,7,,,,220210_F2_run5,89,stable,57
1,,0.0,c-GC,0,0,7,,,,220210_F2_run5,89,stable,70
1,,0.0,c-GC,0,0,7,,,,220210_F2_run5,89,stable,75
2,5.0,0.3333333333333333,c-GC,1,1,3,,,,220210_F2_run5,89,unstable,102
1,,0.0,c-GC,0,0,7,,,,220210_F2_run5,89,stable,114
1,3.0,0.5,c-GC,1,2,3,,,,220210_F2_run5,89,unstable,127
7,,0.16666666666666666,c-GC,1,0,1,,,,220210_F2_run5,89,novel,129
1,3.0,0.5,c-GC,1,2,4,,,,220210_F2_run5,89,unstable,147
7,,0.16666666666666666,c-GC,1,0,1,,,,220210_F2_run5,90,novel,25
5,6.0,0.3333333333333333,c-GC,1,1,1,,,,220210_F2_run5,90,unstable,59
6,7.0,0.3333333333333333,c-GC,1,1,1,,,,220210_F2_run5,90,unstable,65
1,6.0,0.16666666666666666,c-GC,0,1,5,,,,220210_F2_run5,90,lost,112
3,5.0,0.3333333333333333,c-GC,1,1,2,,,,220210_F2_run5,91,unstable,6
6,7.0,0.3333333333333333,c-GC,1,1,1,,,,220210_F2_run5,91,unstable,10
1,2.0,0.16666666666666666,c-GC,0,1,1,,,,220210_F2_run5,91,unstable,44
2,5.0,0.5,c-GC,2,1,5,,,,220210_F2_run5,91,unstable,53
1,,0.0,c-GC,0,0,7,,,,220210_F2_run5,91,stable,57
7,,0.16666666666666666,c-GC,1,0,1,,,,220210_F2_run5,91,novel,70
1,2.0,0.16666666666666666,c-GC,0,1,1,,,,220210_F2_run5,91,unstable,74
1,,0.0,c-GC,0,0,7,,,,220210_F2_run5,91,stable,89
1,2.0,0.6666666666666666,c-GC,2,2,3,,,,220210_F2_run5,91,unstable,104
7,,0.16666666666666666,c-GC,1,0,1,,,,220210_F2_run5,91,novel,108
1,4.0,0.3333333333333333,c-GC,1,1,6,,,,220210_F2_run5,91,unstable,130
6,,0.16666666666666666,c-GC,1,0,2,,,,220210_F2_run5,92,unstable,16
6,,0.16666666666666666,c-GC,1,0,2,,,,220210_F2_run5,92,unstable,26
1,2.0,0.16666666666666666,c-GC,0,1,1,,,,220210_F2_run5,92,unstable,36
1,5.0,0.16666666666666666,c-GC,0,1,4,,,,220210_F2_run5,92,lost,44
2,3.0,0.3333333333333333,c-GC,1,1,1,,,,220210_F2_run5,92,unstable,62
7,,0.16666666666666666,c-GC,1,0,1,,,,220210_F2_run5,92,novel,139
3,,0.16666666666666666,c-GC,1,0,5,,,,220210_F2_run5,92,unstable,144
7,,0.16666666666666666,c-GC,1,0,1,,,,220210_F2_run5,92,novel,152
7,,0.16666666666666666,c-GC,1,0,1,,,,220210_F2_run5,93,novel,28
5,6.0,0.3333333333333333,c-GC,1,1,1,,,,220210_F2_run5,93,unstable,106
1,3.0,0.3333333333333333,c-GC,1,1,4,,,,220210_F2_run5,93,unstable,112
1,4.0,0.5,c-GC,1,2,4,,,,220210_F2_run5,93,unstable,116
2,3.0,0.6666666666666666,c-GC,2,2,3,,,,220210_F2_run5,93,unstable,136
6,7.0,0.3333333333333333,c-GC,1,1,1,,,,220210_F2_run5,93,unstable,164
3,6.0,0.3333333333333333,c-GC,1,1,3,,,,220210_F2_run5,94,unstable,9
2,3.0,0.6666666666666666,c-GC,2,2,4,,,,220210_F2_run5,94,unstable,14
2,,0.16666666666666666,c-GC,1,0,6,,,,220210_F2_run5,94,unstable,15
5,,0.16666666666666666,c-GC,1,0,3,,,,220210_F2_run5,94,unstable,18
2,,0.16666666666666666,c-GC,1,0,6,,,,220210_F2_run5,94,unstable,20
3,4.0,0.5,c-GC,2,1,4,,,,220210_F2_run5,94,unstable,39
2,,0.16666666666666666,c-GC,1,0,6,,,,220210_F2_run5,94,unstable,41
2,,0.16666666666666666,c-GC,1,0,6,,,,220210_F2_run5,94,unstable,51
3,6.0,0.3333333333333333,c-GC,1,1,3,,,,220210_F2_run5,94,unstable,52
2,3.0,0.3333333333333333,c-GC,1,1,1,,,,220210_F2_run5,94,unstable,57
2,,0.16666666666666666,c-GC,1,0,6,,,,220210_F2_run5,94,unstable,66
1,,0.0,c-GC,0,0,7,,,,220210_F2_run5,94,stable,68
1,,0.0,c-GC,0,0,7,,,,220210_F2_run5,94,stable,73
1,,0.0,c-GC,0,0,7,,,,220210_F2_run5,94,stable,74
3,4.0,0.5,c-GC,2,1,2,,,,220210_F2_run5,94,unstable,78
6,,0.16666666666666666,c-GC,1,0,2,,,,220210_F2_run5,94,unstable,102
1,2.0,0.16666666666666666,c-GC,0,1,1,,,,220210_F2_run5,94,unstable,105
2,,0.16666666666666666,c-GC,1,0,6,,,,220210_F2_run5,94,unstable,109
7,,0.16666666666666666,c-GC,1,0,1,,,,220210_F2_run5,94,novel,134
1,2.0,0.16666666666666666,c-GC,0,1,1,,,,220210_F2_run5,95,unstable,8
1,2.0,0.16666666666666666,c-GC,0,1,1,,,,220210_F2_run5,95,unstable,9
1,2.0,0.16666666666666666,c-GC,0,1,1,,,,220210_F2_run5,95,unstable,10
1,2.0,0.16666666666666666,c-GC,0,1,1,,,,220210_F2_run5,95,unstable,40
1,2.0,0.3333333333333333,c-GC,1,1,2,,,,220210_F2_run5,95,unstable,41
1,2.0,0.16666666666666666,c-GC,0,1,1,,,,220210_F2_run5,95,unstable,45
1,2.0,0.16666666666666666,c-GC,0,1,1,,,,220210_F2_run5,95,unstable,56
1,3.0,0.16666666666666666,c-GC,0,1,2,,,,220210_F2_run5,95,lost,58
6,,0.16666666666666666,c-GC,1,0,2,,,,220210_F2_run5,95,unstable,62
1,2.0,0.16666666666666666,c-GC,0,1,1,,,,220210_F2_run5,95,unstable,64
3,4.0,0.3333333333333333,c-GC,1,1,1,,,,220210_F2_run5,95,unstable,73
1,2.0,0.16666666666666666,c-GC,0,1,1,,,,220210_F2_run5,95,unstable,94
1,2.0,0.16666666666666666,c-GC,0,1,1,,,,220210_F2_run5,95,unstable,103
1,2.0,0.16666666666666666,c-GC,0,1,1,,,,220210_F2_run5,95,unstable,105
4,,0.16666666666666666,c-GC,1,0,4,,,,220210_F2_run5,95,unstable,109
1,2.0,0.16666666666666666,c-GC,0,1,1,,,,220210_F2_run5,96,unstable,16
1,2.0,0.16666666666666666,c-GC,0,1,1,,,,220210_F2_run5,96,unstable,46
1,2.0,0.16666666666666666,c-GC,0,1,1,,,,220210_F2_run5,96,unstable,80
1,,0.0,c-GC,0,0,7,,,,220210_F2_run5,96,stable,87
4,,0.16666666666666666,c-GC,1,0,4,,,,220210_F2_run5,97,unstable,30
6,,0.16666666666666666,c-GC,1,0,2,,,,220210_F2_run5,97,unstable,91
5,6.0,0.3333333333333333,c-GC,1,1,1,,,,220210_F2_run5,97,unstable,117
1,2.0,0.16666666666666666,c-GC,0,1,1,,,,220210_F2_run5,97,unstable,130
1,2.0,0.16666666666666666,c-GC,0,1,1,,,,220210_F2_run5,97,unstable,157
1,2.0,0.16666666666666666,c-GC,0,1,1,,,,220210_F2_run5,98,unstable,61
7,,0.16666666666666666,c-GC,1,0,1,,,,220210_F2_run5,99,novel,28
1,3.0,0.3333333333333333,c-GC,1,1,6,,,,220210_F2_run5,99,unstable,84
1,2.0,0.5,c-GC,1,2,2,,,,220210_F2_run5,100,unstable,112
2,5.0,0.3333333333333333,c-GC,1,1,3,,,,220210_F2_run5,101,unstable,107
2,,0.16666666666666666,c-GC,1,0,6,,,,220210_F2_run5,102,unstable,8
4,5.0,0.6666666666666666,c-GC,2,2,2,,,,220210_F2_run5,102,unstable,15
1,,0.0,c-GC,0,0,7,,,,220210_F2_run5,102,stable,37
1,,0.0,c-GC,0,0,7,,,,220210_F2_run5,102,stable,48
1,5.0,0.5,c-GC,1,2,5,,,,220210_F2_run5,102,unstable,49
1,,0.0,c-GC,0,0,7,,,,220210_F2_run5,102,stable,50
2,,0.16666666666666666,c-GC,1,0,6,,,,220210_F2_run5,102,unstable,56
1,,0.0,c-GC,0,0,7,,,,220210_F2_run5,102,stable,57
7,,0.16666666666666666,c-GC,1,0,1,,,,220210_F2_run5,102,novel,63
6,,0.16666666666666666,c-GC,1,0,2,,,,220210_F2_run5,102,unstable,66
7,,0.16666666666666666,c-GC,1,0,1,,,,220210_F2_run5,102,novel,68
1,,0.0,c-GC,0,0,7,,,,220210_F2_run5,102,stable,70
1,2.0,0.3333333333333333,c-GC,1,1,6,,,,220210_F2_run5,102,unstable,74
1,2.0,0.16666666666666666,c-GC,0,1,1,,,,220210_F2_run5,102,unstable,85
3,5.0,0.6666666666666666,c-GC,2,2,3,,,,220210_F2_run5,102,unstable,89
3,4.0,0.5,c-GC,2,1,4,,,,220210_F2_run5,102,unstable,109
1,,0.0,c-GC,0,0,7,,,,220210_F2_run5,102,stable,114
1,2.0,0.16666666666666666,c-GC,0,1,1,,,,220210_F2_run5,102,unstable,120
2,4.0,0.3333333333333333,c-GC,1,1,2,,,,220210_F2_run5,102,unstable,135
2,,0.16666666666666666,c-GC,1,0,6,,,,220210_F2_run5,102,unstable,147
7,,0.16666666666666666,c-GC,1,0,1,,,,220210_F2_run5,102,novel,160
1,2.0,0.5,c-GC,1,2,5,,,,220210_F2_run5,103,unstable,44
1,2.0,0.8333333333333334,c-GC,2,3,3,,,,220210_F2_run5,103,unstable,46
1,2.0,0.16666666666666666,c-GC,0,1,1,,,,220210_F2_run5,103,unstable,49
1,3.0,0.16666666666666666,c-GC,0,1,2,,,,220210_F2_run5,103,lost,50
1,,0.0,c-GC,0,0,7,,,,220210_F2_run5,103,stable,57
1,2.0,0.16666666666666666,c-GC,0,1,1,,,,220210_F2_run5,103,unstable,94
1,2.0,0.16666666666666666,c-GC,0,1,1,,,,220210_F2_run5,103,unstable,95
1,3.0,0.3333333333333333,c-GC,1,1,4,,,,220210_F2_run5,103,unstable,105
1,2.0,0.16666666666666666,c-GC,0,1,1,,,,220210_F2_run5,103,unstable,107
4,,0.16666666666666666,c-GC,1,0,4,,,,220210_F2_run5,103,unstable,114
1,2.0,0.16666666666666666,c-GC,0,1,1,,,,220210_F2_run5,103,unstable,126
1,,0.0,c-GC,0,0,7,,,,220210_F2_run5,103,stable,130
1,2.0,0.16666666666666666,c-GC,0,1,1,,,,220210_F2_run5,103,unstable,133
1,,0.0,c-GC,0,0,7,,,,220210_F2_run5,103,stable,164
1,,0.0,c-GC,0,0,7,,,,220210_F2_run5,104,stable,9
4,7.0,0.3333333333333333,c-GC,1,1,3,,,,220210_F2_run5,104,unstable,10
4,5.0,0.5,c-GC,2,1,2,,,,220210_F2_run5,104,unstable,13
1,2.0,0.5,c-GC,1,2,2,,,,220210_F2_run5,104,unstable,27
3,,0.16666666666666666,c-GC,1,0,5,,,,220210_F2_run5,104,unstable,31
1,,0.0,c-GC,0,0,7,,,,220210_F2_run5,104,stable,38
1,,0.0,c-GC,0,0,7,,,,220210_F2_run5,104,stable,39
1,,0.0,c-GC,0,0,7,,,,220210_F2_run5,104,stable,41
1,,0.0,c-GC,0,0,7,,,,220210_F2_run5,104,stable,42
2,,0.16666666666666666,c-GC,1,0,6,,,,220210_F2_run5,104,unstable,45
7,,0.16666666666666666,c-GC,1,0,1,,,,220210_F2_run5,104,novel,55
3,6.0,0.3333333333333333,c-GC,1,1,3,,,,220210_F2_run5,104,unstable,57
5,6.0,0.3333333333333333,c-GC,1,1,1,,,,220210_F2_run5,104,unstable,67
1,6.0,0.16666666666666666,c-GC,0,1,5,,,,220210_F2_run5,104,lost,73
2,,0.16666666666666666,c-GC,1,0,6,,,,220210_F2_run5,104,unstable,74
1,,0.0,c-GC,0,0,7,,,,220210_F2_run5,104,stable,86
2,3.0,0.6666666666666666,c-GC,2,2,4,,,,220210_F2_run5,104,unstable,94
3,4.0,0.3333333333333333,c-GC,1,1,1,,,,220210_F2_run5,104,unstable,150
1,,0.0,c-GC,0,0,7,,,,220210_F2_run5,104,stable,151
4,,0.16666666666666666,c-GC,1,0,4,,,,220210_F2_run5,104,unstable,157
7,,0.16666666666666666,c-GC,1,0,1,,,,220210_F2_run5,105,novel,0
1,6.0,0.3333333333333333,c-GC,1,1,6,,,,220210_F2_run5,105,unstable,37
5,,0.16666666666666666,c-GC,1,0,3,,,,220210_F2_run5,105,unstable,59
4,,0.16666666666666666,c-GC,1,0,4,,,,220210_F2_run5,105,unstable,64
2,,0.16666666666666666,c-GC,1,0,6,,,,220210_F2_run5,105,unstable,95
5,,0.16666666666666666,c-GC,1,0,3,,,,220210_F2_run5,105,unstable,136
1,2.0,0.16666666666666666,c-GC,0,1,1,,,,220210_F2_run5,106,unstable,23
6,7.0,0.3333333333333333,c-GC,1,1,1,,,,220210_F2_run5,106,unstable,100
3,4.0,0.3333333333333333,c-GC,1,1,1,,,,220210_F2_run5,106,unstable,154
7,,0.16666666666666666,c-GC,1,0,1,,,,220210_F2_run5,107,novel,6
6,,0.16666666666666666,c-GC,1,0,2,,,,220210_F2_run5,107,unstable,14
1,2.0,0.16666666666666666,c-GC,0,1,1,,,,220210_F2_run5,107,unstable,15
1,2.0,0.16666666666666666,c-GC,0,1,1,,,,220210_F2_run5,107,unstable,46
1,2.0,0.16666666666666666,c-GC,0,1,1,,,,220210_F2_run5,107,unstable,103
1,2.0,0.16666666666666666,c-GC,0,1,1,,,,220210_F2_run5,107,unstable,125
7,,0.16666666666666666,c-GC,1,0,1,,,,220210_F2_run5,107,novel,132
1,2.0,0.16666666666666666,c-GC,0,1,1,,,,220210_F2_run5,107,unstable,134
2,3.0,0.8333333333333334,c-GC,3,2,4,,,,220210_F2_run5,108,unstable,1
1,,0.0,c-GC,0,0,7,,,,220210_F2_run5,108,stable,15
1,,0.0,c-GC,0,0,7,,,,220210_F2_run5,108,stable,20
1,,0.0,c-GC,0,0,7,,,,220210_F2_run5,108,stable,38
4,6.0,0.3333333333333333,c-GC,1,1,2,,,,220210_F2_run5,108,unstable,41
1,3.0,0.16666666666666666,c-GC,0,1,2,,,,220210_F2_run5,108,lost,55
2,,0.16666666666666666,c-GC,1,0,6,,,,220210_F2_run5,108,unstable,64
1,2.0,0.16666666666666666,c-GC,0,1,1,,,,220210_F2_run5,108,unstable,78
1,2.0,0.16666666666666666,c-GC,0,1,1,,,,220210_F2_run5,108,unstable,85
1,,0.0,c-GC,0,0,7,,,,220210_F2_run5,108,stable,87
1,2.0,0.16666666666666666,c-GC,0,1,1,,,,220210_F2_run5,108,unstable,89
1,2.0,0.3333333333333333,c-GC,1,1,3,,,,220210_F2_run5,108,unstable,120
1,2.0,0.16666666666666666,c-GC,0,1,1,,,,220210_F2_run5,109,unstable,0
1,2.0,0.16666666666666666,c-GC,0,1,1,,,,220210_F2_run5,109,unstable,1
1,2.0,0.16666666666666666,c-GC,0,1,1,,,,220210_F2_run5,109,unstable,3
1,3.0,0.16666666666666666,c-GC,0,1,2,,,,220210_F2_run5,109,lost,5
1,2.0,0.16666666666666666,c-GC,0,1,1,,,,220210_F2_run5,109,unstable,6
1,2.0,0.16666666666666666,c-GC,0,1,1,,,,220210_F2_run5,109,unstable,7
1,7.0,0.16666666666666666,c-GC,0,1,6,,,,220210_F2_run5,109,lost,9
1,5.0,0.16666666666666666,c-GC,0,1,4,,,,220210_F2_run5,109,lost,10
1,2.0,0.16666666666666666,c-GC,0,1,1,,,,220210_F2_run5,109,unstable,14
1,2.0,0.16666666666666666,c-GC,0,1,1,,,,220210_F2_run5,109,unstable,15
1,2.0,0.16666666666666666,c-GC,0,1,1,,,,220210_F2_run5,109,unstable,20
5,6.0,0.3333333333333333,c-GC,1,1,1,,,,220210_F2_run5,109,unstable,27
1,3.0,0.16666666666666666,c-GC,0,1,2,,,,220210_F2_run5,109,lost,28
1,2.0,0.16666666666666666,c-GC,0,1,1,,,,220210_F2_run5,109,unstable,34
1,2.0,0.16666666666666666,c-GC,0,1,1,,,,220210_F2_run5,109,unstable,35
1,5.0,0.3333333333333333,c-GC,1,1,6,,,,220210_F2_run5,109,unstable,38
1,4.0,0.16666666666666666,c-GC,0,1,3,,,,220210_F2_run5,109,lost,39
1,2.0,0.16666666666666666,c-GC,0,1,1,,,,220210_F2_run5,109,unstable,40
1,,0.0,c-GC,0,0,7,,,,220210_F2_run5,109,stable,41
1,2.0,0.16666666666666666,c-GC,0,1,1,,,,220210_F2_run5,109,unstable,42
1,2.0,0.16666666666666666,c-GC,0,1,1,,,,220210_F2_run5,109,unstable,45
1,2.0,0.16666666666666666,c-GC,0,1,1,,,,220210_F2_run5,109,unstable,50
1,,0.0,c-GC,0,0,7,,,,220210_F2_run5,109,stable,52
2,3.0,0.3333333333333333,c-GC,1,1,1,,,,220210_F2_run5,109,unstable,56
1,3.0,0.16666666666666666,c-GC,0,1,2,,,,220210_F2_run5,109,lost,58
1,,0.0,c-GC,0,0,7,,,,220210_F2_run5,109,stable,66
1,,0.0,c-GC,0,0,7,,,,220210_F2_run5,109,stable,68
1,4.0,0.16666666666666666,c-GC,0,1,3,,,,220210_F2_run5,109,lost,70
1,2.0,0.16666666666666666,c-GC,0,1,1,,,,220210_F2_run5,109,unstable,73
1,6.0,0.16666666666666666,c-GC,0,1,5,,,,220210_F2_run5,109,lost,74
1,2.0,0.16666666666666666,c-GC,0,1,1,,,,220210_F2_run5,109,unstable,80
1,7.0,0.16666666666666666,c-GC,0,1,6,,,,220210_F2_run5,109,lost,86
1,,0.0,c-GC,0,0,7,,,,220210_F2_run5,109,stable,87
2,3.0,0.3333333333333333,c-GC,1,1,1,,,,220210_F2_run5,109,unstable,91
1,,0.0,c-GC,0,0,7,,,,220210_F2_run5,109,stable,94
1,2.0,0.16666666666666666,c-GC,0,1,1,,,,220210_F2_run5,109,unstable,95
1,2.0,0.16666666666666666,c-GC,0,1,1,,,,220210_F2_run5,109,unstable,96
2,3.0,0.5,c-GC,2,1,3,,,,220210_F2_run5,109,unstable,104
1,2.0,0.16666666666666666,c-GC,0,1,1,,,,220210_F2_run5,109,unstable,114
1,2.0,0.16666666666666666,c-GC,0,1,1,,,,220210_F2_run5,109,unstable,127
1,2.0,0.16666666666666666,c-GC,0,1,1,,,,220210_F2_run5,109,unstable,144
1,2.0,0.16666666666666666,c-GC,0,1,1,,,,220210_F2_run5,110,unstable,44
1,2.0,0.16666666666666666,c-GC,0,1,1,,,,220210_F2_run5,110,unstable,80
1,2.0,0.5,c-GC,1,2,2,,,,220210_F2_run5,110,unstable,105
1,2.0,0.8333333333333334,c-GC,2,3,3,,,,220210_F2_run5,110,unstable,112
1,,0.0,c-GC,0,0,7,,,,220210_F2_run5,110,stable,124
1,2.0,0.16666666666666666,c-GC,0,1,1,,,,220210_F2_run5,110,unstable,127
1,2.0,0.5,c-GC,1,2,2,,,,220210_F2_run5,110,unstable,156
2,3.0,0.6666666666666666,c-GC,2,2,2,,,,220210_F2_run5,111,unstable,14
4,6.0,0.5,c-GC,2,1,3,,,,220210_F2_run5,111,unstable,31
1,2.0,0.16666666666666666,c-GC,0,1,1,,,,220210_F2_run5,111,unstable,55
1,,0.0,c-GC,0,0,7,,,,220210_F2_run5,111,stable,84
1,2.0,0.16666666666666666,c-GC,0,1,1,,,,220210_F2_run5,111,unstable,94
1,2.0,0.5,c-GC,1,2,2,,,,220210_F2_run5,111,unstable,105
6,7.0,0.3333333333333333,c-GC,1,1,1,,,,220210_F2_run5,111,unstable,132
2,3.0,0.3333333333333333,c-GC,1,1,1,,,,220210_F2_run5,112,unstable,8
6,,0.16666666666666666,c-GC,1,0,2,,,,220210_F2_run5,112,unstable,60
1,3.0,0.5,c-GC,1,2,4,,,,220210_F2_run5,112,unstable,90
1,2.0,0.16666666666666666,c-GC,0,1,1,,,,220210_F2_run5,112,unstable,93
1,2.0,0.5,c-GC,1,2,2,,,,220210_F2_run5,112,unstable,116
1,7.0,0.16666666666666666,c-GC,0,1,6,,,,220210_F2_run5,113,lost,12
2,3.0,0.5,c-GC,2,1,5,,,,220210_F2_run5,113,unstable,26
1,2.0,0.3333333333333333,c-GC,1,1,6,,,,220210_F2_run5,113,unstable,80
4,6.0,0.5,c-GC,2,1,3,,,,220210_F2_run5,113,unstable,112
4,,0.16666666666666666,c-GC,1,0,4,,,,220210_F2_run5,113,unstable,118
7,,0.16666666666666666,c-GC,1,0,1,,,,220210_F2_run5,113,novel,137
1,2.0,0.16666666666666666,c-GC,0,1,1,,,,220210_F2_run5,113,unstable,141
1,,0.0,c-GC,0,0,7,,,,220210_F2_run5,114,stable,8
1,,0.0,c-GC,0,0,7,,,,220210_F2_run5,114,stable,37
1,2.0,0.16666666666666666,c-GC,0,1,1,,,,220210_F2_run5,114,unstable,45
3,4.0,0.5,c-GC,2,1,3,,,,220210_F2_run5,114,unstable,49
1,3.0,0.16666666666666666,c-GC,0,1,2,,,,220210_F2_run5,114,lost,50
2,,0.16666666666666666,c-GC,1,0,6,,,,220210_F2_run5,114,unstable,56
2,,0.16666666666666666,c-GC,1,0,6,,,,220210_F2_run5,114,unstable,57
1,2.0,0.3333333333333333,c-GC,1,1,2,,,,220210_F2_run5,114,unstable,65
7,,0.16666666666666666,c-GC,1,0,1,,,,220210_F2_run5,114,novel,66
6,,0.16666666666666666,c-GC,1,0,2,,,,220210_F2_run5,114,unstable,69
2,,0.16666666666666666,c-GC,1,0,6,,,,220210_F2_run5,114,unstable,70
1,2.0,0.16666666666666666,c-GC,0,1,1,,,,220210_F2_run5,114,unstable,74
1,,0.0,c-GC,0,0,7,,,,220210_F2_run5,114,stable,75
1,,0.0,c-GC,0,0,7,,,,220210_F2_run5,114,stable,89
1,,0.0,c-GC,0,0,7,,,,220210_F2_run5,114,stable,91
1,2.0,0.16666666666666666,c-GC,0,1,1,,,,220210_F2_run5,114,unstable,99
1,,0.0,c-GC,0,0,7,,,,220210_F2_run5,114,stable,102
7,,0.16666666666666666,c-GC,1,0,1,,,,220210_F2_run5,114,novel,103
2,7.0,0.3333333333333333,c-GC,1,1,5,,,,220210_F2_run5,114,unstable,129
4,5.0,0.3333333333333333,c-GC,1,1,1,,,,220210_F2_run5,114,unstable,132
1,2.0,0.16666666666666666,c-GC,0,1,1,,,,220210_F2_run5,114,unstable,155
2,3.0,0.3333333333333333,c-GC,1,1,1,,,,220210_F2_run5,114,unstable,156
1,4.0,0.16666666666666666,c-GC,0,1,3,,,,220210_F2_run5,115,lost,80
1,2.0,0.16666666666666666,c-GC,0,1,1,,,,220210_F2_run5,115,unstable,108
1,2.0,0.16666666666666666,c-GC,0,1,1,,,,220210_F2_run5,115,unstable,113
4,6.0,0.3333333333333333,c-GC,1,1,2,,,,220210_F2_run5,116,unstable,1
2,,0.16666666666666666,c-GC,1,0,6,,,,220210_F2_run5,116,unstable,24
2,3.0,0.3333333333333333,c-GC,1,1,1,,,,220210_F2_run5,116,unstable,28
1,3.0,0.3333333333333333,c-GC,1,1,3,,,,220210_F2_run5,116,unstable,77
1,2.0,0.16666666666666666,c-GC,0,1,1,,,,220210_F2_run5,116,unstable,78
6,,0.16666666666666666,c-GC,1,0,2,,,,220210_F2_run5,116,unstable,80
2,3.0,0.6666666666666666,c-GC,2,2,2,,,,220210_F2_run5,116,unstable,82
1,5.0,0.5,c-GC,1,2,5,,,,220210_F2_run5,116,unstable,93
7,,0.16666666666666666,c-GC,1,0,1,,,,220210_F2_run5,116,novel,101
1,,0.0,c-GC,0,0,7,,,,220210_F2_run5,116,stable,112
5,6.0,0.5,c-GC,2,1,2,,,,220210_F2_run5,116,unstable,125
5,6.0,0.3333333333333333,c-GC,1,1,1,,,,220210_F2_run5,116,unstable,139
5,6.0,0.3333333333333333,c-GC,1,1,1,,,,220210_F2_run5,116,unstable,164
1,2.0,0.16666666666666666,c-GC,0,1,1,,,,220210_F2_run5,117,unstable,8
2,4.0,0.3333333333333333,c-GC,1,1,2,,,,220210_F2_run5,117,unstable,37
1,2.0,0.16666666666666666,c-GC,0,1,1,,,,220210_F2_run5,117,unstable,47
1,4.0,0.5,c-GC,1,2,4,,,,220210_F2_run5,117,unstable,70
7,,0.16666666666666666,c-GC,1,0,1,,,,220210_F2_run5,117,novel,83
2,4.0,0.5,c-GC,2,1,4,,,,220210_F2_run5,117,unstable,88
1,3.0,0.16666666666666666,c-GC,0,1,2,,,,220210_F2_run5,117,lost,89
2,3.0,0.3333333333333333,c-GC,1,1,1,,,,220210_F2_run5,117,unstable,124
4,5.0,0.5,c-GC,2,1,3,,,,220210_F2_run5,117,unstable,137
5,,0.16666666666666666,c-GC,1,0,3,,,,220210_F2_run5,118,unstable,0
7,,0.16666666666666666,c-GC,1,0,1,,,,220210_F2_run5,118,novel,15
1,2.0,0.16666666666666666,c-GC,0,1,1,,,,220210_F2_run5,118,unstable,22
1,2.0,0.8333333333333334,c-GC,2,3,4,,,,220210_F2_run5,118,unstable,45
1,,0.0,c-GC,0,0,7,,,,220210_F2_run5,118,stable,48
1,2.0,0.16666666666666666,c-GC,0,1,1,,,,220210_F2_run5,118,unstable,49
1,3.0,0.5,c-GC,1,2,3,,,,220210_F2_run5,118,unstable,50
2,5.0,0.5,c-GC,2,1,4,,,,220210_F2_run5,118,unstable,56
1,5.0,0.16666666666666666,c-GC,0,1,4,,,,220210_F2_run5,118,lost,58
1,,0.0,c-GC,0,0,7,,,,220210_F2_run5,118,stable,62
1,2.0,0.6666666666666666,c-GC,2,2,4,,,,220210_F2_run5,118,unstable,72
2,5.0,0.3333333333333333,c-GC,1,1,3,,,,220210_F2_run5,118,unstable,75
1,,0.0,c-GC,0,0,7,,,,220210_F2_run5,118,stable,85
1,7.0,0.16666666666666666,c-GC,0,1,6,,,,220210_F2_run5,118,lost,88
1,,0.0,c-GC,0,0,7,,,,220210_F2_run5,118,stable,89
2,,0.16666666666666666,c-GC,1,0,6,,,,220210_F2_run5,118,unstable,91
1,,0.0,c-GC,0,0,7,,,,220210_F2_run5,118,stable,102
1,2.0,0.16666666666666666,c-GC,0,1,1,,,,220210_F2_run5,118,unstable,107
2,6.0,0.5,c-GC,2,1,5,,,,220210_F2_run5,118,unstable,109
1,2.0,0.16666666666666666,c-GC,0,1,1,,,,220210_F2_run5,118,unstable,110
1,,0.0,c-GC,0,0,7,,,,220210_F2_run5,118,stable,114
1,6.0,0.3333333333333333,c-GC,1,1,6,,,,220210_F2_run5,118,unstable,130
1,,0.0,c-GC,0,0,7,,,,220210_F2_run5,118,stable,133
2,,0.16666666666666666,c-GC,1,0,6,,,,220210_F2_run5,118,unstable,134
1,2.0,0.6666666666666666,c-GC,2,2,5,,,,220210_F2_run5,118,unstable,135
1,2.0,0.16666666666666666,c-GC,0,1,1,,,,220210_F2_run5,118,unstable,136
1,3.0,0.5,c-GC,1,2,3,,,,220210_F2_run5,118,unstable,140
1,2.0,0.16666666666666666,c-GC,0,1,1,,,,220210_F2_run5,118,unstable,143
1,,0.0,c-GC,0,0,7,,,,220210_F2_run5,118,stable,156
1,2.0,0.16666666666666666,c-GC,0,1,1,,,,220210_F2_run5,118,unstable,157
3,4.0,0.3333333333333333,c-GC,1,1,1,,,,220210_F2_run5,119,unstable,34
2,3.0,0.3333333333333333,c-GC,1,1,1,,,,220210_F2_run5,119,unstable,44
1,3.0,0.16666666666666666,c-GC,0,1,2,,,,220210_F2_run5,119,lost,50
4,,0.16666666666666666,c-GC,1,0,4,,,,220210_F2_run5,119,unstable,58
5,7.0,0.3333333333333333,c-GC,1,1,2,,,,220210_F2_run5,119,unstable,67
3,7.0,0.3333333333333333,c-GC,1,1,4,,,,220210_F2_run5,119,unstable,68
7,,0.16666666666666666,c-GC,1,0,1,,,,220210_F2_run5,119,novel,71
5,,0.16666666666666666,c-GC,1,0,3,,,,220210_F2_run5,119,unstable,88
1,5.0,0.16666666666666666,c-GC,0,1,4,,,,220210_F2_run5,119,lost,109
2,3.0,0.6666666666666666,c-GC,2,2,2,,,,220210_F2_run5,119,unstable,138
2,3.0,0.5,c-GC,2,1,3,,,,220210_F2_run5,119,unstable,164
1,2.0,0.16666666666666666,c-GC,0,1,1,,,,220210_F2_run5,120,unstable,7
7,,0.16666666666666666,c-GC,1,0,1,,,,220210_F2_run5,120,novel,23
6,7.0,0.3333333333333333,c-GC,1,1,1,,,,220210_F2_run5,120,unstable,46
1,2.0,0.3333333333333333,c-GC,1,1,4,,,,220210_F2_run5,120,unstable,59
1,2.0,0.16666666666666666,c-GC,0,1,1,,,,220210_F2_run5,120,unstable,63
1,3.0,0.16666666666666666,c-GC,0,1,2,,,,220210_F2_run5,120,lost,88
1,2.0,0.16666666666666666,c-GC,0,1,1,,,,220210_F2_run5,120,unstable,129
1,3.0,0.3333333333333333,c-GC,1,1,5,,,,220210_F2_run5,120,unstable,134
3,4.0,0.5,c-GC,2,1,2,,,,220210_F2_run5,121,unstable,136
6,,0.16666666666666666,c-GC,1,0,2,,,,220210_F2_run5,121,unstable,156
1,2.0,0.16666666666666666,c-GC,0,1,1,,,,220210_F2_run5,122,unstable,126
1,2.0,0.16666666666666666,c-GC,0,1,1,,,,220210_F2_run5,123,unstable,151
3,,0.16666666666666666,c-GC,1,0,5,,,,220210_F2_run5,124,unstable,7
5,6.0,0.5,c-GC,2,1,2,,,,220210_F2_run5,124,unstable,8
2,3.0,0.5,c-GC,2,1,2,,,,220210_F2_run5,124,unstable,22
3,,0.16666666666666666,c-GC,1,0,5,,,,220210_F2_run5,124,unstable,26
2,5.0,0.5,c-GC,2,1,5,,,,220210_F2_run5,124,unstable,28
2,,0.16666666666666666,c-GC,1,0,6,,,,220210_F2_run5,124,unstable,45
2,4.0,0.3333333333333333,c-GC,1,1,2,,,,220210_F2_run5,124,unstable,46
2,7.0,0.3333333333333333,c-GC,1,1,5,,,,220210_F2_run5,124,unstable,48
7,,0.16666666666666666,c-GC,1,0,1,,,,220210_F2_run5,124,novel,59
2,3.0,0.3333333333333333,c-GC,1,1,1,,,,220210_F2_run5,124,unstable,62
4,5.0,0.3333333333333333,c-GC,1,1,1,,,,220210_F2_run5,124,unstable,75
1,,0.0,c-GC,0,0,7,,,,220210_F2_run5,124,stable,83
2,,0.16666666666666666,c-GC,1,0,6,,,,220210_F2_run5,124,unstable,85
5,6.0,0.3333333333333333,c-GC,1,1,1,,,,220210_F2_run5,124,unstable,88
2,,0.16666666666666666,c-GC,1,0,6,,,,220210_F2_run5,124,unstable,102
2,3.0,0.3333333333333333,c-GC,1,1,1,,,,220210_F2_run5,124,unstable,108
5,,0.16666666666666666,c-GC,1,0,3,,,,220210_F2_run5,124,unstable,118
3,,0.16666666666666666,c-GC,1,0,5,,,,220210_F2_run5,124,unstable,125
1,,0.0,c-GC,0,0,7,,,,220210_F2_run5,124,stable,126
2,7.0,0.3333333333333333,c-GC,1,1,5,,,,220210_F2_run5,124,unstable,134
3,,0.16666666666666666,c-GC,1,0,5,,,,220210_F2_run5,124,unstable,135
2,,0.16666666666666666,c-GC,1,0,6,,,,220210_F2_run5,124,unstable,136
5,6.0,0.3333333333333333,c-GC,1,1,1,,,,220210_F2_run5,124,unstable,140
2,,0.16666666666666666,c-GC,1,0,6,,,,220210_F2_run5,124,unstable,154
4,5.0,0.3333333333333333,c-GC,1,1,1,,,,220210_F2_run5,125,unstable,7
7,,0.16666666666666666,c-GC,1,0,1,,,,220210_F2_run5,125,novel,24
4,,0.16666666666666666,c-GC,1,0,4,,,,220210_F2_run5,125,unstable,25
7,,0.16666666666666666,c-GC,1,0,1,,,,220210_F2_run5,125,novel,43
5,,0.16666666666666666,c-GC,1,0,3,,,,220210_F2_run5,125,unstable,45
2,3.0,0.3333333333333333,c-GC,1,1,1,,,,220210_F2_run5,125,unstable,48
7,,0.16666666666666666,c-GC,1,0,1,,,,220210_F2_run5,125,novel,51
4,5.0,0.3333333333333333,c-GC,1,1,1,,,,220210_F2_run5,125,unstable,60
1,,0.0,c-GC,0,0,7,,,,220210_F2_run5,125,stable,62
7,,0.16666666666666666,c-GC,1,0,1,,,,220210_F2_run5,125,novel,65
2,5.0,0.6666666666666666,c-GC,2,2,4,,,,220210_F2_run5,125,unstable,95
4,5.0,0.3333333333333333,c-GC,1,1,1,,,,220210_F2_run5,125,unstable,102
2,6.0,0.3333333333333333,c-GC,1,1,4,,,,220210_F2_run5,125,unstable,118
3,4.0,0.3333333333333333,c-GC,1,1,1,,,,220210_F2_run5,125,unstable,124
3,,0.16666666666666666,c-GC,1,0,5,,,,220210_F2_run5,125,unstable,134
4,6.0,0.5,c-GC,2,1,3,,,,220210_F2_run5,125,unstable,135
2,,0.16666666666666666,c-GC,1,0,6,,,,220210_F2_run5,125,unstable,137
2,3.0,0.6666666666666666,c-GC,2,2,2,,,,220210_F2_run5,125,unstable,140
1,2.0,0.3333333333333333,c-GC,1,1,2,,,,220210_F2_run5,125,unstable,149
2,,0.16666666666666666,c-GC,1,0,6,,,,220210_F2_run5,125,unstable,156
6,7.0,0.3333333333333333,c-GC,1,1,1,,,,220210_F2_run5,126,unstable,62
4,5.0,0.3333333333333333,c-GC,1,1,1,,,,220210_F2_run5,127,unstable,7
2,3.0,0.6666666666666666,c-GC,2,2,4,,,,220210_F2_run5,127,unstable,39
1,,0.0,c-GC,0,0,7,,,,220210_F2_run5,127,stable,42
2,,0.16666666666666666,c-GC,1,0,6,,,,220210_F2_run5,127,unstable,44
1,2.0,0.16666666666666666,c-GC,0,1,1,,,,220210_F2_run5,127,unstable,51
1,3.0,0.16666666666666666,c-GC,0,1,2,,,,220210_F2_run5,127,lost,56
1,2.0,0.16666666666666666,c-GC,0,1,1,,,,220210_F2_run5,127,unstable,64
1,2.0,0.16666666666666666,c-GC,0,1,1,,,,220210_F2_run5,127,unstable,78
5,6.0,0.3333333333333333,c-GC,1,1,1,,,,220210_F2_run5,127,unstable,79
1,2.0,0.16666666666666666,c-GC,0,1,1,,,,220210_F2_run5,127,unstable,80
1,2.0,0.16666666666666666,c-GC,0,1,1,,,,220210_F2_run5,127,unstable,88
3,4.0,0.6666666666666666,c-GC,2,2,2,,,,220210_F2_run5,127,unstable,96
1,2.0,0.16666666666666666,c-GC,0,1,1,,,,220210_F2_run5,127,unstable,104
3,4.0,0.5,c-GC,2,1,3,,,,220210_F2_run5,128,unstable,30
4,6.0,0.5,c-GC,2,1,3,,,,220210_F2_run5,128,unstable,38
7,,0.16666666666666666,c-GC,1,0,1,,,,220210_F2_run5,128,novel,109
4,5.0,0.3333333333333333,c-GC,1,1,1,,,,220210_F2_run5,128,unstable,143
6,,0.16666666666666666,c-GC,1,0,2,,,,220210_F2_run5,129,unstable,10
1,2.0,0.16666666666666666,c-GC,0,1,1,,,,220210_F2_run5,129,unstable,30
3,4.0,0.6666666666666666,c-GC,2,2,2,,,,220210_F2_run5,129,unstable,40
1,2.0,0.16666666666666666,c-GC,0,1,1,,,,220210_F2_run5,129,unstable,44
1,2.0,0.16666666666666666,c-GC,0,1,1,,,,220210_F2_run5,129,unstable,71
1,2.0,0.16666666666666666,c-GC,0,1,1,,,,220210_F2_run5,129,unstable,80
1,2.0,0.16666666666666666,c-GC,0,1,1,,,,220210_F2_run5,129,unstable,120
3,4.0,0.5,c-GC,2,1,3,,,,220210_F2_run5,129,unstable,133
1,6.0,0.3333333333333333,c-GC,1,1,6,,,,220210_F2_run5,130,unstable,6
7,,0.16666666666666666,c-GC,1,0,1,,,,220210_F2_run5,130,novel,10
1,,0.0,c-GC,0,0,7,,,,220210_F2_run5,130,stable,11
2,3.0,0.3333333333333333,c-GC,1,1,1,,,,220210_F2_run5,130,unstable,28
1,,0.0,c-GC,0,0,7,,,,220210_F2_run5,130,stable,31
2,3.0,0.6666666666666666,c-GC,2,2,2,,,,220210_F2_run5,130,unstable,37
1,,0.0,c-GC,0,0,7,,,,220210_F2_run5,130,stable,40
1,2.0,0.16666666666666666,c-GC,0,1,1,,,,220210_F2_run5,130,unstable,42
1,,0.0,c-GC,0,0,7,,,,220210_F2_run5,130,stable,44
1,5.0,0.16666666666666666,c-GC,0,1,4,,,,220210_F2_run5,130,lost,57
6,,0.16666666666666666,c-GC,1,0,2,,,,220210_F2_run5,130,unstable,59
1,,0.0,c-GC,0,0,7,,,,220210_F2_run5,130,stable,61
1,,0.0,c-GC,0,0,7,,,,220210_F2_run5,130,stable,62
3,,0.16666666666666666,c-GC,1,0,5,,,,220210_F2_run5,130,unstable,64
1,3.0,0.16666666666666666,c-GC,0,1,2,,,,220210_F2_run5,130,lost,65
5,,0.16666666666666666,c-GC,1,0,3,,,,220210_F2_run5,130,unstable,72
1,,0.0,c-GC,0,0,7,,,,220210_F2_run5,130,stable,94
1,,0.0,c-GC,0,0,7,,,,220210_F2_run5,130,stable,105
2,,0.16666666666666666,c-GC,1,0,6,,,,220210_F2_run5,130,unstable,118
1,2.0,0.16666666666666666,c-GC,0,1,1,,,,220210_F2_run5,130,unstable,128
1,2.0,0.16666666666666666,c-GC,0,1,1,,,,220210_F2_run5,130,unstable,132
1,,0.0,c-GC,0,0,7,,,,220210_F2_run5,130,stable,133
4,5.0,0.3333333333333333,c-GC,1,1,1,,,,220210_F2_run5,130,unstable,134
7,,0.16666666666666666,c-GC,1,0,1,,,,220210_F2_run5,130,novel,144
1,,0.0,c-GC,0,0,7,,,,220210_F2_run5,130,stable,151
1,,0.0,c-GC,0,0,7,,,,220210_F2_run5,130,stable,152
1,,0.0,c-GC,0,0,7,,,,220210_F2_run5,130,stable,154
1,2.0,0.16666666666666666,c-GC,0,1,1,,,,220210_F2_run5,130,unstable,157
1,5.0,0.3333333333333333,c-GC,1,1,6,,,,220210_F2_run5,131,unstable,63
1,4.0,0.16666666666666666,c-GC,0,1,3,,,,220210_F2_run5,131,lost,77
3,5.0,0.5,c-GC,2,1,4,,,,220210_F2_run5,131,unstable,107
1,,0.0,c-GC,0,0,7,,,,220210_F2_run5,131,stable,108
1,6.0,0.16666666666666666,c-GC,0,1,5,,,,220210_F2_run5,131,lost,119
7,,0.16666666666666666,c-GC,1,0,1,,,,220210_F2_run5,131,novel,154
4,5.0,0.3333333333333333,c-GC,1,1,1,,,,220210_F2_run5,131,unstable,156
1,4.0,0.3333333333333333,c-GC,1,1,6,,,,220210_F2_run5,131,unstable,160
1,,0.0,c-GC,0,0,7,,,,220210_F2_run5,132,stable,0
1,3.0,0.3333333333333333,c-GC,1,1,6,,,,220210_F2_run5,132,unstable,6
6,,0.16666666666666666,c-GC,1,0,2,,,,220210_F2_run5,132,unstable,28
3,5.0,0.5,c-GC,2,1,4,,,,220210_F2_run5,132,unstable,57
1,2.0,0.16666666666666666,c-GC,0,1,1,,,,220210_F2_run5,132,unstable,62
1,7.0,0.16666666666666666,c-GC,0,1,6,,,,220210_F2_run5,132,lost,85
7,,0.16666666666666666,c-GC,1,0,1,,,,220210_F2_run5,132,novel,89
1,4.0,0.16666666666666666,c-GC,0,1,3,,,,220210_F2_run5,132,lost,94
1,6.0,0.16666666666666666,c-GC,0,1,5,,,,220210_F2_run5,132,lost,103
2,4.0,0.3333333333333333,c-GC,1,1,2,,,,220210_F2_run5,132,unstable,109
6,,0.16666666666666666,c-GC,1,0,2,,,,220210_F2_run5,132,unstable,114
1,2.0,0.16666666666666666,c-GC,0,1,1,,,,220210_F2_run5,132,unstable,121
1,6.0,0.16666666666666666,c-GC,0,1,5,,,,220210_F2_run5,132,lost,130
1,3.0,0.16666666666666666,c-GC,0,1,2,,,,220210_F2_run5,132,lost,134
2,4.0,0.3333333333333333,c-GC,1,1,2,,,,220210_F2_run5,132,unstable,164
1,3.0,0.5,c-GC,1,2,3,,,,220210_F2_run5,133,unstable,7
7,,0.16666666666666666,c-GC,1,0,1,,,,220210_F2_run5,133,novel,9
7,,0.16666666666666666,c-GC,1,0,1,,,,220210_F2_run5,133,novel,10
5,7.0,0.3333333333333333,c-GC,1,1,2,,,,220210_F2_run5,133,unstable,30
1,6.0,0.16666666666666666,c-GC,0,1,5,,,,220210_F2_run5,133,lost,31
2,,0.16666666666666666,c-GC,1,0,6,,,,220210_F2_run5,133,unstable,45
1,2.0,0.16666666666666666,c-GC,0,1,1,,,,220210_F2_run5,133,unstable,49
1,2.0,0.16666666666666666,c-GC,0,1,1,,,,220210_F2_run5,133,unstable,50
3,,0.16666666666666666,c-GC,1,0,5,,,,220210_F2_run5,133,unstable,62
5,,0.16666666666666666,c-GC,1,0,3,,,,220210_F2_run5,133,unstable,66
5,,0.16666666666666666,c-GC,1,0,3,,,,220210_F2_run5,133,unstable,70
2,4.0,0.5,c-GC,2,1,5,,,,220210_F2_run5,133,unstable,75
4,7.0,0.3333333333333333,c-GC,1,1,3,,,,220210_F2_run5,133,unstable,87
1,3.0,0.3333333333333333,c-GC,1,1,5,,,,220210_F2_run5,133,unstable,91
2,,0.16666666666666666,c-GC,1,0,6,,,,220210_F2_run5,133,unstable,105
6,7.0,0.3333333333333333,c-GC,1,1,1,,,,220210_F2_run5,133,unstable,114
1,2.0,0.16666666666666666,c-GC,0,1,1,,,,220210_F2_run5,133,unstable,118
3,4.0,0.5,c-GC,2,1,4,,,,220210_F2_run5,133,unstable,124
3,7.0,0.3333333333333333,c-GC,1,1,4,,,,220210_F2_run5,133,unstable,130
3,,0.16666666666666666,c-GC,1,0,5,,,,220210_F2_run5,133,unstable,134
3,5.0,0.3333333333333333,c-GC,1,1,2,,,,220210_F2_run5,133,unstable,141
1,,0.0,c-GC,0,0,7,,,,220210_F2_run5,133,stable,151
3,5.0,0.5,c-GC,2,1,3,,,,220210_F2_run5,133,unstable,152
1,6.0,0.3333333333333333,c-GC,1,1,6,,,,220210_F2_run5,133,unstable,154
2,,0.16666666666666666,c-GC,1,0,6,,,,220210_F2_run5,133,unstable,157
1,2.0,0.5,c-GC,1,2,2,,,,220210_F2_run5,133,unstable,158
2,,0.16666666666666666,c-GC,1,0,6,,,,220210_F2_run5,134,unstable,43
2,5.0,0.6666666666666666,c-GC,2,2,4,,,,220210_F2_run5,134,unstable,45
2,6.0,0.3333333333333333,c-GC,1,1,4,,,,220210_F2_run5,134,unstable,46
4,,0.16666666666666666,c-GC,1,0,4,,,,220210_F2_run5,134,unstable,48
2,4.0,0.3333333333333333,c-GC,1,1,2,,,,220210_F2_run5,134,unstable,73
4,,0.16666666666666666,c-GC,1,0,4,,,,220210_F2_run5,134,unstable,75
1,2.0,0.16666666666666666,c-GC,0,1,1,,,,220210_F2_run5,134,unstable,78
5,,0.16666666666666666,c-GC,1,0,3,,,,220210_F2_run5,134,unstable,79
2,,0.16666666666666666,c-GC,1,0,6,,,,220210_F2_run5,134,unstable,88
2,,0.16666666666666666,c-GC,1,0,6,,,,220210_F2_run5,134,unstable,102
3,4.0,0.5,c-GC,2,1,4,,,,220210_F2_run5,134,unstable,103
1,2.0,0.16666666666666666,c-GC,0,1,1,,,,220210_F2_run5,134,unstable,107
4,,0.16666666666666666,c-GC,1,0,4,,,,220210_F2_run5,134,unstable,111
3,5.0,0.3333333333333333,c-GC,1,1,2,,,,220210_F2_run5,134,unstable,118
1,7.0,0.16666666666666666,c-GC,0,1,6,,,,220210_F2_run5,134,lost,124
5,6.0,0.5,c-GC,2,1,2,,,,220210_F2_run5,134,unstable,125
2,7.0,0.3333333333333333,c-GC,1,1,5,,,,220210_F2_run5,134,unstable,127
3,7.0,0.3333333333333333,c-GC,1,1,4,,,,220210_F2_run5,134,unstable,132
5,7.0,0.3333333333333333,c-GC,1,1,2,,,,220210_F2_run5,134,unstable,133
3,,0.16666666666666666,c-GC,1,0,5,,,,220210_F2_run5,134,unstable,135
2,,0.16666666666666666,c-GC,1,0,6,,,,220210_F2_run5,134,unstable,140
5,,0.16666666666666666,c-GC,1,0,3,,,,220210_F2_run5,134,unstable,143
2,,0.16666666666666666,c-GC,1,0,6,,,,220210_F2_run5,134,unstable,154
4,6.0,0.5,c-GC,2,1,3,,,,220210_F2_run5,134,unstable,156
2,,0.16666666666666666,c-GC,1,0,6,,,,220210_F2_run5,134,unstable,164
1,3.0,0.6666666666666666,c-GC,2,2,5,,,,220210_F2_run5,135,unstable,25
1,2.0,0.16666666666666666,c-GC,0,1,1,,,,220210_F2_run5,135,unstable,37
1,,0.0,c-GC,0,0,7,,,,220210_F2_run5,135,stable,45
1,4.0,0.5,c-GC,1,2,4,,,,220210_F2_run5,135,unstable,48
6,7.0,0.3333333333333333,c-GC,1,1,1,,,,220210_F2_run5,135,unstable,50
1,2.0,0.16666666666666666,c-GC,0,1,1,,,,220210_F2_run5,135,unstable,62
1,5.0,0.3333333333333333,c-GC,1,1,5,,,,220210_F2_run5,135,unstable,75
1,2.0,0.16666666666666666,c-GC,0,1,1,,,,220210_F2_run5,135,unstable,76
2,3.0,0.3333333333333333,c-GC,1,1,1,,,,220210_F2_run5,135,unstable,81
1,5.0,0.16666666666666666,c-GC,0,1,4,,,,220210_F2_run5,135,lost,85
1,4.0,0.3333333333333333,c-GC,1,1,4,,,,220210_F2_run5,135,unstable,102
1,6.0,0.3333333333333333,c-GC,1,1,6,,,,220210_F2_run5,135,unstable,103
2,3.0,0.6666666666666666,c-GC,2,2,3,,,,220210_F2_run5,135,unstable,112
1,3.0,0.16666666666666666,c-GC,0,1,2,,,,220210_F2_run5,135,lost,124
1,,0.0,c-GC,0,0,7,,,,220210_F2_run5,135,stable,125
1,,0.0,c-GC,0,0,7,,,,220210_F2_run5,135,stable,126
1,,0.0,c-GC,0,0,7,,,,220210_F2_run5,135,stable,134
1,2.0,0.16666666666666666,c-GC,0,1,1,,,,220210_F2_run5,135,unstable,137
1,3.0,0.3333333333333333,c-GC,1,1,3,,,,220210_F2_run5,135,unstable,140
1,2.0,0.3333333333333333,c-GC,1,1,6,,,,220210_F2_run5,135,unstable,154
1,3.0,0.6666666666666666,c-GC,2,2,5,,,,220210_F2_run5,135,unstable,156
1,,0.0,c-GC,0,0,7,,,,220210_F2_run5,136,stable,62
1,7.0,0.16666666666666666,c-GC,0,1,6,,,,220210_F2_run5,136,lost,98
7,,0.16666666666666666,c-GC,1,0,1,,,,220210_F2_run5,136,novel,103
1,2.0,0.16666666666666666,c-GC,0,1,1,,,,220210_F2_run5,136,unstable,124
1,,0.0,c-GC,0,0,7,,,,220210_F2_run5,136,stable,154
2,,0.16666666666666666,c-GC,1,0,6,,,,220210_F2_run5,136,unstable,156
3,4.0,0.3333333333333333,c-GC,1,1,1,,,,220210_F2_run5,137,unstable,9
5,6.0,0.3333333333333333,c-GC,1,1,1,,,,220210_F2_run5,137,unstable,12
1,2.0,0.3333333333333333,c-GC,1,1,5,,,,220210_F2_run5,137,unstable,37
3,4.0,0.5,c-GC,2,1,3,,,,220210_F2_run5,137,unstable,50
1,,0.0,c-GC,0,0,7,,,,220210_F2_run5,137,stable,62
2,4.0,0.3333333333333333,c-GC,1,1,2,,,,220210_F2_run5,137,unstable,89
3,,0.16666666666666666,c-GC,1,0,5,,,,220210_F2_run5,137,unstable,95
1,4.0,0.3333333333333333,c-GC,1,1,5,,,,220210_F2_run5,137,unstable,114
1,2.0,0.16666666666666666,c-GC,0,1,1,,,,220210_F2_run5,137,unstable,124
1,2.0,0.16666666666666666,c-GC,0,1,1,,,,220210_F2_run5,137,unstable,125
1,2.0,0.5,c-GC,1,2,4,,,,220210_F2_run5,137,unstable,134
1,2.0,0.16666666666666666,c-GC,0,1,1,,,,220210_F2_run5,137,unstable,136
1,6.0,0.3333333333333333,c-GC,1,1,6,,,,220210_F2_run5,137,unstable,140
3,5.0,0.3333333333333333,c-GC,1,1,2,,,,220210_F2_run5,137,unstable,144
1,,0.0,c-GC,0,0,7,,,,220210_F2_run5,137,stable,154
2,3.0,0.8333333333333334,c-GC,3,2,4,,,,220210_F2_run5,137,unstable,155
3,4.0,0.3333333333333333,c-GC,1,1,1,,,,220210_F2_run5,138,unstable,53
1,2.0,0.16666666666666666,c-GC,0,1,1,,,,220210_F2_run5,138,unstable,96
1,2.0,0.16666666666666666,c-GC,0,1,1,,,,220210_F2_run5,138,unstable,140
4,6.0,0.3333333333333333,c-GC,1,1,2,,,,220210_F2_run5,139,unstable,0
5,,0.16666666666666666,c-GC,1,0,3,,,,220210_F2_run5,139,unstable,14
7,,0.16666666666666666,c-GC,1,0,1,,,,220210_F2_run5,139,novel,105
1,2.0,0.16666666666666666,c-GC,0,1,1,,,,220210_F2_run5,139,unstable,124
1,,0.0,c-GC,0,0,7,,,,220210_F2_run5,139,stable,131
2,,0.16666666666666666,c-GC,1,0,6,,,,220210_F2_run5,140,unstable,7
2,,0.16666666666666666,c-GC,1,0,6,,,,220210_F2_run5,140,unstable,9
7,,0.16666666666666666,c-GC,1,0,1,,,,220210_F2_run5,140,novel,23
3,,0.16666666666666666,c-GC,1,0,5,,,,220210_F2_run5,140,unstable,24
1,2.0,0.16666666666666666,c-GC,0,1,1,,,,220210_F2_run5,140,unstable,25
5,6.0,0.3333333333333333,c-GC,1,1,1,,,,220210_F2_run5,140,unstable,38
5,6.0,0.3333333333333333,c-GC,1,1,1,,,,220210_F2_run5,140,unstable,41
1,,0.0,c-GC,0,0,7,,,,220210_F2_run5,140,stable,42
1,,0.0,c-GC,0,0,7,,,,220210_F2_run5,140,stable,44
1,5.0,0.16666666666666666,c-GC,0,1,4,,,,220210_F2_run5,140,lost,47
2,,0.16666666666666666,c-GC,1,0,6,,,,220210_F2_run5,140,unstable,48
1,7.0,0.16666666666666666,c-GC,0,1,6,,,,220210_F2_run5,140,lost,50
2,,0.16666666666666666,c-GC,1,0,6,,,,220210_F2_run5,140,unstable,53
2,3.0,0.3333333333333333,c-GC,1,1,1,,,,220210_F2_run5,140,unstable,60
1,5.0,0.16666666666666666,c-GC,0,1,4,,,,220210_F2_run5,140,lost,62
1,,0.0,c-GC,0,0,7,,,,220210_F2_run5,140,stable,63
1,5.0,0.16666666666666666,c-GC,0,1,4,,,,220210_F2_run5,140,lost,64
2,4.0,0.3333333333333333,c-GC,1,1,2,,,,220210_F2_run5,140,unstable,73
2,6.0,0.3333333333333333,c-GC,1,1,4,,,,220210_F2_run5,140,unstable,95
4,7.0,0.3333333333333333,c-GC,1,1,3,,,,220210_F2_run5,140,unstable,98
2,3.0,0.3333333333333333,c-GC,1,1,1,,,,220210_F2_run5,140,unstable,107
5,6.0,0.3333333333333333,c-GC,1,1,1,,,,220210_F2_run5,140,unstable,112
2,3.0,0.6666666666666666,c-GC,2,2,2,,,,220210_F2_run5,140,unstable,125
2,,0.16666666666666666,c-GC,1,0,6,,,,220210_F2_run5,140,unstable,127
2,3.0,0.3333333333333333,c-GC,1,1,1,,,,220210_F2_run5,140,unstable,130
2,3.0,0.3333333333333333,c-GC,1,1,1,,,,220210_F2_run5,140,unstable,157
1,5.0,0.16666666666666666,c-GC,0,1,4,,,,220210_F2_run5,140,lost,160
1,2.0,0.16666666666666666,c-GC,0,1,1,,,,220210_F2_run5,140,unstable,162
1,3.0,0.16666666666666666,c-GC,0,1,2,,,,220210_F2_run5,140,lost,163
3,,0.16666666666666666,c-GC,1,0,5,,,,220210_F2_run5,140,unstable,164
1,2.0,0.16666666666666666,c-GC,0,1,1,,,,220210_F2_run5,141,unstable,10
1,2.0,0.16666666666666666,c-GC,0,1,1,,,,220210_F2_run5,141,unstable,28
1,2.0,0.5,c-GC,1,2,3,,,,220210_F2_run5,141,unstable,29
6,,0.16666666666666666,c-GC,1,0,2,,,,220210_F2_run5,141,unstable,65
1,3.0,0.5,c-GC,1,2,5,,,,220210_F2_run5,141,unstable,66
2,3.0,0.3333333333333333,c-GC,1,1,1,,,,220210_F2_run5,141,unstable,89
1,2.0,0.16666666666666666,c-GC,0,1,1,,,,220210_F2_run5,141,unstable,91
1,2.0,0.16666666666666666,c-GC,0,1,1,,,,220210_F2_run5,141,unstable,98
1,2.0,0.16666666666666666,c-GC,0,1,1,,,,220210_F2_run5,141,unstable,107
1,2.0,0.6666666666666666,c-GC,2,2,3,,,,220210_F2_run5,141,unstable,111
6,,0.16666666666666666,c-GC,1,0,2,,,,220210_F2_run5,141,unstable,122
5,6.0,0.3333333333333333,c-GC,1,1,1,,,,220210_F2_run5,141,unstable,129
1,2.0,0.3333333333333333,c-GC,1,1,2,,,,220210_F2_run5,141,unstable,143
1,2.0,0.16666666666666666,c-GC,0,1,1,,,,220210_F2_run5,141,unstable,148
1,2.0,0.16666666666666666,c-GC,0,1,1,,,,220210_F2_run5,141,unstable,164
2,4.0,0.5,c-GC,2,1,3,,,,220210_F2_run5,142,unstable,62
1,4.0,0.3333333333333333,c-GC,1,1,4,,,,220210_F2_run5,142,unstable,76
1,4.0,0.3333333333333333,c-GC,1,1,5,,,,220210_F2_run5,142,unstable,107
6,7.0,0.3333333333333333,c-GC,1,1,1,,,,220210_F2_run5,142,unstable,133
7,,0.16666666666666666,c-GC,1,0,1,,,,220210_F2_run5,142,novel,136
3,4.0,0.5,c-GC,2,1,3,,,,220210_F2_run5,143,unstable,2
3,,0.16666666666666666,c-GC,1,0,5,,,,220210_F2_run5,143,unstable,31
7,,0.16666666666666666,c-GC,1,0,1,,,,220210_F2_run5,143,novel,44
1,2.0,0.16666666666666666,c-GC,0,1,1,,,,220210_F2_run5,143,unstable,105
7,,0.16666666666666666,c-GC,1,0,1,,,,220210_F2_run5,143,novel,106
2,3.0,0.3333333333333333,c-GC,1,1,1,,,,220210_F2_run5,143,unstable,121
1,2.0,0.16666666666666666,c-GC,0,1,1,,,,220210_F2_run5,143,unstable,139
1,2.0,0.16666666666666666,c-GC,0,1,1,,,,220210_F2_run5,143,unstable,141
1,2.0,0.16666666666666666,c-GC,0,1,1,,,,220210_F2_run5,143,unstable,146
2,,0.16666666666666666,c-GC,1,0,6,,,,220210_F2_run5,144,unstable,3
2,,0.16666666666666666,c-GC,1,0,6,,,,220210_F2_run5,144,unstable,9
1,,0.0,c-GC,0,0,7,,,,220210_F2_run5,144,stable,13
2,,0.16666666666666666,c-GC,1,0,6,,,,220210_F2_run5,144,unstable,20
2,,0.16666666666666666,c-GC,1,0,6,,,,220210_F2_run5,144,unstable,41
2,,0.16666666666666666,c-GC,1,0,6,,,,220210_F2_run5,144,unstable,66
1,,0.0,c-GC,0,0,7,,,,220210_F2_run5,144,stable,67
2,,0.16666666666666666,c-GC,1,0,6,,,,220210_F2_run5,144,unstable,73
6,7.0,0.3333333333333333,c-GC,1,1,1,,,,220210_F2_run5,144,unstable,79
1,,0.0,c-GC,0,0,7,,,,220210_F2_run5,144,stable,86
2,3.0,0.3333333333333333,c-GC,1,1,1,,,,220210_F2_run5,144,unstable,94
2,,0.16666666666666666,c-GC,1,0,6,,,,220210_F2_run5,144,unstable,104
5,7.0,0.3333333333333333,c-GC,1,1,2,,,,220210_F2_run5,144,unstable,128
3,,0.16666666666666666,c-GC,1,0,5,,,,220210_F2_run5,144,unstable,147
1,,0.0,c-GC,0,0,7,,,,220210_F2_run5,144,stable,151
5,,0.16666666666666666,c-GC,1,0,3,,,,220210_F2_run5,144,unstable,152
5,6.0,0.3333333333333333,c-GC,1,1,1,,,,220210_F2_run5,144,unstable,154
1,3.0,0.16666666666666666,c-GC,0,1,2,,,,220210_F2_run5,145,lost,34
4,,0.16666666666666666,c-GC,1,0,4,,,,220210_F2_run5,145,unstable,42
1,2.0,0.16666666666666666,c-GC,0,1,1,,,,220210_F2_run5,145,unstable,121
1,,0.0,c-GC,0,0,7,,,,220210_F2_run5,145,stable,130
2,7.0,0.3333333333333333,c-GC,1,1,5,,,,220210_F2_run5,145,unstable,151
1,2.0,0.16666666666666666,c-GC,0,1,1,,,,220210_F2_run5,146,unstable,82
6,,0.16666666666666666,c-GC,1,0,2,,,,220210_F2_run5,146,unstable,116
6,7.0,0.3333333333333333,c-GC,1,1,1,,,,220210_F2_run5,147,unstable,58
1,5.0,0.16666666666666666,c-GC,0,1,4,,,,220210_F2_run5,147,lost,66
3,,0.16666666666666666,c-GC,1,0,5,,,,220210_F2_run5,147,unstable,78
1,3.0,0.6666666666666666,c-GC,2,2,5,,,,220210_F2_run5,147,unstable,88
3,4.0,0.5,c-GC,2,1,2,,,,220210_F2_run5,148,unstable,26
1,2.0,0.16666666666666666,c-GC,0,1,1,,,,220210_F2_run5,148,unstable,49
1,2.0,0.16666666666666666,c-GC,0,1,1,,,,220210_F2_run5,148,unstable,158
2,4.0,0.6666666666666666,c-GC,2,2,4,,,,220210_F2_run5,149,unstable,69
1,2.0,0.5,c-GC,1,2,2,,,,220210_F2_run5,149,unstable,75
2,,0.16666666666666666,c-GC,1,0,6,,,,220210_F2_run5,149,unstable,117
7,,0.16666666666666666,c-GC,1,0,1,,,,220210_F2_run5,150,novel,30
1,2.0,0.6666666666666666,c-GC,2,2,4,,,,220210_F2_run5,150,unstable,49
1,2.0,0.16666666666666666,c-GC,0,1,1,,,,220210_F2_run5,150,unstable,69
1,4.0,0.5,c-GC,1,2,4,,,,220210_F2_run5,150,unstable,94
1,6.0,0.16666666666666666,c-GC,0,1,5,,,,220210_F2_run5,150,lost,108
3,5.0,0.3333333333333333,c-GC,1,1,2,,,,220210_F2_run5,150,unstable,115
1,,0.0,c-GC,0,0,7,,,,220210_F2_run5,150,stable,130
1,2.0,0.16666666666666666,c-GC,0,1,1,,,,220210_F2_run5,150,unstable,155
1,2.0,0.16666666666666666,c-GC,0,1,1,,,,220210_F2_run5,150,unstable,156
1,2.0,0.16666666666666666,c-GC,0,1,1,,,,220210_F2_run5,150,unstable,157
4,,0.16666666666666666,c-GC,1,0,4,,,,220210_F2_run5,151,unstable,0
1,,0.0,c-GC,0,0,7,,,,220210_F2_run5,151,stable,6
1,2.0,0.3333333333333333,c-GC,1,1,3,,,,220210_F2_run5,151,unstable,30
1,2.0,0.8333333333333334,c-GC,2,3,3,,,,220210_F2_run5,151,unstable,31
1,3.0,0.3333333333333333,c-GC,1,1,5,,,,220210_F2_run5,151,unstable,36
6,7.0,0.3333333333333333,c-GC,1,1,1,,,,220210_F2_run5,151,unstable,40
7,,0.16666666666666666,c-GC,1,0,1,,,,220210_F2_run5,151,novel,44
1,2.0,0.16666666666666666,c-GC,0,1,1,,,,220210_F2_run5,151,unstable,55
3,5.0,0.5,c-GC,2,1,4,,,,220210_F2_run5,151,unstable,67
2,3.0,0.3333333333333333,c-GC,1,1,1,,,,220210_F2_run5,151,unstable,73
1,,0.0,c-GC,0,0,7,,,,220210_F2_run5,151,stable,87
6,,0.16666666666666666,c-GC,1,0,2,,,,220210_F2_run5,151,unstable,123
1,3.0,0.16666666666666666,c-GC,0,1,2,,,,220210_F2_run5,151,lost,130
1,2.0,0.16666666666666666,c-GC,0,1,1,,,,220210_F2_run5,151,unstable,131
1,2.0,0.3333333333333333,c-GC,1,1,5,,,,220210_F2_run5,151,unstable,152
1,2.0,0.16666666666666666,c-GC,0,1,1,,,,220210_F2_run5,151,unstable,155
1,2.0,0.16666666666666666,c-GC,0,1,1,,,,220210_F2_run5,151,unstable,157
7,,0.16666666666666666,c-GC,1,0,1,,,,220210_F2_run5,152,novel,1
1,,0.0,c-GC,0,0,7,,,,220210_F2_run5,152,stable,6
2,6.0,0.5,c-GC,2,1,5,,,,220210_F2_run5,152,unstable,10
1,,0.0,c-GC,0,0,7,,,,220210_F2_run5,152,stable,13
2,4.0,0.5,c-GC,2,1,4,,,,220210_F2_run5,152,unstable,23
1,5.0,0.5,c-GC,1,2,5,,,,220210_F2_run5,152,unstable,24
1,,0.0,c-GC,0,0,7,,,,220210_F2_run5,152,stable,36
1,3.0,0.16666666666666666,c-GC,0,1,2,,,,220210_F2_run5,152,lost,39
1,,0.0,c-GC,0,0,7,,,,220210_F2_run5,152,stable,42
2,,0.16666666666666666,c-GC,1,0,6,,,,220210_F2_run5,152,unstable,44
6,7.0,0.3333333333333333,c-GC,1,1,1,,,,220210_F2_run5,152,unstable,52
3,4.0,0.3333333333333333,c-GC,1,1,1,,,,220210_F2_run5,152,unstable,65
1,2.0,0.16666666666666666,c-GC,0,1,1,,,,220210_F2_run5,152,unstable,67
1,,0.0,c-GC,0,0,7,,,,220210_F2_run5,152,stable,74
6,7.0,0.3333333333333333,c-GC,1,1,1,,,,220210_F2_run5,152,unstable,79
3,5.0,0.3333333333333333,c-GC,1,1,2,,,,220210_F2_run5,152,unstable,91
1,4.0,0.3333333333333333,c-GC,1,1,6,,,,220210_F2_run5,152,unstable,95
3,4.0,0.6666666666666666,c-GC,2,2,2,,,,220210_F2_run5,152,unstable,104
3,4.0,0.5,c-GC,2,1,4,,,,220210_F2_run5,152,unstable,117
3,4.0,0.3333333333333333,c-GC,1,1,1,,,,220210_F2_run5,152,unstable,131
1,2.0,0.16666666666666666,c-GC,0,1,1,,,,220210_F2_run5,152,unstable,153
3,5.0,0.3333333333333333,c-GC,1,1,2,,,,220210_F2_run5,153,unstable,10
5,6.0,0.3333333333333333,c-GC,1,1,1,,,,220210_F2_run5,153,unstable,62
2,,0.16666666666666666,c-GC,1,0,6,,,,220210_F2_run5,153,unstable,72
2,3.0,0.3333333333333333,c-GC,1,1,1,,,,220210_F2_run5,153,unstable,81
1,2.0,0.16666666666666666,c-GC,0,1,1,,,,220210_F2_run5,153,unstable,119
7,,0.16666666666666666,c-GC,1,0,1,,,,220210_F2_run5,153,novel,131
1,3.0,0.3333333333333333,c-GC,1,1,5,,,,220210_F2_run5,153,unstable,151
1,2.0,0.16666666666666666,c-GC,0,1,1,,,,220210_F2_run5,154,unstable,12
1,,0.0,c-GC,0,0,7,,,,220210_F2_run5,154,stable,45
1,,0.0,c-GC,0,0,7,,,,220210_F2_run5,154,stable,48
7,,0.16666666666666666,c-GC,1,0,1,,,,220210_F2_run5,154,novel,50
1,3.0,0.16666666666666666,c-GC,0,1,2,,,,220210_F2_run5,154,lost,59
1,,0.0,c-GC,0,0,7,,,,220210_F2_run5,154,stable,60
7,,0.16666666666666666,c-GC,1,0,1,,,,220210_F2_run5,154,novel,77
1,2.0,0.3333333333333333,c-GC,1,1,4,,,,220210_F2_run5,154,unstable,78
1,,0.0,c-GC,0,0,7,,,,220210_F2_run5,154,stable,80
1,,0.0,c-GC,0,0,7,,,,220210_F2_run5,154,stable,83
1,,0.0,c-GC,0,0,7,,,,220210_F2_run5,154,stable,85
1,,0.0,c-GC,0,0,7,,,,220210_F2_run5,154,stable,88
5,,0.16666666666666666,c-GC,1,0,3,,,,220210_F2_run5,154,unstable,102
1,4.0,0.5,c-GC,1,2,4,,,,220210_F2_run5,154,unstable,112
7,,0.16666666666666666,c-GC,1,0,1,,,,220210_F2_run5,154,novel,115
1,,0.0,c-GC,0,0,7,,,,220210_F2_run5,154,stable,116
1,,0.0,c-GC,0,0,7,,,,220210_F2_run5,154,stable,118
1,2.0,0.5,c-GC,1,2,2,,,,220210_F2_run5,154,unstable,120
1,,0.0,c-GC,0,0,7,,,,220210_F2_run5,154,stable,124
1,,0.0,c-GC,0,0,7,,,,220210_F2_run5,154,stable,125
1,3.0,0.3333333333333333,c-GC,1,1,6,,,,220210_F2_run5,154,unstable,126
1,,0.0,c-GC,0,0,7,,,,220210_F2_run5,154,stable,130
5,6.0,0.3333333333333333,c-GC,1,1,1,,,,220210_F2_run5,154,unstable,131
6,7.0,0.3333333333333333,c-GC,1,1,1,,,,220210_F2_run5,154,unstable,133
1,,0.0,c-GC,0,0,7,,,,220210_F2_run5,154,stable,134
1,,0.0,c-GC,0,0,7,,,,220210_F2_run5,154,stable,135
1,,0.0,c-GC,0,0,7,,,,220210_F2_run5,154,stable,136
1,,0.0,c-GC,0,0,7,,,,220210_F2_run5,154,stable,137
2,,0.16666666666666666,c-GC,1,0,6,,,,220210_F2_run5,154,unstable,140
1,,0.0,c-GC,0,0,7,,,,220210_F2_run5,154,stable,142
1,,0.0,c-GC,0,0,7,,,,220210_F2_run5,154,stable,156
2,,0.16666666666666666,c-GC,1,0,6,,,,220210_F2_run5,154,unstable,157
1,6.0,0.16666666666666666,c-GC,0,1,5,,,,220210_F2_run5,154,lost,160
2,3.0,0.5,c-GC,2,1,2,,,,220210_F2_run5,154,unstable,163
1,,0.0,c-GC,0,0,7,,,,220210_F2_run5,154,stable,164
1,,0.0,c-GC,0,0,7,,,,220210_F2_run5,155,stable,22
7,,0.16666666666666666,c-GC,1,0,1,,,,220210_F2_run5,155,novel,34
1,2.0,0.8333333333333334,c-GC,2,3,4,,,,220210_F2_run5,155,unstable,37
4,5.0,0.5,c-GC,2,1,2,,,,220210_F2_run5,155,unstable,60
6,7.0,0.3333333333333333,c-GC,1,1,1,,,,220210_F2_run5,155,unstable,61
3,,0.16666666666666666,c-GC,1,0,5,,,,220210_F2_run5,155,unstable,92
1,7.0,0.16666666666666666,c-GC,0,1,6,,,,220210_F2_run5,155,lost,102
5,,0.16666666666666666,c-GC,1,0,3,,,,220210_F2_run5,155,unstable,108
2,,0.16666666666666666,c-GC,1,0,6,,,,220210_F2_run5,155,unstable,113
1,,0.0,c-GC,0,0,7,,,,220210_F2_run5,155,stable,120
6,7.0,0.3333333333333333,c-GC,1,1,1,,,,220210_F2_run5,155,unstable,133
1,,0.0,c-GC,0,0,7,,,,220210_F2_run5,155,stable,136
6,7.0,0.3333333333333333,c-GC,1,1,1,,,,220210_F2_run5,155,unstable,141
6,7.0,0.3333333333333333,c-GC,1,1,1,,,,220210_F2_run5,155,unstable,146
1,4.0,0.16666666666666666,c-GC,0,1,3,,,,220210_F2_run5,155,lost,151
1,3.0,0.16666666666666666,c-GC,0,1,2,,,,220210_F2_run5,155,lost,154
1,6.0,0.3333333333333333,c-GC,1,1,6,,,,220210_F2_run5,155,unstable,156
1,2.0,0.16666666666666666,c-GC,0,1,1,,,,220210_F2_run5,155,unstable,157
1,3.0,0.16666666666666666,c-GC,0,1,2,,,,220210_F2_run5,156,lost,64
3,5.0,0.3333333333333333,c-GC,1,1,2,,,,220210_F2_run5,156,unstable,88
1,2.0,0.5,c-GC,1,2,3,,,,220210_F2_run5,156,unstable,102
3,4.0,0.6666666666666666,c-GC,2,2,2,,,,220210_F2_run5,156,unstable,113
1,,0.0,c-GC,0,0,7,,,,220210_F2_run5,156,stable,114
4,,0.16666666666666666,c-GC,1,0,4,,,,220210_F2_run5,156,unstable,124
3,4.0,0.6666666666666666,c-GC,2,2,2,,,,220210_F2_run5,156,unstable,135
2,,0.16666666666666666,c-GC,1,0,6,,,,220210_F2_run5,156,unstable,154
6,7.0,0.3333333333333333,c-GC,1,1,1,,,,220210_F2_run5,156,unstable,155
2,4.0,0.3333333333333333,c-GC,1,1,2,,,,220210_F2_run5,156,unstable,160
1,2.0,0.16666666666666666,c-GC,0,1,1,,,,220210_F2_run5,157,unstable,23
1,2.0,0.3333333333333333,c-GC,1,1,4,,,,220210_F2_run5,157,unstable,25
2,,0.16666666666666666,c-GC,1,0,6,,,,220210_F2_run5,157,unstable,38
1,7.0,0.16666666666666666,c-GC,0,1,6,,,,220210_F2_run5,157,lost,44
1,2.0,0.5,c-GC,1,2,2,,,,220210_F2_run5,157,unstable,62
7,,0.16666666666666666,c-GC,1,0,1,,,,220210_F2_run5,157,novel,74
1,3.0,0.5,c-GC,1,2,3,,,,220210_F2_run5,157,unstable,97
1,2.0,0.16666666666666666,c-GC,0,1,1,,,,220210_F2_run5,157,unstable,103
1,2.0,0.3333333333333333,c-GC,1,1,5,,,,220210_F2_run5,157,unstable,107
5,,0.16666666666666666,c-GC,1,0,3,,,,220210_F2_run5,157,unstable,109
1,2.0,0.16666666666666666,c-GC,0,1,1,,,,220210_F2_run5,157,unstable,118
1,2.0,0.5,c-GC,1,2,2,,,,220210_F2_run5,157,unstable,154
7,,0.16666666666666666,c-GC,1,0,1,,,,220210_F2_run5,158,novel,83
1,2.0,0.16666666666666666,c-GC,0,1,1,,,,220210_F2_run5,158,unstable,98
6,,0.16666666666666666,c-GC,1,0,2,,,,220210_F2_run5,159,unstable,16
1,2.0,0.16666666666666666,c-GC,0,1,1,,,,220210_F2_run5,159,unstable,28
1,2.0,0.16666666666666666,c-GC,0,1,1,,,,220210_F2_run5,159,unstable,89
1,7.0,0.16666666666666666,c-GC,0,1,6,,,,220210_F2_run5,159,lost,121
1,,0.0,c-GC,0,0,7,,,,220210_F2_run5,160,stable,63
6,,0.16666666666666666,c-GC,1,0,2,,,,220210_F2_run5,160,unstable,77
6,,0.16666666666666666,c-GC,1,0,2,,,,220210_F2_run5,160,unstable,110
3,4.0,0.5,c-GC,2,1,4,,,,220210_F2_run5,160,unstable,137
3,4.0,0.6666666666666666,c-GC,2,2,2,,,,220210_F2_run5,160,unstable,164
1,,0.0,c-GC,0,0,7,,,,220210_F2_run5,161,stable,48
3,4.0,0.6666666666666666,c-GC,2,2,2,,,,220210_F2_run5,161,unstable,60
1,2.0,0.16666666666666666,c-GC,0,1,1,,,,220210_F2_run5,161,unstable,79
1,2.0,0.16666666666666666,c-GC,0,1,1,,,,220210_F2_run5,161,unstable,111
4,5.0,0.3333333333333333,c-GC,1,1,1,,,,220210_F2_run5,161,unstable,118
1,4.0,0.3333333333333333,c-GC,1,1,5,,,,220210_F2_run5,161,unstable,140
1,2.0,0.3333333333333333,c-GC,1,1,3,,,,220210_F2_run5,161,unstable,160
1,5.0,0.3333333333333333,c-GC,1,1,6,,,,220210_F2_run5,161,unstable,164
1,2.0,0.16666666666666666,c-GC,0,1,1,,,,220210_F2_run5,162,unstable,106
1,2.0,0.16666666666666666,c-GC,0,1,1,,,,220210_F2_run5,162,unstable,164
2,6.0,0.5,c-GC,2,1,5,,,,220210_F2_run5,164,unstable,10
1,2.0,0.16666666666666666,c-GC,0,1,1,,,,220210_F2_run5,164,unstable,22
1,2.0,0.16666666666666666,c-GC,0,1,1,,,,220210_F2_run5,164,unstable,43
1,,0.0,c-GC,0,0,7,,,,220210_F2_run5,164,stable,50
2,3.0,0.6666666666666666,c-GC,2,2,2,,,,220210_F2_run5,164,unstable,63
1,2.0,0.5,c-GC,1,2,5,,,,220210_F2_run5,164,unstable,85
5,,0.16666666666666666,c-GC,1,0,3,,,,220210_F2_run5,164,unstable,93
1,3.0,0.16666666666666666,c-GC,0,1,2,,,,220210_F2_run5,164,lost,108
2,,0.16666666666666666,c-GC,1,0,6,,,,220210_F2_run5,164,unstable,118
5,,0.16666666666666666,c-GC,1,0,3,,,,220210_F2_run5,164,unstable,124
1,2.0,0.3333333333333333,c-GC,1,1,4,,,,220210_F2_run5,164,unstable,126
3,4.0,0.5,c-GC,2,1,4,,,,220210_F2_run5,164,unstable,134
1,2.0,0.16666666666666666,c-GC,0,1,1,,,,220210_F2_run5,164,unstable,137
4,5.0,0.3333333333333333,c-GC,1,1,1,,,,220210_F2_run5,164,unstable,142
1,2.0,0.16666666666666666,c-GC,0,1,1,,,,220210_F2_run5,164,unstable,147
1,4.0,0.3333333333333333,c-GC,1,1,6,,,,220210_F2_run5,164,unstable,156
3,7.0,0.3333333333333333,c-GC,1,1,4,,,,220210_F2_run5,164,unstable,160
1,6.0,0.3333333333333333,c-GC-star,1,1,6,,,,220119_F2_run11,0,unstable,1
6,7.0,0.3333333333333333,c-GC-star,1,1,1,,,,220119_F2_run11,0,unstable,27
1,2.0,0.5,c-GC-star,1,2,3,,,,220119_F2_run11,0,unstable,49
1,,0.0,c-GC-star,0,0,7,,,,220119_F2_run11,1,stable,3
1,2.0,0.16666666666666666,c-GC-star,0,1,1,,,,220119_F2_run11,1,unstable,7
2,,0.16666666666666666,c-GC-star,1,0,6,,,,220119_F2_run11,1,unstable,11
3,4.0,0.5,c-GC-star,2,1,4,,,,220119_F2_run11,1,unstable,13
3,5.0,0.6666666666666666,c-GC-star,2,2,3,,,,220119_F2_run11,1,unstable,14
1,5.0,0.5,c-GC-star,1,2,5,,,,220119_F2_run11,1,unstable,18
1,,0.0,c-GC-star,0,0,7,,,,220119_F2_run11,1,stable,20
1,2.0,0.5,c-GC-star,1,2,4,,,,220119_F2_run11,1,unstable,50
1,2.0,0.3333333333333333,c-GC-star,1,1,6,,,,220119_F2_run11,1,unstable,57
1,,0.0,c-GC-star,0,0,7,,,,220119_F2_run11,1,stable,69
1,,0.0,c-GC-star,0,0,7,,,,220119_F2_run11,1,stable,71
1,3.0,0.3333333333333333,c-GC-star,1,1,6,,,,220119_F2_run11,1,unstable,98
1,3.0,0.3333333333333333,c-GC-star,1,1,3,,,,220119_F2_run11,2,unstable,9
1,2.0,0.5,c-GC-star,1,2,2,,,,220119_F2_run11,2,unstable,28
1,2.0,0.16666666666666666,c-GC-star,0,1,1,,,,220119_F2_run11,2,unstable,30
1,3.0,0.16666666666666666,c-GC-star,0,1,2,,,,220119_F2_run11,2,lost,76
1,2.0,0.16666666666666666,c-GC-star,0,1,1,,,,220119_F2_run11,2,unstable,79
1,,0.0,c-GC-star,0,0,7,,,,220119_F2_run11,3,stable,0
1,,0.0,c-GC-star,0,0,7,,,,220119_F2_run11,3,stable,1
1,2.0,0.3333333333333333,c-GC-star,1,1,4,,,,220119_F2_run11,3,unstable,7
1,,0.0,c-GC-star,0,0,7,,,,220119_F2_run11,3,stable,11
1,7.0,0.16666666666666666,c-GC-star,0,1,6,,,,220119_F2_run11,3,lost,12
7,,0.16666666666666666,c-GC-star,1,0,1,,,,220119_F2_run11,3,novel,13
5,7.0,0.3333333333333333,c-GC-star,1,1,2,,,,220119_F2_run11,3,unstable,14
1,2.0,0.3333333333333333,c-GC-star,1,1,4,,,,220119_F2_run11,3,unstable,18
1,6.0,0.3333333333333333,c-GC-star,1,1,6,,,,220119_F2_run11,3,unstable,20
1,4.0,0.16666666666666666,c-GC-star,0,1,3,,,,220119_F2_run11,3,lost,37
1,5.0,0.3333333333333333,c-GC-star,1,1,6,,,,220119_F2_run11,3,unstable,69
3,5.0,0.3333333333333333,c-GC-star,1,1,2,,,,220119_F2_run11,3,unstable,71
1,3.0,0.5,c-GC-star,1,2,4,,,,220119_F2_run11,4,unstable,8
1,5.0,0.3333333333333333,c-GC-star,1,1,6,,,,220119_F2_run11,4,unstable,12
1,2.0,0.16666666666666666,c-GC-star,0,1,1,,,,220119_F2_run11,4,unstable,15
1,6.0,0.16666666666666666,c-GC-star,0,1,5,,,,220119_F2_run11,4,lost,29
1,2.0,0.3333333333333333,c-GC-star,1,1,2,,,,220119_F2_run11,4,unstable,43
3,5.0,0.5,c-GC-star,2,1,4,,,,220119_F2_run11,4,unstable,59
1,3.0,0.16666666666666666,c-GC-star,0,1,2,,,,220119_F2_run11,4,lost,62
2,3.0,0.3333333333333333,c-GC-star,1,1,1,,,,220119_F2_run11,4,unstable,98
1,2.0,0.5,c-GC-star,1,2,2,,,,220119_F2_run11,5,unstable,20
1,,0.0,c-GC-star,0,0,7,,,,220119_F2_run11,5,stable,33
5,6.0,0.5,c-GC-star,2,1,2,,,,220119_F2_run11,5,unstable,41
2,4.0,0.6666666666666666,c-GC-star,2,2,4,,,,220119_F2_run11,5,unstable,62
1,2.0,0.5,c-GC-star,1,2,2,,,,220119_F2_run11,5,unstable,78
1,3.0,0.16666666666666666,c-GC-star,0,1,2,,,,220119_F2_run11,6,lost,27
1,5.0,0.3333333333333333,c-GC-star,1,1,6,,,,220119_F2_run11,7,unstable,1
1,,0.0,c-GC-star,0,0,7,,,,220119_F2_run11,7,stable,11
1,2.0,0.16666666666666666,c-GC-star,0,1,1,,,,220119_F2_run11,7,unstable,26
1,6.0,0.3333333333333333,c-GC-star,1,1,6,,,,220119_F2_run11,7,unstable,29
1,,0.0,c-GC-star,0,0,7,,,,220119_F2_run11,8,stable,4
1,,0.0,c-GC-star,0,0,7,,,,220119_F2_run11,8,stable,11
4,5.0,0.3333333333333333,c-GC-star,1,1,1,,,,220119_F2_run11,8,unstable,34
1,2.0,0.16666666666666666,c-GC-star,0,1,1,,,,220119_F2_run11,8,unstable,63
1,2.0,0.5,c-GC-star,1,2,2,,,,220119_F2_run11,8,unstable,72
1,2.0,0.16666666666666666,c-GC-star,0,1,1,,,,220119_F2_run11,8,unstable,79
1,,0.0,c-GC-star,0,0,7,,,,220119_F2_run11,9,stable,2
5,,0.16666666666666666,c-GC-star,1,0,3,,,,220119_F2_run11,9,unstable,16
1,,0.0,c-GC-star,0,0,7,,,,220119_F2_run11,9,stable,21
1,3.0,0.3333333333333333,c-GC-star,1,1,6,,,,220119_F2_run11,9,unstable,28
1,,0.0,c-GC-star,0,0,7,,,,220119_F2_run11,9,stable,30
1,,0.0,c-GC-star,0,0,7,,,,220119_F2_run11,9,stable,42
1,2.0,0.16666666666666666,c-GC-star,0,1,1,,,,220119_F2_run11,9,unstable,53
7,,0.16666666666666666,c-GC-star,1,0,1,,,,220119_F2_run11,9,novel,57
2,,0.16666666666666666,c-GC-star,1,0,6,,,,220119_F2_run11,9,unstable,59
1,,0.0,c-GC-star,0,0,7,,,,220119_F2_run11,9,stable,66
2,3.0,0.8333333333333334,c-GC-star,3,2,4,,,,220119_F2_run11,9,unstable,74
1,3.0,0.3333333333333333,c-GC-star,1,1,5,,,,220119_F2_run11,9,unstable,76
1,,0.0,c-GC-star,0,0,7,,,,220119_F2_run11,9,stable,80
1,2.0,0.16666666666666666,c-GC-star,0,1,1,,,,220119_F2_run11,9,unstable,81
1,2.0,0.16666666666666666,c-GC-star,0,1,1,,,,220119_F2_run11,10,unstable,72
1,,0.0,c-GC-star,0,0,7,,,,220119_F2_run11,11,stable,1
1,,0.0,c-GC-star,0,0,7,,,,220119_F2_run11,11,stable,3
2,3.0,0.6666666666666666,c-GC-star,2,2,4,,,,220119_F2_run11,11,unstable,4
1,3.0,0.16666666666666666,c-GC-star,0,1,2,,,,220119_F2_run11,11,lost,12
1,,0.0,c-GC-star,0,0,7,,,,220119_F2_run11,11,stable,13
1,,0.0,c-GC-star,0,0,7,,,,220119_F2_run11,11,stable,15
1,4.0,0.6666666666666666,c-GC-star,2,2,5,,,,220119_F2_run11,11,unstable,18
2,,0.16666666666666666,c-GC-star,1,0,6,,,,220119_F2_run11,11,unstable,19
1,7.0,0.16666666666666666,c-GC-star,0,1,6,,,,220119_F2_run11,11,lost,20
1,6.0,0.16666666666666666,c-GC-star,0,1,5,,,,220119_F2_run11,11,lost,26
1,,0.0,c-GC-star,0,0,7,,,,220119_F2_run11,11,stable,29
1,3.0,0.16666666666666666,c-GC-star,0,1,2,,,,220119_F2_run11,11,lost,73
2,3.0,0.3333333333333333,c-GC-star,1,1,1,,,,220119_F2_run11,11,unstable,79
7,,0.16666666666666666,c-GC-star,1,0,1,,,,220119_F2_run11,11,novel,96
1,2.0,0.16666666666666666,c-GC-star,0,1,1,,,,220119_F2_run11,12,unstable,1
1,,0.0,c-GC-star,0,0,7,,,,220119_F2_run11,12,stable,4
1,2.0,0.16666666666666666,c-GC-star,0,1,1,,,,220119_F2_run11,12,unstable,8
4,5.0,0.5,c-GC-star,2,1,2,,,,220119_F2_run11,12,unstable,18
1,,0.0,c-GC-star,0,0,7,,,,220119_F2_run11,12,stable,29
6,,0.16666666666666666,c-GC-star,1,0,2,,,,220119_F2_run11,12,unstable,31
3,4.0,0.5,c-GC-star,2,1,4,,,,220119_F2_run11,12,unstable,33
6,7.0,0.3333333333333333,c-GC-star,1,1,1,,,,220119_F2_run11,12,unstable,36
1,2.0,0.16666666666666666,c-GC-star,0,1,1,,,,220119_F2_run11,12,unstable,40
1,2.0,0.16666666666666666,c-GC-star,0,1,1,,,,220119_F2_run11,12,unstable,41
1,2.0,0.3333333333333333,c-GC-star,1,1,3,,,,220119_F2_run11,12,unstable,43
3,,0.16666666666666666,c-GC-star,1,0,5,,,,220119_F2_run11,12,unstable,44
1,2.0,0.16666666666666666,c-GC-star,0,1,1,,,,220119_F2_run11,12,unstable,59
1,2.0,0.16666666666666666,c-GC-star,0,1,1,,,,220119_F2_run11,13,unstable,0
1,7.0,0.16666666666666666,c-GC-star,0,1,6,,,,220119_F2_run11,13,lost,1
1,5.0,0.3333333333333333,c-GC-star,1,1,6,,,,220119_F2_run11,13,unstable,3
1,2.0,0.16666666666666666,c-GC-star,0,1,1,,,,220119_F2_run11,13,unstable,7
1,,0.0,c-GC-star,0,0,7,,,,220119_F2_run11,13,stable,11
1,7.0,0.16666666666666666,c-GC-star,0,1,6,,,,220119_F2_run11,13,lost,15
1,3.0,0.5,c-GC-star,1,2,3,,,,220119_F2_run11,13,unstable,17
1,2.0,0.3333333333333333,c-GC-star,1,1,6,,,,220119_F2_run11,13,unstable,18
1,,0.0,c-GC-star,0,0,7,,,,220119_F2_run11,13,stable,19
1,,0.0,c-GC-star,0,0,7,,,,220119_F2_run11,13,stable,20
1,,0.0,c-GC-star,0,0,7,,,,220119_F2_run11,13,stable,23
1,3.0,0.16666666666666666,c-GC-star,0,1,2,,,,220119_F2_run11,13,lost,24
1,,0.0,c-GC-star,0,0,7,,,,220119_F2_run11,13,stable,26
1,2.0,0.16666666666666666,c-GC-star,0,1,1,,,,220119_F2_run11,13,unstable,34
1,3.0,0.3333333333333333,c-GC-star,1,1,4,,,,220119_F2_run11,13,unstable,40
1,2.0,0.16666666666666666,c-GC-star,0,1,1,,,,220119_F2_run11,13,unstable,51
1,,0.0,c-GC-star,0,0,7,,,,220119_F2_run11,13,stable,57
1,2.0,0.16666666666666666,c-GC-star,0,1,1,,,,220119_F2_run11,13,unstable,62
1,2.0,0.16666666666666666,c-GC-star,0,1,1,,,,220119_F2_run11,13,unstable,71
1,2.0,0.16666666666666666,c-GC-star,0,1,1,,,,220119_F2_run11,13,unstable,75
1,2.0,0.16666666666666666,c-GC-star,0,1,1,,,,220119_F2_run11,13,unstable,88
2,5.0,0.3333333333333333,c-GC-star,1,1,3,,,,220119_F2_run11,13,unstable,89
1,2.0,0.16666666666666666,c-GC-star,0,1,1,,,,220119_F2_run11,13,unstable,90
1,,0.0,c-GC-star,0,0,7,,,,220119_F2_run11,13,stable,98
1,2.0,0.16666666666666666,c-GC-star,0,1,1,,,,220119_F2_run11,14,unstable,16
1,2.0,0.16666666666666666,c-GC-star,0,1,1,,,,220119_F2_run11,14,unstable,69
1,5.0,0.3333333333333333,c-GC-star,1,1,6,,,,220119_F2_run11,15,unstable,12
1,2.0,0.16666666666666666,c-GC-star,0,1,1,,,,220119_F2_run11,15,unstable,64
1,5.0,0.16666666666666666,c-GC-star,0,1,4,,,,220119_F2_run11,16,lost,10
1,2.0,0.16666666666666666,c-GC-star,0,1,1,,,,220119_F2_run11,16,unstable,14
5,,0.16666666666666666,c-GC-star,1,0,3,,,,220119_F2_run11,16,unstable,30
1,2.0,0.16666666666666666,c-GC-star,0,1,1,,,,220119_F2_run11,16,unstable,52
1,2.0,0.16666666666666666,c-GC-star,0,1,1,,,,220119_F2_run11,16,unstable,58
4,5.0,0.3333333333333333,c-GC-star,1,1,1,,,,220119_F2_run11,16,unstable,78
1,2.0,0.5,c-GC-star,1,2,2,,,,220119_F2_run11,17,unstable,9
1,2.0,0.16666666666666666,c-GC-star,0,1,1,,,,220119_F2_run11,17,unstable,13
2,4.0,0.6666666666666666,c-GC-star,2,2,3,,,,220119_F2_run11,17,unstable,22
6,,0.16666666666666666,c-GC-star,1,0,2,,,,220119_F2_run11,17,unstable,41
1,2.0,0.16666666666666666,c-GC-star,0,1,1,,,,220119_F2_run11,17,unstable,52
1,6.0,0.3333333333333333,c-GC-star,1,1,6,,,,220119_F2_run11,17,unstable,81
2,3.0,0.5,c-GC-star,2,1,3,,,,220119_F2_run11,17,unstable,82
1,4.0,0.3333333333333333,c-GC-star,1,1,6,,,,220119_F2_run11,18,unstable,11
1,2.0,0.16666666666666666,c-GC-star,0,1,1,,,,220119_F2_run11,18,unstable,14
1,3.0,0.6666666666666666,c-GC-star,2,2,4,,,,220119_F2_run11,18,unstable,20
1,,0.0,c-GC-star,0,0,7,,,,220119_F2_run11,18,stable,26
1,3.0,0.16666666666666666,c-GC-star,0,1,2,,,,220119_F2_run11,18,lost,29
1,2.0,0.16666666666666666,c-GC-star,0,1,1,,,,220119_F2_run11,18,unstable,34
1,2.0,0.16666666666666666,c-GC-star,0,1,1,,,,220119_F2_run11,18,unstable,37
5,7.0,0.3333333333333333,c-GC-star,1,1,2,,,,220119_F2_run11,18,unstable,45
6,,0.16666666666666666,c-GC-star,1,0,2,,,,220119_F2_run11,18,unstable,49
1,2.0,0.5,c-GC-star,1,2,3,,,,220119_F2_run11,18,unstable,73
1,2.0,0.16666666666666666,c-GC-star,0,1,1,,,,220119_F2_run11,18,unstable,98
1,,0.0,c-GC-star,0,0,7,,,,220119_F2_run11,19,stable,13
1,2.0,0.16666666666666666,c-GC-star,0,1,1,,,,220119_F2_run11,19,unstable,26
1,5.0,0.16666666666666666,c-GC-star,0,1,4,,,,220119_F2_run11,19,lost,31
3,5.0,0.5,c-GC-star,2,1,4,,,,220119_F2_run11,19,unstable,40
2,3.0,0.3333333333333333,c-GC-star,1,1,1,,,,220119_F2_run11,19,unstable,44
1,2.0,0.16666666666666666,c-GC-star,0,1,1,,,,220119_F2_run11,19,unstable,50
1,5.0,0.3333333333333333,c-GC-star,1,1,5,,,,220119_F2_run11,19,unstable,66
1,2.0,0.16666666666666666,c-GC-star,0,1,1,,,,220119_F2_run11,19,unstable,79
1,3.0,0.5,c-GC-star,1,2,4,,,,220119_F2_run11,20,unstable,1
1,2.0,0.16666666666666666,c-GC-star,0,1,1,,,,220119_F2_run11,20,unstable,14
1,6.0,0.16666666666666666,c-GC-star,0,1,5,,,,220119_F2_run11,20,lost,16
1,3.0,0.6666666666666666,c-GC-star,2,2,5,,,,220119_F2_run11,20,unstable,18
1,2.0,0.16666666666666666,c-GC-star,0,1,1,,,,220119_F2_run11,20,unstable,73
1,2.0,0.16666666666666666,c-GC-star,0,1,1,,,,220119_F2_run11,20,unstable,84
1,3.0,0.5,c-GC-star,1,2,4,,,,220119_F2_run11,21,unstable,28
1,3.0,0.6666666666666666,c-GC-star,2,2,5,,,,220119_F2_run11,21,unstable,50
1,2.0,0.16666666666666666,c-GC-star,0,1,1,,,,220119_F2_run11,21,unstable,99
1,2.0,0.16666666666666666,c-GC-star,0,1,1,,,,220119_F2_run11,22,unstable,57
1,2.0,0.16666666666666666,c-GC-star,0,1,1,,,,220119_F2_run11,22,unstable,60
1,3.0,0.16666666666666666,c-GC-star,0,1,2,,,,220119_F2_run11,23,lost,1
1,4.0,0.16666666666666666,c-GC-star,0,1,3,,,,220119_F2_run11,23,lost,3
1,3.0,0.16666666666666666,c-GC-star,0,1,2,,,,220119_F2_run11,23,lost,13
1,2.0,0.16666666666666666,c-GC-star,0,1,1,,,,220119_F2_run11,23,unstable,16
4,5.0,0.3333333333333333,c-GC-star,1,1,1,,,,220119_F2_run11,23,unstable,17
1,3.0,0.16666666666666666,c-GC-star,0,1,2,,,,220119_F2_run11,23,lost,18
1,2.0,0.8333333333333334,c-GC-star,2,3,3,,,,220119_F2_run11,23,unstable,32
1,3.0,0.16666666666666666,c-GC-star,0,1,2,,,,220119_F2_run11,24,lost,13
2,3.0,0.5,c-GC-star,2,1,2,,,,220119_F2_run11,24,unstable,20
1,2.0,0.16666666666666666,c-GC-star,0,1,1,,,,220119_F2_run11,24,unstable,23
1,3.0,0.16666666666666666,c-GC-star,0,1,2,,,,220119_F2_run11,24,lost,52
2,,0.16666666666666666,c-GC-star,1,0,6,,,,220119_F2_run11,25,unstable,60
1,,0.0,c-GC-star,0,0,7,,,,220119_F2_run11,26,stable,1
1,2.0,0.16666666666666666,c-GC-star,0,1,1,,,,220119_F2_run11,26,unstable,7
1,3.0,0.5,c-GC-star,1,2,3,,,,220119_F2_run11,26,unstable,11
5,7.0,0.3333333333333333,c-GC-star,1,1,2,,,,220119_F2_run11,26,unstable,13
1,2.0,0.16666666666666666,c-GC-star,0,1,1,,,,220119_F2_run11,26,unstable,18
1,3.0,0.16666666666666666,c-GC-star,0,1,2,,,,220119_F2_run11,26,lost,19
1,4.0,0.5,c-GC-star,1,2,4,,,,220119_F2_run11,26,unstable,20
1,2.0,0.16666666666666666,c-GC-star,0,1,1,,,,220119_F2_run11,26,unstable,35
5,,0.16666666666666666,c-GC-star,1,0,3,,,,220119_F2_run11,26,unstable,57
1,4.0,0.16666666666666666,c-GC-star,0,1,3,,,,220119_F2_run11,26,lost,94
1,2.0,0.5,c-GC-star,1,2,2,,,,220119_F2_run11,27,unstable,5
1,2.0,0.3333333333333333,c-GC-star,1,1,2,,,,220119_F2_run11,27,unstable,6
1,2.0,0.16666666666666666,c-GC-star,0,1,1,,,,220119_F2_run11,27,unstable,14
1,5.0,0.16666666666666666,c-GC-star,0,1,4,,,,220119_F2_run11,27,lost,28
1,2.0,0.16666666666666666,c-GC-star,0,1,1,,,,220119_F2_run11,27,unstable,43
1,2.0,0.16666666666666666,c-GC-star,0,1,1,,,,220119_F2_run11,27,unstable,49
1,3.0,0.16666666666666666,c-GC-star,0,1,2,,,,220119_F2_run11,27,lost,54
1,2.0,0.16666666666666666,c-GC-star,0,1,1,,,,220119_F2_run11,27,unstable,61
2,4.0,0.3333333333333333,c-GC-star,1,1,2,,,,220119_F2_run11,27,unstable,62
1,2.0,0.16666666666666666,c-GC-star,0,1,1,,,,220119_F2_run11,27,unstable,69
1,2.0,0.16666666666666666,c-GC-star,0,1,1,,,,220119_F2_run11,27,unstable,88
1,4.0,0.5,c-GC-star,1,2,5,,,,220119_F2_run11,27,unstable,90
1,2.0,0.16666666666666666,c-GC-star,0,1,1,,,,220119_F2_run11,27,unstable,93
1,2.0,0.16666666666666666,c-GC-star,0,1,1,,,,220119_F2_run11,28,unstable,2
1,,0.0,c-GC-star,0,0,7,,,,220119_F2_run11,28,stable,9
1,7.0,0.16666666666666666,c-GC-star,0,1,6,,,,220119_F2_run11,28,lost,16
5,6.0,0.5,c-GC-star,2,1,2,,,,220119_F2_run11,28,unstable,22
1,,0.0,c-GC-star,0,0,7,,,,220119_F2_run11,28,stable,30
7,,0.16666666666666666,c-GC-star,1,0,1,,,,220119_F2_run11,28,novel,42
1,,0.0,c-GC-star,0,0,7,,,,220119_F2_run11,28,stable,52
1,2.0,0.3333333333333333,c-GC-star,1,1,6,,,,220119_F2_run11,28,unstable,53
1,2.0,0.16666666666666666,c-GC-star,0,1,1,,,,220119_F2_run11,28,unstable,60
3,4.0,0.3333333333333333,c-GC-star,1,1,1,,,,220119_F2_run11,28,unstable,74
1,2.0,0.16666666666666666,c-GC-star,0,1,1,,,,220119_F2_run11,28,unstable,81
1,2.0,0.16666666666666666,c-GC-star,0,1,1,,,,220119_F2_run11,28,unstable,95
1,2.0,0.16666666666666666,c-GC-star,0,1,1,,,,220119_F2_run11,28,unstable,98
1,7.0,0.16666666666666666,c-GC-star,0,1,6,,,,220119_F2_run11,29,lost,3
1,2.0,0.16666666666666666,c-GC-star,0,1,1,,,,220119_F2_run11,29,unstable,4
4,5.0,0.6666666666666666,c-GC-star,2,2,2,,,,220119_F2_run11,29,unstable,6
1,2.0,0.16666666666666666,c-GC-star,0,1,1,,,,220119_F2_run11,29,unstable,11
1,,0.0,c-GC-star,0,0,7,,,,220119_F2_run11,29,stable,12
7,,0.16666666666666666,c-GC-star,1,0,1,,,,220119_F2_run11,29,novel,44
1,2.0,0.3333333333333333,c-GC-star,1,1,2,,,,220119_F2_run11,30,unstable,2
1,2.0,0.16666666666666666,c-GC-star,0,1,1,,,,220119_F2_run11,30,unstable,27
1,2.0,0.16666666666666666,c-GC-star,0,1,1,,,,220119_F2_run11,30,unstable,28
1,2.0,0.5,c-GC-star,1,2,2,,,,220119_F2_run11,30,unstable,95
1,7.0,0.16666666666666666,c-GC-star,0,1,6,,,,220119_F2_run11,31,lost,0
5,,0.16666666666666666,c-GC-star,1,0,3,,,,220119_F2_run11,31,unstable,7
2,3.0,0.6666666666666666,c-GC-star,2,2,2,,,,220119_F2_run11,31,unstable,20
1,2.0,0.5,c-GC-star,1,2,2,,,,220119_F2_run11,31,unstable,35
1,2.0,0.16666666666666666,c-GC-star,0,1,1,,,,220119_F2_run11,31,unstable,36
1,2.0,0.16666666666666666,c-GC-star,0,1,1,,,,220119_F2_run11,31,unstable,39
6,,0.16666666666666666,c-GC-star,1,0,2,,,,220119_F2_run11,31,unstable,42
1,3.0,0.16666666666666666,c-GC-star,0,1,2,,,,220119_F2_run11,31,lost,43
1,,0.0,c-GC-star,0,0,7,,,,220119_F2_run11,31,stable,48
1,3.0,0.16666666666666666,c-GC-star,0,1,2,,,,220119_F2_run11,31,lost,64
1,2.0,0.3333333333333333,c-GC-star,1,1,6,,,,220119_F2_run11,31,unstable,66
1,3.0,0.16666666666666666,c-GC-star,0,1,2,,,,220119_F2_run11,31,lost,70
1,2.0,0.3333333333333333,c-GC-star,1,1,6,,,,220119_F2_run11,31,unstable,71
4,6.0,0.3333333333333333,c-GC-star,1,1,2,,,,220119_F2_run11,31,unstable,73
1,2.0,0.16666666666666666,c-GC-star,0,1,1,,,,220119_F2_run11,31,unstable,83
1,6.0,0.3333333333333333,c-GC-star,1,1,6,,,,220119_F2_run11,31,unstable,89
1,5.0,0.3333333333333333,c-GC-star,1,1,5,,,,220119_F2_run11,32,unstable,45
1,2.0,0.16666666666666666,c-GC-star,0,1,1,,,,220119_F2_run11,32,unstable,75
1,2.0,0.16666666666666666,c-GC-star,0,1,1,,,,220119_F2_run11,32,unstable,88
1,2.0,0.16666666666666666,c-GC-star,0,1,1,,,,220119_F2_run11,32,unstable,91
1,6.0,0.16666666666666666,c-GC-star,0,1,5,,,,220119_F2_run11,33,lost,34
1,,0.0,c-GC-star,0,0,7,,,,220119_F2_run11,33,stable,36
1,,0.0,c-GC-star,0,0,7,,,,220119_F2_run11,33,stable,44
1,4.0,0.5,c-GC-star,1,2,5,,,,220119_F2_run11,33,unstable,45
1,,0.0,c-GC-star,0,0,7,,,,220119_F2_run11,33,stable,46
1,,0.0,c-GC-star,0,0,7,,,,220119_F2_run11,33,stable,48
2,3.0,0.3333333333333333,c-GC-star,1,1,1,,,,220119_F2_run11,33,unstable,57
7,,0.16666666666666666,c-GC-star,1,0,1,,,,220119_F2_run11,33,novel,73
3,4.0,0.3333333333333333,c-GC-star,1,1,1,,,,220119_F2_run11,33,unstable,76
1,,0.0,c-GC-star,0,0,7,,,,220119_F2_run11,33,stable,85
1,2.0,0.16666666666666666,c-GC-star,0,1,1,,,,220119_F2_run11,33,unstable,89
1,3.0,0.5,c-GC-star,1,2,3,,,,220119_F2_run11,33,unstable,92
2,3.0,0.3333333333333333,c-GC-star,1,1,1,,,,220119_F2_run11,33,unstable,99
1,3.0,0.16666666666666666,c-GC-star,0,1,2,,,,220119_F2_run11,34,lost,45
1,,0.0,c-GC-star,0,0,7,,,,220119_F2_run11,34,stable,46
1,3.0,0.16666666666666666,c-GC-star,0,1,2,,,,220119_F2_run11,34,lost,88
2,3.0,0.3333333333333333,c-GC-star,1,1,1,,,,220119_F2_run11,34,unstable,94
2,3.0,0.5,c-GC-star,2,1,2,,,,220119_F2_run11,35,unstable,5
3,4.0,0.5,c-GC-star,2,1,2,,,,220119_F2_run11,35,unstable,23
2,5.0,0.3333333333333333,c-GC-star,1,1,3,,,,220119_F2_run11,35,unstable,40
3,4.0,0.5,c-GC-star,2,1,3,,,,220119_F2_run11,35,unstable,49
5,6.0,0.5,c-GC-star,2,1,2,,,,220119_F2_run11,35,unstable,70
1,,0.0,c-GC-star,0,0,7,,,,220119_F2_run11,35,stable,82
1,2.0,0.16666666666666666,c-GC-star,0,1,1,,,,220119_F2_run11,35,unstable,87
6,7.0,0.3333333333333333,c-GC-star,1,1,1,,,,220119_F2_run11,35,unstable,95
4,,0.16666666666666666,c-GC-star,1,0,4,,,,220119_F2_run11,36,unstable,15
1,2.0,0.6666666666666666,c-GC-star,2,2,4,,,,220119_F2_run11,36,unstable,31
1,,0.0,c-GC-star,0,0,7,,,,220119_F2_run11,36,stable,33
1,2.0,0.5,c-GC-star,1,2,2,,,,220119_F2_run11,36,unstable,35
1,3.0,0.3333333333333333,c-GC-star,1,1,3,,,,220119_F2_run11,36,unstable,40
1,,0.0,c-GC-star,0,0,7,,,,220119_F2_run11,36,stable,44
2,3.0,0.3333333333333333,c-GC-star,1,1,1,,,,220119_F2_run11,36,unstable,46
1,,0.0,c-GC-star,0,0,7,,,,220119_F2_run11,36,stable,48
1,2.0,0.16666666666666666,c-GC-star,0,1,1,,,,220119_F2_run11,36,unstable,67
1,2.0,0.16666666666666666,c-GC-star,0,1,1,,,,220119_F2_run11,36,unstable,82
5,6.0,0.5,c-GC-star,2,1,2,,,,220119_F2_run11,36,unstable,85
1,7.0,0.16666666666666666,c-GC-star,0,1,6,,,,220119_F2_run11,36,lost,87
1,6.0,0.3333333333333333,c-GC-star,1,1,6,,,,220119_F2_run11,36,unstable,93
1,4.0,0.5,c-GC-star,1,2,4,,,,220119_F2_run11,36,unstable,95
5,6.0,0.5,c-GC-star,2,1,2,,,,220119_F2_run11,36,unstable,98
1,2.0,0.16666666666666666,c-GC-star,0,1,1,,,,220119_F2_run11,37,unstable,31
1,2.0,0.16666666666666666,c-GC-star,0,1,1,,,,220119_F2_run11,37,unstable,46
1,2.0,0.16666666666666666,c-GC-star,0,1,1,,,,220119_F2_run11,37,unstable,74
1,3.0,0.16666666666666666,c-GC-star,0,1,2,,,,220119_F2_run11,37,lost,93
7,,0.16666666666666666,c-GC-star,1,0,1,,,,220119_F2_run11,37,novel,95
2,3.0,0.3333333333333333,c-GC-star,1,1,1,,,,220119_F2_run11,38,unstable,79
5,6.0,0.3333333333333333,c-GC-star,1,1,1,,,,220119_F2_run11,39,unstable,37
1,,0.0,c-GC-star,0,0,7,,,,220119_F2_run11,39,stable,43
1,,0.0,c-GC-star,0,0,7,,,,220119_F2_run11,39,stable,50
1,4.0,0.16666666666666666,c-GC-star,0,1,3,,,,220119_F2_run11,39,lost,54
1,2.0,0.16666666666666666,c-GC-star,0,1,1,,,,220119_F2_run11,39,unstable,75
7,,0.16666666666666666,c-GC-star,1,0,1,,,,220119_F2_run11,40,novel,9
1,2.0,0.16666666666666666,c-GC-star,0,1,1,,,,220119_F2_run11,40,unstable,12
4,,0.16666666666666666,c-GC-star,1,0,4,,,,220119_F2_run11,40,unstable,18
2,4.0,0.5,c-GC-star,2,1,5,,,,220119_F2_run11,40,unstable,25
3,4.0,0.3333333333333333,c-GC-star,1,1,1,,,,220119_F2_run11,40,unstable,33
1,2.0,0.16666666666666666,c-GC-star,0,1,1,,,,220119_F2_run11,40,unstable,36
1,2.0,0.16666666666666666,c-GC-star,0,1,1,,,,220119_F2_run11,40,unstable,38
1,2.0,0.16666666666666666,c-GC-star,0,1,1,,,,220119_F2_run11,40,unstable,49
1,,0.0,c-GC-star,0,0,7,,,,220119_F2_run11,40,stable,51
2,4.0,0.3333333333333333,c-GC-star,1,1,2,,,,220119_F2_run11,40,unstable,55
1,2.0,0.3333333333333333,c-GC-star,1,1,2,,,,220119_F2_run11,40,unstable,57
1,,0.0,c-GC-star,0,0,7,,,,220119_F2_run11,40,stable,59
1,2.0,0.16666666666666666,c-GC-star,0,1,1,,,,220119_F2_run11,40,unstable,60
2,,0.16666666666666666,c-GC-star,1,0,6,,,,220119_F2_run11,40,unstable,71
6,7.0,0.3333333333333333,c-GC-star,1,1,1,,,,220119_F2_run11,40,unstable,78
6,,0.16666666666666666,c-GC-star,1,0,2,,,,220119_F2_run11,40,unstable,80
2,4.0,0.5,c-GC-star,2,1,5,,,,220119_F2_run11,40,unstable,81
1,2.0,0.16666666666666666,c-GC-star,0,1,1,,,,220119_F2_run11,40,unstable,87
1,3.0,0.16666666666666666,c-GC-star,0,1,2,,,,220119_F2_run11,40,lost,97
1,,0.0,c-GC-star,0,0,7,,,,220119_F2_run11,40,stable,98
7,,0.16666666666666666,c-GC-star,1,0,1,,,,220119_F2_run11,41,novel,34
3,4.0,0.3333333333333333,c-GC-star,1,1,1,,,,220119_F2_run11,41,unstable,35
2,,0.16666666666666666,c-GC-star,1,0,6,,,,220119_F2_run11,41,unstable,46
1,4.0,0.3333333333333333,c-GC-star,1,1,6,,,,220119_F2_run11,41,unstable,66
1,,0.0,c-GC-star,0,0,7,,,,220119_F2_run11,41,stable,67
2,4.0,0.3333333333333333,c-GC-star,1,1,2,,,,220119_F2_run11,41,unstable,74
1,,0.0,c-GC-star,0,0,7,,,,220119_F2_run11,41,stable,76
7,,0.16666666666666666,c-GC-star,1,0,1,,,,220119_F2_run11,42,novel,27
1,3.0,0.5,c-GC-star,1,2,5,,,,220119_F2_run11,43,unstable,31
1,2.0,0.16666666666666666,c-GC-star,0,1,1,,,,220119_F2_run11,43,unstable,78
1,,0.0,c-GC-star,0,0,7,,,,220119_F2_run11,44,stable,12
1,,0.0,c-GC-star,0,0,7,,,,220119_F2_run11,44,stable,33
1,,0.0,c-GC-star,0,0,7,,,,220119_F2_run11,44,stable,37
1,7.0,0.16666666666666666,c-GC-star,0,1,6,,,,220119_F2_run11,44,lost,39
1,,0.0,c-GC-star,0,0,7,,,,220119_F2_run11,44,stable,46
1,,0.0,c-GC-star,0,0,7,,,,220119_F2_run11,44,stable,48
1,,0.0,c-GC-star,0,0,7,,,,220119_F2_run11,44,stable,89
1,,0.0,c-GC-star,0,0,7,,,,220119_F2_run11,44,stable,92
1,3.0,0.3333333333333333,c-GC-star,1,1,6,,,,220119_F2_run11,44,unstable,95
1,4.0,0.3333333333333333,c-GC-star,1,1,5,,,,220119_F2_run11,44,unstable,97
1,,0.0,c-GC-star,0,0,7,,,,220119_F2_run11,44,stable,99
1,,0.0,c-GC-star,0,0,7,,,,220119_F2_run11,45,stable,8
1,7.0,0.16666666666666666,c-GC-star,0,1,6,,,,220119_F2_run11,45,lost,32
4,5.0,0.3333333333333333,c-GC-star,1,1,1,,,,220119_F2_run11,45,unstable,86
1,4.0,0.16666666666666666,c-GC-star,0,1,3,,,,220119_F2_run11,45,lost,91
1,2.0,0.5,c-GC-star,1,2,3,,,,220119_F2_run11,46,unstable,12
1,3.0,0.5,c-GC-star,1,2,3,,,,220119_F2_run11,46,unstable,18
1,,0.0,c-GC-star,0,0,7,,,,220119_F2_run11,46,stable,33
1,2.0,0.16666666666666666,c-GC-star,0,1,1,,,,220119_F2_run11,46,unstable,34
1,,0.0,c-GC-star,0,0,7,,,,220119_F2_run11,46,stable,37
1,,0.0,c-GC-star,0,0,7,,,,220119_F2_run11,46,stable,44
1,3.0,0.16666666666666666,c-GC-star,0,1,2,,,,220119_F2_run11,46,lost,51
2,3.0,0.3333333333333333,c-GC-star,1,1,1,,,,220119_F2_run11,46,unstable,57
1,2.0,0.5,c-GC-star,1,2,2,,,,220119_F2_run11,46,unstable,71
4,6.0,0.3333333333333333,c-GC-star,1,1,2,,,,220119_F2_run11,46,unstable,86
1,,0.0,c-GC-star,0,0,7,,,,220119_F2_run11,46,stable,89
1,4.0,0.3333333333333333,c-GC-star,1,1,4,,,,220119_F2_run11,46,unstable,93
1,3.0,0.16666666666666666,c-GC-star,0,1,2,,,,220119_F2_run11,46,lost,99
1,2.0,0.3333333333333333,c-GC-star,1,1,2,,,,220119_F2_run11,48,unstable,0
1,3.0,0.16666666666666666,c-GC-star,0,1,2,,,,220119_F2_run11,48,lost,20
1,2.0,0.16666666666666666,c-GC-star,0,1,1,,,,220119_F2_run11,48,unstable,27
2,3.0,0.6666666666666666,c-GC-star,2,2,2,,,,220119_F2_run11,48,unstable,33
1,5.0,0.16666666666666666,c-GC-star,0,1,4,,,,220119_F2_run11,48,lost,36
6,7.0,0.3333333333333333,c-GC-star,1,1,1,,,,220119_F2_run11,48,unstable,39
1,5.0,0.16666666666666666,c-GC-star,0,1,4,,,,220119_F2_run11,48,lost,44
1,2.0,0.8333333333333334,c-GC-star,2,3,4,,,,220119_F2_run11,48,unstable,46
1,,0.0,c-GC-star,0,0,7,,,,220119_F2_run11,48,stable,89
1,2.0,0.16666666666666666,c-GC-star,0,1,1,,,,220119_F2_run11,48,unstable,99
2,,0.16666666666666666,c-GC-star,1,0,6,,,,220119_F2_run11,49,unstable,0
5,,0.16666666666666666,c-GC-star,1,0,3,,,,220119_F2_run11,49,unstable,8
7,,0.16666666666666666,c-GC-star,1,0,1,,,,220119_F2_run11,49,novel,12
1,4.0,0.16666666666666666,c-GC-star,0,1,3,,,,220119_F2_run11,49,lost,17
1,2.0,0.16666666666666666,c-GC-star,0,1,1,,,,220119_F2_run11,49,unstable,33
4,5.0,0.3333333333333333,c-GC-star,1,1,1,,,,220119_F2_run11,49,unstable,36
1,,0.0,c-GC-star,0,0,7,,,,220119_F2_run11,49,stable,65
1,2.0,0.5,c-GC-star,1,2,2,,,,220119_F2_run11,49,unstable,71
1,4.0,0.6666666666666666,c-GC-star,2,2,5,,,,220119_F2_run11,51,unstable,34
1,2.0,0.16666666666666666,c-GC-star,0,1,1,,,,220119_F2_run11,52,unstable,16
1,2.0,0.16666666666666666,c-GC-star,0,1,1,,,,220119_F2_run11,52,unstable,28
4,5.0,0.3333333333333333,c-GC-star,1,1,1,,,,220119_F2_run11,52,unstable,46
1,2.0,0.16666666666666666,c-GC-star,0,1,1,,,,220119_F2_run11,52,unstable,49
1,6.0,0.16666666666666666,c-GC-star,0,1,5,,,,220119_F2_run11,52,lost,58
1,2.0,0.16666666666666666,c-GC-star,0,1,1,,,,220119_F2_run11,52,unstable,72
1,,0.0,c-GC-star,0,0,7,,,,220119_F2_run11,52,stable,81
1,2.0,0.16666666666666666,c-GC-star,0,1,1,,,,220119_F2_run11,52,unstable,84
1,2.0,0.5,c-GC-star,1,2,2,,,,220119_F2_run11,53,unstable,28
1,5.0,0.3333333333333333,c-GC-star,1,1,6,,,,220119_F2_run11,53,unstable,80
3,,0.16666666666666666,c-GC-star,1,0,5,,,,220119_F2_run11,53,unstable,83
1,,0.0,c-GC-star,0,0,7,,,,220119_F2_run11,53,stable,84
1,4.0,0.16666666666666666,c-GC-star,0,1,3,,,,220119_F2_run11,54,lost,19
1,3.0,0.5,c-GC-star,1,2,4,,,,220119_F2_run11,54,unstable,27
1,2.0,0.16666666666666666,c-GC-star,0,1,1,,,,220119_F2_run11,54,unstable,39
1,2.0,0.16666666666666666,c-GC-star,0,1,1,,,,220119_F2_run11,54,unstable,71
1,2.0,0.16666666666666666,c-GC-star,0,1,1,,,,220119_F2_run11,56,unstable,25
1,5.0,0.16666666666666666,c-GC-star,0,1,4,,,,220119_F2_run11,56,lost,63
1,4.0,0.16666666666666666,c-GC-star,0,1,3,,,,220119_F2_run11,57,lost,40
2,,0.16666666666666666,c-GC-star,1,0,6,,,,220119_F2_run11,57,unstable,44
1,2.0,0.16666666666666666,c-GC-star,0,1,1,,,,220119_F2_run11,57,unstable,61
1,3.0,0.16666666666666666,c-GC-star,0,1,2,,,,220119_F2_run11,57,lost,64
1,,0.0,c-GC-star,0,0,7,,,,220119_F2_run11,57,stable,76
1,,0.0,c-GC-star,0,0,7,,,,220119_F2_run11,57,stable,77
1,4.0,0.16666666666666666,c-GC-star,0,1,3,,,,220119_F2_run11,57,lost,82
3,,0.16666666666666666,c-GC-star,1,0,5,,,,220119_F2_run11,58,unstable,15
1,2.0,0.16666666666666666,c-GC-star,0,1,1,,,,220119_F2_run11,58,unstable,16
1,4.0,0.5,c-GC-star,1,2,4,,,,220119_F2_run11,59,unstable,12
1,,0.0,c-GC-star,0,0,7,,,,220119_F2_run11,59,stable,29
2,4.0,0.6666666666666666,c-GC-star,2,2,3,,,,220119_F2_run11,59,unstable,41
1,2.0,0.16666666666666666,c-GC-star,0,1,1,,,,220119_F2_run11,59,unstable,43
1,2.0,0.16666666666666666,c-GC-star,0,1,1,,,,220119_F2_run11,59,unstable,64
5,6.0,0.3333333333333333,c-GC-star,1,1,1,,,,220119_F2_run11,59,unstable,66
1,4.0,0.16666666666666666,c-GC-star,0,1,3,,,,220119_F2_run11,59,lost,69
1,2.0,0.16666666666666666,c-GC-star,0,1,1,,,,220119_F2_run11,59,unstable,70
1,2.0,0.16666666666666666,c-GC-star,0,1,1,,,,220119_F2_run11,59,unstable,72
1,,0.0,c-GC-star,0,0,7,,,,220119_F2_run11,59,stable,73
3,5.0,0.3333333333333333,c-GC-star,1,1,2,,,,220119_F2_run11,59,unstable,74
7,,0.16666666666666666,c-GC-star,1,0,1,,,,220119_F2_run11,59,novel,82
1,2.0,0.16666666666666666,c-GC-star,0,1,1,,,,220119_F2_run11,59,unstable,89
7,,0.16666666666666666,c-GC-star,1,0,1,,,,220119_F2_run11,59,novel,99
1,2.0,0.3333333333333333,c-GC-star,1,1,6,,,,220119_F2_run11,60,unstable,16
1,2.0,0.16666666666666666,c-GC-star,0,1,1,,,,220119_F2_run11,60,unstable,54
1,2.0,0.5,c-GC-star,1,2,2,,,,220119_F2_run11,60,unstable,67
1,5.0,0.3333333333333333,c-GC-star,1,1,6,,,,220119_F2_run11,61,unstable,14
1,3.0,0.16666666666666666,c-GC-star,0,1,2,,,,220119_F2_run11,61,lost,32
1,2.0,0.16666666666666666,c-GC-star,0,1,1,,,,220119_F2_run11,61,unstable,69
1,2.0,0.16666666666666666,c-GC-star,0,1,1,,,,220119_F2_run11,61,unstable,70
1,2.0,0.16666666666666666,c-GC-star,0,1,1,,,,220119_F2_run11,61,unstable,72
1,2.0,0.16666666666666666,c-GC-star,0,1,1,,,,220119_F2_run11,62,unstable,42
1,3.0,0.16666666666666666,c-GC-star,0,1,2,,,,220119_F2_run11,62,lost,75
1,,0.0,c-GC-star,0,0,7,,,,220119_F2_run11,63,stable,18
1,,0.0,c-GC-star,0,0,7,,,,220119_F2_run11,64,stable,46
5,6.0,0.3333333333333333,c-GC-star,1,1,1,,,,220119_F2_run11,64,unstable,84
1,2.0,0.16666666666666666,c-GC-star,0,1,1,,,,220119_F2_run11,64,unstable,96
1,2.0,0.16666666666666666,c-GC-star,0,1,1,,,,220119_F2_run11,65,unstable,5
2,5.0,0.3333333333333333,c-GC-star,1,1,3,,,,220119_F2_run11,65,unstable,80
1,2.0,0.3333333333333333,c-GC-star,1,1,6,,,,220119_F2_run11,65,unstable,81
1,2.0,0.16666666666666666,c-GC-star,0,1,1,,,,220119_F2_run11,65,unstable,89
1,2.0,0.16666666666666666,c-GC-star,0,1,1,,,,220119_F2_run11,66,unstable,9
3,7.0,0.3333333333333333,c-GC-star,1,1,4,,,,220119_F2_run11,66,unstable,11
5,7.0,0.3333333333333333,c-GC-star,1,1,2,,,,220119_F2_run11,66,unstable,40
2,3.0,0.8333333333333334,c-GC-star,3,2,4,,,,220119_F2_run11,66,unstable,53
1,2.0,0.16666666666666666,c-GC-star,0,1,1,,,,220119_F2_run11,66,unstable,71
1,2.0,0.8333333333333334,c-GC-star,2,3,3,,,,220119_F2_run11,66,unstable,75
1,,0.0,c-GC-star,0,0,7,,,,220119_F2_run11,66,stable,76
4,5.0,0.3333333333333333,c-GC-star,1,1,1,,,,220119_F2_run11,67,unstable,71
4,5.0,0.3333333333333333,c-GC-star,1,1,1,,,,220119_F2_run11,67,unstable,72
1,,0.0,c-GC-star,0,0,7,,,,220119_F2_run11,68,stable,53
1,2.0,0.3333333333333333,c-GC-star,1,1,2,,,,220119_F2_run11,69,unstable,1
1,,0.0,c-GC-star,0,0,7,,,,220119_F2_run11,69,stable,3
5,6.0,0.5,c-GC-star,2,1,2,,,,220119_F2_run11,69,unstable,11
1,7.0,0.16666666666666666,c-GC-star,0,1,6,,,,220119_F2_run11,69,lost,12
1,4.0,0.16666666666666666,c-GC-star,0,1,3,,,,220119_F2_run11,69,lost,14
6,,0.16666666666666666,c-GC-star,1,0,2,,,,220119_F2_run11,69,unstable,20
1,2.0,0.16666666666666666,c-GC-star,0,1,1,,,,220119_F2_run11,69,unstable,27
1,3.0,0.3333333333333333,c-GC-star,1,1,4,,,,220119_F2_run11,69,unstable,29
6,7.0,0.3333333333333333,c-GC-star,1,1,1,,,,220119_F2_run11,69,unstable,41
1,2.0,0.16666666666666666,c-GC-star,0,1,1,,,,220119_F2_run11,69,unstable,42
1,,0.0,c-GC-star,0,0,7,,,,220119_F2_run11,69,stable,59
1,3.0,0.8333333333333334,c-GC-star,2,3,4,,,,220119_F2_run11,69,unstable,61
1,2.0,0.16666666666666666,c-GC-star,0,1,1,,,,220119_F2_run11,69,unstable,70
4,,0.16666666666666666,c-GC-star,1,0,4,,,,220119_F2_run11,69,unstable,71
1,3.0,0.16666666666666666,c-GC-star,0,1,2,,,,220119_F2_run11,69,lost,72
1,2.0,0.16666666666666666,c-GC-star,0,1,1,,,,220119_F2_run11,69,unstable,73
1,2.0,1.0,c-GC-star,3,3,4,,,,220119_F2_run11,69,unstable,78
1,3.0,0.3333333333333333,c-GC-star,1,1,3,,,,220119_F2_run11,69,unstable,83
2,6.0,0.5,c-GC-star,2,1,5,,,,220119_F2_run11,69,unstable,90
6,,0.16666666666666666,c-GC-star,1,0,2,,,,220119_F2_run11,69,unstable,92
6,7.0,0.3333333333333333,c-GC-star,1,1,1,,,,220119_F2_run11,70,unstable,66
1,3.0,0.3333333333333333,c-GC-star,1,1,6,,,,220119_F2_run11,70,unstable,78
1,2.0,0.16666666666666666,c-GC-star,0,1,1,,,,220119_F2_run11,71,unstable,0
1,,0.0,c-GC-star,0,0,7,,,,220119_F2_run11,71,stable,1
1,,0.0,c-GC-star,0,0,7,,,,220119_F2_run11,71,stable,3
2,,0.16666666666666666,c-GC-star,1,0,6,,,,220119_F2_run11,71,unstable,4
3,,0.16666666666666666,c-GC-star,1,0,5,,,,220119_F2_run11,71,unstable,11
1,,0.0,c-GC-star,0,0,7,,,,220119_F2_run11,71,stable,16
1,,0.0,c-GC-star,0,0,7,,,,220119_F2_run11,71,stable,20
4,5.0,0.5,c-GC-star,2,1,2,,,,220119_F2_run11,71,unstable,21
2,3.0,0.5,c-GC-star,2,1,5,,,,220119_F2_run11,71,unstable,24
1,,0.0,c-GC-star,0,0,7,,,,220119_F2_run11,71,stable,31
1,3.0,0.3333333333333333,c-GC-star,1,1,6,,,,220119_F2_run11,71,unstable,32
1,4.0,0.16666666666666666,c-GC-star,0,1,3,,,,220119_F2_run11,71,lost,41
1,2.0,0.16666666666666666,c-GC-star,0,1,1,,,,220119_F2_run11,71,unstable,43
1,4.0,0.3333333333333333,c-GC-star,1,1,6,,,,220119_F2_run11,71,unstable,49
6,,0.16666666666666666,c-GC-star,1,0,2,,,,220119_F2_run11,71,unstable,56
1,,0.0,c-GC-star,0,0,7,,,,220119_F2_run11,71,stable,66
1,2.0,0.16666666666666666,c-GC-star,0,1,1,,,,220119_F2_run11,71,unstable,74
7,,0.16666666666666666,c-GC-star,1,0,1,,,,220119_F2_run11,71,novel,77
1,,0.0,c-GC-star,0,0,7,,,,220119_F2_run11,71,stable,88
1,2.0,0.3333333333333333,c-GC-star,1,1,3,,,,220119_F2_run11,71,unstable,89
1,3.0,0.16666666666666666,c-GC-star,0,1,2,,,,220119_F2_run11,71,lost,93
5,6.0,0.3333333333333333,c-GC-star,1,1,1,,,,220119_F2_run11,71,unstable,95
5,6.0,0.3333333333333333,c-GC-star,1,1,1,,,,220119_F2_run11,71,unstable,97
1,,0.0,c-GC-star,0,0,7,,,,220119_F2_run11,71,stable,98
1,2.0,0.16666666666666666,c-GC-star,0,1,1,,,,220119_F2_run11,71,unstable,99
1,5.0,0.3333333333333333,c-GC-star,1,1,6,,,,220119_F2_run11,72,unstable,0
1,2.0,0.16666666666666666,c-GC-star,0,1,1,,,,220119_F2_run11,72,unstable,10
1,2.0,0.5,c-GC-star,1,2,5,,,,220119_F2_run11,72,unstable,64
1,4.0,0.3333333333333333,c-GC-star,1,1,6,,,,220119_F2_run11,72,unstable,69
1,4.0,0.16666666666666666,c-GC-star,0,1,3,,,,220119_F2_run11,73,lost,20
6,7.0,0.3333333333333333,c-GC-star,1,1,1,,,,220119_F2_run11,73,unstable,21
3,4.0,0.6666666666666666,c-GC-star,2,2,2,,,,220119_F2_run11,73,unstable,40
1,2.0,0.16666666666666666,c-GC-star,0,1,1,,,,220119_F2_run11,73,unstable,59
1,5.0,0.5,c-GC-star,1,2,5,,,,220119_F2_run11,73,unstable,64
1,2.0,0.16666666666666666,c-GC-star,0,1,1,,,,220119_F2_run11,73,unstable,71
1,2.0,0.16666666666666666,c-GC-star,0,1,1,,,,220119_F2_run11,73,unstable,77
1,2.0,0.16666666666666666,c-GC-star,0,1,1,,,,220119_F2_run11,73,unstable,90
1,2.0,0.16666666666666666,c-GC-star,0,1,1,,,,220119_F2_run11,73,unstable,99
1,4.0,0.5,c-GC-star,1,2,4,,,,220119_F2_run11,74,unstable,20
1,3.0,0.16666666666666666,c-GC-star,0,1,2,,,,220119_F2_run11,74,lost,27
1,2.0,0.16666666666666666,c-GC-star,0,1,1,,,,220119_F2_run11,74,unstable,40
1,2.0,0.16666666666666666,c-GC-star,0,1,1,,,,220119_F2_run11,74,unstable,43
1,3.0,0.16666666666666666,c-GC-star,0,1,2,,,,220119_F2_run11,74,lost,76
5,,0.16666666666666666,c-GC-star,1,0,3,,,,220119_F2_run11,74,unstable,84
1,2.0,0.16666666666666666,c-GC-star,0,1,1,,,,220119_F2_run11,74,unstable,96
1,2.0,0.16666666666666666,c-GC-star,0,1,1,,,,220119_F2_run11,74,unstable,99
1,,0.0,c-GC-star,0,0,7,,,,220119_F2_run11,75,stable,30
1,2.0,0.16666666666666666,c-GC-star,0,1,1,,,,220119_F2_run11,75,unstable,62
1,2.0,0.16666666666666666,c-GC-star,0,1,1,,,,220119_F2_run11,75,unstable,63
2,6.0,0.3333333333333333,c-GC-star,1,1,4,,,,220119_F2_run11,75,unstable,78
1,2.0,0.16666666666666666,c-GC-star,0,1,1,,,,220119_F2_run11,76,unstable,2
1,2.0,0.16666666666666666,c-GC-star,0,1,1,,,,220119_F2_run11,76,unstable,9
4,5.0,0.5,c-GC-star,2,1,2,,,,220119_F2_run11,76,unstable,13
1,2.0,0.16666666666666666,c-GC-star,0,1,1,,,,220119_F2_run11,76,unstable,30
1,,0.0,c-GC-star,0,0,7,,,,220119_F2_run11,76,stable,41
2,3.0,0.3333333333333333,c-GC-star,1,1,1,,,,220119_F2_run11,76,unstable,66
1,5.0,0.3333333333333333,c-GC-star,1,1,6,,,,220119_F2_run11,76,unstable,67
1,2.0,0.16666666666666666,c-GC-star,0,1,1,,,,220119_F2_run11,76,unstable,78
3,7.0,0.3333333333333333,c-GC-star,1,1,4,,,,220119_F2_run11,76,unstable,81
7,,0.16666666666666666,c-GC-star,1,0,1,,,,220119_F2_run11,78,novel,22
1,2.0,0.3333333333333333,c-GC-star,1,1,5,,,,220119_F2_run11,79,unstable,4
1,2.0,0.16666666666666666,c-GC-star,0,1,1,,,,220119_F2_run11,79,unstable,29
1,3.0,0.16666666666666666,c-GC-star,0,1,2,,,,220119_F2_run11,79,lost,65
1,,0.0,c-GC-star,0,0,7,,,,220119_F2_run11,80,stable,28
1,5.0,0.3333333333333333,c-GC-star,1,1,6,,,,220119_F2_run11,80,unstable,53
7,,0.16666666666666666,c-GC-star,1,0,1,,,,220119_F2_run11,80,novel,72
1,2.0,0.3333333333333333,c-GC-star,1,1,6,,,,220119_F2_run11,81,unstable,17
1,5.0,0.3333333333333333,c-GC-star,1,1,6,,,,220119_F2_run11,81,unstable,21
1,4.0,0.16666666666666666,c-GC-star,0,1,3,,,,220119_F2_run11,81,lost,22
1,4.0,0.5,c-GC-star,1,2,4,,,,220119_F2_run11,81,unstable,23
1,,0.0,c-GC-star,0,0,7,,,,220119_F2_run11,81,stable,28
1,3.0,0.6666666666666666,c-GC-star,2,2,4,,,,220119_F2_run11,81,unstable,33
3,,0.16666666666666666,c-GC-star,1,0,5,,,,220119_F2_run11,81,unstable,49
1,2.0,0.16666666666666666,c-GC-star,0,1,1,,,,220119_F2_run11,81,unstable,53
1,2.0,0.5,c-GC-star,1,2,2,,,,220119_F2_run11,81,unstable,84
1,2.0,0.16666666666666666,c-GC-star,0,1,1,,,,220119_F2_run11,81,unstable,95
6,,0.16666666666666666,c-GC-star,1,0,2,,,,220119_F2_run11,82,unstable,12
1,2.0,0.16666666666666666,c-GC-star,0,1,1,,,,220119_F2_run11,82,unstable,31
1,,0.0,c-GC-star,0,0,7,,,,220119_F2_run11,82,stable,36
4,,0.16666666666666666,c-GC-star,1,0,4,,,,220119_F2_run11,82,unstable,45
2,,0.16666666666666666,c-GC-star,1,0,6,,,,220119_F2_run11,82,unstable,46
7,,0.16666666666666666,c-GC-star,1,0,1,,,,220119_F2_run11,83,novel,50
1,4.0,0.5,c-GC-star,1,2,4,,,,220119_F2_run11,83,unstable,56
1,3.0,0.16666666666666666,c-GC-star,0,1,2,,,,220119_F2_run11,83,lost,70
1,3.0,0.6666666666666666,c-GC-star,2,2,4,,,,220119_F2_run11,83,unstable,82
1,2.0,0.16666666666666666,c-GC-star,0,1,1,,,,220119_F2_run11,83,unstable,84
1,2.0,0.5,c-GC-star,1,2,2,,,,220119_F2_run11,84,unstable,41
1,2.0,0.16666666666666666,c-GC-star,0,1,1,,,,220119_F2_run11,84,unstable,52
1,2.0,0.16666666666666666,c-GC-star,0,1,1,,,,220119_F2_run11,84,unstable,98
1,,0.0,c-GC-star,0,0,7,,,,220119_F2_run11,85,stable,18
3,4.0,0.5,c-GC-star,2,1,3,,,,220119_F2_run11,85,unstable,21
1,,0.0,c-GC-star,0,0,7,,,,220119_F2_run11,85,stable,33
1,,0.0,c-GC-star,0,0,7,,,,220119_F2_run11,85,stable,45
1,,0.0,c-GC-star,0,0,7,,,,220119_F2_run11,85,stable,46
1,3.0,0.6666666666666666,c-GC-star,2,2,5,,,,220119_F2_run11,85,unstable,75
1,4.0,0.16666666666666666,c-GC-star,0,1,3,,,,220119_F2_run11,85,lost,89
2,4.0,0.6666666666666666,c-GC-star,2,2,3,,,,220119_F2_run11,85,unstable,95
1,,0.0,c-GC-star,0,0,7,,,,220119_F2_run11,86,stable,82
7,,0.16666666666666666,c-GC-star,1,0,1,,,,220119_F2_run11,86,novel,93
1,2.0,0.16666666666666666,c-GC-star,0,1,1,,,,220119_F2_run11,87,unstable,47
1,3.0,0.16666666666666666,c-GC-star,0,1,2,,,,220119_F2_run11,87,lost,77
1,2.0,0.5,c-GC-star,1,2,2,,,,220119_F2_run11,87,unstable,85
1,2.0,0.16666666666666666,c-GC-star,0,1,1,,,,220119_F2_run11,88,unstable,9
1,2.0,0.3333333333333333,c-GC-star,1,1,3,,,,220119_F2_run11,88,unstable,10
1,2.0,0.16666666666666666,c-GC-star,0,1,1,,,,220119_F2_run11,88,unstable,27
1,2.0,0.16666666666666666,c-GC-star,0,1,1,,,,220119_F2_run11,88,unstable,31
1,2.0,0.16666666666666666,c-GC-star,0,1,1,,,,220119_F2_run11,88,unstable,75
2,6.0,0.5,c-GC-star,2,1,5,,,,220119_F2_run11,89,unstable,4
1,,0.0,c-GC-star,0,0,7,,,,220119_F2_run11,89,stable,33
1,,0.0,c-GC-star,0,0,7,,,,220119_F2_run11,89,stable,36
4,5.0,0.3333333333333333,c-GC-star,1,1,1,,,,220119_F2_run11,89,unstable,39
5,7.0,0.3333333333333333,c-GC-star,1,1,2,,,,220119_F2_run11,89,unstable,42
1,,0.0,c-GC-star,0,0,7,,,,220119_F2_run11,89,stable,44
1,7.0,0.16666666666666666,c-GC-star,0,1,6,,,,220119_F2_run11,89,lost,45
3,4.0,0.3333333333333333,c-GC-star,1,1,1,,,,220119_F2_run11,89,unstable,46
1,,0.0,c-GC-star,0,0,7,,,,220119_F2_run11,89,stable,48
1,3.0,0.16666666666666666,c-GC-star,0,1,2,,,,220119_F2_run11,89,lost,59
7,,0.16666666666666666,c-GC-star,1,0,1,,,,220119_F2_run11,89,novel,64
2,,0.16666666666666666,c-GC-star,1,0,6,,,,220119_F2_run11,89,unstable,69
2,,0.16666666666666666,c-GC-star,1,0,6,,,,220119_F2_run11,89,unstable,77
1,2.0,0.6666666666666666,c-GC-star,2,2,3,,,,220119_F2_run11,89,unstable,88
1,,0.0,c-GC-star,0,0,7,,,,220119_F2_run11,89,stable,93
4,6.0,0.3333333333333333,c-GC-star,1,1,2,,,,220119_F2_run11,89,unstable,95
2,7.0,0.3333333333333333,c-GC-star,1,1,5,,,,220119_F2_run11,90,unstable,20
3,4.0,0.5,c-GC-star,2,1,4,,,,220119_F2_run11,90,unstable,26
1,3.0,0.3333333333333333,c-GC-star,1,1,3,,,,220119_F2_run11,90,unstable,30
1,3.0,0.16666666666666666,c-GC-star,0,1,2,,,,220119_F2_run11,90,lost,74
3,4.0,0.6666666666666666,c-GC-star,2,2,2,,,,220119_F2_run11,91,unstable,66
5,6.0,0.3333333333333333,c-GC-star,1,1,1,,,,220119_F2_run11,92,unstable,33
1,4.0,0.3333333333333333,c-GC-star,1,1,6,,,,220119_F2_run11,92,unstable,96
2,5.0,0.3333333333333333,c-GC-star,1,1,3,,,,220119_F2_run11,93,unstable,19
2,3.0,0.5,c-GC-star,2,1,2,,,,220119_F2_run11,93,unstable,49
1,3.0,0.6666666666666666,c-GC-star,2,2,4,,,,220119_F2_run11,94,unstable,95
1,6.0,0.3333333333333333,c-GC-star,1,1,6,,,,220119_F2_run11,95,unstable,21
1,2.0,0.5,c-GC-star,1,2,2,,,,220119_F2_run11,95,unstable,43
3,,0.16666666666666666,c-GC-star,1,0,5,,,,220119_F2_run11,95,unstable,52
5,6.0,0.3333333333333333,c-GC-star,1,1,1,,,,220119_F2_run11,95,unstable,98
1,2.0,0.3333333333333333,c-GC-star,1,1,2,,,,220119_F2_run11,96,unstable,6
2,3.0,0.3333333333333333,c-GC-star,1,1,1,,,,220119_F2_run11,96,unstable,31
1,2.0,0.16666666666666666,c-GC-star,0,1,1,,,,220119_F2_run11,96,unstable,32
1,2.0,0.16666666666666666,c-GC-star,0,1,1,,,,220119_F2_run11,96,unstable,36
1,2.0,0.16666666666666666,c-GC-star,0,1,1,,,,220119_F2_run11,96,unstable,77
5,6.0,0.3333333333333333,c-GC-star,1,1,1,,,,220119_F2_run11,96,unstable,97
1,2.0,0.16666666666666666,c-GC-star,0,1,1,,,,220119_F2_run11,96,unstable,99
1,2.0,0.5,c-GC-star,1,2,2,,,,220119_F2_run11,97,unstable,93
1,2.0,0.16666666666666666,c-GC-star,0,1,1,,,,220119_F2_run11,98,unstable,13
1,2.0,0.16666666666666666,c-GC-star,0,1,1,,,,220119_F2_run11,98,unstable,18
6,7.0,0.3333333333333333,c-GC-star,1,1,1,,,,220119_F2_run11,98,unstable,33
1,4.0,0.3333333333333333,c-GC-star,1,1,6,,,,220119_F2_run11,98,unstable,51
1,3.0,0.16666666666666666,c-GC-star,0,1,2,,,,220119_F2_run11,98,lost,71
3,,0.16666666666666666,c-GC-star,1,0,5,,,,220119_F2_run11,98,unstable,72
1,2.0,0.16666666666666666,c-GC-star,0,1,1,,,,220119_F2_run11,98,unstable,97
4,6.0,0.3333333333333333,c-GC-star,1,1,2,,,,220119_F2_run11,99,unstable,8
7,,0.16666666666666666,c-GC-star,1,0,1,,,,220119_F2_run11,99,novel,27
1,4.0,0.16666666666666666,c-GC-star,0,1,3,,,,220119_F2_run11,99,lost,44
1,3.0,0.5,c-GC-star,1,2,4,,,,220119_F2_run11,99,unstable,53
1,2.0,0.16666666666666666,c-GC-star,0,1,1,,,,220119_F2_run11,99,unstable,97
1,,0.0,c-GC-star,0,0,7,,,,220127_F4_run2,0,stable,1
2,4.0,0.6666666666666666,c-GC-star,2,2,4,,,,220127_F4_run2,0,unstable,11
1,,0.0,c-GC-star,0,0,7,,,,220127_F4_run2,0,stable,16
2,,0.16666666666666666,c-GC-star,1,0,6,,,,220127_F4_run2,0,unstable,58
3,4.0,0.5,c-GC-star,2,1,2,,,,220127_F4_run2,0,unstable,64
4,5.0,0.3333333333333333,c-GC-star,1,1,1,,,,220127_F4_run2,0,unstable,78
2,4.0,0.5,c-GC-star,2,1,5,,,,220127_F4_run2,0,unstable,82
2,,0.16666666666666666,c-GC-star,1,0,6,,,,220127_F4_run2,0,unstable,87
1,2.0,0.16666666666666666,c-GC-star,0,1,1,,,,220127_F4_run2,0,unstable,88
1,,0.0,c-GC-star,0,0,7,,,,220127_F4_run2,1,stable,0
1,,0.0,c-GC-star,0,0,7,,,,220127_F4_run2,1,stable,5
1,,0.0,c-GC-star,0,0,7,,,,220127_F4_run2,1,stable,7
2,,0.16666666666666666,c-GC-star,1,0,6,,,,220127_F4_run2,1,unstable,8
1,,0.0,c-GC-star,0,0,7,,,,220127_F4_run2,1,stable,11
1,,0.0,c-GC-star,0,0,7,,,,220127_F4_run2,1,stable,16
4,5.0,0.3333333333333333,c-GC-star,1,1,1,,,,220127_F4_run2,1,unstable,22
1,,0.0,c-GC-star,0,0,7,,,,220127_F4_run2,1,stable,25
2,,0.16666666666666666,c-GC-star,1,0,6,,,,220127_F4_run2,1,unstable,29
2,,0.16666666666666666,c-GC-star,1,0,6,,,,220127_F4_run2,1,unstable,41
2,6.0,0.3333333333333333,c-GC-star,1,1,4,,,,220127_F4_run2,1,unstable,53
2,4.0,0.6666666666666666,c-GC-star,2,2,3,,,,220127_F4_run2,1,unstable,54
1,,0.0,c-GC-star,0,0,7,,,,220127_F4_run2,1,stable,56
4,5.0,0.5,c-GC-star,2,1,2,,,,220127_F4_run2,1,unstable,58
2,5.0,0.5,c-GC-star,2,1,5,,,,220127_F4_run2,1,unstable,59
3,5.0,0.3333333333333333,c-GC-star,1,1,2,,,,220127_F4_run2,1,unstable,60
3,7.0,0.3333333333333333,c-GC-star,1,1,4,,,,220127_F4_run2,1,unstable,76
6,,0.16666666666666666,c-GC-star,1,0,2,,,,220127_F4_run2,1,unstable,78
1,3.0,0.16666666666666666,c-GC-star,0,1,2,,,,220127_F4_run2,1,lost,79
1,,0.0,c-GC-star,0,0,7,,,,220127_F4_run2,1,stable,82
1,2.0,0.16666666666666666,c-GC-star,0,1,1,,,,220127_F4_run2,1,unstable,83
2,,0.16666666666666666,c-GC-star,1,0,6,,,,220127_F4_run2,1,unstable,87
2,,0.16666666666666666,c-GC-star,1,0,6,,,,220127_F4_run2,1,unstable,88
1,2.0,0.16666666666666666,c-GC-star,0,1,1,,,,220127_F4_run2,3,unstable,4
1,,0.0,c-GC-star,0,0,7,,,,220127_F4_run2,3,stable,9
1,,0.0,c-GC-star,0,0,7,,,,220127_F4_run2,3,stable,18
2,3.0,0.3333333333333333,c-GC-star,1,1,1,,,,220127_F4_run2,3,unstable,19
1,,0.0,c-GC-star,0,0,7,,,,220127_F4_run2,3,stable,26
4,6.0,0.5,c-GC-star,2,1,3,,,,220127_F4_run2,3,unstable,33
2,,0.16666666666666666,c-GC-star,1,0,6,,,,220127_F4_run2,3,unstable,65
3,,0.16666666666666666,c-GC-star,1,0,5,,,,220127_F4_run2,3,unstable,67
2,,0.16666666666666666,c-GC-star,1,0,6,,,,220127_F4_run2,3,unstable,84
4,5.0,0.3333333333333333,c-GC-star,1,1,1,,,,220127_F4_run2,3,unstable,90
3,4.0,0.3333333333333333,c-GC-star,1,1,1,,,,220127_F4_run2,4,unstable,0
1,,0.0,c-GC-star,0,0,7,,,,220127_F4_run2,4,stable,6
1,,0.0,c-GC-star,0,0,7,,,,220127_F4_run2,4,stable,13
1,,0.0,c-GC-star,0,0,7,,,,220127_F4_run2,4,stable,14
2,,0.16666666666666666,c-GC-star,1,0,6,,,,220127_F4_run2,4,unstable,19
1,,0.0,c-GC-star,0,0,7,,,,220127_F4_run2,4,stable,20
1,2.0,0.16666666666666666,c-GC-star,0,1,1,,,,220127_F4_run2,4,unstable,27
5,7.0,0.3333333333333333,c-GC-star,1,1,2,,,,220127_F4_run2,4,unstable,30
5,,0.16666666666666666,c-GC-star,1,0,3,,,,220127_F4_run2,4,unstable,52
2,,0.16666666666666666,c-GC-star,1,0,6,,,,220127_F4_run2,4,unstable,89
2,3.0,0.3333333333333333,c-GC-star,1,1,1,,,,220127_F4_run2,5,unstable,8
1,2.0,0.16666666666666666,c-GC-star,0,1,1,,,,220127_F4_run2,5,unstable,22
5,,0.16666666666666666,c-GC-star,1,0,3,,,,220127_F4_run2,5,unstable,25
1,5.0,0.16666666666666666,c-GC-star,0,1,4,,,,220127_F4_run2,5,lost,28
3,,0.16666666666666666,c-GC-star,1,0,5,,,,220127_F4_run2,5,unstable,48
5,6.0,0.3333333333333333,c-GC-star,1,1,1,,,,220127_F4_run2,5,unstable,51
2,6.0,0.5,c-GC-star,2,1,5,,,,220127_F4_run2,6,unstable,4
2,5.0,0.5,c-GC-star,2,1,5,,,,220127_F4_run2,6,unstable,19
3,4.0,0.3333333333333333,c-GC-star,1,1,1,,,,220127_F4_run2,6,unstable,20
1,3.0,0.16666666666666666,c-GC-star,0,1,2,,,,220127_F4_run2,6,lost,33
1,7.0,0.16666666666666666,c-GC-star,0,1,6,,,,220127_F4_run2,6,lost,52
1,3.0,0.16666666666666666,c-GC-star,0,1,2,,,,220127_F4_run2,6,lost,66
1,3.0,0.16666666666666666,c-GC-star,0,1,2,,,,220127_F4_run2,7,lost,0
1,2.0,0.16666666666666666,c-GC-star,0,1,1,,,,220127_F4_run2,7,unstable,10
1,4.0,0.16666666666666666,c-GC-star,0,1,3,,,,220127_F4_run2,7,lost,22
1,2.0,0.16666666666666666,c-GC-star,0,1,1,,,,220127_F4_run2,7,unstable,32
1,2.0,0.5,c-GC-star,1,2,2,,,,220127_F4_run2,7,unstable,33
4,6.0,0.3333333333333333,c-GC-star,1,1,2,,,,220127_F4_run2,7,unstable,67
2,4.0,0.5,c-GC-star,2,1,5,,,,220127_F4_run2,7,unstable,82
1,,0.0,c-GC-star,0,0,7,,,,220127_F4_run2,8,stable,5
1,,0.0,c-GC-star,0,0,7,,,,220127_F4_run2,8,stable,21
1,6.0,0.3333333333333333,c-GC-star,1,1,6,,,,220127_F4_run2,8,unstable,24
1,4.0,0.5,c-GC-star,1,2,5,,,,220127_F4_run2,8,unstable,28
1,,0.0,c-GC-star,0,0,7,,,,220127_F4_run2,9,stable,3
5,6.0,0.3333333333333333,c-GC-star,1,1,1,,,,220127_F4_run2,9,unstable,7
1,,0.0,c-GC-star,0,0,7,,,,220127_F4_run2,9,stable,18
3,,0.16666666666666666,c-GC-star,1,0,5,,,,220127_F4_run2,9,unstable,65
3,,0.16666666666666666,c-GC-star,1,0,5,,,,220127_F4_run2,9,unstable,67
5,,0.16666666666666666,c-GC-star,1,0,3,,,,220127_F4_run2,9,unstable,68
4,,0.16666666666666666,c-GC-star,1,0,4,,,,220127_F4_run2,9,unstable,90
1,,0.0,c-GC-star,0,0,7,,,,220127_F4_run2,10,stable,5
3,6.0,0.3333333333333333,c-GC-star,1,1,3,,,,220127_F4_run2,10,unstable,7
3,4.0,0.5,c-GC-star,2,1,4,,,,220127_F4_run2,10,unstable,15
1,,0.0,c-GC-star,0,0,7,,,,220127_F4_run2,10,stable,22
1,,0.0,c-GC-star,0,0,7,,,,220127_F4_run2,10,stable,53
1,4.0,0.16666666666666666,c-GC-star,0,1,3,,,,220127_F4_run2,10,lost,56
2,7.0,0.3333333333333333,c-GC-star,1,1,5,,,,220127_F4_run2,10,unstable,61
3,4.0,0.8333333333333334,c-GC-star,3,2,3,,,,220127_F4_run2,10,unstable,86
1,,0.0,c-GC-star,0,0,7,,,,220127_F4_run2,11,stable,0
1,,0.0,c-GC-star,0,0,7,,,,220127_F4_run2,11,stable,1
1,4.0,0.16666666666666666,c-GC-star,0,1,3,,,,220127_F4_run2,11,lost,8
1,,0.0,c-GC-star,0,0,7,,,,220127_F4_run2,11,stable,16
1,,0.0,c-GC-star,0,0,7,,,,220127_F4_run2,11,stable,29
3,5.0,0.3333333333333333,c-GC-star,1,1,2,,,,220127_F4_run2,11,unstable,58
2,,0.16666666666666666,c-GC-star,1,0,6,,,,220127_F4_run2,11,unstable,82
6,,0.16666666666666666,c-GC-star,1,0,2,,,,220127_F4_run2,11,unstable,88
1,2.0,0.16666666666666666,c-GC-star,0,1,1,,,,220127_F4_run2,12,unstable,17
2,5.0,0.3333333333333333,c-GC-star,1,1,3,,,,220127_F4_run2,12,unstable,25
1,,0.0,c-GC-star,0,0,7,,,,220127_F4_run2,12,stable,26
1,5.0,0.3333333333333333,c-GC-star,1,1,5,,,,220127_F4_run2,12,unstable,40
5,6.0,0.3333333333333333,c-GC-star,1,1,1,,,,220127_F4_run2,12,unstable,44
1,2.0,0.16666666666666666,c-GC-star,0,1,1,,,,220127_F4_run2,12,unstable,83
1,2.0,0.16666666666666666,c-GC-star,0,1,1,,,,220127_F4_run2,12,unstable,84
5,,0.16666666666666666,c-GC-star,1,0,3,,,,220127_F4_run2,13,unstable,3
1,,0.0,c-GC-star,0,0,7,,,,220127_F4_run2,13,stable,4
4,5.0,0.5,c-GC-star,2,1,2,,,,220127_F4_run2,13,unstable,6
1,,0.0,c-GC-star,0,0,7,,,,220127_F4_run2,13,stable,14
1,2.0,0.16666666666666666,c-GC-star,0,1,1,,,,220127_F4_run2,13,unstable,19
1,4.0,0.3333333333333333,c-GC-star,1,1,5,,,,220127_F4_run2,13,unstable,20
7,,0.16666666666666666,c-GC-star,1,0,1,,,,220127_F4_run2,13,novel,68
1,,0.0,c-GC-star,0,0,7,,,,220127_F4_run2,14,stable,4
3,7.0,0.3333333333333333,c-GC-star,1,1,4,,,,220127_F4_run2,14,unstable,6
3,4.0,0.3333333333333333,c-GC-star,1,1,1,,,,220127_F4_run2,14,unstable,7
1,,0.0,c-GC-star,0,0,7,,,,220127_F4_run2,14,stable,13
1,,0.0,c-GC-star,0,0,7,,,,220127_F4_run2,14,stable,19
1,,0.0,c-GC-star,0,0,7,,,,220127_F4_run2,14,stable,20
2,5.0,0.3333333333333333,c-GC-star,1,1,3,,,,220127_F4_run2,14,unstable,70
1,,0.0,c-GC-star,0,0,7,,,,220127_F4_run2,16,stable,0
1,,0.0,c-GC-star,0,0,7,,,,220127_F4_run2,16,stable,1
1,2.0,0.16666666666666666,c-GC-star,0,1,1,,,,220127_F4_run2,16,unstable,4
3,,0.16666666666666666,c-GC-star,1,0,5,,,,220127_F4_run2,16,unstable,7
3,4.0,0.5,c-GC-star,2,1,4,,,,220127_F4_run2,16,unstable,8
4,6.0,0.5,c-GC-star,2,1,3,,,,220127_F4_run2,16,unstable,10
1,3.0,0.3333333333333333,c-GC-star,1,1,6,,,,220127_F4_run2,16,unstable,11
2,,0.16666666666666666,c-GC-star,1,0,6,,,,220127_F4_run2,16,unstable,12
2,6.0,0.5,c-GC-star,2,1,5,,,,220127_F4_run2,16,unstable,22
7,,0.16666666666666666,c-GC-star,1,0,1,,,,220127_F4_run2,16,novel,24
3,,0.16666666666666666,c-GC-star,1,0,5,,,,220127_F4_run2,16,unstable,28
4,5.0,0.3333333333333333,c-GC-star,1,1,1,,,,220127_F4_run2,16,unstable,29
3,,0.16666666666666666,c-GC-star,1,0,5,,,,220127_F4_run2,16,unstable,32
2,,0.16666666666666666,c-GC-star,1,0,6,,,,220127_F4_run2,16,unstable,56
2,5.0,0.5,c-GC-star,2,1,5,,,,220127_F4_run2,16,unstable,59
2,,0.16666666666666666,c-GC-star,1,0,6,,,,220127_F4_run2,16,unstable,62
2,6.0,0.3333333333333333,c-GC-star,1,1,4,,,,220127_F4_run2,16,unstable,64
2,,0.16666666666666666,c-GC-star,1,0,6,,,,220127_F4_run2,16,unstable,69
4,5.0,0.5,c-GC-star,2,1,2,,,,220127_F4_run2,16,unstable,71
1,2.0,0.16666666666666666,c-GC-star,0,1,1,,,,220127_F4_run2,16,unstable,82
2,,0.16666666666666666,c-GC-star,1,0,6,,,,220127_F4_run2,16,unstable,87
1,4.0,0.3333333333333333,c-GC-star,1,1,6,,,,220127_F4_run2,17,unstable,12
1,2.0,0.16666666666666666,c-GC-star,0,1,1,,,,220127_F4_run2,17,unstable,35
1,2.0,0.16666666666666666,c-GC-star,0,1,1,,,,220127_F4_run2,17,unstable,83
1,4.0,0.3333333333333333,c-GC-star,1,1,6,,,,220127_F4_run2,18,unstable,3
1,2.0,0.16666666666666666,c-GC-star,0,1,1,,,,220127_F4_run2,18,unstable,6
1,,0.0,c-GC-star,0,0,7,,,,220127_F4_run2,18,stable,9
2,4.0,0.3333333333333333,c-GC-star,1,1,2,,,,220127_F4_run2,18,unstable,33
1,,0.0,c-GC-star,0,0,7,,,,220127_F4_run2,18,stable,65
1,,0.0,c-GC-star,0,0,7,,,,220127_F4_run2,18,stable,67
7,,0.16666666666666666,c-GC-star,1,0,1,,,,220127_F4_run2,18,novel,84
2,5.0,0.5,c-GC-star,2,1,5,,,,220127_F4_run2,18,unstable,90
1,,0.0,c-GC-star,0,0,7,,,,220127_F4_run2,18,stable,91
4,5.0,0.5,c-GC-star,2,1,2,,,,220127_F4_run2,19,unstable,1
1,,0.0,c-GC-star,0,0,7,,,,220127_F4_run2,19,stable,4
1,5.0,0.16666666666666666,c-GC-star,0,1,4,,,,220127_F4_run2,19,lost,6
1,,0.0,c-GC-star,0,0,7,,,,220127_F4_run2,19,stable,13
1,5.0,0.3333333333333333,c-GC-star,1,1,6,,,,220127_F4_run2,19,unstable,14
4,,0.16666666666666666,c-GC-star,1,0,4,,,,220127_F4_run2,19,unstable,20
1,,0.0,c-GC-star,0,0,7,,,,220127_F4_run2,19,stable,26
2,,0.16666666666666666,c-GC-star,1,0,6,,,,220127_F4_run2,19,unstable,33
2,,0.16666666666666666,c-GC-star,1,0,6,,,,220127_F4_run2,19,unstable,35
4,,0.16666666666666666,c-GC-star,1,0,4,,,,220127_F4_run2,19,unstable,43
1,,0.0,c-GC-star,0,0,7,,,,220127_F4_run2,19,stable,52
1,2.0,0.16666666666666666,c-GC-star,0,1,1,,,,220127_F4_run2,19,unstable,66
1,4.0,0.5,c-GC-star,1,2,4,,,,220127_F4_run2,19,unstable,67
2,3.0,0.6666666666666666,c-GC-star,2,2,3,,,,220127_F4_run2,19,unstable,69
1,5.0,0.16666666666666666,c-GC-star,0,1,4,,,,220127_F4_run2,19,lost,71
1,,0.0,c-GC-star,0,0,7,,,,220127_F4_run2,20,stable,4
1,,0.0,c-GC-star,0,0,7,,,,220127_F4_run2,20,stable,6
1,,0.0,c-GC-star,0,0,7,,,,220127_F4_run2,20,stable,13
1,,0.0,c-GC-star,0,0,7,,,,220127_F4_run2,20,stable,14
5,,0.16666666666666666,c-GC-star,1,0,3,,,,220127_F4_run2,20,unstable,19
2,3.0,0.6666666666666666,c-GC-star,2,2,4,,,,220127_F4_run2,20,unstable,27
3,4.0,0.5,c-GC-star,2,1,3,,,,220127_F4_run2,20,unstable,52
5,7.0,0.3333333333333333,c-GC-star,1,1,2,,,,220127_F4_run2,20,unstable,66
7,,0.16666666666666666,c-GC-star,1,0,1,,,,220127_F4_run2,20,novel,74
2,6.0,0.5,c-GC-star,2,1,5,,,,220127_F4_run2,20,unstable,89
2,,0.16666666666666666,c-GC-star,1,0,6,,,,220127_F4_run2,20,unstable,90
1,,0.0,c-GC-star,0,0,7,,,,220127_F4_run2,21,stable,8
1,,0.0,c-GC-star,0,0,7,,,,220127_F4_run2,21,stable,24
1,3.0,0.16666666666666666,c-GC-star,0,1,2,,,,220127_F4_run2,21,lost,28
1,2.0,0.3333333333333333,c-GC-star,1,1,2,,,,220127_F4_run2,21,unstable,35
3,6.0,0.5,c-GC-star,2,1,4,,,,220127_F4_run2,21,unstable,47
1,2.0,0.16666666666666666,c-GC-star,0,1,1,,,,220127_F4_run2,21,unstable,60
1,,0.0,c-GC-star,0,0,7,,,,220127_F4_run2,22,stable,5
3,4.0,0.3333333333333333,c-GC-star,1,1,1,,,,220127_F4_run2,22,unstable,7
1,,0.0,c-GC-star,0,0,7,,,,220127_F4_run2,22,stable,10
1,3.0,0.16666666666666666,c-GC-star,0,1,2,,,,220127_F4_run2,22,lost,53
1,3.0,0.16666666666666666,c-GC-star,0,1,2,,,,220127_F4_run2,22,lost,56
7,,0.16666666666666666,c-GC-star,1,0,1,,,,220127_F4_run2,23,novel,1
1,2.0,0.16666666666666666,c-GC-star,0,1,1,,,,220127_F4_run2,24,unstable,41
1,3.0,0.6666666666666666,c-GC-star,2,2,4,,,,220127_F4_run2,24,unstable,67
7,,0.16666666666666666,c-GC-star,1,0,1,,,,220127_F4_run2,24,novel,69
1,2.0,0.16666666666666666,c-GC-star,0,1,1,,,,220127_F4_run2,24,unstable,88
1,7.0,0.16666666666666666,c-GC-star,0,1,6,,,,220127_F4_run2,25,lost,7
1,4.0,0.16666666666666666,c-GC-star,0,1,3,,,,220127_F4_run2,25,lost,13
3,4.0,0.5,c-GC-star,2,1,3,,,,220127_F4_run2,25,unstable,19
5,6.0,0.5,c-GC-star,2,1,2,,,,220127_F4_run2,25,unstable,41
2,3.0,0.5,c-GC-star,2,1,5,,,,220127_F4_run2,25,unstable,73
1,2.0,0.16666666666666666,c-GC-star,0,1,1,,,,220127_F4_run2,25,unstable,81
2,3.0,0.3333333333333333,c-GC-star,1,1,1,,,,220127_F4_run2,25,unstable,82
7,,0.16666666666666666,c-GC-star,1,0,1,,,,220127_F4_run2,26,novel,11
1,,0.0,c-GC-star,0,0,7,,,,220127_F4_run2,26,stable,12
1,2.0,0.16666666666666666,c-GC-star,0,1,1,,,,220127_F4_run2,26,unstable,50
2,3.0,0.8333333333333334,c-GC-star,3,2,3,,,,220127_F4_run2,26,unstable,82
1,2.0,0.16666666666666666,c-GC-star,0,1,1,,,,220127_F4_run2,26,unstable,84
1,2.0,0.16666666666666666,c-GC-star,0,1,1,,,,220127_F4_run2,27,unstable,3
1,2.0,0.3333333333333333,c-GC-star,1,1,6,,,,220127_F4_run2,27,unstable,4
1,2.0,0.16666666666666666,c-GC-star,0,1,1,,,,220127_F4_run2,27,unstable,13
6,7.0,0.3333333333333333,c-GC-star,1,1,1,,,,220127_F4_run2,27,unstable,18
1,2.0,0.16666666666666666,c-GC-star,0,1,1,,,,220127_F4_run2,27,unstable,20
1,2.0,0.16666666666666666,c-GC-star,0,1,1,,,,220127_F4_run2,27,unstable,33
1,2.0,0.16666666666666666,c-GC-star,0,1,1,,,,220127_F4_run2,27,unstable,54
1,2.0,0.16666666666666666,c-GC-star,0,1,1,,,,220127_F4_run2,27,unstable,58
1,2.0,0.16666666666666666,c-GC-star,0,1,1,,,,220127_F4_run2,27,unstable,66
1,3.0,0.6666666666666666,c-GC-star,2,2,4,,,,220127_F4_run2,28,unstable,8
6,,0.16666666666666666,c-GC-star,1,0,2,,,,220127_F4_run2,28,unstable,13
1,2.0,0.16666666666666666,c-GC-star,0,1,1,,,,220127_F4_run2,28,unstable,21
3,4.0,0.5,c-GC-star,2,1,4,,,,220127_F4_run2,29,unstable,24
1,2.0,0.16666666666666666,c-GC-star,0,1,1,,,,220127_F4_run2,29,unstable,25
1,2.0,0.16666666666666666,c-GC-star,0,1,1,,,,220127_F4_run2,29,unstable,32
4,5.0,0.3333333333333333,c-GC-star,1,1,1,,,,220127_F4_run2,29,unstable,36
1,2.0,0.5,c-GC-star,1,2,2,,,,220127_F4_run2,29,unstable,41
1,2.0,0.16666666666666666,c-GC-star,0,1,1,,,,220127_F4_run2,29,unstable,53
1,2.0,0.3333333333333333,c-GC-star,1,1,4,,,,220127_F4_run2,29,unstable,54
1,2.0,0.16666666666666666,c-GC-star,0,1,1,,,,220127_F4_run2,29,unstable,58
1,2.0,0.16666666666666666,c-GC-star,0,1,1,,,,220127_F4_run2,30,unstable,39
1,,0.0,c-GC-star,0,0,7,,,,220127_F4_run2,30,stable,52
3,7.0,0.3333333333333333,c-GC-star,1,1,4,,,,220127_F4_run2,30,unstable,66
1,,0.0,c-GC-star,0,0,7,,,,220127_F4_run2,30,stable,68
1,2.0,0.16666666666666666,c-GC-star,0,1,1,,,,220127_F4_run2,30,unstable,69
1,4.0,0.16666666666666666,c-GC-star,0,1,3,,,,220127_F4_run2,30,lost,90
1,2.0,0.16666666666666666,c-GC-star,0,1,1,,,,220127_F4_run2,31,unstable,25
1,2.0,0.16666666666666666,c-GC-star,0,1,1,,,,220127_F4_run2,31,unstable,30
1,2.0,0.16666666666666666,c-GC-star,0,1,1,,,,220127_F4_run2,31,unstable,35
1,2.0,0.16666666666666666,c-GC-star,0,1,1,,,,220127_F4_run2,31,unstable,49
1,2.0,0.16666666666666666,c-GC-star,0,1,1,,,,220127_F4_run2,31,unstable,52
1,3.0,0.6666666666666666,c-GC-star,2,2,5,,,,220127_F4_run2,31,unstable,53
3,4.0,0.3333333333333333,c-GC-star,1,1,1,,,,220127_F4_run2,31,unstable,57
1,2.0,0.16666666666666666,c-GC-star,0,1,1,,,,220127_F4_run2,31,unstable,72
6,7.0,0.3333333333333333,c-GC-star,1,1,1,,,,220127_F4_run2,31,unstable,73
1,2.0,0.5,c-GC-star,1,2,2,,,,220127_F4_run2,31,unstable,76
4,5.0,0.5,c-GC-star,2,1,2,,,,220127_F4_run2,31,unstable,77
1,7.0,0.16666666666666666,c-GC-star,0,1,6,,,,220127_F4_run2,31,lost,78
1,3.0,0.16666666666666666,c-GC-star,0,1,2,,,,220127_F4_run2,31,lost,84
4,,0.16666666666666666,c-GC-star,1,0,4,,,,220127_F4_run2,32,unstable,0
1,2.0,0.16666666666666666,c-GC-star,0,1,1,,,,220127_F4_run2,32,unstable,23
1,2.0,0.16666666666666666,c-GC-star,0,1,1,,,,220127_F4_run2,32,unstable,25
1,2.0,0.16666666666666666,c-GC-star,0,1,1,,,,220127_F4_run2,32,unstable,56
1,3.0,0.5,c-GC-star,1,2,3,,,,220127_F4_run2,32,unstable,61
1,,0.0,c-GC-star,0,0,7,,,,220127_F4_run2,32,stable,63
1,2.0,0.16666666666666666,c-GC-star,0,1,1,,,,220127_F4_run2,32,unstable,64
1,2.0,0.16666666666666666,c-GC-star,0,1,1,,,,220127_F4_run2,32,unstable,73
1,2.0,0.16666666666666666,c-GC-star,0,1,1,,,,220127_F4_run2,33,unstable,6
1,2.0,0.16666666666666666,c-GC-star,0,1,1,,,,220127_F4_run2,33,unstable,66
1,3.0,0.16666666666666666,c-GC-star,0,1,2,,,,220127_F4_run2,33,lost,67
1,2.0,0.16666666666666666,c-GC-star,0,1,1,,,,220127_F4_run2,35,unstable,4
2,4.0,0.3333333333333333,c-GC-star,1,1,2,,,,220127_F4_run2,35,unstable,17
1,2.0,0.16666666666666666,c-GC-star,0,1,1,,,,220127_F4_run2,35,unstable,44
4,5.0,0.3333333333333333,c-GC-star,1,1,1,,,,220127_F4_run2,36,unstable,31
1,2.0,0.16666666666666666,c-GC-star,0,1,1,,,,220127_F4_run2,36,unstable,51
1,,0.0,c-GC-star,0,0,7,,,,220127_F4_run2,36,stable,81
1,2.0,0.16666666666666666,c-GC-star,0,1,1,,,,220127_F4_run2,37,unstable,15
1,2.0,0.16666666666666666,c-GC-star,0,1,1,,,,220127_F4_run2,37,unstable,46
2,3.0,0.5,c-GC-star,2,1,3,,,,220127_F4_run2,37,unstable,56
1,4.0,0.3333333333333333,c-GC-star,1,1,6,,,,220127_F4_run2,37,unstable,62
1,,0.0,c-GC-star,0,0,7,,,,220127_F4_run2,37,stable,66
1,,0.0,c-GC-star,0,0,7,,,,220127_F4_run2,37,stable,73
1,2.0,0.16666666666666666,c-GC-star,0,1,1,,,,220127_F4_run2,38,unstable,48
1,5.0,0.3333333333333333,c-GC-star,1,1,6,,,,220127_F4_run2,38,unstable,67
1,2.0,0.16666666666666666,c-GC-star,0,1,1,,,,220127_F4_run2,38,unstable,77
1,2.0,0.16666666666666666,c-GC-star,0,1,1,,,,220127_F4_run2,38,unstable,79
1,2.0,0.16666666666666666,c-GC-star,0,1,1,,,,220127_F4_run2,38,unstable,81
4,,0.16666666666666666,c-GC-star,1,0,4,,,,220127_F4_run2,39,unstable,6
1,7.0,0.16666666666666666,c-GC-star,0,1,6,,,,220127_F4_run2,39,lost,30
7,,0.16666666666666666,c-GC-star,1,0,1,,,,220127_F4_run2,39,novel,32
2,5.0,0.5,c-GC-star,2,1,5,,,,220127_F4_run2,39,unstable,38
1,3.0,0.3333333333333333,c-GC-star,1,1,4,,,,220127_F4_run2,39,unstable,47
1,2.0,0.5,c-GC-star,1,2,2,,,,220127_F4_run2,39,unstable,76
1,2.0,0.16666666666666666,c-GC-star,0,1,1,,,,220127_F4_run2,39,unstable,89
1,,0.0,c-GC-star,0,0,7,,,,220127_F4_run2,40,stable,12
4,7.0,0.3333333333333333,c-GC-star,1,1,3,,,,220127_F4_run2,40,unstable,25
1,3.0,0.16666666666666666,c-GC-star,0,1,2,,,,220127_F4_run2,40,lost,26
1,2.0,0.3333333333333333,c-GC-star,1,1,2,,,,220127_F4_run2,40,unstable,41
1,2.0,0.16666666666666666,c-GC-star,0,1,1,,,,220127_F4_run2,40,unstable,50
5,,0.16666666666666666,c-GC-star,1,0,3,,,,220127_F4_run2,40,unstable,80
1,2.0,0.16666666666666666,c-GC-star,0,1,1,,,,220127_F4_run2,40,unstable,87
1,4.0,0.3333333333333333,c-GC-star,1,1,6,,,,220127_F4_run2,41,unstable,9
1,3.0,0.16666666666666666,c-GC-star,0,1,2,,,,220127_F4_run2,41,lost,10
1,2.0,0.16666666666666666,c-GC-star,0,1,1,,,,220127_F4_run2,41,unstable,26
6,,0.16666666666666666,c-GC-star,1,0,2,,,,220127_F4_run2,41,unstable,40
1,2.0,0.16666666666666666,c-GC-star,0,1,1,,,,220127_F4_run2,41,unstable,46
1,2.0,0.5,c-GC-star,1,2,2,,,,220127_F4_run2,41,unstable,48
1,2.0,0.3333333333333333,c-GC-star,1,1,6,,,,220127_F4_run2,41,unstable,53
1,,0.0,c-GC-star,0,0,7,,,,220127_F4_run2,41,stable,56
1,2.0,0.16666666666666666,c-GC-star,0,1,1,,,,220127_F4_run2,41,unstable,58
1,2.0,0.16666666666666666,c-GC-star,0,1,1,,,,220127_F4_run2,41,unstable,71
3,4.0,0.3333333333333333,c-GC-star,1,1,1,,,,220127_F4_run2,41,unstable,87
3,,0.16666666666666666,c-GC-star,1,0,5,,,,220127_F4_run2,42,unstable,45
1,2.0,0.16666666666666666,c-GC-star,0,1,1,,,,220127_F4_run2,42,unstable,79
1,2.0,0.8333333333333334,c-GC-star,2,3,3,,,,220127_F4_run2,42,unstable,84
7,,0.16666666666666666,c-GC-star,1,0,1,,,,220127_F4_run2,43,novel,68
5,,0.16666666666666666,c-GC-star,1,0,3,,,,220127_F4_run2,44,unstable,53
1,5.0,0.16666666666666666,c-GC-star,0,1,4,,,,220127_F4_run2,44,lost,54
1,2.0,0.16666666666666666,c-GC-star,0,1,1,,,,220127_F4_run2,44,unstable,73
2,3.0,0.6666666666666666,c-GC-star,2,2,2,,,,220127_F4_run2,44,unstable,84
4,5.0,0.3333333333333333,c-GC-star,1,1,1,,,,220127_F4_run2,44,unstable,91
1,2.0,0.16666666666666666,c-GC-star,0,1,1,,,,220127_F4_run2,45,unstable,2
3,4.0,0.3333333333333333,c-GC-star,1,1,1,,,,220127_F4_run2,45,unstable,8
2,3.0,0.6666666666666666,c-GC-star,2,2,2,,,,220127_F4_run2,45,unstable,46
1,3.0,0.5,c-GC-star,1,2,3,,,,220127_F4_run2,45,unstable,47
1,2.0,0.16666666666666666,c-GC-star,0,1,1,,,,220127_F4_run2,45,unstable,55
4,5.0,0.3333333333333333,c-GC-star,1,1,1,,,,220127_F4_run2,45,unstable,62
2,,0.16666666666666666,c-GC-star,1,0,6,,,,220127_F4_run2,45,unstable,77
1,2.0,0.16666666666666666,c-GC-star,0,1,1,,,,220127_F4_run2,46,unstable,4
1,2.0,0.16666666666666666,c-GC-star,0,1,1,,,,220127_F4_run2,46,unstable,69
1,3.0,0.16666666666666666,c-GC-star,0,1,2,,,,220127_F4_run2,46,lost,70
1,2.0,0.16666666666666666,c-GC-star,0,1,1,,,,220127_F4_run2,46,unstable,90
2,3.0,0.3333333333333333,c-GC-star,1,1,1,,,,220127_F4_run2,47,unstable,1
7,,0.16666666666666666,c-GC-star,1,0,1,,,,220127_F4_run2,47,novel,32
1,,0.0,c-GC-star,0,0,7,,,,220127_F4_run2,47,stable,38
1,,0.0,c-GC-star,0,0,7,,,,220127_F4_run2,47,stable,39
6,,0.16666666666666666,c-GC-star,1,0,2,,,,220127_F4_run2,47,unstable,49
1,7.0,0.16666666666666666,c-GC-star,0,1,6,,,,220127_F4_run2,47,lost,50
6,7.0,0.3333333333333333,c-GC-star,1,1,1,,,,220127_F4_run2,47,unstable,84
1,5.0,0.3333333333333333,c-GC-star,1,1,5,,,,220127_F4_run2,47,unstable,88
1,2.0,0.16666666666666666,c-GC-star,0,1,1,,,,220127_F4_run2,48,unstable,7
1,2.0,0.16666666666666666,c-GC-star,0,1,1,,,,220127_F4_run2,48,unstable,41
1,3.0,0.5,c-GC-star,1,2,4,,,,220127_F4_run2,48,unstable,46
1,4.0,0.3333333333333333,c-GC-star,1,1,6,,,,220127_F4_run2,48,unstable,58
1,3.0,0.16666666666666666,c-GC-star,0,1,2,,,,220127_F4_run2,48,lost,59
2,3.0,0.5,c-GC-star,2,1,4,,,,220127_F4_run2,48,unstable,62
5,,0.16666666666666666,c-GC-star,1,0,3,,,,220127_F4_run2,48,unstable,71
1,2.0,0.16666666666666666,c-GC-star,0,1,1,,,,220127_F4_run2,48,unstable,87
1,2.0,0.16666666666666666,c-GC-star,0,1,1,,,,220127_F4_run2,48,unstable,88
3,4.0,0.5,c-GC-star,2,1,4,,,,220127_F4_run2,49,unstable,15
1,2.0,0.16666666666666666,c-GC-star,0,1,1,,,,220127_F4_run2,49,unstable,51
4,,0.16666666666666666,c-GC-star,1,0,4,,,,220127_F4_run2,49,unstable,69
1,,0.0,c-GC-star,0,0,7,,,,220127_F4_run2,49,stable,70
1,2.0,0.16666666666666666,c-GC-star,0,1,1,,,,220127_F4_run2,49,unstable,78
3,4.0,0.5,c-GC-star,2,1,3,,,,220127_F4_run2,49,unstable,81
1,2.0,0.16666666666666666,c-GC-star,0,1,1,,,,220127_F4_run2,50,unstable,38
1,,0.0,c-GC-star,0,0,7,,,,220127_F4_run2,50,stable,40
1,7.0,0.16666666666666666,c-GC-star,0,1,6,,,,220127_F4_run2,50,lost,44
1,2.0,0.16666666666666666,c-GC-star,0,1,1,,,,220127_F4_run2,50,unstable,45
2,,0.16666666666666666,c-GC-star,1,0,6,,,,220127_F4_run2,50,unstable,49
1,2.0,0.5,c-GC-star,1,2,2,,,,220127_F4_run2,50,unstable,69
1,,0.0,c-GC-star,0,0,7,,,,220127_F4_run2,50,stable,80
3,4.0,0.6666666666666666,c-GC-star,2,2,2,,,,220127_F4_run2,51,unstable,28
2,3.0,0.6666666666666666,c-GC-star,2,2,2,,,,220127_F4_run2,51,unstable,41
2,3.0,0.3333333333333333,c-GC-star,1,1,1,,,,220127_F4_run2,51,unstable,53
1,2.0,0.16666666666666666,c-GC-star,0,1,1,,,,220127_F4_run2,51,unstable,56
1,2.0,0.5,c-GC-star,1,2,2,,,,220127_F4_run2,51,unstable,72
2,4.0,0.5,c-GC-star,2,1,3,,,,220127_F4_run2,51,unstable,73
1,,0.0,c-GC-star,0,0,7,,,,220127_F4_run2,51,stable,76
1,3.0,0.16666666666666666,c-GC-star,0,1,2,,,,220127_F4_run2,52,lost,6
1,,0.0,c-GC-star,0,0,7,,,,220127_F4_run2,52,stable,30
1,2.0,0.16666666666666666,c-GC-star,0,1,1,,,,220127_F4_run2,52,unstable,31
3,4.0,0.3333333333333333,c-GC-star,1,1,1,,,,220127_F4_run2,52,unstable,35
6,,0.16666666666666666,c-GC-star,1,0,2,,,,220127_F4_run2,52,unstable,39
1,7.0,0.16666666666666666,c-GC-star,0,1,6,,,,220127_F4_run2,52,lost,43
7,,0.16666666666666666,c-GC-star,1,0,1,,,,220127_F4_run2,52,novel,60
1,3.0,0.16666666666666666,c-GC-star,0,1,2,,,,220127_F4_run2,52,lost,68
1,4.0,0.3333333333333333,c-GC-star,1,1,4,,,,220127_F4_run2,52,unstable,73
1,4.0,0.3333333333333333,c-GC-star,1,1,6,,,,220127_F4_run2,53,unstable,10
3,5.0,0.5,c-GC-star,2,1,4,,,,220127_F4_run2,53,unstable,21
1,,0.0,c-GC-star,0,0,7,,,,220127_F4_run2,53,stable,22
1,2.0,0.6666666666666666,c-GC-star,2,2,3,,,,220127_F4_run2,53,unstable,25
2,,0.16666666666666666,c-GC-star,1,0,6,,,,220127_F4_run2,53,unstable,34
1,2.0,0.3333333333333333,c-GC-star,1,1,2,,,,220127_F4_run2,53,unstable,35
1,,0.0,c-GC-star,0,0,7,,,,220127_F4_run2,53,stable,41
1,3.0,0.16666666666666666,c-GC-star,0,1,2,,,,220127_F4_run2,53,lost,49
1,,0.0,c-GC-star,0,0,7,,,,220127_F4_run2,53,stable,56
1,5.0,0.3333333333333333,c-GC-star,1,1,5,,,,220127_F4_run2,53,unstable,58
1,5.0,0.3333333333333333,c-GC-star,1,1,6,,,,220127_F4_run2,53,unstable,59
6,,0.16666666666666666,c-GC-star,1,0,2,,,,220127_F4_run2,53,unstable,60
1,,0.0,c-GC-star,0,0,7,,,,220127_F4_run2,53,stable,62
2,,0.16666666666666666,c-GC-star,1,0,6,,,,220127_F4_run2,53,unstable,73
1,,0.0,c-GC-star,0,0,7,,,,220127_F4_run2,53,stable,76
1,,0.0,c-GC-star,0,0,7,,,,220127_F4_run2,53,stable,78
1,5.0,0.3333333333333333,c-GC-star,1,1,6,,,,220127_F4_run2,53,unstable,82
2,3.0,0.6666666666666666,c-GC-star,2,2,2,,,,220127_F4_run2,53,unstable,86
2,,0.16666666666666666,c-GC-star,1,0,6,,,,220127_F4_run2,53,unstable,87
1,,0.0,c-GC-star,0,0,7,,,,220127_F4_run2,53,stable,89
1,5.0,0.16666666666666666,c-GC-star,0,1,4,,,,220127_F4_run2,54,lost,1
1,,0.0,c-GC-star,0,0,7,,,,220127_F4_run2,54,stable,14
1,,0.0,c-GC-star,0,0,7,,,,220127_F4_run2,54,stable,29
1,,0.0,c-GC-star,0,0,7,,,,220127_F4_run2,54,stable,41
1,2.0,0.16666666666666666,c-GC-star,0,1,1,,,,220127_F4_run2,54,unstable,44
2,,0.16666666666666666,c-GC-star,1,0,6,,,,220127_F4_run2,54,unstable,47
2,4.0,0.3333333333333333,c-GC-star,1,1,2,,,,220127_F4_run2,54,unstable,51
1,,0.0,c-GC-star,0,0,7,,,,220127_F4_run2,54,stable,58
1,,0.0,c-GC-star,0,0,7,,,,220127_F4_run2,54,stable,72
5,6.0,0.3333333333333333,c-GC-star,1,1,1,,,,220127_F4_run2,54,unstable,89
3,4.0,0.3333333333333333,c-GC-star,1,1,1,,,,220127_F4_run2,55,unstable,40
2,4.0,0.3333333333333333,c-GC-star,1,1,2,,,,220127_F4_run2,55,unstable,46
3,4.0,0.8333333333333334,c-GC-star,3,2,3,,,,220127_F4_run2,55,unstable,71
1,5.0,0.16666666666666666,c-GC-star,0,1,4,,,,220127_F4_run2,56,lost,5
1,3.0,0.5,c-GC-star,1,2,3,,,,220127_F4_run2,56,unstable,10
1,,0.0,c-GC-star,0,0,7,,,,220127_F4_run2,56,stable,22
5,,0.16666666666666666,c-GC-star,1,0,3,,,,220127_F4_run2,56,unstable,28
1,,0.0,c-GC-star,0,0,7,,,,220127_F4_run2,56,stable,41
1,,0.0,c-GC-star,0,0,7,,,,220127_F4_run2,56,stable,53
5,7.0,0.3333333333333333,c-GC-star,1,1,2,,,,220127_F4_run2,56,unstable,59
1,2.0,0.16666666666666666,c-GC-star,0,1,1,,,,220127_F4_run2,56,unstable,62
1,2.0,0.16666666666666666,c-GC-star,0,1,1,,,,220127_F4_run2,56,unstable,74
1,2.0,0.16666666666666666,c-GC-star,0,1,1,,,,220127_F4_run2,57,unstable,56
2,3.0,0.3333333333333333,c-GC-star,1,1,1,,,,220127_F4_run2,57,unstable,63
1,3.0,0.16666666666666666,c-GC-star,0,1,2,,,,220127_F4_run2,57,lost,81
1,2.0,0.16666666666666666,c-GC-star,0,1,1,,,,220127_F4_run2,58,unstable,7
2,3.0,0.3333333333333333,c-GC-star,1,1,1,,,,220127_F4_run2,58,unstable,23
1,2.0,0.16666666666666666,c-GC-star,0,1,1,,,,220127_F4_run2,58,unstable,29
1,4.0,0.5,c-GC-star,1,2,4,,,,220127_F4_run2,58,unstable,41
1,2.0,0.16666666666666666,c-GC-star,0,1,1,,,,220127_F4_run2,58,unstable,54
1,2.0,0.16666666666666666,c-GC-star,0,1,1,,,,220127_F4_run2,58,unstable,56
3,4.0,0.3333333333333333,c-GC-star,1,1,1,,,,220127_F4_run2,58,unstable,59
7,,0.16666666666666666,c-GC-star,1,0,1,,,,220127_F4_run2,58,novel,76
1,5.0,0.5,c-GC-star,1,2,5,,,,220127_F4_run2,58,unstable,82
1,,0.0,c-GC-star,0,0,7,,,,220127_F4_run2,58,stable,87
1,2.0,0.3333333333333333,c-GC-star,1,1,6,,,,220127_F4_run2,58,unstable,88
3,5.0,0.5,c-GC-star,2,1,4,,,,220127_F4_run2,59,unstable,30
1,2.0,0.16666666666666666,c-GC-star,0,1,1,,,,220127_F4_run2,59,unstable,41
2,,0.16666666666666666,c-GC-star,1,0,6,,,,220127_F4_run2,59,unstable,48
4,,0.16666666666666666,c-GC-star,1,0,4,,,,220127_F4_run2,59,unstable,49
7,,0.16666666666666666,c-GC-star,1,0,1,,,,220127_F4_run2,59,novel,52
1,,0.0,c-GC-star,0,0,7,,,,220127_F4_run2,59,stable,60
1,2.0,0.16666666666666666,c-GC-star,0,1,1,,,,220127_F4_run2,59,unstable,69
3,4.0,0.3333333333333333,c-GC-star,1,1,1,,,,220127_F4_run2,59,unstable,72
3,4.0,0.3333333333333333,c-GC-star,1,1,1,,,,220127_F4_run2,59,unstable,86
1,2.0,0.3333333333333333,c-GC-star,1,1,3,,,,220127_F4_run2,59,unstable,88
1,,0.0,c-GC-star,0,0,7,,,,220127_F4_run2,59,stable,89
1,2.0,0.16666666666666666,c-GC-star,0,1,1,,,,220127_F4_run2,60,unstable,21
5,6.0,0.5,c-GC-star,2,1,2,,,,220127_F4_run2,60,unstable,32
5,,0.16666666666666666,c-GC-star,1,0,3,,,,220127_F4_run2,60,unstable,41
2,,0.16666666666666666,c-GC-star,1,0,6,,,,220127_F4_run2,60,unstable,56
1,3.0,0.16666666666666666,c-GC-star,0,1,2,,,,220127_F4_run2,60,lost,57
1,2.0,0.16666666666666666,c-GC-star,0,1,1,,,,220127_F4_run2,60,unstable,58
1,,0.0,c-GC-star,0,0,7,,,,220127_F4_run2,60,stable,59
2,3.0,0.3333333333333333,c-GC-star,1,1,1,,,,220127_F4_run2,60,unstable,73
1,2.0,0.16666666666666666,c-GC-star,0,1,1,,,,220127_F4_run2,61,unstable,32
1,2.0,0.16666666666666666,c-GC-star,0,1,1,,,,220127_F4_run2,61,unstable,35
1,4.0,0.16666666666666666,c-GC-star,0,1,3,,,,220127_F4_run2,61,lost,38
1,3.0,0.16666666666666666,c-GC-star,0,1,2,,,,220127_F4_run2,61,lost,52
1,3.0,0.16666666666666666,c-GC-star,0,1,2,,,,220127_F4_run2,61,lost,67
1,,0.0,c-GC-star,0,0,7,,,,220127_F4_run2,61,stable,77
1,3.0,0.16666666666666666,c-GC-star,0,1,2,,,,220127_F4_run2,61,lost,82
3,6.0,0.5,c-GC-star,2,1,4,,,,220127_F4_run2,61,unstable,85
1,,0.0,c-GC-star,0,0,7,,,,220127_F4_run2,61,stable,86
2,3.0,0.3333333333333333,c-GC-star,1,1,1,,,,220127_F4_run2,62,unstable,0
2,3.0,0.3333333333333333,c-GC-star,1,1,1,,,,220127_F4_run2,62,unstable,5
1,3.0,0.5,c-GC-star,1,2,3,,,,220127_F4_run2,62,unstable,15
1,,0.0,c-GC-star,0,0,7,,,,220127_F4_run2,62,stable,25
1,,0.0,c-GC-star,0,0,7,,,,220127_F4_run2,62,stable,29
2,,0.16666666666666666,c-GC-star,1,0,6,,,,220127_F4_run2,62,unstable,41
1,,0.0,c-GC-star,0,0,7,,,,220127_F4_run2,62,stable,58
1,,0.0,c-GC-star,0,0,7,,,,220127_F4_run2,62,stable,59
1,7.0,0.16666666666666666,c-GC-star,0,1,6,,,,220127_F4_run2,62,lost,71
3,,0.16666666666666666,c-GC-star,1,0,5,,,,220127_F4_run2,62,unstable,73
1,,0.0,c-GC-star,0,0,7,,,,220127_F4_run2,62,stable,82
1,2.0,0.16666666666666666,c-GC-star,0,1,1,,,,220127_F4_run2,63,unstable,1
5,6.0,0.5,c-GC-star,2,1,2,,,,220127_F4_run2,63,unstable,19
1,5.0,0.3333333333333333,c-GC-star,1,1,6,,,,220127_F4_run2,63,unstable,23
1,,0.0,c-GC-star,0,0,7,,,,220127_F4_run2,63,stable,29
2,,0.16666666666666666,c-GC-star,1,0,6,,,,220127_F4_run2,63,unstable,30
1,,0.0,c-GC-star,0,0,7,,,,220127_F4_run2,63,stable,32
1,2.0,0.16666666666666666,c-GC-star,0,1,1,,,,220127_F4_run2,63,unstable,47
2,4.0,0.6666666666666666,c-GC-star,2,2,3,,,,220127_F4_run2,63,unstable,49
3,4.0,0.3333333333333333,c-GC-star,1,1,1,,,,220127_F4_run2,63,unstable,54
7,,0.16666666666666666,c-GC-star,1,0,1,,,,220127_F4_run2,63,novel,58
1,2.0,0.16666666666666666,c-GC-star,0,1,1,,,,220127_F4_run2,63,unstable,61
1,2.0,0.16666666666666666,c-GC-star,0,1,1,,,,220127_F4_run2,63,unstable,64
1,5.0,0.3333333333333333,c-GC-star,1,1,6,,,,220127_F4_run2,63,unstable,84
1,,0.0,c-GC-star,0,0,7,,,,220127_F4_run2,63,stable,86
1,6.0,0.16666666666666666,c-GC-star,0,1,5,,,,220127_F4_run2,64,lost,24
1,3.0,0.16666666666666666,c-GC-star,0,1,2,,,,220127_F4_run2,64,lost,32
3,,0.16666666666666666,c-GC-star,1,0,5,,,,220127_F4_run2,65,unstable,3
1,,0.0,c-GC-star,0,0,7,,,,220127_F4_run2,65,stable,18
1,2.0,0.16666666666666666,c-GC-star,0,1,1,,,,220127_F4_run2,65,unstable,26
1,2.0,0.16666666666666666,c-GC-star,0,1,1,,,,220127_F4_run2,65,unstable,45
1,2.0,0.16666666666666666,c-GC-star,0,1,1,,,,220127_F4_run2,65,unstable,67
2,3.0,0.3333333333333333,c-GC-star,1,1,1,,,,220127_F4_run2,65,unstable,84
1,2.0,0.16666666666666666,c-GC-star,0,1,1,,,,220127_F4_run2,66,unstable,4
1,2.0,0.16666666666666666,c-GC-star,0,1,1,,,,220127_F4_run2,66,unstable,18
1,2.0,0.3333333333333333,c-GC-star,1,1,3,,,,220127_F4_run2,66,unstable,20
1,2.0,0.5,c-GC-star,1,2,2,,,,220127_F4_run2,66,unstable,43
5,,0.16666666666666666,c-GC-star,1,0,3,,,,220127_F4_run2,66,unstable,52
1,2.0,0.16666666666666666,c-GC-star,0,1,1,,,,220127_F4_run2,67,unstable,1
1,4.0,0.3333333333333333,c-GC-star,1,1,6,,,,220127_F4_run2,67,unstable,18
1,,0.0,c-GC-star,0,0,7,,,,220127_F4_run2,67,stable,33
1,,0.0,c-GC-star,0,0,7,,,,220127_F4_run2,67,stable,65
2,,0.16666666666666666,c-GC-star,1,0,6,,,,220127_F4_run2,67,unstable,84
1,,0.0,c-GC-star,0,0,7,,,,220127_F4_run2,67,stable,90
1,,0.0,c-GC-star,0,0,7,,,,220127_F4_run2,68,stable,6
4,5.0,0.5,c-GC-star,2,1,3,,,,220127_F4_run2,68,unstable,13
1,3.0,0.3333333333333333,c-GC-star,1,1,4,,,,220127_F4_run2,68,unstable,14
1,2.0,0.5,c-GC-star,1,2,4,,,,220127_F4_run2,68,unstable,19
1,4.0,0.3333333333333333,c-GC-star,1,1,6,,,,220127_F4_run2,68,unstable,30
1,3.0,0.16666666666666666,c-GC-star,0,1,2,,,,220127_F4_run2,68,lost,46
1,,0.0,c-GC-star,0,0,7,,,,220127_F4_run2,68,stable,52
1,,0.0,c-GC-star,0,0,7,,,,220127_F4_run2,68,stable,59
2,3.0,0.3333333333333333,c-GC-star,1,1,1,,,,220127_F4_run2,68,unstable,69
1,,0.0,c-GC-star,0,0,7,,,,220127_F4_run2,68,stable,84
5,,0.16666666666666666,c-GC-star,1,0,3,,,,220127_F4_run2,68,unstable,89
3,4.0,0.8333333333333334,c-GC-star,3,2,3,,,,220127_F4_run2,69,unstable,8
1,,0.0,c-GC-star,0,0,7,,,,220127_F4_run2,69,stable,17
1,3.0,0.3333333333333333,c-GC-star,1,1,6,,,,220127_F4_run2,69,unstable,26
2,,0.16666666666666666,c-GC-star,1,0,6,,,,220127_F4_run2,69,unstable,36
3,4.0,0.5,c-GC-star,2,1,4,,,,220127_F4_run2,69,unstable,40
1,4.0,0.16666666666666666,c-GC-star,0,1,3,,,,220127_F4_run2,69,lost,48
1,2.0,0.3333333333333333,c-GC-star,1,1,6,,,,220127_F4_run2,69,unstable,55
1,3.0,0.16666666666666666,c-GC-star,0,1,2,,,,220127_F4_run2,69,lost,65
1,6.0,0.3333333333333333,c-GC-star,1,1,6,,,,220127_F4_run2,69,unstable,66
1,,0.0,c-GC-star,0,0,7,,,,220127_F4_run2,69,stable,67
1,2.0,0.16666666666666666,c-GC-star,0,1,1,,,,220127_F4_run2,69,unstable,68
1,5.0,0.3333333333333333,c-GC-star,1,1,6,,,,220127_F4_run2,69,unstable,70
1,3.0,0.16666666666666666,c-GC-star,0,1,2,,,,220127_F4_run2,69,lost,78
2,3.0,0.3333333333333333,c-GC-star,1,1,1,,,,220127_F4_run2,69,unstable,83
6,7.0,0.3333333333333333,c-GC-star,1,1,1,,,,220127_F4_run2,70,unstable,14
2,3.0,0.3333333333333333,c-GC-star,1,1,1,,,,220127_F4_run2,70,unstable,24
1,,0.0,c-GC-star,0,0,7,,,,220127_F4_run2,70,stable,49
1,2.0,0.16666666666666666,c-GC-star,0,1,1,,,,220127_F4_run2,70,unstable,52
1,,0.0,c-GC-star,0,0,7,,,,220127_F4_run2,70,stable,66
1,2.0,0.16666666666666666,c-GC-star,0,1,1,,,,220127_F4_run2,70,unstable,67
1,,0.0,c-GC-star,0,0,7,,,,220127_F4_run2,70,stable,68
1,3.0,0.5,c-GC-star,1,2,5,,,,220127_F4_run2,70,unstable,69
1,,0.0,c-GC-star,0,0,7,,,,220127_F4_run2,70,stable,71
2,5.0,0.5,c-GC-star,2,1,5,,,,220127_F4_run2,71,unstable,19
2,6.0,0.3333333333333333,c-GC-star,1,1,4,,,,220127_F4_run2,71,unstable,33
1,,0.0,c-GC-star,0,0,7,,,,220127_F4_run2,71,stable,37
1,,0.0,c-GC-star,0,0,7,,,,220127_F4_run2,71,stable,41
1,3.0,0.16666666666666666,c-GC-star,0,1,2,,,,220127_F4_run2,71,lost,43
1,,0.0,c-GC-star,0,0,7,,,,220127_F4_run2,71,stable,46
1,5.0,0.3333333333333333,c-GC-star,1,1,6,,,,220127_F4_run2,71,unstable,56
1,,0.0,c-GC-star,0,0,7,,,,220127_F4_run2,71,stable,62
1,2.0,0.3333333333333333,c-GC-star,1,1,5,,,,220127_F4_run2,71,unstable,66
1,,0.0,c-GC-star,0,0,7,,,,220127_F4_run2,71,stable,68
1,6.0,0.3333333333333333,c-GC-star,1,1,6,,,,220127_F4_run2,71,unstable,69
1,2.0,0.16666666666666666,c-GC-star,0,1,1,,,,220127_F4_run2,71,unstable,70
1,6.0,0.3333333333333333,c-GC-star,1,1,6,,,,220127_F4_run2,71,unstable,87
2,3.0,0.3333333333333333,c-GC-star,1,1,1,,,,220127_F4_run2,72,unstable,32
1,,0.0,c-GC-star,0,0,7,,,,220127_F4_run2,72,stable,39
1,5.0,0.16666666666666666,c-GC-star,0,1,4,,,,220127_F4_run2,72,lost,44
1,4.0,0.5,c-GC-star,1,2,4,,,,220127_F4_run2,72,unstable,49
1,4.0,0.5,c-GC-star,1,2,4,,,,220127_F4_run2,72,unstable,51
1,2.0,0.16666666666666666,c-GC-star,0,1,1,,,,220127_F4_run2,72,unstable,54
2,3.0,0.3333333333333333,c-GC-star,1,1,1,,,,220127_F4_run2,72,unstable,56
1,3.0,0.16666666666666666,c-GC-star,0,1,2,,,,220127_F4_run2,72,lost,57
3,4.0,0.3333333333333333,c-GC-star,1,1,1,,,,220127_F4_run2,72,unstable,69
1,4.0,0.3333333333333333,c-GC-star,1,1,6,,,,220127_F4_run2,72,unstable,73
1,2.0,0.16666666666666666,c-GC-star,0,1,1,,,,220127_F4_run2,72,unstable,77
1,3.0,0.16666666666666666,c-GC-star,0,1,2,,,,220127_F4_run2,72,lost,78
4,5.0,0.3333333333333333,c-GC-star,1,1,1,,,,220127_F4_run2,72,unstable,79
1,5.0,0.5,c-GC-star,1,2,5,,,,220127_F4_run2,72,unstable,82
1,2.0,0.16666666666666666,c-GC-star,0,1,1,,,,220127_F4_run2,72,unstable,83
1,,0.0,c-GC-star,0,0,7,,,,220127_F4_run2,72,stable,86
1,2.0,0.5,c-GC-star,1,2,4,,,,220127_F4_run2,73,unstable,0
2,6.0,0.3333333333333333,c-GC-star,1,1,4,,,,220127_F4_run2,73,unstable,1
1,2.0,0.16666666666666666,c-GC-star,0,1,1,,,,220127_F4_run2,73,unstable,8
1,2.0,0.5,c-GC-star,1,2,4,,,,220127_F4_run2,73,unstable,12
1,2.0,0.16666666666666666,c-GC-star,0,1,1,,,,220127_F4_run2,73,unstable,24
1,2.0,0.5,c-GC-star,1,2,2,,,,220127_F4_run2,73,unstable,29
1,,0.0,c-GC-star,0,0,7,,,,220127_F4_run2,73,stable,32
2,4.0,0.6666666666666666,c-GC-star,2,2,3,,,,220127_F4_run2,73,unstable,39
3,4.0,0.3333333333333333,c-GC-star,1,1,1,,,,220127_F4_run2,73,unstable,47
1,2.0,0.5,c-GC-star,1,2,2,,,,220127_F4_run2,73,unstable,49
1,3.0,0.16666666666666666,c-GC-star,0,1,2,,,,220127_F4_run2,73,lost,56
1,7.0,0.16666666666666666,c-GC-star,0,1,6,,,,220127_F4_run2,73,lost,78
1,,0.0,c-GC-star,0,0,7,,,,220127_F4_run2,73,stable,82
3,4.0,0.3333333333333333,c-GC-star,1,1,1,,,,220127_F4_run2,73,unstable,84
1,,0.0,c-GC-star,0,0,7,,,,220127_F4_run2,73,stable,88
7,,0.16666666666666666,c-GC-star,1,0,1,,,,220127_F4_run2,74,novel,6
5,,0.16666666666666666,c-GC-star,1,0,3,,,,220127_F4_run2,74,unstable,13
5,,0.16666666666666666,c-GC-star,1,0,3,,,,220127_F4_run2,74,unstable,25
1,2.0,0.6666666666666666,c-GC-star,2,2,3,,,,220127_F4_run2,74,unstable,57
1,,0.0,c-GC-star,0,0,7,,,,220127_F4_run2,74,stable,82
5,,0.16666666666666666,c-GC-star,1,0,3,,,,220127_F4_run2,74,unstable,87
1,2.0,0.5,c-GC-star,1,2,2,,,,220127_F4_run2,75,unstable,83
1,2.0,0.5,c-GC-star,1,2,3,,,,220127_F4_run2,76,unstable,30
6,,0.16666666666666666,c-GC-star,1,0,2,,,,220127_F4_run2,76,unstable,33
5,,0.16666666666666666,c-GC-star,1,0,3,,,,220127_F4_run2,76,unstable,38
1,,0.0,c-GC-star,0,0,7,,,,220127_F4_run2,76,stable,39
1,,0.0,c-GC-star,0,0,7,,,,220127_F4_run2,76,stable,50
1,2.0,0.16666666666666666,c-GC-star,0,1,1,,,,220127_F4_run2,76,unstable,51
2,,0.16666666666666666,c-GC-star,1,0,6,,,,220127_F4_run2,76,unstable,53
1,,0.0,c-GC-star,0,0,7,,,,220127_F4_run2,76,stable,54
1,,0.0,c-GC-star,0,0,7,,,,220127_F4_run2,76,stable,79
3,4.0,0.6666666666666666,c-GC-star,2,2,2,,,,220127_F4_run2,77,unstable,49
1,,0.0,c-GC-star,0,0,7,,,,220127_F4_run2,77,stable,51
5,6.0,0.3333333333333333,c-GC-star,1,1,1,,,,220127_F4_run2,77,unstable,53
4,5.0,0.3333333333333333,c-GC-star,1,1,1,,,,220127_F4_run2,77,unstable,59
1,7.0,0.16666666666666666,c-GC-star,0,1,6,,,,220127_F4_run2,78,lost,8
1,3.0,0.3333333333333333,c-GC-star,1,1,4,,,,220127_F4_run2,78,unstable,10
1,4.0,0.3333333333333333,c-GC-star,1,1,6,,,,220127_F4_run2,78,unstable,15
1,,0.0,c-GC-star,0,0,7,,,,220127_F4_run2,78,stable,21
1,3.0,0.16666666666666666,c-GC-star,0,1,2,,,,220127_F4_run2,78,lost,24
2,5.0,0.6666666666666666,c-GC-star,2,2,4,,,,220127_F4_run2,78,unstable,25
1,,0.0,c-GC-star,0,0,7,,,,220127_F4_run2,78,stable,29
2,3.0,1.0,c-GC-star,3,3,3,,,,220127_F4_run2,78,unstable,30
1,2.0,0.16666666666666666,c-GC-star,0,1,1,,,,220127_F4_run2,78,unstable,31
1,,0.0,c-GC-star,0,0,7,,,,220127_F4_run2,78,stable,34
1,,0.0,c-GC-star,0,0,7,,,,220127_F4_run2,78,stable,35
1,2.0,0.16666666666666666,c-GC-star,0,1,1,,,,220127_F4_run2,78,unstable,36
2,3.0,0.8333333333333334,c-GC-star,3,2,3,,,,220127_F4_run2,78,unstable,39
1,3.0,0.3333333333333333,c-GC-star,1,1,6,,,,220127_F4_run2,78,unstable,41
1,3.0,0.16666666666666666,c-GC-star,0,1,2,,,,220127_F4_run2,78,lost,44
1,,0.0,c-GC-star,0,0,7,,,,220127_F4_run2,78,stable,49
1,2.0,0.16666666666666666,c-GC-star,0,1,1,,,,220127_F4_run2,78,unstable,50
1,,0.0,c-GC-star,0,0,7,,,,220127_F4_run2,78,stable,51
1,2.0,0.16666666666666666,c-GC-star,0,1,1,,,,220127_F4_run2,78,unstable,52
1,,0.0,c-GC-star,0,0,7,,,,220127_F4_run2,78,stable,53
1,,0.0,c-GC-star,0,0,7,,,,220127_F4_run2,78,stable,54
1,,0.0,c-GC-star,0,0,7,,,,220127_F4_run2,78,stable,56
2,3.0,0.5,c-GC-star,2,1,2,,,,220127_F4_run2,78,unstable,58
1,,0.0,c-GC-star,0,0,7,,,,220127_F4_run2,78,stable,59
2,,0.16666666666666666,c-GC-star,1,0,6,,,,220127_F4_run2,78,unstable,60
1,,0.0,c-GC-star,0,0,7,,,,220127_F4_run2,78,stable,69
1,,0.0,c-GC-star,0,0,7,,,,220127_F4_run2,78,stable,72
1,,0.0,c-GC-star,0,0,7,,,,220127_F4_run2,78,stable,73
1,5.0,0.3333333333333333,c-GC-star,1,1,5,,,,220127_F4_run2,78,unstable,81
2,6.0,0.5,c-GC-star,2,1,5,,,,220127_F4_run2,78,unstable,82
1,3.0,0.16666666666666666,c-GC-star,0,1,2,,,,220127_F4_run2,78,lost,84
1,2.0,0.16666666666666666,c-GC-star,0,1,1,,,,220127_F4_run2,78,unstable,86
1,,0.0,c-GC-star,0,0,7,,,,220127_F4_run2,78,stable,88
7,,0.16666666666666666,c-GC-star,1,0,1,,,,220127_F4_run2,78,novel,89
1,3.0,0.16666666666666666,c-GC-star,0,1,2,,,,220127_F4_run2,79,lost,81
1,2.0,0.16666666666666666,c-GC-star,0,1,1,,,,220127_F4_run2,79,unstable,84
7,,0.16666666666666666,c-GC-star,1,0,1,,,,220127_F4_run2,81,novel,73
1,5.0,0.16666666666666666,c-GC-star,0,1,4,,,,220127_F4_run2,81,lost,83
7,,0.16666666666666666,c-GC-star,1,0,1,,,,220127_F4_run2,82,novel,3
2,,0.16666666666666666,c-GC-star,1,0,6,,,,220127_F4_run2,82,unstable,5
2,3.0,0.5,c-GC-star,2,1,2,,,,220127_F4_run2,82,unstable,7
2,4.0,0.5,c-GC-star,2,1,4,,,,220127_F4_run2,82,unstable,8
2,,0.16666666666666666,c-GC-star,1,0,6,,,,220127_F4_run2,82,unstable,10
2,3.0,0.3333333333333333,c-GC-star,1,1,1,,,,220127_F4_run2,82,unstable,11
1,2.0,0.5,c-GC-star,1,2,2,,,,220127_F4_run2,82,unstable,12
2,4.0,0.3333333333333333,c-GC-star,1,1,2,,,,220127_F4_run2,82,unstable,16
3,,0.16666666666666666,c-GC-star,1,0,5,,,,220127_F4_run2,82,unstable,22
3,5.0,0.3333333333333333,c-GC-star,1,1,2,,,,220127_F4_run2,82,unstable,23
1,,0.0,c-GC-star,0,0,7,,,,220127_F4_run2,82,stable,25
1,,0.0,c-GC-star,0,0,7,,,,220127_F4_run2,82,stable,29
1,,0.0,c-GC-star,0,0,7,,,,220127_F4_run2,82,stable,32
2,5.0,0.5,c-GC-star,2,1,4,,,,220127_F4_run2,82,unstable,35
2,,0.16666666666666666,c-GC-star,1,0,6,,,,220127_F4_run2,82,unstable,41
2,,0.16666666666666666,c-GC-star,1,0,6,,,,220127_F4_run2,82,unstable,49
1,,0.0,c-GC-star,0,0,7,,,,220127_F4_run2,82,stable,53
2,,0.16666666666666666,c-GC-star,1,0,6,,,,220127_F4_run2,82,unstable,54
2,,0.16666666666666666,c-GC-star,1,0,6,,,,220127_F4_run2,82,unstable,56
2,,0.16666666666666666,c-GC-star,1,0,6,,,,220127_F4_run2,82,unstable,58
1,,0.0,c-GC-star,0,0,7,,,,220127_F4_run2,82,stable,59
2,,0.16666666666666666,c-GC-star,1,0,6,,,,220127_F4_run2,82,unstable,60
1,,0.0,c-GC-star,0,0,7,,,,220127_F4_run2,82,stable,61
1,,0.0,c-GC-star,0,0,7,,,,220127_F4_run2,82,stable,62
5,6.0,0.3333333333333333,c-GC-star,1,1,1,,,,220127_F4_run2,82,unstable,63
2,,0.16666666666666666,c-GC-star,1,0,6,,,,220127_F4_run2,82,unstable,72
2,,0.16666666666666666,c-GC-star,1,0,6,,,,220127_F4_run2,82,unstable,73
6,7.0,0.3333333333333333,c-GC-star,1,1,1,,,,220127_F4_run2,82,unstable,74
1,,0.0,c-GC-star,0,0,7,,,,220127_F4_run2,82,stable,78
1,5.0,0.5,c-GC-star,1,2,5,,,,220127_F4_run2,82,unstable,81
2,4.0,0.5,c-GC-star,2,1,5,,,,220127_F4_run2,82,unstable,86
1,,0.0,c-GC-star,0,0,7,,,,220127_F4_run2,82,stable,87
1,5.0,0.16666666666666666,c-GC-star,0,1,4,,,,220127_F4_run2,82,lost,88
1,2.0,0.16666666666666666,c-GC-star,0,1,1,,,,220127_F4_run2,83,unstable,12
1,2.0,0.16666666666666666,c-GC-star,0,1,1,,,,220127_F4_run2,83,unstable,17
1,2.0,0.16666666666666666,c-GC-star,0,1,1,,,,220127_F4_run2,83,unstable,33
1,2.0,0.16666666666666666,c-GC-star,0,1,1,,,,220127_F4_run2,83,unstable,55
1,2.0,0.16666666666666666,c-GC-star,0,1,1,,,,220127_F4_run2,83,unstable,66
2,3.0,0.6666666666666666,c-GC-star,2,2,2,,,,220127_F4_run2,84,unstable,3
1,2.0,0.16666666666666666,c-GC-star,0,1,1,,,,220127_F4_run2,84,unstable,4
1,2.0,0.16666666666666666,c-GC-star,0,1,1,,,,220127_F4_run2,84,unstable,26
1,3.0,0.16666666666666666,c-GC-star,0,1,2,,,,220127_F4_run2,84,lost,31
1,2.0,0.16666666666666666,c-GC-star,0,1,1,,,,220127_F4_run2,84,unstable,42
1,2.0,0.16666666666666666,c-GC-star,0,1,1,,,,220127_F4_run2,84,unstable,65
1,6.0,0.16666666666666666,c-GC-star,0,1,5,,,,220127_F4_run2,84,lost,67
1,6.0,0.3333333333333333,c-GC-star,1,1,6,,,,220127_F4_run2,84,unstable,90
1,3.0,0.16666666666666666,c-GC-star,0,1,2,,,,220127_F4_run2,84,lost,91
1,2.0,0.16666666666666666,c-GC-star,0,1,1,,,,220127_F4_run2,86,unstable,1
1,4.0,0.16666666666666666,c-GC-star,0,1,3,,,,220127_F4_run2,87,lost,1
1,7.0,0.16666666666666666,c-GC-star,0,1,6,,,,220127_F4_run2,87,lost,7
1,2.0,0.16666666666666666,c-GC-star,0,1,1,,,,220127_F4_run2,87,unstable,10
1,2.0,0.16666666666666666,c-GC-star,0,1,1,,,,220127_F4_run2,87,unstable,11
1,,0.0,c-GC-star,0,0,7,,,,220127_F4_run2,87,stable,16
2,4.0,0.3333333333333333,c-GC-star,1,1,2,,,,220127_F4_run2,87,unstable,25
1,,0.0,c-GC-star,0,0,7,,,,220127_F4_run2,87,stable,41
1,2.0,0.16666666666666666,c-GC-star,0,1,1,,,,220127_F4_run2,87,unstable,46
1,2.0,0.6666666666666666,c-GC-star,2,2,5,,,,220127_F4_run2,87,unstable,49
1,3.0,0.5,c-GC-star,1,2,3,,,,220127_F4_run2,87,unstable,53
1,7.0,0.16666666666666666,c-GC-star,0,1,6,,,,220127_F4_run2,87,lost,54
1,,0.0,c-GC-star,0,0,7,,,,220127_F4_run2,87,stable,56
1,,0.0,c-GC-star,0,0,7,,,,220127_F4_run2,87,stable,57
1,,0.0,c-GC-star,0,0,7,,,,220127_F4_run2,87,stable,58
4,6.0,0.5,c-GC-star,2,1,3,,,,220127_F4_run2,87,unstable,59
1,2.0,0.16666666666666666,c-GC-star,0,1,1,,,,220127_F4_run2,87,unstable,60
1,,0.0,c-GC-star,0,0,7,,,,220127_F4_run2,87,stable,69
1,,0.0,c-GC-star,0,0,7,,,,220127_F4_run2,87,stable,73
1,,0.0,c-GC-star,0,0,7,,,,220127_F4_run2,87,stable,74
1,,0.0,c-GC-star,0,0,7,,,,220127_F4_run2,87,stable,86
1,,0.0,c-GC-star,0,0,7,,,,220127_F4_run2,87,stable,88
1,2.0,0.16666666666666666,c-GC-star,0,1,1,,,,220127_F4_run2,88,unstable,24
1,2.0,0.16666666666666666,c-GC-star,0,1,1,,,,220127_F4_run2,88,unstable,47
7,,0.16666666666666666,c-GC-star,1,0,1,,,,220127_F4_run2,88,novel,51
4,5.0,0.6666666666666666,c-GC-star,2,2,2,,,,220127_F4_run2,88,unstable,78
1,4.0,0.16666666666666666,c-GC-star,0,1,3,,,,220127_F4_run2,89,lost,4
1,2.0,0.3333333333333333,c-GC-star,1,1,6,,,,220127_F4_run2,89,unstable,6
1,,0.0,c-GC-star,0,0,7,,,,220127_F4_run2,89,stable,39
3,,0.16666666666666666,c-GC-star,1,0,5,,,,220127_F4_run2,89,unstable,48
2,,0.16666666666666666,c-GC-star,1,0,6,,,,220127_F4_run2,89,unstable,52
3,4.0,0.5,c-GC-star,2,1,2,,,,220127_F4_run2,89,unstable,56
1,2.0,0.6666666666666666,c-GC-star,2,2,5,,,,220127_F4_run2,89,unstable,59
2,6.0,0.3333333333333333,c-GC-star,1,1,4,,,,220127_F4_run2,89,unstable,60
2,4.0,0.3333333333333333,c-GC-star,1,1,2,,,,220127_F4_run2,89,unstable,72
1,3.0,0.3333333333333333,c-GC-star,1,1,3,,,,220127_F4_run2,89,unstable,73
1,,0.0,c-GC-star,0,0,7,,,,220127_F4_run2,89,stable,90
1,,0.0,c-GC-star,0,0,7,,,,220127_F4_run2,90,stable,3
2,,0.16666666666666666,c-GC-star,1,0,6,,,,220127_F4_run2,90,unstable,4
2,,0.16666666666666666,c-GC-star,1,0,6,,,,220127_F4_run2,90,unstable,6
2,,0.16666666666666666,c-GC-star,1,0,6,,,,220127_F4_run2,90,unstable,9
1,,0.0,c-GC-star,0,0,7,,,,220127_F4_run2,90,stable,18
1,,0.0,c-GC-star,0,0,7,,,,220127_F4_run2,90,stable,30
3,,0.16666666666666666,c-GC-star,1,0,5,,,,220127_F4_run2,90,unstable,33
2,,0.16666666666666666,c-GC-star,1,0,6,,,,220127_F4_run2,90,unstable,35
1,,0.0,c-GC-star,0,0,7,,,,220127_F4_run2,90,stable,39
1,2.0,0.16666666666666666,c-GC-star,0,1,1,,,,220127_F4_run2,90,unstable,47
2,,0.16666666666666666,c-GC-star,1,0,6,,,,220127_F4_run2,90,unstable,52
1,2.0,0.16666666666666666,c-GC-star,0,1,1,,,,220127_F4_run2,90,unstable,55
1,,0.0,c-GC-star,0,0,7,,,,220127_F4_run2,90,stable,65
3,4.0,0.3333333333333333,c-GC-star,1,1,1,,,,220127_F4_run2,90,unstable,66
1,,0.0,c-GC-star,0,0,7,,,,220127_F4_run2,90,stable,67
3,4.0,0.5,c-GC-star,2,1,3,,,,220127_F4_run2,90,unstable,68
1,3.0,0.16666666666666666,c-GC-star,0,1,2,,,,220127_F4_run2,90,lost,77
7,,0.16666666666666666,c-GC-star,1,0,1,,,,220127_F4_run2,90,novel,79
1,,0.0,c-GC-star,0,0,7,,,,220127_F4_run2,90,stable,84
1,5.0,0.3333333333333333,c-GC-star,1,1,6,,,,220127_F4_run2,90,unstable,89
1,,0.0,c-GC-star,0,0,7,,,,220127_F4_run2,90,stable,91
3,7.0,0.3333333333333333,c-GC-star,1,1,4,,,,220127_F4_run2,91,unstable,3
1,2.0,0.16666666666666666,c-GC-star,0,1,1,,,,220127_F4_run2,91,unstable,34
1,2.0,0.16666666666666666,c-GC-star,0,1,1,,,,220127_F4_run2,91,unstable,89
1,3.0,0.3333333333333333,c-GC-star,1,1,6,,,,220210_F1_run6,0,unstable,2
1,2.0,0.16666666666666666,c-GC-star,0,1,1,,,,220210_F1_run6,0,unstable,4
1,,0.0,c-GC-star,0,0,7,,,,220210_F1_run6,0,stable,10
1,,0.0,c-GC-star,0,0,7,,,,220210_F1_run6,0,stable,11
1,2.0,0.16666666666666666,c-GC-star,0,1,1,,,,220210_F1_run6,0,unstable,13
1,2.0,0.16666666666666666,c-GC-star,0,1,1,,,,220210_F1_run6,0,unstable,18
1,4.0,0.16666666666666666,c-GC-star,0,1,3,,,,220210_F1_run6,0,lost,20
1,3.0,0.3333333333333333,c-GC-star,1,1,3,,,,220210_F1_run6,0,unstable,22
1,4.0,0.6666666666666666,c-GC-star,2,2,5,,,,220210_F1_run6,0,unstable,33
5,6.0,0.3333333333333333,c-GC-star,1,1,1,,,,220210_F1_run6,0,unstable,40
1,2.0,0.16666666666666666,c-GC-star,0,1,1,,,,220210_F1_run6,0,unstable,41
7,,0.16666666666666666,c-GC-star,1,0,1,,,,220210_F1_run6,0,novel,54
3,4.0,0.6666666666666666,c-GC-star,2,2,2,,,,220210_F1_run6,0,unstable,65
2,,0.16666666666666666,c-GC-star,1,0,6,,,,220210_F1_run6,0,unstable,75
2,4.0,0.3333333333333333,c-GC-star,1,1,2,,,,220210_F1_run6,0,unstable,78
1,2.0,0.16666666666666666,c-GC-star,0,1,1,,,,220210_F1_run6,0,unstable,84
1,2.0,0.16666666666666666,c-GC-star,0,1,1,,,,220210_F1_run6,0,unstable,102
1,2.0,0.16666666666666666,c-GC-star,0,1,1,,,,220210_F1_run6,0,unstable,108
1,2.0,0.16666666666666666,c-GC-star,0,1,1,,,,220210_F1_run6,0,unstable,112
1,,0.0,c-GC-star,0,0,7,,,,220210_F1_run6,0,stable,126
3,4.0,0.3333333333333333,c-GC-star,1,1,1,,,,220210_F1_run6,1,unstable,11
1,2.0,0.16666666666666666,c-GC-star,0,1,1,,,,220210_F1_run6,1,unstable,29
3,4.0,0.3333333333333333,c-GC-star,1,1,1,,,,220210_F1_run6,1,unstable,101
1,2.0,0.16666666666666666,c-GC-star,0,1,1,,,,220210_F1_run6,1,unstable,106
1,2.0,0.16666666666666666,c-GC-star,0,1,1,,,,220210_F1_run6,1,unstable,107
1,2.0,0.16666666666666666,c-GC-star,0,1,1,,,,220210_F1_run6,1,unstable,123
1,,0.0,c-GC-star,0,0,7,,,,220210_F1_run6,2,stable,4
1,4.0,0.5,c-GC-star,1,2,4,,,,220210_F1_run6,2,unstable,10
1,,0.0,c-GC-star,0,0,7,,,,220210_F1_run6,2,stable,11
1,2.0,0.16666666666666666,c-GC-star,0,1,1,,,,220210_F1_run6,2,unstable,15
1,,0.0,c-GC-star,0,0,7,,,,220210_F1_run6,2,stable,16
1,,0.0,c-GC-star,0,0,7,,,,220210_F1_run6,2,stable,17
1,3.0,0.3333333333333333,c-GC-star,1,1,6,,,,220210_F1_run6,2,unstable,19
1,,0.0,c-GC-star,0,0,7,,,,220210_F1_run6,2,stable,22
1,,0.0,c-GC-star,0,0,7,,,,220210_F1_run6,2,stable,25
1,2.0,0.16666666666666666,c-GC-star,0,1,1,,,,220210_F1_run6,2,unstable,29
1,3.0,0.16666666666666666,c-GC-star,0,1,2,,,,220210_F1_run6,2,lost,32
1,3.0,0.16666666666666666,c-GC-star,0,1,2,,,,220210_F1_run6,2,lost,48
7,,0.16666666666666666,c-GC-star,1,0,1,,,,220210_F1_run6,2,novel,49
1,,0.0,c-GC-star,0,0,7,,,,220210_F1_run6,2,stable,65
1,3.0,0.16666666666666666,c-GC-star,0,1,2,,,,220210_F1_run6,2,lost,66
3,4.0,0.3333333333333333,c-GC-star,1,1,1,,,,220210_F1_run6,2,unstable,67
1,2.0,0.16666666666666666,c-GC-star,0,1,1,,,,220210_F1_run6,2,unstable,70
1,2.0,0.16666666666666666,c-GC-star,0,1,1,,,,220210_F1_run6,2,unstable,83
2,,0.16666666666666666,c-GC-star,1,0,6,,,,220210_F1_run6,2,unstable,114
1,2.0,0.16666666666666666,c-GC-star,0,1,1,,,,220210_F1_run6,2,unstable,115
1,,0.0,c-GC-star,0,0,7,,,,220210_F1_run6,2,stable,126
1,2.0,0.16666666666666666,c-GC-star,0,1,1,,,,220210_F1_run6,2,unstable,129
1,2.0,0.16666666666666666,c-GC-star,0,1,1,,,,220210_F1_run6,3,unstable,13
1,2.0,0.16666666666666666,c-GC-star,0,1,1,,,,220210_F1_run6,3,unstable,42
1,2.0,0.16666666666666666,c-GC-star,0,1,1,,,,220210_F1_run6,3,unstable,64
2,3.0,0.6666666666666666,c-GC-star,2,2,3,,,,220210_F1_run6,3,unstable,82
1,2.0,0.16666666666666666,c-GC-star,0,1,1,,,,220210_F1_run6,3,unstable,106
2,,0.16666666666666666,c-GC-star,1,0,6,,,,220210_F1_run6,4,unstable,2
1,3.0,0.3333333333333333,c-GC-star,1,1,6,,,,220210_F1_run6,4,unstable,10
1,,0.0,c-GC-star,0,0,7,,,,220210_F1_run6,4,stable,11
1,,0.0,c-GC-star,0,0,7,,,,220210_F1_run6,4,stable,16
1,3.0,0.16666666666666666,c-GC-star,0,1,2,,,,220210_F1_run6,4,lost,18
1,2.0,0.8333333333333334,c-GC-star,2,3,4,,,,220210_F1_run6,4,unstable,20
1,,0.0,c-GC-star,0,0,7,,,,220210_F1_run6,4,stable,22
1,2.0,0.16666666666666666,c-GC-star,0,1,1,,,,220210_F1_run6,4,unstable,25
2,3.0,0.6666666666666666,c-GC-star,2,2,2,,,,220210_F1_run6,4,unstable,29
1,2.0,0.3333333333333333,c-GC-star,1,1,3,,,,220210_F1_run6,4,unstable,32
1,,0.0,c-GC-star,0,0,7,,,,220210_F1_run6,4,stable,65
7,,0.16666666666666666,c-GC-star,1,0,1,,,,220210_F1_run6,4,novel,66
2,,0.16666666666666666,c-GC-star,1,0,6,,,,220210_F1_run6,4,unstable,67
1,2.0,0.16666666666666666,c-GC-star,0,1,1,,,,220210_F1_run6,4,unstable,71
1,2.0,0.3333333333333333,c-GC-star,1,1,5,,,,220210_F1_run6,4,unstable,90
1,2.0,0.16666666666666666,c-GC-star,0,1,1,,,,220210_F1_run6,4,unstable,115
1,3.0,0.16666666666666666,c-GC-star,0,1,2,,,,220210_F1_run6,4,lost,126
1,,0.0,c-GC-star,0,0,7,,,,220210_F1_run6,5,stable,7
2,5.0,0.3333333333333333,c-GC-star,1,1,3,,,,220210_F1_run6,5,unstable,8
6,,0.16666666666666666,c-GC-star,1,0,2,,,,220210_F1_run6,5,unstable,15
2,3.0,0.3333333333333333,c-GC-star,1,1,1,,,,220210_F1_run6,5,unstable,21
3,,0.16666666666666666,c-GC-star,1,0,5,,,,220210_F1_run6,5,unstable,35
1,,0.0,c-GC-star,0,0,7,,,,220210_F1_run6,5,stable,50
2,,0.16666666666666666,c-GC-star,1,0,6,,,,220210_F1_run6,5,unstable,64
1,3.0,0.16666666666666666,c-GC-star,0,1,2,,,,220210_F1_run6,5,lost,67
1,5.0,0.3333333333333333,c-GC-star,1,1,6,,,,220210_F1_run6,5,unstable,70
3,7.0,0.3333333333333333,c-GC-star,1,1,4,,,,220210_F1_run6,5,unstable,74
3,,0.16666666666666666,c-GC-star,1,0,5,,,,220210_F1_run6,5,unstable,76
5,7.0,0.3333333333333333,c-GC-star,1,1,2,,,,220210_F1_run6,5,unstable,78
6,7.0,0.3333333333333333,c-GC-star,1,1,1,,,,220210_F1_run6,5,unstable,79
4,5.0,0.3333333333333333,c-GC-star,1,1,1,,,,220210_F1_run6,5,unstable,82
1,2.0,0.16666666666666666,c-GC-star,0,1,1,,,,220210_F1_run6,5,unstable,94
2,3.0,0.3333333333333333,c-GC-star,1,1,1,,,,220210_F1_run6,5,unstable,106
6,7.0,0.3333333333333333,c-GC-star,1,1,1,,,,220210_F1_run6,5,unstable,109
1,,0.0,c-GC-star,0,0,7,,,,220210_F1_run6,5,stable,124
6,7.0,0.3333333333333333,c-GC-star,1,1,1,,,,220210_F1_run6,6,unstable,5
1,3.0,0.3333333333333333,c-GC-star,1,1,6,,,,220210_F1_run6,6,unstable,27
4,,0.16666666666666666,c-GC-star,1,0,4,,,,220210_F1_run6,6,unstable,46
1,2.0,0.5,c-GC-star,1,2,2,,,,220210_F1_run6,6,unstable,62
4,5.0,0.3333333333333333,c-GC-star,1,1,1,,,,220210_F1_run6,6,unstable,70
3,,0.16666666666666666,c-GC-star,1,0,5,,,,220210_F1_run6,6,unstable,86
1,2.0,0.3333333333333333,c-GC-star,1,1,6,,,,220210_F1_run6,6,unstable,99
7,,0.16666666666666666,c-GC-star,1,0,1,,,,220210_F1_run6,6,novel,104
3,7.0,0.3333333333333333,c-GC-star,1,1,4,,,,220210_F1_run6,6,unstable,106
2,,0.16666666666666666,c-GC-star,1,0,6,,,,220210_F1_run6,6,unstable,113
1,2.0,0.3333333333333333,c-GC-star,1,1,2,,,,220210_F1_run6,7,unstable,1
1,2.0,0.16666666666666666,c-GC-star,0,1,1,,,,220210_F1_run6,7,unstable,4
1,4.0,0.3333333333333333,c-GC-star,1,1,6,,,,220210_F1_run6,7,unstable,5
1,,0.0,c-GC-star,0,0,7,,,,220210_F1_run6,7,stable,8
1,2.0,0.16666666666666666,c-GC-star,0,1,1,,,,220210_F1_run6,7,unstable,15
1,2.0,0.16666666666666666,c-GC-star,0,1,1,,,,220210_F1_run6,7,unstable,17
7,,0.16666666666666666,c-GC-star,1,0,1,,,,220210_F1_run6,7,novel,23
1,5.0,0.3333333333333333,c-GC-star,1,1,6,,,,220210_F1_run6,7,unstable,32
1,2.0,0.16666666666666666,c-GC-star,0,1,1,,,,220210_F1_run6,7,unstable,42
1,2.0,0.3333333333333333,c-GC-star,1,1,6,,,,220210_F1_run6,7,unstable,54
1,3.0,0.3333333333333333,c-GC-star,1,1,6,,,,220210_F1_run6,7,unstable,58
4,,0.16666666666666666,c-GC-star,1,0,4,,,,220210_F1_run6,7,unstable,59
1,2.0,0.16666666666666666,c-GC-star,0,1,1,,,,220210_F1_run6,7,unstable,60
1,2.0,0.16666666666666666,c-GC-star,0,1,1,,,,220210_F1_run6,7,unstable,75
1,2.0,0.16666666666666666,c-GC-star,0,1,1,,,,220210_F1_run6,7,unstable,78
1,2.0,0.16666666666666666,c-GC-star,0,1,1,,,,220210_F1_run6,7,unstable,84
1,2.0,0.16666666666666666,c-GC-star,0,1,1,,,,220210_F1_run6,7,unstable,89
1,2.0,0.3333333333333333,c-GC-star,1,1,2,,,,220210_F1_run6,7,unstable,110
1,2.0,0.16666666666666666,c-GC-star,0,1,1,,,,220210_F1_run6,7,unstable,120
4,5.0,0.3333333333333333,c-GC-star,1,1,1,,,,220210_F1_run6,7,unstable,124
1,2.0,0.16666666666666666,c-GC-star,0,1,1,,,,220210_F1_run6,7,unstable,128
1,,0.0,c-GC-star,0,0,7,,,,220210_F1_run6,8,stable,6
1,3.0,0.16666666666666666,c-GC-star,0,1,2,,,,220210_F1_run6,8,lost,7
1,2.0,0.3333333333333333,c-GC-star,1,1,2,,,,220210_F1_run6,8,unstable,9
7,,0.16666666666666666,c-GC-star,1,0,1,,,,220210_F1_run6,8,novel,15
1,7.0,0.16666666666666666,c-GC-star,0,1,6,,,,220210_F1_run6,8,lost,27
1,4.0,0.6666666666666666,c-GC-star,2,2,5,,,,220210_F1_run6,8,unstable,33
2,3.0,0.3333333333333333,c-GC-star,1,1,1,,,,220210_F1_run6,8,unstable,34
2,,0.16666666666666666,c-GC-star,1,0,6,,,,220210_F1_run6,8,unstable,37
2,3.0,0.3333333333333333,c-GC-star,1,1,1,,,,220210_F1_run6,8,unstable,38
1,3.0,0.5,c-GC-star,1,2,3,,,,220210_F1_run6,8,unstable,43
2,3.0,0.3333333333333333,c-GC-star,1,1,1,,,,220210_F1_run6,8,unstable,50
1,5.0,0.3333333333333333,c-GC-star,1,1,6,,,,220210_F1_run6,8,unstable,59
2,3.0,0.5,c-GC-star,2,1,5,,,,220210_F1_run6,8,unstable,60
2,,0.16666666666666666,c-GC-star,1,0,6,,,,220210_F1_run6,8,unstable,66
2,4.0,0.3333333333333333,c-GC-star,1,1,2,,,,220210_F1_run6,8,unstable,70
2,,0.16666666666666666,c-GC-star,1,0,6,,,,220210_F1_run6,8,unstable,80
3,4.0,0.5,c-GC-star,2,1,3,,,,220210_F1_run6,8,unstable,89
1,3.0,0.16666666666666666,c-GC-star,0,1,2,,,,220210_F1_run6,8,lost,93
1,,0.0,c-GC-star,0,0,7,,,,220210_F1_run6,8,stable,94
2,3.0,0.3333333333333333,c-GC-star,1,1,1,,,,220210_F1_run6,8,unstable,100
1,3.0,0.16666666666666666,c-GC-star,0,1,2,,,,220210_F1_run6,8,lost,101
2,3.0,0.3333333333333333,c-GC-star,1,1,1,,,,220210_F1_run6,8,unstable,102
2,,0.16666666666666666,c-GC-star,1,0,6,,,,220210_F1_run6,8,unstable,104
4,5.0,0.6666666666666666,c-GC-star,2,2,2,,,,220210_F1_run6,8,unstable,110
5,7.0,0.3333333333333333,c-GC-star,1,1,2,,,,220210_F1_run6,8,unstable,121
2,3.0,0.8333333333333334,c-GC-star,3,2,4,,,,220210_F1_run6,8,unstable,122
2,3.0,0.8333333333333334,c-GC-star,3,2,3,,,,220210_F1_run6,8,unstable,126
1,2.0,0.16666666666666666,c-GC-star,0,1,1,,,,220210_F1_run6,8,unstable,129
1,3.0,0.16666666666666666,c-GC-star,0,1,2,,,,220210_F1_run6,9,lost,17
1,5.0,0.16666666666666666,c-GC-star,0,1,4,,,,220210_F1_run6,9,lost,26
6,,0.16666666666666666,c-GC-star,1,0,2,,,,220210_F1_run6,9,unstable,39
6,,0.16666666666666666,c-GC-star,1,0,2,,,,220210_F1_run6,9,unstable,70
1,5.0,0.16666666666666666,c-GC-star,0,1,4,,,,220210_F1_run6,9,lost,72
1,,0.0,c-GC-star,0,0,7,,,,220210_F1_run6,9,stable,77
1,2.0,0.16666666666666666,c-GC-star,0,1,1,,,,220210_F1_run6,9,unstable,111
1,2.0,0.16666666666666666,c-GC-star,0,1,1,,,,220210_F1_run6,9,unstable,123
1,2.0,0.16666666666666666,c-GC-star,0,1,1,,,,220210_F1_run6,9,unstable,126
1,3.0,0.16666666666666666,c-GC-star,0,1,2,,,,220210_F1_run6,10,lost,11
1,3.0,0.16666666666666666,c-GC-star,0,1,2,,,,220210_F1_run6,10,lost,20
1,,0.0,c-GC-star,0,0,7,,,,220210_F1_run6,10,stable,25
1,2.0,0.16666666666666666,c-GC-star,0,1,1,,,,220210_F1_run6,10,unstable,62
6,,0.16666666666666666,c-GC-star,1,0,2,,,,220210_F1_run6,10,unstable,66
1,2.0,0.16666666666666666,c-GC-star,0,1,1,,,,220210_F1_run6,10,unstable,68
3,4.0,0.3333333333333333,c-GC-star,1,1,1,,,,220210_F1_run6,10,unstable,72
1,,0.0,c-GC-star,0,0,7,,,,220210_F1_run6,10,stable,82
1,2.0,0.16666666666666666,c-GC-star,0,1,1,,,,220210_F1_run6,10,unstable,85
1,2.0,0.16666666666666666,c-GC-star,0,1,1,,,,220210_F1_run6,11,unstable,4
2,,0.16666666666666666,c-GC-star,1,0,6,,,,220210_F1_run6,11,unstable,75
1,7.0,0.16666666666666666,c-GC-star,0,1,6,,,,220210_F1_run6,11,lost,85
5,6.0,0.3333333333333333,c-GC-star,1,1,1,,,,220210_F1_run6,11,unstable,95
1,2.0,0.5,c-GC-star,1,2,2,,,,220210_F1_run6,11,unstable,115
5,6.0,0.3333333333333333,c-GC-star,1,1,1,,,,220210_F1_run6,12,unstable,5
1,2.0,0.3333333333333333,c-GC-star,1,1,6,,,,220210_F1_run6,12,unstable,6
1,2.0,0.16666666666666666,c-GC-star,0,1,1,,,,220210_F1_run6,12,unstable,19
1,3.0,0.3333333333333333,c-GC-star,1,1,4,,,,220210_F1_run6,12,unstable,21
1,,0.0,c-GC-star,0,0,7,,,,220210_F1_run6,12,stable,23
1,2.0,0.16666666666666666,c-GC-star,0,1,1,,,,220210_F1_run6,12,unstable,34
1,3.0,0.6666666666666666,c-GC-star,2,2,5,,,,220210_F1_run6,12,unstable,35
1,3.0,0.3333333333333333,c-GC-star,1,1,6,,,,220210_F1_run6,12,unstable,53
1,2.0,0.3333333333333333,c-GC-star,1,1,4,,,,220210_F1_run6,12,unstable,70
6,7.0,0.3333333333333333,c-GC-star,1,1,1,,,,220210_F1_run6,12,unstable,80
1,3.0,0.3333333333333333,c-GC-star,1,1,6,,,,220210_F1_run6,12,unstable,86
4,,0.16666666666666666,c-GC-star,1,0,4,,,,220210_F1_run6,12,unstable,96
1,3.0,0.3333333333333333,c-GC-star,1,1,6,,,,220210_F1_run6,12,unstable,106
7,,0.16666666666666666,c-GC-star,1,0,1,,,,220210_F1_run6,12,novel,115
4,6.0,0.5,c-GC-star,2,1,3,,,,220210_F1_run6,12,unstable,118
1,3.0,0.5,c-GC-star,1,2,5,,,,220210_F1_run6,12,unstable,120
1,2.0,0.3333333333333333,c-GC-star,1,1,4,,,,220210_F1_run6,12,unstable,124
6,,0.16666666666666666,c-GC-star,1,0,2,,,,220210_F1_run6,12,unstable,126
1,3.0,0.16666666666666666,c-GC-star,0,1,2,,,,220210_F1_run6,13,lost,3
1,2.0,0.16666666666666666,c-GC-star,0,1,1,,,,220210_F1_run6,13,unstable,4
1,2.0,0.16666666666666666,c-GC-star,0,1,1,,,,220210_F1_run6,13,unstable,9
1,2.0,0.16666666666666666,c-GC-star,0,1,1,,,,220210_F1_run6,13,unstable,17
1,4.0,0.3333333333333333,c-GC-star,1,1,6,,,,220210_F1_run6,13,unstable,24
1,2.0,0.16666666666666666,c-GC-star,0,1,1,,,,220210_F1_run6,14,unstable,24
1,2.0,0.16666666666666666,c-GC-star,0,1,1,,,,220210_F1_run6,14,unstable,43
1,3.0,0.16666666666666666,c-GC-star,0,1,2,,,,220210_F1_run6,14,lost,44
3,,0.16666666666666666,c-GC-star,1,0,5,,,,220210_F1_run6,14,unstable,55
6,7.0,0.3333333333333333,c-GC-star,1,1,1,,,,220210_F1_run6,14,unstable,73
1,2.0,0.5,c-GC-star,1,2,2,,,,220210_F1_run6,15,unstable,7
2,3.0,0.3333333333333333,c-GC-star,1,1,1,,,,220210_F1_run6,15,unstable,13
1,2.0,0.16666666666666666,c-GC-star,0,1,1,,,,220210_F1_run6,15,unstable,27
1,,0.0,c-GC-star,0,0,7,,,,220210_F1_run6,15,stable,29
3,,0.16666666666666666,c-GC-star,1,0,5,,,,220210_F1_run6,15,unstable,30
6,,0.16666666666666666,c-GC-star,1,0,2,,,,220210_F1_run6,15,unstable,35
3,5.0,0.3333333333333333,c-GC-star,1,1,2,,,,220210_F1_run6,15,unstable,37
2,3.0,0.5,c-GC-star,2,1,3,,,,220210_F1_run6,15,unstable,38
1,5.0,0.3333333333333333,c-GC-star,1,1,6,,,,220210_F1_run6,15,unstable,71
1,2.0,0.3333333333333333,c-GC-star,1,1,6,,,,220210_F1_run6,15,unstable,77
6,,0.16666666666666666,c-GC-star,1,0,2,,,,220210_F1_run6,15,unstable,78
1,7.0,0.16666666666666666,c-GC-star,0,1,6,,,,220210_F1_run6,15,lost,83
3,4.0,0.3333333333333333,c-GC-star,1,1,1,,,,220210_F1_run6,15,unstable,102
1,2.0,0.16666666666666666,c-GC-star,0,1,1,,,,220210_F1_run6,15,unstable,103
1,2.0,0.16666666666666666,c-GC-star,0,1,1,,,,220210_F1_run6,15,unstable,105
1,2.0,0.16666666666666666,c-GC-star,0,1,1,,,,220210_F1_run6,15,unstable,121
1,2.0,0.16666666666666666,c-GC-star,0,1,1,,,,220210_F1_run6,16,unstable,0
1,,0.0,c-GC-star,0,0,7,,,,220210_F1_run6,16,stable,2
1,3.0,0.16666666666666666,c-GC-star,0,1,2,,,,220210_F1_run6,16,lost,4
1,3.0,0.3333333333333333,c-GC-star,1,1,6,,,,220210_F1_run6,16,unstable,18
1,3.0,0.3333333333333333,c-GC-star,1,1,3,,,,220210_F1_run6,16,unstable,20
1,2.0,0.6666666666666666,c-GC-star,2,2,3,,,,220210_F1_run6,16,unstable,25
6,7.0,0.3333333333333333,c-GC-star,1,1,1,,,,220210_F1_run6,16,unstable,31
1,,0.0,c-GC-star,0,0,7,,,,220210_F1_run6,16,stable,65
1,2.0,0.16666666666666666,c-GC-star,0,1,1,,,,220210_F1_run6,16,unstable,68
1,2.0,0.16666666666666666,c-GC-star,0,1,1,,,,220210_F1_run6,16,unstable,71
1,2.0,0.16666666666666666,c-GC-star,0,1,1,,,,220210_F1_run6,16,unstable,82
7,,0.16666666666666666,c-GC-star,1,0,1,,,,220210_F1_run6,16,novel,88
4,5.0,0.5,c-GC-star,2,1,2,,,,220210_F1_run6,16,unstable,102
1,2.0,0.16666666666666666,c-GC-star,0,1,1,,,,220210_F1_run6,16,unstable,119
1,,0.0,c-GC-star,0,0,7,,,,220210_F1_run6,17,stable,0
1,,0.0,c-GC-star,0,0,7,,,,220210_F1_run6,17,stable,2
1,,0.0,c-GC-star,0,0,7,,,,220210_F1_run6,17,stable,6
1,2.0,0.16666666666666666,c-GC-star,0,1,1,,,,220210_F1_run6,17,unstable,7
1,2.0,0.16666666666666666,c-GC-star,0,1,1,,,,220210_F1_run6,17,unstable,10
3,4.0,0.6666666666666666,c-GC-star,2,2,3,,,,220210_F1_run6,17,unstable,11
1,6.0,0.16666666666666666,c-GC-star,0,1,5,,,,220210_F1_run6,17,lost,22
1,,0.0,c-GC-star,0,0,7,,,,220210_F1_run6,17,stable,24
1,,0.0,c-GC-star,0,0,7,,,,220210_F1_run6,17,stable,29
1,2.0,0.16666666666666666,c-GC-star,0,1,1,,,,220210_F1_run6,17,unstable,34
1,4.0,0.16666666666666666,c-GC-star,0,1,3,,,,220210_F1_run6,17,lost,41
2,4.0,0.3333333333333333,c-GC-star,1,1,2,,,,220210_F1_run6,17,unstable,46
1,2.0,0.16666666666666666,c-GC-star,0,1,1,,,,220210_F1_run6,17,unstable,48
1,2.0,0.16666666666666666,c-GC-star,0,1,1,,,,220210_F1_run6,17,unstable,50
1,2.0,0.16666666666666666,c-GC-star,0,1,1,,,,220210_F1_run6,17,unstable,53
1,3.0,0.3333333333333333,c-GC-star,1,1,6,,,,220210_F1_run6,17,unstable,62
1,2.0,0.16666666666666666,c-GC-star,0,1,1,,,,220210_F1_run6,17,unstable,65
1,2.0,0.16666666666666666,c-GC-star,0,1,1,,,,220210_F1_run6,17,unstable,66
1,2.0,0.16666666666666666,c-GC-star,0,1,1,,,,220210_F1_run6,17,unstable,78
1,2.0,0.16666666666666666,c-GC-star,0,1,1,,,,220210_F1_run6,17,unstable,90
1,3.0,0.16666666666666666,c-GC-star,0,1,2,,,,220210_F1_run6,17,lost,97
1,5.0,0.16666666666666666,c-GC-star,0,1,4,,,,220210_F1_run6,17,lost,100
1,2.0,0.16666666666666666,c-GC-star,0,1,1,,,,220210_F1_run6,17,unstable,110
1,2.0,0.16666666666666666,c-GC-star,0,1,1,,,,220210_F1_run6,17,unstable,119
1,2.0,0.16666666666666666,c-GC-star,0,1,1,,,,220210_F1_run6,17,unstable,121
1,6.0,0.16666666666666666,c-GC-star,0,1,5,,,,220210_F1_run6,17,lost,122
3,6.0,0.3333333333333333,c-GC-star,1,1,3,,,,220210_F1_run6,17,unstable,126
1,2.0,0.16666666666666666,c-GC-star,0,1,1,,,,220210_F1_run6,18,unstable,0
1,2.0,0.16666666666666666,c-GC-star,0,1,1,,,,220210_F1_run6,18,unstable,4
1,2.0,0.5,c-GC-star,1,2,2,,,,220210_F1_run6,18,unstable,9
1,2.0,0.16666666666666666,c-GC-star,0,1,1,,,,220210_F1_run6,18,unstable,16
1,2.0,0.5,c-GC-star,1,2,5,,,,220210_F1_run6,18,unstable,117
1,3.0,0.3333333333333333,c-GC-star,1,1,6,,,,220210_F1_run6,19,unstable,2
1,2.0,0.16666666666666666,c-GC-star,0,1,1,,,,220210_F1_run6,19,unstable,30
1,2.0,0.8333333333333334,c-GC-star,2,3,4,,,,220210_F1_run6,19,unstable,39
1,2.0,0.5,c-GC-star,1,2,4,,,,220210_F1_run6,19,unstable,60
1,3.0,0.3333333333333333,c-GC-star,1,1,6,,,,220210_F1_run6,19,unstable,83
4,5.0,0.5,c-GC-star,2,1,2,,,,220210_F1_run6,19,unstable,93
1,6.0,0.16666666666666666,c-GC-star,0,1,5,,,,220210_F1_run6,20,lost,4
1,7.0,0.16666666666666666,c-GC-star,0,1,6,,,,220210_F1_run6,20,lost,16
1,2.0,0.16666666666666666,c-GC-star,0,1,1,,,,220210_F1_run6,20,unstable,18
1,2.0,0.5,c-GC-star,1,2,2,,,,220210_F1_run6,20,unstable,29
1,,0.0,c-GC-star,0,0,7,,,,220210_F1_run6,20,stable,34
1,2.0,0.16666666666666666,c-GC-star,0,1,1,,,,220210_F1_run6,20,unstable,65
1,2.0,0.16666666666666666,c-GC-star,0,1,1,,,,220210_F1_run6,20,unstable,84
6,,0.16666666666666666,c-GC-star,1,0,2,,,,220210_F1_run6,20,unstable,89
2,3.0,0.5,c-GC-star,2,1,3,,,,220210_F1_run6,20,unstable,97
6,,0.16666666666666666,c-GC-star,1,0,2,,,,220210_F1_run6,20,unstable,104
3,4.0,0.5,c-GC-star,2,1,2,,,,220210_F1_run6,21,unstable,3
2,3.0,0.3333333333333333,c-GC-star,1,1,1,,,,220210_F1_run6,21,unstable,38
5,,0.16666666666666666,c-GC-star,1,0,3,,,,220210_F1_run6,21,unstable,68
3,,0.16666666666666666,c-GC-star,1,0,5,,,,220210_F1_run6,21,unstable,79
1,2.0,0.16666666666666666,c-GC-star,0,1,1,,,,220210_F1_run6,21,unstable,84
1,2.0,0.16666666666666666,c-GC-star,0,1,1,,,,220210_F1_run6,21,unstable,102
1,2.0,0.16666666666666666,c-GC-star,0,1,1,,,,220210_F1_run6,22,unstable,0
1,2.0,0.3333333333333333,c-GC-star,1,1,3,,,,220210_F1_run6,22,unstable,2
1,2.0,0.3333333333333333,c-GC-star,1,1,6,,,,220210_F1_run6,22,unstable,4
2,3.0,0.3333333333333333,c-GC-star,1,1,1,,,,220210_F1_run6,22,unstable,6
5,,0.16666666666666666,c-GC-star,1,0,3,,,,220210_F1_run6,22,unstable,14
1,2.0,0.16666666666666666,c-GC-star,0,1,1,,,,220210_F1_run6,22,unstable,15
1,2.0,0.16666666666666666,c-GC-star,0,1,1,,,,220210_F1_run6,22,unstable,20
2,3.0,0.5,c-GC-star,2,1,4,,,,220210_F1_run6,22,unstable,37
7,,0.16666666666666666,c-GC-star,1,0,1,,,,220210_F1_run6,22,novel,50
3,4.0,0.3333333333333333,c-GC-star,1,1,1,,,,220210_F1_run6,22,unstable,54
3,7.0,0.3333333333333333,c-GC-star,1,1,4,,,,220210_F1_run6,22,unstable,55
3,,0.16666666666666666,c-GC-star,1,0,5,,,,220210_F1_run6,22,unstable,62
6,7.0,0.3333333333333333,c-GC-star,1,1,1,,,,220210_F1_run6,22,unstable,65
5,6.0,0.5,c-GC-star,2,1,2,,,,220210_F1_run6,22,unstable,70
7,,0.16666666666666666,c-GC-star,1,0,1,,,,220210_F1_run6,22,novel,77
1,5.0,0.3333333333333333,c-GC-star,1,1,6,,,,220210_F1_run6,22,unstable,78
4,6.0,0.5,c-GC-star,2,1,3,,,,220210_F1_run6,22,unstable,89
1,2.0,0.6666666666666666,c-GC-star,2,2,4,,,,220210_F1_run6,22,unstable,100
2,3.0,0.5,c-GC-star,2,1,4,,,,220210_F1_run6,22,unstable,103
6,,0.16666666666666666,c-GC-star,1,0,2,,,,220210_F1_run6,22,unstable,111
3,,0.16666666666666666,c-GC-star,1,0,5,,,,220210_F1_run6,22,unstable,119
1,2.0,0.16666666666666666,c-GC-star,0,1,1,,,,220210_F1_run6,23,unstable,10
1,2.0,0.5,c-GC-star,1,2,2,,,,220210_F1_run6,23,unstable,12
5,6.0,0.3333333333333333,c-GC-star,1,1,1,,,,220210_F1_run6,23,unstable,14
1,,0.0,c-GC-star,0,0,7,,,,220210_F1_run6,23,stable,27
1,2.0,0.5,c-GC-star,1,2,2,,,,220210_F1_run6,23,unstable,34
2,,0.16666666666666666,c-GC-star,1,0,6,,,,220210_F1_run6,23,unstable,37
4,5.0,0.5,c-GC-star,2,1,2,,,,220210_F1_run6,23,unstable,38
6,7.0,0.3333333333333333,c-GC-star,1,1,1,,,,220210_F1_run6,23,unstable,39
5,6.0,0.3333333333333333,c-GC-star,1,1,1,,,,220210_F1_run6,23,unstable,45
1,2.0,0.16666666666666666,c-GC-star,0,1,1,,,,220210_F1_run6,23,unstable,50
4,6.0,0.5,c-GC-star,2,1,3,,,,220210_F1_run6,23,unstable,69
1,2.0,0.3333333333333333,c-GC-star,1,1,2,,,,220210_F1_run6,23,unstable,76
1,2.0,0.8333333333333334,c-GC-star,2,3,3,,,,220210_F1_run6,23,unstable,80
1,3.0,0.5,c-GC-star,1,2,3,,,,220210_F1_run6,23,unstable,84
1,2.0,0.3333333333333333,c-GC-star,1,1,3,,,,220210_F1_run6,23,unstable,87
1,2.0,0.16666666666666666,c-GC-star,0,1,1,,,,220210_F1_run6,23,unstable,94
1,7.0,0.16666666666666666,c-GC-star,0,1,6,,,,220210_F1_run6,23,lost,96
6,7.0,0.3333333333333333,c-GC-star,1,1,1,,,,220210_F1_run6,23,unstable,105
6,7.0,0.3333333333333333,c-GC-star,1,1,1,,,,220210_F1_run6,23,unstable,106
3,6.0,0.5,c-GC-star,2,1,4,,,,220210_F1_run6,23,unstable,107
1,2.0,0.16666666666666666,c-GC-star,0,1,1,,,,220210_F1_run6,23,unstable,108
1,3.0,0.6666666666666666,c-GC-star,2,2,4,,,,220210_F1_run6,23,unstable,109
7,,0.16666666666666666,c-GC-star,1,0,1,,,,220210_F1_run6,23,novel,112
6,,0.16666666666666666,c-GC-star,1,0,2,,,,220210_F1_run6,23,unstable,122
1,3.0,0.6666666666666666,c-GC-star,2,2,4,,,,220210_F1_run6,23,unstable,123
1,,0.0,c-GC-star,0,0,7,,,,220210_F1_run6,23,stable,124
6,,0.16666666666666666,c-GC-star,1,0,2,,,,220210_F1_run6,24,unstable,11
1,7.0,0.16666666666666666,c-GC-star,0,1,6,,,,220210_F1_run6,24,lost,13
1,4.0,0.5,c-GC-star,1,2,4,,,,220210_F1_run6,24,unstable,14
1,2.0,0.16666666666666666,c-GC-star,0,1,1,,,,220210_F1_run6,24,unstable,17
3,4.0,0.3333333333333333,c-GC-star,1,1,1,,,,220210_F1_run6,24,unstable,38
6,7.0,0.3333333333333333,c-GC-star,1,1,1,,,,220210_F1_run6,24,unstable,87
1,,0.0,c-GC-star,0,0,7,,,,220210_F1_run6,25,stable,11
7,,0.16666666666666666,c-GC-star,1,0,1,,,,220210_F1_run6,25,novel,19
1,2.0,0.16666666666666666,c-GC-star,0,1,1,,,,220210_F1_run6,25,unstable,34
1,2.0,0.3333333333333333,c-GC-star,1,1,2,,,,220210_F1_run6,25,unstable,37
5,,0.16666666666666666,c-GC-star,1,0,3,,,,220210_F1_run6,25,unstable,38
1,2.0,0.16666666666666666,c-GC-star,0,1,1,,,,220210_F1_run6,25,unstable,44
1,2.0,0.16666666666666666,c-GC-star,0,1,1,,,,220210_F1_run6,25,unstable,53
1,2.0,0.16666666666666666,c-GC-star,0,1,1,,,,220210_F1_run6,25,unstable,70
1,2.0,0.16666666666666666,c-GC-star,0,1,1,,,,220210_F1_run6,25,unstable,83
6,,0.16666666666666666,c-GC-star,1,0,2,,,,220210_F1_run6,25,unstable,124
1,6.0,0.16666666666666666,c-GC-star,0,1,5,,,,220210_F1_run6,26,lost,9
7,,0.16666666666666666,c-GC-star,1,0,1,,,,220210_F1_run6,26,novel,97
1,,0.0,c-GC-star,0,0,7,,,,220210_F1_run6,27,stable,5
1,,0.0,c-GC-star,0,0,7,,,,220210_F1_run6,27,stable,6
1,,0.0,c-GC-star,0,0,7,,,,220210_F1_run6,27,stable,8
5,6.0,0.3333333333333333,c-GC-star,1,1,1,,,,220210_F1_run6,27,unstable,9
1,2.0,0.16666666666666666,c-GC-star,0,1,1,,,,220210_F1_run6,27,unstable,15
6,7.0,0.3333333333333333,c-GC-star,1,1,1,,,,220210_F1_run6,27,unstable,20
1,4.0,0.16666666666666666,c-GC-star,0,1,3,,,,220210_F1_run6,27,lost,21
2,,0.16666666666666666,c-GC-star,1,0,6,,,,220210_F1_run6,27,unstable,23
1,2.0,0.16666666666666666,c-GC-star,0,1,1,,,,220210_F1_run6,27,unstable,25
1,2.0,0.16666666666666666,c-GC-star,0,1,1,,,,220210_F1_run6,27,unstable,29
5,,0.16666666666666666,c-GC-star,1,0,3,,,,220210_F1_run6,27,unstable,34
6,7.0,0.3333333333333333,c-GC-star,1,1,1,,,,220210_F1_run6,27,unstable,35
2,,0.16666666666666666,c-GC-star,1,0,6,,,,220210_F1_run6,27,unstable,37
1,3.0,0.16666666666666666,c-GC-star,0,1,2,,,,220210_F1_run6,27,lost,38
6,,0.16666666666666666,c-GC-star,1,0,2,,,,220210_F1_run6,27,unstable,44
6,7.0,0.3333333333333333,c-GC-star,1,1,1,,,,220210_F1_run6,27,unstable,45
1,2.0,0.16666666666666666,c-GC-star,0,1,1,,,,220210_F1_run6,27,unstable,46
1,3.0,0.16666666666666666,c-GC-star,0,1,2,,,,220210_F1_run6,27,lost,47
1,2.0,0.5,c-GC-star,1,2,4,,,,220210_F1_run6,27,unstable,50
1,2.0,0.16666666666666666,c-GC-star,0,1,1,,,,220210_F1_run6,27,unstable,53
4,5.0,0.3333333333333333,c-GC-star,1,1,1,,,,220210_F1_run6,27,unstable,59
1,2.0,0.3333333333333333,c-GC-star,1,1,6,,,,220210_F1_run6,27,unstable,60
1,3.0,0.3333333333333333,c-GC-star,1,1,6,,,,220210_F1_run6,27,unstable,64
2,,0.16666666666666666,c-GC-star,1,0,6,,,,220210_F1_run6,27,unstable,67
1,,0.0,c-GC-star,0,0,7,,,,220210_F1_run6,27,stable,69
1,,0.0,c-GC-star,0,0,7,,,,220210_F1_run6,27,stable,70
1,2.0,0.16666666666666666,c-GC-star,0,1,1,,,,220210_F1_run6,27,unstable,75
1,3.0,0.16666666666666666,c-GC-star,0,1,2,,,,220210_F1_run6,27,lost,76
1,4.0,0.16666666666666666,c-GC-star,0,1,3,,,,220210_F1_run6,27,lost,89
1,4.0,0.16666666666666666,c-GC-star,0,1,3,,,,220210_F1_run6,27,lost,93
1,3.0,0.5,c-GC-star,1,2,3,,,,220210_F1_run6,27,unstable,98
1,4.0,0.16666666666666666,c-GC-star,0,1,3,,,,220210_F1_run6,27,lost,104
1,6.0,0.3333333333333333,c-GC-star,1,1,6,,,,220210_F1_run6,27,unstable,106
1,2.0,0.16666666666666666,c-GC-star,0,1,1,,,,220210_F1_run6,27,unstable,107
1,2.0,0.16666666666666666,c-GC-star,0,1,1,,,,220210_F1_run6,27,unstable,108
1,2.0,0.16666666666666666,c-GC-star,0,1,1,,,,220210_F1_run6,27,unstable,109
1,2.0,0.5,c-GC-star,1,2,3,,,,220210_F1_run6,27,unstable,121
1,,0.0,c-GC-star,0,0,7,,,,220210_F1_run6,27,stable,124
1,5.0,0.5,c-GC-star,1,2,5,,,,220210_F1_run6,27,unstable,128
5,6.0,0.5,c-GC-star,2,1,2,,,,220210_F1_run6,28,unstable,12
1,2.0,0.16666666666666666,c-GC-star,0,1,1,,,,220210_F1_run6,28,unstable,38
2,3.0,0.3333333333333333,c-GC-star,1,1,1,,,,220210_F1_run6,28,unstable,90
1,3.0,0.6666666666666666,c-GC-star,2,2,5,,,,220210_F1_run6,28,unstable,114
2,3.0,0.3333333333333333,c-GC-star,1,1,1,,,,220210_F1_run6,28,unstable,115
3,5.0,0.3333333333333333,c-GC-star,1,1,2,,,,220210_F1_run6,28,unstable,119
1,,0.0,c-GC-star,0,0,7,,,,220210_F1_run6,29,stable,0
1,2.0,0.16666666666666666,c-GC-star,0,1,1,,,,220210_F1_run6,29,unstable,1
2,6.0,0.5,c-GC-star,2,1,5,,,,220210_F1_run6,29,unstable,2
6,7.0,0.3333333333333333,c-GC-star,1,1,1,,,,220210_F1_run6,29,unstable,4
1,3.0,0.3333333333333333,c-GC-star,1,1,3,,,,220210_F1_run6,29,unstable,10
1,2.0,0.16666666666666666,c-GC-star,0,1,1,,,,220210_F1_run6,29,unstable,11
1,2.0,0.16666666666666666,c-GC-star,0,1,1,,,,220210_F1_run6,29,unstable,17
1,3.0,0.16666666666666666,c-GC-star,0,1,2,,,,220210_F1_run6,29,lost,20
1,4.0,0.3333333333333333,c-GC-star,1,1,6,,,,220210_F1_run6,29,unstable,22
6,,0.16666666666666666,c-GC-star,1,0,2,,,,220210_F1_run6,29,unstable,23
1,2.0,0.16666666666666666,c-GC-star,0,1,1,,,,220210_F1_run6,29,unstable,25
1,2.0,0.16666666666666666,c-GC-star,0,1,1,,,,220210_F1_run6,29,unstable,37
1,3.0,0.16666666666666666,c-GC-star,0,1,2,,,,220210_F1_run6,29,lost,45
1,2.0,0.16666666666666666,c-GC-star,0,1,1,,,,220210_F1_run6,29,unstable,63
1,,0.0,c-GC-star,0,0,7,,,,220210_F1_run6,29,stable,65
1,3.0,0.3333333333333333,c-GC-star,1,1,4,,,,220210_F1_run6,29,unstable,67
1,2.0,0.16666666666666666,c-GC-star,0,1,1,,,,220210_F1_run6,29,unstable,68
1,2.0,0.16666666666666666,c-GC-star,0,1,1,,,,220210_F1_run6,29,unstable,80
1,2.0,0.16666666666666666,c-GC-star,0,1,1,,,,220210_F1_run6,29,unstable,89
1,,0.0,c-GC-star,0,0,7,,,,220210_F1_run6,29,stable,100
6,7.0,0.3333333333333333,c-GC-star,1,1,1,,,,220210_F1_run6,29,unstable,102
1,7.0,0.16666666666666666,c-GC-star,0,1,6,,,,220210_F1_run6,29,lost,103
1,2.0,0.16666666666666666,c-GC-star,0,1,1,,,,220210_F1_run6,29,unstable,108
1,2.0,0.16666666666666666,c-GC-star,0,1,1,,,,220210_F1_run6,29,unstable,112
1,3.0,0.16666666666666666,c-GC-star,0,1,2,,,,220210_F1_run6,29,lost,114
1,3.0,0.16666666666666666,c-GC-star,0,1,2,,,,220210_F1_run6,29,lost,120
1,2.0,0.16666666666666666,c-GC-star,0,1,1,,,,220210_F1_run6,29,unstable,124
1,3.0,0.5,c-GC-star,1,2,4,,,,220210_F1_run6,30,unstable,44
1,2.0,0.6666666666666666,c-GC-star,2,2,5,,,,220210_F1_run6,30,unstable,48
1,6.0,0.16666666666666666,c-GC-star,0,1,5,,,,220210_F1_run6,30,lost,66
1,4.0,0.16666666666666666,c-GC-star,0,1,3,,,,220210_F1_run6,30,lost,67
1,2.0,0.8333333333333334,c-GC-star,2,3,3,,,,220210_F1_run6,30,unstable,68
1,2.0,0.16666666666666666,c-GC-star,0,1,1,,,,220210_F1_run6,30,unstable,76
1,,0.0,c-GC-star,0,0,7,,,,220210_F1_run6,30,stable,87
2,3.0,0.3333333333333333,c-GC-star,1,1,1,,,,220210_F1_run6,30,unstable,101
1,2.0,0.16666666666666666,c-GC-star,0,1,1,,,,220210_F1_run6,30,unstable,103
1,,0.0,c-GC-star,0,0,7,,,,220210_F1_run6,30,stable,107
1,3.0,0.3333333333333333,c-GC-star,1,1,6,,,,220210_F1_run6,30,unstable,119
1,2.0,0.16666666666666666,c-GC-star,0,1,1,,,,220210_F1_run6,31,unstable,50
1,2.0,0.16666666666666666,c-GC-star,0,1,1,,,,220210_F1_run6,31,unstable,82
2,3.0,0.3333333333333333,c-GC-star,1,1,1,,,,220210_F1_run6,31,unstable,101
1,5.0,0.16666666666666666,c-GC-star,0,1,4,,,,220210_F1_run6,31,lost,106
1,2.0,0.16666666666666666,c-GC-star,0,1,1,,,,220210_F1_run6,31,unstable,107
1,2.0,0.16666666666666666,c-GC-star,0,1,1,,,,220210_F1_run6,32,unstable,4
3,,0.16666666666666666,c-GC-star,1,0,5,,,,220210_F1_run6,32,unstable,27
1,2.0,0.16666666666666666,c-GC-star,0,1,1,,,,220210_F1_run6,32,unstable,30
2,,0.16666666666666666,c-GC-star,1,0,6,,,,220210_F1_run6,32,unstable,36
1,6.0,0.16666666666666666,c-GC-star,0,1,5,,,,220210_F1_run6,32,lost,38
1,2.0,0.16666666666666666,c-GC-star,0,1,1,,,,220210_F1_run6,32,unstable,40
1,3.0,0.16666666666666666,c-GC-star,0,1,2,,,,220210_F1_run6,32,lost,43
1,2.0,0.16666666666666666,c-GC-star,0,1,1,,,,220210_F1_run6,32,unstable,53
5,6.0,0.3333333333333333,c-GC-star,1,1,1,,,,220210_F1_run6,32,unstable,54
1,7.0,0.16666666666666666,c-GC-star,0,1,6,,,,220210_F1_run6,32,lost,55
1,3.0,0.16666666666666666,c-GC-star,0,1,2,,,,220210_F1_run6,32,lost,66
1,2.0,0.16666666666666666,c-GC-star,0,1,1,,,,220210_F1_run6,32,unstable,84
1,2.0,0.16666666666666666,c-GC-star,0,1,1,,,,220210_F1_run6,32,unstable,102
7,,0.16666666666666666,c-GC-star,1,0,1,,,,220210_F1_run6,32,novel,127
4,,0.16666666666666666,c-GC-star,1,0,4,,,,220210_F1_run6,32,unstable,129
1,2.0,0.16666666666666666,c-GC-star,0,1,1,,,,220210_F1_run6,33,unstable,26
4,5.0,0.3333333333333333,c-GC-star,1,1,1,,,,220210_F1_run6,33,unstable,34
1,2.0,0.16666666666666666,c-GC-star,0,1,1,,,,220210_F1_run6,33,unstable,88
1,2.0,0.16666666666666666,c-GC-star,0,1,1,,,,220210_F1_run6,34,unstable,27
1,2.0,0.16666666666666666,c-GC-star,0,1,1,,,,220210_F1_run6,34,unstable,54
1,2.0,0.16666666666666666,c-GC-star,0,1,1,,,,220210_F1_run6,34,unstable,58
1,3.0,0.16666666666666666,c-GC-star,0,1,2,,,,220210_F1_run6,34,lost,84
1,2.0,0.16666666666666666,c-GC-star,0,1,1,,,,220210_F1_run6,34,unstable,121
3,,0.16666666666666666,c-GC-star,1,0,5,,,,220210_F1_run6,35,unstable,5
1,2.0,0.3333333333333333,c-GC-star,1,1,2,,,,220210_F1_run6,35,unstable,6
1,2.0,0.16666666666666666,c-GC-star,0,1,1,,,,220210_F1_run6,35,unstable,9
2,3.0,0.3333333333333333,c-GC-star,1,1,1,,,,220210_F1_run6,35,unstable,10
1,,0.0,c-GC-star,0,0,7,,,,220210_F1_run6,35,stable,27
3,4.0,0.3333333333333333,c-GC-star,1,1,1,,,,220210_F1_run6,35,unstable,30
1,4.0,0.16666666666666666,c-GC-star,0,1,3,,,,220210_F1_run6,35,lost,44
3,5.0,0.3333333333333333,c-GC-star,1,1,2,,,,220210_F1_run6,35,unstable,55
3,6.0,0.3333333333333333,c-GC-star,1,1,3,,,,220210_F1_run6,35,unstable,64
2,3.0,0.3333333333333333,c-GC-star,1,1,1,,,,220210_F1_run6,35,unstable,67
2,3.0,0.6666666666666666,c-GC-star,2,2,2,,,,220210_F1_run6,35,unstable,82
3,4.0,0.3333333333333333,c-GC-star,1,1,1,,,,220210_F1_run6,35,unstable,108
1,3.0,0.16666666666666666,c-GC-star,0,1,2,,,,220210_F1_run6,35,lost,113
5,6.0,0.3333333333333333,c-GC-star,1,1,1,,,,220210_F1_run6,36,unstable,12
1,2.0,0.8333333333333334,c-GC-star,2,3,4,,,,220210_F1_run6,36,unstable,27
1,2.0,0.16666666666666666,c-GC-star,0,1,1,,,,220210_F1_run6,36,unstable,42
3,,0.16666666666666666,c-GC-star,1,0,5,,,,220210_F1_run6,36,unstable,53
1,4.0,0.5,c-GC-star,1,2,4,,,,220210_F1_run6,36,unstable,59
1,2.0,0.16666666666666666,c-GC-star,0,1,1,,,,220210_F1_run6,36,unstable,73
3,,0.16666666666666666,c-GC-star,1,0,5,,,,220210_F1_run6,36,unstable,78
1,2.0,0.16666666666666666,c-GC-star,0,1,1,,,,220210_F1_run6,36,unstable,95
1,2.0,0.6666666666666666,c-GC-star,2,2,3,,,,220210_F1_run6,36,unstable,101
4,6.0,0.5,c-GC-star,2,1,3,,,,220210_F1_run6,37,unstable,0
1,2.0,0.16666666666666666,c-GC-star,0,1,1,,,,220210_F1_run6,37,unstable,2
1,,0.0,c-GC-star,0,0,7,,,,220210_F1_run6,37,stable,6
3,4.0,0.6666666666666666,c-GC-star,2,2,2,,,,220210_F1_run6,37,unstable,7
1,,0.0,c-GC-star,0,0,7,,,,220210_F1_run6,37,stable,8
1,4.0,0.5,c-GC-star,1,2,4,,,,220210_F1_run6,37,unstable,20
1,3.0,0.16666666666666666,c-GC-star,0,1,2,,,,220210_F1_run6,37,lost,22
2,,0.16666666666666666,c-GC-star,1,0,6,,,,220210_F1_run6,37,unstable,30
2,,0.16666666666666666,c-GC-star,1,0,6,,,,220210_F1_run6,37,unstable,34
1,,0.0,c-GC-star,0,0,7,,,,220210_F1_run6,37,stable,38
3,,0.16666666666666666,c-GC-star,1,0,5,,,,220210_F1_run6,37,unstable,43
1,2.0,0.16666666666666666,c-GC-star,0,1,1,,,,220210_F1_run6,37,unstable,45
1,2.0,0.16666666666666666,c-GC-star,0,1,1,,,,220210_F1_run6,37,unstable,46
1,,0.0,c-GC-star,0,0,7,,,,220210_F1_run6,37,stable,50
1,2.0,0.16666666666666666,c-GC-star,0,1,1,,,,220210_F1_run6,37,unstable,51
1,,0.0,c-GC-star,0,0,7,,,,220210_F1_run6,37,stable,54
1,3.0,0.3333333333333333,c-GC-star,1,1,6,,,,220210_F1_run6,37,unstable,59
1,2.0,0.16666666666666666,c-GC-star,0,1,1,,,,220210_F1_run6,37,unstable,60
4,5.0,0.3333333333333333,c-GC-star,1,1,1,,,,220210_F1_run6,37,unstable,65
2,,0.16666666666666666,c-GC-star,1,0,6,,,,220210_F1_run6,37,unstable,67
3,,0.16666666666666666,c-GC-star,1,0,5,,,,220210_F1_run6,37,unstable,69
1,,0.0,c-GC-star,0,0,7,,,,220210_F1_run6,37,stable,70
2,,0.16666666666666666,c-GC-star,1,0,6,,,,220210_F1_run6,37,unstable,76
1,,0.0,c-GC-star,0,0,7,,,,220210_F1_run6,37,stable,77
1,,0.0,c-GC-star,0,0,7,,,,220210_F1_run6,37,stable,78
2,,0.16666666666666666,c-GC-star,1,0,6,,,,220210_F1_run6,37,unstable,79
1,3.0,0.3333333333333333,c-GC-star,1,1,6,,,,220210_F1_run6,37,unstable,80
1,,0.0,c-GC-star,0,0,7,,,,220210_F1_run6,37,stable,84
1,,0.0,c-GC-star,0,0,7,,,,220210_F1_run6,37,stable,85
1,5.0,0.3333333333333333,c-GC-star,1,1,5,,,,220210_F1_run6,37,unstable,86
1,,0.0,c-GC-star,0,0,7,,,,220210_F1_run6,37,stable,89
3,,0.16666666666666666,c-GC-star,1,0,5,,,,220210_F1_run6,37,unstable,90
2,6.0,0.5,c-GC-star,2,1,5,,,,220210_F1_run6,37,unstable,93
5,7.0,0.3333333333333333,c-GC-star,1,1,2,,,,220210_F1_run6,37,unstable,94
2,3.0,0.3333333333333333,c-GC-star,1,1,1,,,,220210_F1_run6,37,unstable,98
1,,0.0,c-GC-star,0,0,7,,,,220210_F1_run6,37,stable,100
1,,0.0,c-GC-star,0,0,7,,,,220210_F1_run6,37,stable,106
2,3.0,0.5,c-GC-star,2,1,5,,,,220210_F1_run6,37,unstable,107
5,7.0,0.3333333333333333,c-GC-star,1,1,2,,,,220210_F1_run6,37,unstable,108
2,,0.16666666666666666,c-GC-star,1,0,6,,,,220210_F1_run6,37,unstable,110
1,2.0,0.16666666666666666,c-GC-star,0,1,1,,,,220210_F1_run6,37,unstable,111
1,3.0,0.3333333333333333,c-GC-star,1,1,6,,,,220210_F1_run6,37,unstable,118
2,,0.16666666666666666,c-GC-star,1,0,6,,,,220210_F1_run6,37,unstable,120
2,4.0,0.5,c-GC-star,2,1,5,,,,220210_F1_run6,37,unstable,122
3,6.0,0.3333333333333333,c-GC-star,1,1,3,,,,220210_F1_run6,37,unstable,126
3,4.0,0.3333333333333333,c-GC-star,1,1,1,,,,220210_F1_run6,37,unstable,128
1,3.0,0.16666666666666666,c-GC-star,0,1,2,,,,220210_F1_run6,38,lost,7
1,4.0,0.3333333333333333,c-GC-star,1,1,6,,,,220210_F1_run6,38,unstable,10
2,3.0,0.3333333333333333,c-GC-star,1,1,1,,,,220210_F1_run6,38,unstable,45
1,2.0,0.16666666666666666,c-GC-star,0,1,1,,,,220210_F1_run6,38,unstable,49
1,2.0,0.16666666666666666,c-GC-star,0,1,1,,,,220210_F1_run6,38,unstable,58
4,,0.16666666666666666,c-GC-star,1,0,4,,,,220210_F1_run6,38,unstable,61
1,2.0,0.16666666666666666,c-GC-star,0,1,1,,,,220210_F1_run6,38,unstable,69
3,4.0,0.3333333333333333,c-GC-star,1,1,1,,,,220210_F1_run6,38,unstable,96
1,2.0,0.16666666666666666,c-GC-star,0,1,1,,,,220210_F1_run6,38,unstable,98
1,4.0,0.3333333333333333,c-GC-star,1,1,6,,,,220210_F1_run6,38,unstable,101
1,2.0,0.16666666666666666,c-GC-star,0,1,1,,,,220210_F1_run6,38,unstable,104
1,2.0,0.16666666666666666,c-GC-star,0,1,1,,,,220210_F1_run6,38,unstable,105
4,5.0,0.3333333333333333,c-GC-star,1,1,1,,,,220210_F1_run6,38,unstable,112
1,2.0,0.16666666666666666,c-GC-star,0,1,1,,,,220210_F1_run6,38,unstable,115
4,,0.16666666666666666,c-GC-star,1,0,4,,,,220210_F1_run6,38,unstable,121
1,2.0,0.16666666666666666,c-GC-star,0,1,1,,,,220210_F1_run6,38,unstable,128
1,2.0,0.16666666666666666,c-GC-star,0,1,1,,,,220210_F1_run6,39,unstable,6
1,2.0,0.16666666666666666,c-GC-star,0,1,1,,,,220210_F1_run6,39,unstable,7
4,6.0,0.5,c-GC-star,2,1,3,,,,220210_F1_run6,39,unstable,10
1,6.0,0.16666666666666666,c-GC-star,0,1,5,,,,220210_F1_run6,39,lost,26
1,2.0,0.16666666666666666,c-GC-star,0,1,1,,,,220210_F1_run6,39,unstable,37
1,2.0,0.16666666666666666,c-GC-star,0,1,1,,,,220210_F1_run6,39,unstable,54
1,2.0,0.16666666666666666,c-GC-star,0,1,1,,,,220210_F1_run6,39,unstable,56
1,6.0,0.16666666666666666,c-GC-star,0,1,5,,,,220210_F1_run6,39,lost,58
1,2.0,0.16666666666666666,c-GC-star,0,1,1,,,,220210_F1_run6,39,unstable,64
1,2.0,0.16666666666666666,c-GC-star,0,1,1,,,,220210_F1_run6,39,unstable,69
1,2.0,0.16666666666666666,c-GC-star,0,1,1,,,,220210_F1_run6,39,unstable,70
2,3.0,0.6666666666666666,c-GC-star,2,2,4,,,,220210_F1_run6,39,unstable,75
5,6.0,0.3333333333333333,c-GC-star,1,1,1,,,,220210_F1_run6,39,unstable,77
1,3.0,0.16666666666666666,c-GC-star,0,1,2,,,,220210_F1_run6,39,lost,82
1,2.0,0.16666666666666666,c-GC-star,0,1,1,,,,220210_F1_run6,39,unstable,89
3,,0.16666666666666666,c-GC-star,1,0,5,,,,220210_F1_run6,39,unstable,92
1,2.0,0.16666666666666666,c-GC-star,0,1,1,,,,220210_F1_run6,39,unstable,94
1,,0.0,c-GC-star,0,0,7,,,,220210_F1_run6,39,stable,96
1,2.0,0.6666666666666666,c-GC-star,2,2,5,,,,220210_F1_run6,39,unstable,102
1,2.0,0.16666666666666666,c-GC-star,0,1,1,,,,220210_F1_run6,39,unstable,108
1,2.0,0.16666666666666666,c-GC-star,0,1,1,,,,220210_F1_run6,40,unstable,21
1,2.0,0.16666666666666666,c-GC-star,0,1,1,,,,220210_F1_run6,40,unstable,26
1,3.0,0.16666666666666666,c-GC-star,0,1,2,,,,220210_F1_run6,40,lost,30
4,5.0,0.5,c-GC-star,2,1,3,,,,220210_F1_run6,40,unstable,43
1,5.0,0.3333333333333333,c-GC-star,1,1,6,,,,220210_F1_run6,40,unstable,44
1,5.0,0.5,c-GC-star,1,2,5,,,,220210_F1_run6,40,unstable,67
1,2.0,0.16666666666666666,c-GC-star,0,1,1,,,,220210_F1_run6,40,unstable,69
1,5.0,0.16666666666666666,c-GC-star,0,1,4,,,,220210_F1_run6,40,lost,86
4,5.0,0.3333333333333333,c-GC-star,1,1,1,,,,220210_F1_run6,40,unstable,89
4,6.0,0.3333333333333333,c-GC-star,1,1,2,,,,220210_F1_run6,40,unstable,96
6,7.0,0.3333333333333333,c-GC-star,1,1,1,,,,220210_F1_run6,40,unstable,115
3,,0.16666666666666666,c-GC-star,1,0,5,,,,220210_F1_run6,40,unstable,118
6,,0.16666666666666666,c-GC-star,1,0,2,,,,220210_F1_run6,40,unstable,126
1,2.0,0.16666666666666666,c-GC-star,0,1,1,,,,220210_F1_run6,41,unstable,15
1,2.0,0.16666666666666666,c-GC-star,0,1,1,,,,220210_F1_run6,41,unstable,65
5,6.0,0.3333333333333333,c-GC-star,1,1,1,,,,220210_F1_run6,41,unstable,67
2,3.0,0.3333333333333333,c-GC-star,1,1,1,,,,220210_F1_run6,41,unstable,89
5,,0.16666666666666666,c-GC-star,1,0,3,,,,220210_F1_run6,42,unstable,2
2,3.0,0.5,c-GC-star,2,1,2,,,,220210_F1_run6,42,unstable,4
1,2.0,0.16666666666666666,c-GC-star,0,1,1,,,,220210_F1_run6,42,unstable,70
2,3.0,0.3333333333333333,c-GC-star,1,1,1,,,,220210_F1_run6,42,unstable,86
1,2.0,0.16666666666666666,c-GC-star,0,1,1,,,,220210_F1_run6,42,unstable,87
1,2.0,0.16666666666666666,c-GC-star,0,1,1,,,,220210_F1_run6,42,unstable,101
1,2.0,0.16666666666666666,c-GC-star,0,1,1,,,,220210_F1_run6,42,unstable,108
1,2.0,0.16666666666666666,c-GC-star,0,1,1,,,,220210_F1_run6,42,unstable,129
1,2.0,0.16666666666666666,c-GC-star,0,1,1,,,,220210_F1_run6,43,unstable,4
4,6.0,0.3333333333333333,c-GC-star,1,1,2,,,,220210_F1_run6,43,unstable,5
1,2.0,0.16666666666666666,c-GC-star,0,1,1,,,,220210_F1_run6,43,unstable,59
4,5.0,0.6666666666666666,c-GC-star,2,2,2,,,,220210_F1_run6,43,unstable,76
1,2.0,0.16666666666666666,c-GC-star,0,1,1,,,,220210_F1_run6,43,unstable,84
1,2.0,0.16666666666666666,c-GC-star,0,1,1,,,,220210_F1_run6,43,unstable,89
1,,0.0,c-GC-star,0,0,7,,,,220210_F1_run6,43,stable,99
1,3.0,0.3333333333333333,c-GC-star,1,1,3,,,,220210_F1_run6,43,unstable,107
1,2.0,0.16666666666666666,c-GC-star,0,1,1,,,,220210_F1_run6,43,unstable,110
1,2.0,0.16666666666666666,c-GC-star,0,1,1,,,,220210_F1_run6,44,unstable,0
1,2.0,0.16666666666666666,c-GC-star,0,1,1,,,,220210_F1_run6,44,unstable,4
1,2.0,0.16666666666666666,c-GC-star,0,1,1,,,,220210_F1_run6,44,unstable,6
4,6.0,0.3333333333333333,c-GC-star,1,1,2,,,,220210_F1_run6,44,unstable,8
1,2.0,0.16666666666666666,c-GC-star,0,1,1,,,,220210_F1_run6,44,unstable,28
1,2.0,0.3333333333333333,c-GC-star,1,1,6,,,,220210_F1_run6,44,unstable,29
1,2.0,0.16666666666666666,c-GC-star,0,1,1,,,,220210_F1_run6,44,unstable,30
1,2.0,0.16666666666666666,c-GC-star,0,1,1,,,,220210_F1_run6,44,unstable,37
1,2.0,0.16666666666666666,c-GC-star,0,1,1,,,,220210_F1_run6,44,unstable,38
3,5.0,0.6666666666666666,c-GC-star,2,2,3,,,,220210_F1_run6,44,unstable,40
3,,0.16666666666666666,c-GC-star,1,0,5,,,,220210_F1_run6,44,unstable,42
1,2.0,0.16666666666666666,c-GC-star,0,1,1,,,,220210_F1_run6,44,unstable,48
6,7.0,0.3333333333333333,c-GC-star,1,1,1,,,,220210_F1_run6,44,unstable,58
1,2.0,0.3333333333333333,c-GC-star,1,1,6,,,,220210_F1_run6,44,unstable,60
1,2.0,0.16666666666666666,c-GC-star,0,1,1,,,,220210_F1_run6,44,unstable,65
1,2.0,0.5,c-GC-star,1,2,2,,,,220210_F1_run6,44,unstable,67
1,2.0,0.16666666666666666,c-GC-star,0,1,1,,,,220210_F1_run6,44,unstable,69
1,2.0,0.16666666666666666,c-GC-star,0,1,1,,,,220210_F1_run6,44,unstable,74
1,2.0,0.16666666666666666,c-GC-star,0,1,1,,,,220210_F1_run6,44,unstable,80
7,,0.16666666666666666,c-GC-star,1,0,1,,,,220210_F1_run6,44,novel,82
1,2.0,0.16666666666666666,c-GC-star,0,1,1,,,,220210_F1_run6,44,unstable,84
1,2.0,0.16666666666666666,c-GC-star,0,1,1,,,,220210_F1_run6,44,unstable,93
1,2.0,0.16666666666666666,c-GC-star,0,1,1,,,,220210_F1_run6,44,unstable,94
1,2.0,0.16666666666666666,c-GC-star,0,1,1,,,,220210_F1_run6,44,unstable,95
1,6.0,0.16666666666666666,c-GC-star,0,1,5,,,,220210_F1_run6,44,lost,96
1,2.0,0.16666666666666666,c-GC-star,0,1,1,,,,220210_F1_run6,44,unstable,118
1,2.0,0.16666666666666666,c-GC-star,0,1,1,,,,220210_F1_run6,44,unstable,119
1,2.0,0.16666666666666666,c-GC-star,0,1,1,,,,220210_F1_run6,45,unstable,21
2,6.0,0.3333333333333333,c-GC-star,1,1,4,,,,220210_F1_run6,45,unstable,29
1,2.0,0.16666666666666666,c-GC-star,0,1,1,,,,220210_F1_run6,45,unstable,124
1,5.0,0.3333333333333333,c-GC-star,1,1,6,,,,220210_F1_run6,46,unstable,6
1,6.0,0.3333333333333333,c-GC-star,1,1,6,,,,220210_F1_run6,46,unstable,7
6,7.0,0.3333333333333333,c-GC-star,1,1,1,,,,220210_F1_run6,46,unstable,8
2,4.0,0.3333333333333333,c-GC-star,1,1,2,,,,220210_F1_run6,46,unstable,22
1,2.0,0.16666666666666666,c-GC-star,0,1,1,,,,220210_F1_run6,46,unstable,23
1,,0.0,c-GC-star,0,0,7,,,,220210_F1_run6,46,stable,25
2,3.0,0.3333333333333333,c-GC-star,1,1,1,,,,220210_F1_run6,46,unstable,36
1,,0.0,c-GC-star,0,0,7,,,,220210_F1_run6,46,stable,37
5,6.0,0.3333333333333333,c-GC-star,1,1,1,,,,220210_F1_run6,46,unstable,38
2,3.0,0.3333333333333333,c-GC-star,1,1,1,,,,220210_F1_run6,46,unstable,48
5,6.0,0.3333333333333333,c-GC-star,1,1,1,,,,220210_F1_run6,46,unstable,51
1,,0.0,c-GC-star,0,0,7,,,,220210_F1_run6,46,stable,62
2,3.0,0.6666666666666666,c-GC-star,2,2,2,,,,220210_F1_run6,46,unstable,65
1,3.0,0.3333333333333333,c-GC-star,1,1,4,,,,220210_F1_run6,46,unstable,68
1,,0.0,c-GC-star,0,0,7,,,,220210_F1_run6,46,stable,81
1,2.0,0.16666666666666666,c-GC-star,0,1,1,,,,220210_F1_run6,46,unstable,88
1,,0.0,c-GC-star,0,0,7,,,,220210_F1_run6,46,stable,100
1,2.0,0.16666666666666666,c-GC-star,0,1,1,,,,220210_F1_run6,46,unstable,101
1,5.0,0.16666666666666666,c-GC-star,0,1,4,,,,220210_F1_run6,46,lost,105
2,4.0,0.8333333333333334,c-GC-star,3,2,4,,,,220210_F1_run6,46,unstable,115
1,2.0,0.16666666666666666,c-GC-star,0,1,1,,,,220210_F1_run6,46,unstable,120
3,6.0,0.3333333333333333,c-GC-star,1,1,3,,,,220210_F1_run6,46,unstable,128
1,2.0,0.16666666666666666,c-GC-star,0,1,1,,,,220210_F1_run6,47,unstable,38
1,2.0,0.16666666666666666,c-GC-star,0,1,1,,,,220210_F1_run6,47,unstable,40
1,2.0,0.16666666666666666,c-GC-star,0,1,1,,,,220210_F1_run6,47,unstable,51
5,,0.16666666666666666,c-GC-star,1,0,3,,,,220210_F1_run6,47,unstable,54
1,2.0,0.16666666666666666,c-GC-star,0,1,1,,,,220210_F1_run6,47,unstable,58
1,2.0,0.16666666666666666,c-GC-star,0,1,1,,,,220210_F1_run6,47,unstable,62
3,4.0,0.5,c-GC-star,2,1,4,,,,220210_F1_run6,47,unstable,74
1,,0.0,c-GC-star,0,0,7,,,,220210_F1_run6,47,stable,75
3,5.0,0.6666666666666666,c-GC-star,2,2,3,,,,220210_F1_run6,47,unstable,76
1,2.0,0.5,c-GC-star,1,2,2,,,,220210_F1_run6,47,unstable,80
5,,0.16666666666666666,c-GC-star,1,0,3,,,,220210_F1_run6,47,unstable,90
4,5.0,0.5,c-GC-star,2,1,3,,,,220210_F1_run6,47,unstable,104
5,7.0,0.3333333333333333,c-GC-star,1,1,2,,,,220210_F1_run6,47,unstable,110
1,7.0,0.16666666666666666,c-GC-star,0,1,6,,,,220210_F1_run6,47,lost,115
2,,0.16666666666666666,c-GC-star,1,0,6,,,,220210_F1_run6,47,unstable,117
1,3.0,0.5,c-GC-star,1,2,4,,,,220210_F1_run6,47,unstable,119
7,,0.16666666666666666,c-GC-star,1,0,1,,,,220210_F1_run6,47,novel,123
1,2.0,0.16666666666666666,c-GC-star,0,1,1,,,,220210_F1_run6,48,unstable,10
1,2.0,0.16666666666666666,c-GC-star,0,1,1,,,,220210_F1_run6,48,unstable,11
1,2.0,0.16666666666666666,c-GC-star,0,1,1,,,,220210_F1_run6,48,unstable,25
1,2.0,0.3333333333333333,c-GC-star,1,1,6,,,,220210_F1_run6,48,unstable,47
6,7.0,0.3333333333333333,c-GC-star,1,1,1,,,,220210_F1_run6,48,unstable,64
7,,0.16666666666666666,c-GC-star,1,0,1,,,,220210_F1_run6,48,novel,72
4,5.0,0.5,c-GC-star,2,1,3,,,,220210_F1_run6,48,unstable,90
1,2.0,0.16666666666666666,c-GC-star,0,1,1,,,,220210_F1_run6,48,unstable,106
4,,0.16666666666666666,c-GC-star,1,0,4,,,,220210_F1_run6,49,unstable,5
4,5.0,0.5,c-GC-star,2,1,3,,,,220210_F1_run6,49,unstable,6
2,3.0,0.5,c-GC-star,2,1,5,,,,220210_F1_run6,49,unstable,10
3,7.0,0.3333333333333333,c-GC-star,1,1,4,,,,220210_F1_run6,49,unstable,37
7,,0.16666666666666666,c-GC-star,1,0,1,,,,220210_F1_run6,49,novel,48
5,7.0,0.3333333333333333,c-GC-star,1,1,2,,,,220210_F1_run6,49,unstable,61
3,6.0,0.5,c-GC-star,2,1,4,,,,220210_F1_run6,49,unstable,93
1,5.0,0.3333333333333333,c-GC-star,1,1,6,,,,220210_F1_run6,49,unstable,94
2,3.0,0.6666666666666666,c-GC-star,2,2,2,,,,220210_F1_run6,49,unstable,100
1,2.0,0.16666666666666666,c-GC-star,0,1,1,,,,220210_F1_run6,49,unstable,113
1,2.0,0.16666666666666666,c-GC-star,0,1,1,,,,220210_F1_run6,50,unstable,13
7,,0.16666666666666666,c-GC-star,1,0,1,,,,220210_F1_run6,50,novel,27
4,5.0,0.3333333333333333,c-GC-star,1,1,1,,,,220210_F1_run6,50,unstable,34
1,3.0,0.5,c-GC-star,1,2,5,,,,220210_F1_run6,50,unstable,38
1,,0.0,c-GC-star,0,0,7,,,,220210_F1_run6,50,stable,47
1,2.0,0.5,c-GC-star,1,2,2,,,,220210_F1_run6,50,unstable,48
3,4.0,0.3333333333333333,c-GC-star,1,1,1,,,,220210_F1_run6,50,unstable,59
1,2.0,0.5,c-GC-star,1,2,2,,,,220210_F1_run6,50,unstable,69
2,4.0,0.6666666666666666,c-GC-star,2,2,4,,,,220210_F1_run6,50,unstable,70
1,2.0,0.16666666666666666,c-GC-star,0,1,1,,,,220210_F1_run6,50,unstable,73
1,,0.0,c-GC-star,0,0,7,,,,220210_F1_run6,50,stable,74
1,,0.0,c-GC-star,0,0,7,,,,220210_F1_run6,50,stable,75
1,,0.0,c-GC-star,0,0,7,,,,220210_F1_run6,50,stable,76
1,5.0,0.3333333333333333,c-GC-star,1,1,6,,,,220210_F1_run6,50,unstable,77
1,5.0,0.16666666666666666,c-GC-star,0,1,4,,,,220210_F1_run6,50,lost,78
1,2.0,0.16666666666666666,c-GC-star,0,1,1,,,,220210_F1_run6,50,unstable,79
3,5.0,0.5,c-GC-star,2,1,3,,,,220210_F1_run6,50,unstable,80
1,2.0,0.3333333333333333,c-GC-star,1,1,4,,,,220210_F1_run6,50,unstable,84
4,5.0,0.5,c-GC-star,2,1,2,,,,220210_F1_run6,50,unstable,85
6,7.0,0.3333333333333333,c-GC-star,1,1,1,,,,220210_F1_run6,50,unstable,86
4,5.0,0.3333333333333333,c-GC-star,1,1,1,,,,220210_F1_run6,50,unstable,89
1,,0.0,c-GC-star,0,0,7,,,,220210_F1_run6,50,stable,93
1,,0.0,c-GC-star,0,0,7,,,,220210_F1_run6,50,stable,109
3,7.0,0.3333333333333333,c-GC-star,1,1,4,,,,220210_F1_run6,50,unstable,110
1,2.0,0.6666666666666666,c-GC-star,2,2,3,,,,220210_F1_run6,50,unstable,119
1,2.0,0.16666666666666666,c-GC-star,0,1,1,,,,220210_F1_run6,50,unstable,128
3,4.0,0.3333333333333333,c-GC-star,1,1,1,,,,220210_F1_run6,51,unstable,15
1,2.0,0.5,c-GC-star,1,2,2,,,,220210_F1_run6,51,unstable,74
5,6.0,0.3333333333333333,c-GC-star,1,1,1,,,,220210_F1_run6,51,unstable,86
6,,0.16666666666666666,c-GC-star,1,0,2,,,,220210_F1_run6,51,unstable,106
1,2.0,0.16666666666666666,c-GC-star,0,1,1,,,,220210_F1_run6,52,unstable,36
1,2.0,0.16666666666666666,c-GC-star,0,1,1,,,,220210_F1_run6,52,unstable,39
5,6.0,0.3333333333333333,c-GC-star,1,1,1,,,,220210_F1_run6,52,unstable,61
5,6.0,0.3333333333333333,c-GC-star,1,1,1,,,,220210_F1_run6,52,unstable,71
4,6.0,0.3333333333333333,c-GC-star,1,1,2,,,,220210_F1_run6,52,unstable,92
1,,0.0,c-GC-star,0,0,7,,,,220210_F1_run6,52,stable,93
2,3.0,0.8333333333333334,c-GC-star,3,2,3,,,,220210_F1_run6,52,unstable,109
1,,0.0,c-GC-star,0,0,7,,,,220210_F1_run6,53,stable,5
2,3.0,0.6666666666666666,c-GC-star,2,2,3,,,,220210_F1_run6,53,unstable,6
1,,0.0,c-GC-star,0,0,7,,,,220210_F1_run6,53,stable,17
6,7.0,0.3333333333333333,c-GC-star,1,1,1,,,,220210_F1_run6,53,unstable,39
6,,0.16666666666666666,c-GC-star,1,0,2,,,,220210_F1_run6,53,unstable,44
1,2.0,0.3333333333333333,c-GC-star,1,1,3,,,,220210_F1_run6,53,unstable,46
1,2.0,0.16666666666666666,c-GC-star,0,1,1,,,,220210_F1_run6,53,unstable,59
7,,0.16666666666666666,c-GC-star,1,0,1,,,,220210_F1_run6,53,novel,70
1,3.0,0.5,c-GC-star,1,2,3,,,,220210_F1_run6,53,unstable,82
1,,0.0,c-GC-star,0,0,7,,,,220210_F1_run6,53,stable,107
1,,0.0,c-GC-star,0,0,7,,,,220210_F1_run6,53,stable,108
2,3.0,0.3333333333333333,c-GC-star,1,1,1,,,,220210_F1_run6,53,unstable,111
1,2.0,0.16666666666666666,c-GC-star,0,1,1,,,,220210_F1_run6,53,unstable,117
4,5.0,0.5,c-GC-star,2,1,3,,,,220210_F1_run6,53,unstable,120
2,4.0,0.5,c-GC-star,2,1,5,,,,220210_F1_run6,54,unstable,6
2,5.0,0.6666666666666666,c-GC-star,2,2,4,,,,220210_F1_run6,54,unstable,7
2,,0.16666666666666666,c-GC-star,1,0,6,,,,220210_F1_run6,54,unstable,8
2,,0.16666666666666666,c-GC-star,1,0,6,,,,220210_F1_run6,54,unstable,13
1,3.0,0.16666666666666666,c-GC-star,0,1,2,,,,220210_F1_run6,54,lost,15
1,,0.0,c-GC-star,0,0,7,,,,220210_F1_run6,54,stable,27
3,4.0,0.3333333333333333,c-GC-star,1,1,1,,,,220210_F1_run6,54,unstable,30
1,,0.0,c-GC-star,0,0,7,,,,220210_F1_run6,54,stable,37
1,2.0,0.3333333333333333,c-GC-star,1,1,6,,,,220210_F1_run6,54,unstable,38
1,,0.0,c-GC-star,0,0,7,,,,220210_F1_run6,54,stable,43
4,5.0,0.5,c-GC-star,2,1,2,,,,220210_F1_run6,54,unstable,48
1,,0.0,c-GC-star,0,0,7,,,,220210_F1_run6,54,stable,50
6,,0.16666666666666666,c-GC-star,1,0,2,,,,220210_F1_run6,54,unstable,53
1,2.0,0.16666666666666666,c-GC-star,0,1,1,,,,220210_F1_run6,54,unstable,64
1,,0.0,c-GC-star,0,0,7,,,,220210_F1_run6,54,stable,67
5,,0.16666666666666666,c-GC-star,1,0,3,,,,220210_F1_run6,54,unstable,70
1,,0.0,c-GC-star,0,0,7,,,,220210_F1_run6,54,stable,74
1,,0.0,c-GC-star,0,0,7,,,,220210_F1_run6,54,stable,75
1,,0.0,c-GC-star,0,0,7,,,,220210_F1_run6,54,stable,76
1,2.0,0.3333333333333333,c-GC-star,1,1,6,,,,220210_F1_run6,54,unstable,77
2,3.0,0.3333333333333333,c-GC-star,1,1,1,,,,220210_F1_run6,54,unstable,78
3,,0.16666666666666666,c-GC-star,1,0,5,,,,220210_F1_run6,54,unstable,80
6,,0.16666666666666666,c-GC-star,1,0,2,,,,220210_F1_run6,54,unstable,86
5,6.0,0.3333333333333333,c-GC-star,1,1,1,,,,220210_F1_run6,54,unstable,87
1,5.0,0.3333333333333333,c-GC-star,1,1,6,,,,220210_F1_run6,54,unstable,89
1,,0.0,c-GC-star,0,0,7,,,,220210_F1_run6,54,stable,94
3,4.0,0.5,c-GC-star,2,1,3,,,,220210_F1_run6,54,unstable,96
5,,0.16666666666666666,c-GC-star,1,0,3,,,,220210_F1_run6,54,unstable,98
3,,0.16666666666666666,c-GC-star,1,0,5,,,,220210_F1_run6,54,unstable,100
1,,0.0,c-GC-star,0,0,7,,,,220210_F1_run6,54,stable,106
1,,0.0,c-GC-star,0,0,7,,,,220210_F1_run6,54,stable,107
1,2.0,0.3333333333333333,c-GC-star,1,1,6,,,,220210_F1_run6,54,unstable,108
1,,0.0,c-GC-star,0,0,7,,,,220210_F1_run6,54,stable,109
1,2.0,0.16666666666666666,c-GC-star,0,1,1,,,,220210_F1_run6,54,unstable,117
6,,0.16666666666666666,c-GC-star,1,0,2,,,,220210_F1_run6,54,unstable,118
1,5.0,0.16666666666666666,c-GC-star,0,1,4,,,,220210_F1_run6,54,lost,128
3,7.0,0.3333333333333333,c-GC-star,1,1,4,,,,220210_F1_run6,55,unstable,3
7,,0.16666666666666666,c-GC-star,1,0,1,,,,220210_F1_run6,55,novel,24
1,2.0,0.16666666666666666,c-GC-star,0,1,1,,,,220210_F1_run6,55,unstable,73
1,2.0,0.6666666666666666,c-GC-star,2,2,3,,,,220210_F1_run6,55,unstable,86
1,2.0,0.16666666666666666,c-GC-star,0,1,1,,,,220210_F1_run6,56,unstable,5
1,2.0,0.16666666666666666,c-GC-star,0,1,1,,,,220210_F1_run6,56,unstable,47
1,2.0,0.16666666666666666,c-GC-star,0,1,1,,,,220210_F1_run6,56,unstable,58
1,2.0,0.16666666666666666,c-GC-star,0,1,1,,,,220210_F1_run6,56,unstable,59
1,2.0,0.16666666666666666,c-GC-star,0,1,1,,,,220210_F1_run6,56,unstable,75
1,2.0,0.16666666666666666,c-GC-star,0,1,1,,,,220210_F1_run6,56,unstable,86
1,2.0,0.16666666666666666,c-GC-star,0,1,1,,,,220210_F1_run6,56,unstable,108
5,6.0,0.3333333333333333,c-GC-star,1,1,1,,,,220210_F1_run6,56,unstable,115
7,,0.16666666666666666,c-GC-star,1,0,1,,,,220210_F1_run6,57,novel,34
4,,0.16666666666666666,c-GC-star,1,0,4,,,,220210_F1_run6,57,unstable,52
1,2.0,0.16666666666666666,c-GC-star,0,1,1,,,,220210_F1_run6,57,unstable,62
4,6.0,0.5,c-GC-star,2,1,3,,,,220210_F1_run6,57,unstable,96
1,2.0,0.6666666666666666,c-GC-star,2,2,5,,,,220210_F1_run6,57,unstable,122
1,3.0,0.16666666666666666,c-GC-star,0,1,2,,,,220210_F1_run6,58,lost,34
3,5.0,0.3333333333333333,c-GC-star,1,1,2,,,,220210_F1_run6,58,unstable,52
4,5.0,0.3333333333333333,c-GC-star,1,1,1,,,,220210_F1_run6,58,unstable,56
1,5.0,0.16666666666666666,c-GC-star,0,1,4,,,,220210_F1_run6,58,lost,62
1,3.0,0.5,c-GC-star,1,2,3,,,,220210_F1_run6,58,unstable,77
1,2.0,0.16666666666666666,c-GC-star,0,1,1,,,,220210_F1_run6,58,unstable,80
1,2.0,0.16666666666666666,c-GC-star,0,1,1,,,,220210_F1_run6,58,unstable,98
1,2.0,0.16666666666666666,c-GC-star,0,1,1,,,,220210_F1_run6,58,unstable,110
2,,0.16666666666666666,c-GC-star,1,0,6,,,,220210_F1_run6,59,unstable,5
3,4.0,0.5,c-GC-star,2,1,4,,,,220210_F1_run6,59,unstable,6
1,2.0,0.16666666666666666,c-GC-star,0,1,1,,,,220210_F1_run6,59,unstable,36
1,2.0,0.3333333333333333,c-GC-star,1,1,4,,,,220210_F1_run6,59,unstable,43
1,4.0,0.3333333333333333,c-GC-star,1,1,6,,,,220210_F1_run6,59,unstable,53
1,2.0,0.5,c-GC-star,1,2,5,,,,220210_F1_run6,59,unstable,60
1,2.0,0.16666666666666666,c-GC-star,0,1,1,,,,220210_F1_run6,59,unstable,74
1,2.0,0.16666666666666666,c-GC-star,0,1,1,,,,220210_F1_run6,59,unstable,81
7,,0.16666666666666666,c-GC-star,1,0,1,,,,220210_F1_run6,59,novel,89
1,2.0,0.16666666666666666,c-GC-star,0,1,1,,,,220210_F1_run6,59,unstable,98
5,6.0,0.3333333333333333,c-GC-star,1,1,1,,,,220210_F1_run6,59,unstable,101
3,4.0,0.5,c-GC-star,2,1,4,,,,220210_F1_run6,59,unstable,113
1,3.0,0.16666666666666666,c-GC-star,0,1,2,,,,220210_F1_run6,59,lost,114
1,3.0,0.3333333333333333,c-GC-star,1,1,6,,,,220210_F1_run6,59,unstable,124
7,,0.16666666666666666,c-GC-star,1,0,1,,,,220210_F1_run6,59,novel,126
1,2.0,0.16666666666666666,c-GC-star,0,1,1,,,,220210_F1_run6,60,unstable,0
6,7.0,0.3333333333333333,c-GC-star,1,1,1,,,,220210_F1_run6,60,unstable,5
2,,0.16666666666666666,c-GC-star,1,0,6,,,,220210_F1_run6,60,unstable,6
7,,0.16666666666666666,c-GC-star,1,0,1,,,,220210_F1_run6,60,novel,11
1,2.0,0.16666666666666666,c-GC-star,0,1,1,,,,220210_F1_run6,60,unstable,12
1,2.0,0.16666666666666666,c-GC-star,0,1,1,,,,220210_F1_run6,60,unstable,37
3,4.0,0.5,c-GC-star,2,1,4,,,,220210_F1_run6,60,unstable,46
3,4.0,0.5,c-GC-star,2,1,2,,,,220210_F1_run6,60,unstable,52
1,2.0,0.6666666666666666,c-GC-star,2,2,3,,,,220210_F1_run6,60,unstable,59
1,3.0,0.16666666666666666,c-GC-star,0,1,2,,,,220210_F1_run6,60,lost,63
1,4.0,0.3333333333333333,c-GC-star,1,1,6,,,,220210_F1_run6,60,unstable,66
2,,0.16666666666666666,c-GC-star,1,0,6,,,,220210_F1_run6,60,unstable,70
2,,0.16666666666666666,c-GC-star,1,0,6,,,,220210_F1_run6,60,unstable,76
3,4.0,0.5,c-GC-star,2,1,4,,,,220210_F1_run6,60,unstable,89
2,,0.16666666666666666,c-GC-star,1,0,6,,,,220210_F1_run6,60,unstable,93
3,4.0,0.3333333333333333,c-GC-star,1,1,1,,,,220210_F1_run6,60,unstable,104
2,3.0,0.5,c-GC-star,2,1,5,,,,220210_F1_run6,60,unstable,109
2,3.0,0.3333333333333333,c-GC-star,1,1,1,,,,220210_F1_run6,60,unstable,117
1,,0.0,c-GC-star,0,0,7,,,,220210_F1_run6,60,stable,124
1,2.0,0.16666666666666666,c-GC-star,0,1,1,,,,220210_F1_run6,60,unstable,128
3,4.0,0.8333333333333334,c-GC-star,3,2,3,,,,220210_F1_run6,61,unstable,10
1,2.0,0.3333333333333333,c-GC-star,1,1,4,,,,220210_F1_run6,61,unstable,43
1,2.0,0.16666666666666666,c-GC-star,0,1,1,,,,220210_F1_run6,61,unstable,77
1,2.0,0.16666666666666666,c-GC-star,0,1,1,,,,220210_F1_run6,61,unstable,83
1,2.0,0.16666666666666666,c-GC-star,0,1,1,,,,220210_F1_run6,61,unstable,87
1,7.0,0.16666666666666666,c-GC-star,0,1,6,,,,220210_F1_run6,61,lost,124
1,2.0,0.16666666666666666,c-GC-star,0,1,1,,,,220210_F1_run6,62,unstable,10
1,2.0,0.16666666666666666,c-GC-star,0,1,1,,,,220210_F1_run6,62,unstable,58
1,4.0,0.16666666666666666,c-GC-star,0,1,3,,,,220210_F1_run6,62,lost,70
1,2.0,0.16666666666666666,c-GC-star,0,1,1,,,,220210_F1_run6,62,unstable,84
7,,0.16666666666666666,c-GC-star,1,0,1,,,,220210_F1_run6,62,novel,89
1,4.0,0.16666666666666666,c-GC-star,0,1,3,,,,220210_F1_run6,62,lost,123
7,,0.16666666666666666,c-GC-star,1,0,1,,,,220210_F1_run6,62,novel,124
1,2.0,0.16666666666666666,c-GC-star,0,1,1,,,,220210_F1_run6,62,unstable,129
6,7.0,0.3333333333333333,c-GC-star,1,1,1,,,,220210_F1_run6,63,unstable,2
1,2.0,0.16666666666666666,c-GC-star,0,1,1,,,,220210_F1_run6,63,unstable,25
1,2.0,0.16666666666666666,c-GC-star,0,1,1,,,,220210_F1_run6,63,unstable,41
6,7.0,0.3333333333333333,c-GC-star,1,1,1,,,,220210_F1_run6,63,unstable,65
6,7.0,0.3333333333333333,c-GC-star,1,1,1,,,,220210_F1_run6,63,unstable,75
1,6.0,0.3333333333333333,c-GC-star,1,1,6,,,,220210_F1_run6,63,unstable,88
1,2.0,0.16666666666666666,c-GC-star,0,1,1,,,,220210_F1_run6,63,unstable,98
1,2.0,0.16666666666666666,c-GC-star,0,1,1,,,,220210_F1_run6,63,unstable,120
6,7.0,0.3333333333333333,c-GC-star,1,1,1,,,,220210_F1_run6,63,unstable,129
2,4.0,0.3333333333333333,c-GC-star,1,1,2,,,,220210_F1_run6,64,unstable,15
1,2.0,0.16666666666666666,c-GC-star,0,1,1,,,,220210_F1_run6,64,unstable,22
2,4.0,0.5,c-GC-star,2,1,5,,,,220210_F1_run6,64,unstable,37
3,4.0,0.5,c-GC-star,2,1,4,,,,220210_F1_run6,64,unstable,38
5,7.0,0.3333333333333333,c-GC-star,1,1,2,,,,220210_F1_run6,64,unstable,48
2,,0.16666666666666666,c-GC-star,1,0,6,,,,220210_F1_run6,64,unstable,67
2,4.0,0.5,c-GC-star,2,1,4,,,,220210_F1_run6,64,unstable,69
2,7.0,0.3333333333333333,c-GC-star,1,1,5,,,,220210_F1_run6,64,unstable,70
1,3.0,0.16666666666666666,c-GC-star,0,1,2,,,,220210_F1_run6,64,lost,71
4,6.0,0.3333333333333333,c-GC-star,1,1,2,,,,220210_F1_run6,64,unstable,74
1,,0.0,c-GC-star,0,0,7,,,,220210_F1_run6,64,stable,75
1,4.0,0.16666666666666666,c-GC-star,0,1,3,,,,220210_F1_run6,64,lost,82
4,5.0,0.5,c-GC-star,2,1,3,,,,220210_F1_run6,64,unstable,108
1,2.0,0.3333333333333333,c-GC-star,1,1,6,,,,220210_F1_run6,64,unstable,113
1,2.0,0.16666666666666666,c-GC-star,0,1,1,,,,220210_F1_run6,64,unstable,115
6,,0.16666666666666666,c-GC-star,1,0,2,,,,220210_F1_run6,64,unstable,122
6,7.0,0.3333333333333333,c-GC-star,1,1,1,,,,220210_F1_run6,64,unstable,124
6,,0.16666666666666666,c-GC-star,1,0,2,,,,220210_F1_run6,64,unstable,129
1,5.0,0.5,c-GC-star,1,2,5,,,,220210_F1_run6,65,unstable,0
1,,0.0,c-GC-star,0,0,7,,,,220210_F1_run6,65,stable,2
2,,0.16666666666666666,c-GC-star,1,0,6,,,,220210_F1_run6,65,unstable,4
1,,0.0,c-GC-star,0,0,7,,,,220210_F1_run6,65,stable,20
1,,0.0,c-GC-star,0,0,7,,,,220210_F1_run6,65,stable,22
2,,0.16666666666666666,c-GC-star,1,0,6,,,,220210_F1_run6,65,unstable,29
1,2.0,0.16666666666666666,c-GC-star,0,1,1,,,,220210_F1_run6,65,unstable,31
1,2.0,0.16666666666666666,c-GC-star,0,1,1,,,,220210_F1_run6,65,unstable,41
6,,0.16666666666666666,c-GC-star,1,0,2,,,,220210_F1_run6,65,unstable,45
7,,0.16666666666666666,c-GC-star,1,0,1,,,,220210_F1_run6,65,novel,50
1,2.0,0.16666666666666666,c-GC-star,0,1,1,,,,220210_F1_run6,65,unstable,97
4,5.0,0.3333333333333333,c-GC-star,1,1,1,,,,220210_F1_run6,65,unstable,100
1,,0.0,c-GC-star,0,0,7,,,,220210_F1_run6,65,stable,102
1,2.0,0.16666666666666666,c-GC-star,0,1,1,,,,220210_F1_run6,65,unstable,103
1,2.0,0.16666666666666666,c-GC-star,0,1,1,,,,220210_F1_run6,65,unstable,106
4,5.0,0.3333333333333333,c-GC-star,1,1,1,,,,220210_F1_run6,65,unstable,114
1,2.0,0.16666666666666666,c-GC-star,0,1,1,,,,220210_F1_run6,65,unstable,118
3,4.0,0.3333333333333333,c-GC-star,1,1,1,,,,220210_F1_run6,65,unstable,126
5,6.0,0.3333333333333333,c-GC-star,1,1,1,,,,220210_F1_run6,66,unstable,0
2,,0.16666666666666666,c-GC-star,1,0,6,,,,220210_F1_run6,66,unstable,22
1,,0.0,c-GC-star,0,0,7,,,,220210_F1_run6,66,stable,24
1,3.0,0.6666666666666666,c-GC-star,2,2,4,,,,220210_F1_run6,66,unstable,30
1,3.0,0.16666666666666666,c-GC-star,0,1,2,,,,220210_F1_run6,66,lost,45
2,3.0,0.8333333333333334,c-GC-star,3,2,3,,,,220210_F1_run6,66,unstable,53
2,,0.16666666666666666,c-GC-star,1,0,6,,,,220210_F1_run6,66,unstable,65
1,2.0,0.16666666666666666,c-GC-star,0,1,1,,,,220210_F1_run6,66,unstable,90
1,,0.0,c-GC-star,0,0,7,,,,220210_F1_run6,66,stable,100
1,2.0,0.8333333333333334,c-GC-star,2,3,4,,,,220210_F1_run6,66,unstable,104
1,3.0,0.16666666666666666,c-GC-star,0,1,2,,,,220210_F1_run6,66,lost,129
1,2.0,0.16666666666666666,c-GC-star,0,1,1,,,,220210_F1_run6,67,unstable,17
2,5.0,0.3333333333333333,c-GC-star,1,1,3,,,,220210_F1_run6,67,unstable,19
1,,0.0,c-GC-star,0,0,7,,,,220210_F1_run6,67,stable,25
7,,0.16666666666666666,c-GC-star,1,0,1,,,,220210_F1_run6,67,novel,27
1,,0.0,c-GC-star,0,0,7,,,,220210_F1_run6,67,stable,40
1,,0.0,c-GC-star,0,0,7,,,,220210_F1_run6,67,stable,44
3,6.0,0.3333333333333333,c-GC-star,1,1,3,,,,220210_F1_run6,67,unstable,47
7,,0.16666666666666666,c-GC-star,1,0,1,,,,220210_F1_run6,67,novel,52
2,3.0,0.3333333333333333,c-GC-star,1,1,1,,,,220210_F1_run6,67,unstable,58
1,2.0,0.16666666666666666,c-GC-star,0,1,1,,,,220210_F1_run6,67,unstable,60
1,3.0,0.16666666666666666,c-GC-star,0,1,2,,,,220210_F1_run6,67,lost,62
1,,0.0,c-GC-star,0,0,7,,,,220210_F1_run6,67,stable,66
2,3.0,0.3333333333333333,c-GC-star,1,1,1,,,,220210_F1_run6,67,unstable,95
4,6.0,0.3333333333333333,c-GC-star,1,1,2,,,,220210_F1_run6,67,unstable,97
1,3.0,0.16666666666666666,c-GC-star,0,1,2,,,,220210_F1_run6,67,lost,100
1,2.0,0.16666666666666666,c-GC-star,0,1,1,,,,220210_F1_run6,67,unstable,102
1,2.0,0.5,c-GC-star,1,2,2,,,,220210_F1_run6,67,unstable,103
1,,0.0,c-GC-star,0,0,7,,,,220210_F1_run6,67,stable,104
1,2.0,0.16666666666666666,c-GC-star,0,1,1,,,,220210_F1_run6,67,unstable,107
1,,0.0,c-GC-star,0,0,7,,,,220210_F1_run6,67,stable,126
1,2.0,0.16666666666666666,c-GC-star,0,1,1,,,,220210_F1_run6,67,unstable,129
1,2.0,0.16666666666666666,c-GC-star,0,1,1,,,,220210_F1_run6,68,unstable,2
1,2.0,0.16666666666666666,c-GC-star,0,1,1,,,,220210_F1_run6,68,unstable,6
1,2.0,0.16666666666666666,c-GC-star,0,1,1,,,,220210_F1_run6,68,unstable,8
1,2.0,0.16666666666666666,c-GC-star,0,1,1,,,,220210_F1_run6,68,unstable,15
1,2.0,0.16666666666666666,c-GC-star,0,1,1,,,,220210_F1_run6,68,unstable,16
1,2.0,0.16666666666666666,c-GC-star,0,1,1,,,,220210_F1_run6,68,unstable,22
1,2.0,0.16666666666666666,c-GC-star,0,1,1,,,,220210_F1_run6,68,unstable,24
1,2.0,0.16666666666666666,c-GC-star,0,1,1,,,,220210_F1_run6,68,unstable,25
1,2.0,0.16666666666666666,c-GC-star,0,1,1,,,,220210_F1_run6,68,unstable,27
1,2.0,0.16666666666666666,c-GC-star,0,1,1,,,,220210_F1_run6,68,unstable,35
1,2.0,0.16666666666666666,c-GC-star,0,1,1,,,,220210_F1_run6,68,unstable,38
1,2.0,0.16666666666666666,c-GC-star,0,1,1,,,,220210_F1_run6,68,unstable,40
1,3.0,0.16666666666666666,c-GC-star,0,1,2,,,,220210_F1_run6,68,lost,46
1,2.0,0.16666666666666666,c-GC-star,0,1,1,,,,220210_F1_run6,68,unstable,47
1,7.0,0.16666666666666666,c-GC-star,0,1,6,,,,220210_F1_run6,68,lost,48
1,2.0,0.16666666666666666,c-GC-star,0,1,1,,,,220210_F1_run6,68,unstable,50
1,2.0,0.16666666666666666,c-GC-star,0,1,1,,,,220210_F1_run6,68,unstable,52
1,2.0,0.16666666666666666,c-GC-star,0,1,1,,,,220210_F1_run6,68,unstable,53
1,2.0,0.16666666666666666,c-GC-star,0,1,1,,,,220210_F1_run6,68,unstable,54
1,2.0,0.16666666666666666,c-GC-star,0,1,1,,,,220210_F1_run6,68,unstable,59
1,2.0,0.16666666666666666,c-GC-star,0,1,1,,,,220210_F1_run6,68,unstable,60
1,4.0,0.3333333333333333,c-GC-star,1,1,5,,,,220210_F1_run6,68,unstable,64
1,2.0,0.16666666666666666,c-GC-star,0,1,1,,,,220210_F1_run6,68,unstable,67
1,3.0,0.16666666666666666,c-GC-star,0,1,2,,,,220210_F1_run6,68,lost,70
1,2.0,0.16666666666666666,c-GC-star,0,1,1,,,,220210_F1_run6,68,unstable,71
1,,0.0,c-GC-star,0,0,7,,,,220210_F1_run6,68,stable,73
1,2.0,0.16666666666666666,c-GC-star,0,1,1,,,,220210_F1_run6,68,unstable,74
1,2.0,0.16666666666666666,c-GC-star,0,1,1,,,,220210_F1_run6,68,unstable,76
1,3.0,0.6666666666666666,c-GC-star,2,2,5,,,,220210_F1_run6,68,unstable,78
1,2.0,0.16666666666666666,c-GC-star,0,1,1,,,,220210_F1_run6,68,unstable,82
1,2.0,0.16666666666666666,c-GC-star,0,1,1,,,,220210_F1_run6,68,unstable,84
1,2.0,0.16666666666666666,c-GC-star,0,1,1,,,,220210_F1_run6,68,unstable,86
1,2.0,0.16666666666666666,c-GC-star,0,1,1,,,,220210_F1_run6,68,unstable,88
1,2.0,0.16666666666666666,c-GC-star,0,1,1,,,,220210_F1_run6,68,unstable,89
1,,0.0,c-GC-star,0,0,7,,,,220210_F1_run6,68,stable,92
1,2.0,0.16666666666666666,c-GC-star,0,1,1,,,,220210_F1_run6,68,unstable,93
1,2.0,0.16666666666666666,c-GC-star,0,1,1,,,,220210_F1_run6,68,unstable,94
1,3.0,0.16666666666666666,c-GC-star,0,1,2,,,,220210_F1_run6,68,lost,105
1,2.0,0.16666666666666666,c-GC-star,0,1,1,,,,220210_F1_run6,68,unstable,106
1,2.0,0.16666666666666666,c-GC-star,0,1,1,,,,220210_F1_run6,68,unstable,107
1,2.0,0.16666666666666666,c-GC-star,0,1,1,,,,220210_F1_run6,68,unstable,108
1,3.0,0.3333333333333333,c-GC-star,1,1,4,,,,220210_F1_run6,68,unstable,109
1,2.0,0.16666666666666666,c-GC-star,0,1,1,,,,220210_F1_run6,68,unstable,110
1,2.0,0.16666666666666666,c-GC-star,0,1,1,,,,220210_F1_run6,68,unstable,117
1,2.0,0.16666666666666666,c-GC-star,0,1,1,,,,220210_F1_run6,68,unstable,121
1,2.0,0.16666666666666666,c-GC-star,0,1,1,,,,220210_F1_run6,68,unstable,122
1,2.0,0.16666666666666666,c-GC-star,0,1,1,,,,220210_F1_run6,68,unstable,125
1,2.0,0.16666666666666666,c-GC-star,0,1,1,,,,220210_F1_run6,69,unstable,7
2,,0.16666666666666666,c-GC-star,1,0,6,,,,220210_F1_run6,69,unstable,8
1,2.0,0.16666666666666666,c-GC-star,0,1,1,,,,220210_F1_run6,69,unstable,21
1,2.0,0.16666666666666666,c-GC-star,0,1,1,,,,220210_F1_run6,69,unstable,23
1,2.0,0.16666666666666666,c-GC-star,0,1,1,,,,220210_F1_run6,69,unstable,27
1,4.0,0.5,c-GC-star,1,2,4,,,,220210_F1_run6,69,unstable,30
1,2.0,0.16666666666666666,c-GC-star,0,1,1,,,,220210_F1_run6,69,unstable,34
1,2.0,0.16666666666666666,c-GC-star,0,1,1,,,,220210_F1_run6,69,unstable,36
1,2.0,0.16666666666666666,c-GC-star,0,1,1,,,,220210_F1_run6,69,unstable,37
1,2.0,0.16666666666666666,c-GC-star,0,1,1,,,,220210_F1_run6,69,unstable,39
1,2.0,0.16666666666666666,c-GC-star,0,1,1,,,,220210_F1_run6,69,unstable,40
1,2.0,0.16666666666666666,c-GC-star,0,1,1,,,,220210_F1_run6,69,unstable,43
1,2.0,0.16666666666666666,c-GC-star,0,1,1,,,,220210_F1_run6,69,unstable,50
1,2.0,0.3333333333333333,c-GC-star,1,1,6,,,,220210_F1_run6,69,unstable,53
1,,0.0,c-GC-star,0,0,7,,,,220210_F1_run6,69,stable,56
1,3.0,0.16666666666666666,c-GC-star,0,1,2,,,,220210_F1_run6,69,lost,58
1,2.0,0.16666666666666666,c-GC-star,0,1,1,,,,220210_F1_run6,69,unstable,68
1,2.0,0.16666666666666666,c-GC-star,0,1,1,,,,220210_F1_run6,69,unstable,70
6,,0.16666666666666666,c-GC-star,1,0,2,,,,220210_F1_run6,69,unstable,77
1,2.0,0.16666666666666666,c-GC-star,0,1,1,,,,220210_F1_run6,69,unstable,89
1,2.0,0.16666666666666666,c-GC-star,0,1,1,,,,220210_F1_run6,69,unstable,93
1,2.0,0.16666666666666666,c-GC-star,0,1,1,,,,220210_F1_run6,69,unstable,94
1,2.0,0.16666666666666666,c-GC-star,0,1,1,,,,220210_F1_run6,69,unstable,95
1,4.0,0.16666666666666666,c-GC-star,0,1,3,,,,220210_F1_run6,69,lost,96
1,3.0,0.6666666666666666,c-GC-star,2,2,4,,,,220210_F1_run6,69,unstable,107
1,2.0,0.16666666666666666,c-GC-star,0,1,1,,,,220210_F1_run6,69,unstable,108
2,,0.16666666666666666,c-GC-star,1,0,6,,,,220210_F1_run6,69,unstable,110
2,3.0,0.6666666666666666,c-GC-star,2,2,2,,,,220210_F1_run6,69,unstable,120
1,2.0,0.16666666666666666,c-GC-star,0,1,1,,,,220210_F1_run6,69,unstable,122
1,2.0,0.16666666666666666,c-GC-star,0,1,1,,,,220210_F1_run6,69,unstable,128
1,,0.0,c-GC-star,0,0,7,,,,220210_F1_run6,70,stable,5
3,,0.16666666666666666,c-GC-star,1,0,5,,,,220210_F1_run6,70,unstable,6
1,5.0,0.5,c-GC-star,1,2,5,,,,220210_F1_run6,70,unstable,8
5,,0.16666666666666666,c-GC-star,1,0,3,,,,220210_F1_run6,70,unstable,12
1,2.0,0.16666666666666666,c-GC-star,0,1,1,,,,220210_F1_run6,70,unstable,25
1,3.0,0.3333333333333333,c-GC-star,1,1,6,,,,220210_F1_run6,70,unstable,27
6,,0.16666666666666666,c-GC-star,1,0,2,,,,220210_F1_run6,70,unstable,30
6,,0.16666666666666666,c-GC-star,1,0,2,,,,220210_F1_run6,70,unstable,36
1,,0.0,c-GC-star,0,0,7,,,,220210_F1_run6,70,stable,37
3,,0.16666666666666666,c-GC-star,1,0,5,,,,220210_F1_run6,70,unstable,38
1,2.0,0.16666666666666666,c-GC-star,0,1,1,,,,220210_F1_run6,70,unstable,42
2,5.0,0.5,c-GC-star,2,1,5,,,,220210_F1_run6,70,unstable,43
2,3.0,0.3333333333333333,c-GC-star,1,1,1,,,,220210_F1_run6,70,unstable,48
1,3.0,0.3333333333333333,c-GC-star,1,1,6,,,,220210_F1_run6,70,unstable,53
2,3.0,0.6666666666666666,c-GC-star,2,2,4,,,,220210_F1_run6,70,unstable,69
6,,0.16666666666666666,c-GC-star,1,0,2,,,,220210_F1_run6,70,unstable,72
2,3.0,0.3333333333333333,c-GC-star,1,1,1,,,,220210_F1_run6,70,unstable,74
6,,0.16666666666666666,c-GC-star,1,0,2,,,,220210_F1_run6,70,unstable,76
2,3.0,0.3333333333333333,c-GC-star,1,1,1,,,,220210_F1_run6,70,unstable,77
2,,0.16666666666666666,c-GC-star,1,0,6,,,,220210_F1_run6,70,unstable,80
3,,0.16666666666666666,c-GC-star,1,0,5,,,,220210_F1_run6,70,unstable,81
3,4.0,0.3333333333333333,c-GC-star,1,1,1,,,,220210_F1_run6,70,unstable,86
5,6.0,0.3333333333333333,c-GC-star,1,1,1,,,,220210_F1_run6,70,unstable,89
5,7.0,0.3333333333333333,c-GC-star,1,1,2,,,,220210_F1_run6,70,unstable,93
2,,0.16666666666666666,c-GC-star,1,0,6,,,,220210_F1_run6,70,unstable,106
2,3.0,0.3333333333333333,c-GC-star,1,1,1,,,,220210_F1_run6,70,unstable,107
1,2.0,0.5,c-GC-star,1,2,2,,,,220210_F1_run6,70,unstable,109
1,,0.0,c-GC-star,0,0,7,,,,220210_F1_run6,70,stable,110
1,3.0,0.16666666666666666,c-GC-star,0,1,2,,,,220210_F1_run6,70,lost,120
5,6.0,0.3333333333333333,c-GC-star,1,1,1,,,,220210_F1_run6,70,unstable,121
1,6.0,0.3333333333333333,c-GC-star,1,1,6,,,,220210_F1_run6,70,unstable,124
1,2.0,0.16666666666666666,c-GC-star,0,1,1,,,,220210_F1_run6,70,unstable,129
1,2.0,0.3333333333333333,c-GC-star,1,1,4,,,,220210_F1_run6,71,unstable,18
2,3.0,0.3333333333333333,c-GC-star,1,1,1,,,,220210_F1_run6,71,unstable,38
1,2.0,0.8333333333333334,c-GC-star,2,3,3,,,,220210_F1_run6,71,unstable,46
1,2.0,0.16666666666666666,c-GC-star,0,1,1,,,,220210_F1_run6,71,unstable,50
1,2.0,0.16666666666666666,c-GC-star,0,1,1,,,,220210_F1_run6,71,unstable,63
1,2.0,0.16666666666666666,c-GC-star,0,1,1,,,,220210_F1_run6,71,unstable,76
1,3.0,0.5,c-GC-star,1,2,3,,,,220210_F1_run6,71,unstable,87
1,2.0,0.16666666666666666,c-GC-star,0,1,1,,,,220210_F1_run6,71,unstable,89
3,4.0,0.6666666666666666,c-GC-star,2,2,2,,,,220210_F1_run6,71,unstable,94
1,,0.0,c-GC-star,0,0,7,,,,220210_F1_run6,71,stable,114
1,3.0,0.3333333333333333,c-GC-star,1,1,4,,,,220210_F1_run6,71,unstable,120
6,7.0,0.3333333333333333,c-GC-star,1,1,1,,,,220210_F1_run6,72,unstable,0
1,2.0,0.16666666666666666,c-GC-star,0,1,1,,,,220210_F1_run6,72,unstable,6
4,6.0,0.5,c-GC-star,2,1,3,,,,220210_F1_run6,72,unstable,24
1,,0.0,c-GC-star,0,0,7,,,,220210_F1_run6,72,stable,55
1,,0.0,c-GC-star,0,0,7,,,,220210_F1_run6,72,stable,75
1,2.0,0.3333333333333333,c-GC-star,1,1,4,,,,220210_F1_run6,72,unstable,76
1,,0.0,c-GC-star,0,0,7,,,,220210_F1_run6,72,stable,88
4,5.0,0.3333333333333333,c-GC-star,1,1,1,,,,220210_F1_run6,72,unstable,107
1,,0.0,c-GC-star,0,0,7,,,,220210_F1_run6,72,stable,117
1,2.0,0.16666666666666666,c-GC-star,0,1,1,,,,220210_F1_run6,72,unstable,121
3,7.0,0.3333333333333333,c-GC-star,1,1,4,,,,220210_F1_run6,73,unstable,5
2,,0.16666666666666666,c-GC-star,1,0,6,,,,220210_F1_run6,73,unstable,6
2,3.0,0.5,c-GC-star,2,1,5,,,,220210_F1_run6,73,unstable,8
3,4.0,0.3333333333333333,c-GC-star,1,1,1,,,,220210_F1_run6,73,unstable,17
2,6.0,0.3333333333333333,c-GC-star,1,1,4,,,,220210_F1_run6,73,unstable,34
2,3.0,0.3333333333333333,c-GC-star,1,1,1,,,,220210_F1_run6,73,unstable,36
2,,0.16666666666666666,c-GC-star,1,0,6,,,,220210_F1_run6,73,unstable,37
2,,0.16666666666666666,c-GC-star,1,0,6,,,,220210_F1_run6,73,unstable,38
2,,0.16666666666666666,c-GC-star,1,0,6,,,,220210_F1_run6,73,unstable,43
1,2.0,0.5,c-GC-star,1,2,2,,,,220210_F1_run6,73,unstable,48
4,5.0,0.3333333333333333,c-GC-star,1,1,1,,,,220210_F1_run6,73,unstable,49
1,,0.0,c-GC-star,0,0,7,,,,220210_F1_run6,73,stable,50
3,4.0,0.3333333333333333,c-GC-star,1,1,1,,,,220210_F1_run6,73,unstable,51
6,,0.16666666666666666,c-GC-star,1,0,2,,,,220210_F1_run6,73,unstable,59
3,,0.16666666666666666,c-GC-star,1,0,5,,,,220210_F1_run6,73,unstable,64
4,5.0,0.3333333333333333,c-GC-star,1,1,1,,,,220210_F1_run6,73,unstable,67
4,5.0,0.3333333333333333,c-GC-star,1,1,1,,,,220210_F1_run6,73,unstable,69
1,,0.0,c-GC-star,0,0,7,,,,220210_F1_run6,73,stable,74
2,5.0,0.3333333333333333,c-GC-star,1,1,3,,,,220210_F1_run6,73,unstable,75
2,5.0,0.3333333333333333,c-GC-star,1,1,3,,,,220210_F1_run6,73,unstable,76
2,3.0,0.3333333333333333,c-GC-star,1,1,1,,,,220210_F1_run6,73,unstable,79
1,,0.0,c-GC-star,0,0,7,,,,220210_F1_run6,73,stable,80
1,7.0,0.16666666666666666,c-GC-star,0,1,6,,,,220210_F1_run6,73,lost,84
1,,0.0,c-GC-star,0,0,7,,,,220210_F1_run6,73,stable,85
1,2.0,0.3333333333333333,c-GC-star,1,1,6,,,,220210_F1_run6,73,unstable,86
2,,0.16666666666666666,c-GC-star,1,0,6,,,,220210_F1_run6,73,unstable,89
2,,0.16666666666666666,c-GC-star,1,0,6,,,,220210_F1_run6,73,unstable,94
5,,0.16666666666666666,c-GC-star,1,0,3,,,,220210_F1_run6,73,unstable,96
2,,0.16666666666666666,c-GC-star,1,0,6,,,,220210_F1_run6,73,unstable,98
1,,0.0,c-GC-star,0,0,7,,,,220210_F1_run6,73,stable,106
1,,0.0,c-GC-star,0,0,7,,,,220210_F1_run6,73,stable,110
5,6.0,0.3333333333333333,c-GC-star,1,1,1,,,,220210_F1_run6,73,unstable,111
3,,0.16666666666666666,c-GC-star,1,0,5,,,,220210_F1_run6,73,unstable,118
1,7.0,0.16666666666666666,c-GC-star,0,1,6,,,,220210_F1_run6,73,lost,126
1,3.0,0.3333333333333333,c-GC-star,1,1,4,,,,220210_F1_run6,73,unstable,129
2,3.0,0.3333333333333333,c-GC-star,1,1,1,,,,220210_F1_run6,74,unstable,15
2,,0.16666666666666666,c-GC-star,1,0,6,,,,220210_F1_run6,74,unstable,38
1,5.0,0.5,c-GC-star,1,2,5,,,,220210_F1_run6,74,unstable,39
2,4.0,0.3333333333333333,c-GC-star,1,1,2,,,,220210_F1_run6,74,unstable,44
1,2.0,0.16666666666666666,c-GC-star,0,1,1,,,,220210_F1_run6,74,unstable,45
2,,0.16666666666666666,c-GC-star,1,0,6,,,,220210_F1_run6,74,unstable,46
2,,0.16666666666666666,c-GC-star,1,0,6,,,,220210_F1_run6,74,unstable,47
1,3.0,0.16666666666666666,c-GC-star,0,1,2,,,,220210_F1_run6,74,lost,48
1,,0.0,c-GC-star,0,0,7,,,,220210_F1_run6,74,stable,50
2,6.0,0.3333333333333333,c-GC-star,1,1,4,,,,220210_F1_run6,74,unstable,53
1,,0.0,c-GC-star,0,0,7,,,,220210_F1_run6,74,stable,54
1,3.0,0.3333333333333333,c-GC-star,1,1,3,,,,220210_F1_run6,74,unstable,58
1,5.0,0.3333333333333333,c-GC-star,1,1,5,,,,220210_F1_run6,74,unstable,60
2,3.0,0.3333333333333333,c-GC-star,1,1,1,,,,220210_F1_run6,74,unstable,63
1,2.0,0.16666666666666666,c-GC-star,0,1,1,,,,220210_F1_run6,74,unstable,66
2,5.0,0.3333333333333333,c-GC-star,1,1,3,,,,220210_F1_run6,74,unstable,67
1,2.0,0.16666666666666666,c-GC-star,0,1,1,,,,220210_F1_run6,74,unstable,68
2,5.0,0.3333333333333333,c-GC-star,1,1,3,,,,220210_F1_run6,74,unstable,70
1,,0.0,c-GC-star,0,0,7,,,,220210_F1_run6,74,stable,73
1,,0.0,c-GC-star,0,0,7,,,,220210_F1_run6,74,stable,75
2,,0.16666666666666666,c-GC-star,1,0,6,,,,220210_F1_run6,74,unstable,76
2,,0.16666666666666666,c-GC-star,1,0,6,,,,220210_F1_run6,74,unstable,77
2,5.0,0.5,c-GC-star,2,1,5,,,,220210_F1_run6,74,unstable,78
1,,0.0,c-GC-star,0,0,7,,,,220210_F1_run6,74,stable,80
1,,0.0,c-GC-star,0,0,7,,,,220210_F1_run6,74,stable,84
2,5.0,0.3333333333333333,c-GC-star,1,1,3,,,,220210_F1_run6,74,unstable,86
2,7.0,0.3333333333333333,c-GC-star,1,1,5,,,,220210_F1_run6,74,unstable,89
3,4.0,0.3333333333333333,c-GC-star,1,1,1,,,,220210_F1_run6,74,unstable,90
1,,0.0,c-GC-star,0,0,7,,,,220210_F1_run6,74,stable,93
1,3.0,0.3333333333333333,c-GC-star,1,1,6,,,,220210_F1_run6,74,unstable,94
5,6.0,0.5,c-GC-star,2,1,2,,,,220210_F1_run6,74,unstable,100
1,,0.0,c-GC-star,0,0,7,,,,220210_F1_run6,74,stable,107
1,,0.0,c-GC-star,0,0,7,,,,220210_F1_run6,74,stable,108
1,5.0,0.16666666666666666,c-GC-star,0,1,4,,,,220210_F1_run6,74,lost,109
1,,0.0,c-GC-star,0,0,7,,,,220210_F1_run6,74,stable,110
2,4.0,0.3333333333333333,c-GC-star,1,1,2,,,,220210_F1_run6,74,unstable,117
2,6.0,0.3333333333333333,c-GC-star,1,1,4,,,,220210_F1_run6,74,unstable,128
6,7.0,0.3333333333333333,c-GC-star,1,1,1,,,,220210_F1_run6,75,unstable,37
2,3.0,0.3333333333333333,c-GC-star,1,1,1,,,,220210_F1_run6,75,unstable,47
1,2.0,0.16666666666666666,c-GC-star,0,1,1,,,,220210_F1_run6,75,unstable,54
6,7.0,0.3333333333333333,c-GC-star,1,1,1,,,,220210_F1_run6,75,unstable,74
4,,0.16666666666666666,c-GC-star,1,0,4,,,,220210_F1_run6,75,unstable,84
2,3.0,0.6666666666666666,c-GC-star,2,2,3,,,,220210_F1_run6,75,unstable,89
1,,0.0,c-GC-star,0,0,7,,,,220210_F1_run6,75,stable,92
2,3.0,0.3333333333333333,c-GC-star,1,1,1,,,,220210_F1_run6,75,unstable,102
1,,0.0,c-GC-star,0,0,7,,,,220210_F1_run6,75,stable,117
2,3.0,0.6666666666666666,c-GC-star,2,2,3,,,,220210_F1_run6,76,unstable,7
7,,0.16666666666666666,c-GC-star,1,0,1,,,,220210_F1_run6,76,novel,27
1,2.0,0.16666666666666666,c-GC-star,0,1,1,,,,220210_F1_run6,76,unstable,28
7,,0.16666666666666666,c-GC-star,1,0,1,,,,220210_F1_run6,76,novel,30
1,3.0,0.3333333333333333,c-GC-star,1,1,6,,,,220210_F1_run6,76,unstable,50
3,5.0,0.3333333333333333,c-GC-star,1,1,2,,,,220210_F1_run6,76,unstable,54
3,5.0,0.3333333333333333,c-GC-star,1,1,2,,,,220210_F1_run6,76,unstable,77
7,,0.16666666666666666,c-GC-star,1,0,1,,,,220210_F1_run6,76,novel,80
1,3.0,0.5,c-GC-star,1,2,4,,,,220210_F1_run6,76,unstable,86
1,4.0,0.3333333333333333,c-GC-star,1,1,6,,,,220210_F1_run6,76,unstable,94
4,5.0,0.3333333333333333,c-GC-star,1,1,1,,,,220210_F1_run6,76,unstable,100
1,2.0,0.3333333333333333,c-GC-star,1,1,5,,,,220210_F1_run6,76,unstable,104
4,7.0,0.3333333333333333,c-GC-star,1,1,3,,,,220210_F1_run6,76,unstable,117
1,2.0,0.16666666666666666,c-GC-star,0,1,1,,,,220210_F1_run6,77,unstable,4
1,7.0,0.16666666666666666,c-GC-star,0,1,6,,,,220210_F1_run6,77,lost,11
1,3.0,0.16666666666666666,c-GC-star,0,1,2,,,,220210_F1_run6,77,lost,16
1,3.0,0.16666666666666666,c-GC-star,0,1,2,,,,220210_F1_run6,77,lost,25
7,,0.16666666666666666,c-GC-star,1,0,1,,,,220210_F1_run6,77,novel,30
7,,0.16666666666666666,c-GC-star,1,0,1,,,,220210_F1_run6,77,novel,37
6,,0.16666666666666666,c-GC-star,1,0,2,,,,220210_F1_run6,77,unstable,38
6,,0.16666666666666666,c-GC-star,1,0,2,,,,220210_F1_run6,77,unstable,39
6,,0.16666666666666666,c-GC-star,1,0,2,,,,220210_F1_run6,77,unstable,43
7,,0.16666666666666666,c-GC-star,1,0,1,,,,220210_F1_run6,77,novel,46
7,,0.16666666666666666,c-GC-star,1,0,1,,,,220210_F1_run6,77,novel,50
2,3.0,0.3333333333333333,c-GC-star,1,1,1,,,,220210_F1_run6,77,unstable,67
2,,0.16666666666666666,c-GC-star,1,0,6,,,,220210_F1_run6,77,unstable,78
6,7.0,0.3333333333333333,c-GC-star,1,1,1,,,,220210_F1_run6,77,unstable,79
1,3.0,0.3333333333333333,c-GC-star,1,1,6,,,,220210_F1_run6,77,unstable,80
5,7.0,0.3333333333333333,c-GC-star,1,1,2,,,,220210_F1_run6,77,unstable,83
3,6.0,0.3333333333333333,c-GC-star,1,1,3,,,,220210_F1_run6,77,unstable,89
5,,0.16666666666666666,c-GC-star,1,0,3,,,,220210_F1_run6,77,unstable,93
1,,0.0,c-GC-star,0,0,7,,,,220210_F1_run6,77,stable,94
5,6.0,0.3333333333333333,c-GC-star,1,1,1,,,,220210_F1_run6,77,unstable,96
3,,0.16666666666666666,c-GC-star,1,0,5,,,,220210_F1_run6,77,unstable,100
7,,0.16666666666666666,c-GC-star,1,0,1,,,,220210_F1_run6,77,novel,122
1,,0.0,c-GC-star,0,0,7,,,,220210_F1_run6,77,stable,123
2,7.0,0.3333333333333333,c-GC-star,1,1,5,,,,220210_F1_run6,78,unstable,8
1,,0.0,c-GC-star,0,0,7,,,,220210_F1_run6,78,stable,13
1,4.0,0.5,c-GC-star,1,2,4,,,,220210_F1_run6,78,unstable,17
1,2.0,0.16666666666666666,c-GC-star,0,1,1,,,,220210_F1_run6,78,unstable,18
1,2.0,0.3333333333333333,c-GC-star,1,1,6,,,,220210_F1_run6,78,unstable,37
1,3.0,0.16666666666666666,c-GC-star,0,1,2,,,,220210_F1_run6,78,lost,39
1,2.0,0.16666666666666666,c-GC-star,0,1,1,,,,220210_F1_run6,78,unstable,50
1,,0.0,c-GC-star,0,0,7,,,,220210_F1_run6,78,stable,76
4,5.0,0.5,c-GC-star,2,1,2,,,,220210_F1_run6,78,unstable,79
1,2.0,0.16666666666666666,c-GC-star,0,1,1,,,,220210_F1_run6,78,unstable,80
1,4.0,0.16666666666666666,c-GC-star,0,1,3,,,,220210_F1_run6,78,lost,87
3,4.0,0.3333333333333333,c-GC-star,1,1,1,,,,220210_F1_run6,78,unstable,88
1,2.0,0.16666666666666666,c-GC-star,0,1,1,,,,220210_F1_run6,78,unstable,89
4,5.0,0.3333333333333333,c-GC-star,1,1,1,,,,220210_F1_run6,78,unstable,93
3,4.0,0.3333333333333333,c-GC-star,1,1,1,,,,220210_F1_run6,78,unstable,94
1,2.0,0.16666666666666666,c-GC-star,0,1,1,,,,220210_F1_run6,78,unstable,95
1,2.0,0.16666666666666666,c-GC-star,0,1,1,,,,220210_F1_run6,78,unstable,102
1,2.0,0.3333333333333333,c-GC-star,1,1,3,,,,220210_F1_run6,78,unstable,116
1,4.0,0.16666666666666666,c-GC-star,0,1,3,,,,220210_F1_run6,78,lost,122
1,2.0,0.16666666666666666,c-GC-star,0,1,1,,,,220210_F1_run6,79,unstable,9
4,,0.16666666666666666,c-GC-star,1,0,4,,,,220210_F1_run6,79,unstable,31
7,,0.16666666666666666,c-GC-star,1,0,1,,,,220210_F1_run6,79,novel,45
1,3.0,0.16666666666666666,c-GC-star,0,1,2,,,,220210_F1_run6,79,lost,46
1,2.0,0.16666666666666666,c-GC-star,0,1,1,,,,220210_F1_run6,79,unstable,48
2,3.0,0.3333333333333333,c-GC-star,1,1,1,,,,220210_F1_run6,79,unstable,49
5,,0.16666666666666666,c-GC-star,1,0,3,,,,220210_F1_run6,79,unstable,61
1,2.0,0.16666666666666666,c-GC-star,0,1,1,,,,220210_F1_run6,79,unstable,80
1,2.0,0.3333333333333333,c-GC-star,1,1,6,,,,220210_F1_run6,79,unstable,81
1,2.0,0.16666666666666666,c-GC-star,0,1,1,,,,220210_F1_run6,79,unstable,93
1,2.0,0.16666666666666666,c-GC-star,0,1,1,,,,220210_F1_run6,79,unstable,114
1,2.0,0.16666666666666666,c-GC-star,0,1,1,,,,220210_F1_run6,79,unstable,119
1,2.0,0.16666666666666666,c-GC-star,0,1,1,,,,220210_F1_run6,79,unstable,120
5,,0.16666666666666666,c-GC-star,1,0,3,,,,220210_F1_run6,80,unstable,9
2,4.0,0.3333333333333333,c-GC-star,1,1,2,,,,220210_F1_run6,80,unstable,10
1,4.0,0.5,c-GC-star,1,2,4,,,,220210_F1_run6,80,unstable,34
1,2.0,0.16666666666666666,c-GC-star,0,1,1,,,,220210_F1_run6,80,unstable,46
3,,0.16666666666666666,c-GC-star,1,0,5,,,,220210_F1_run6,80,unstable,47
2,3.0,0.3333333333333333,c-GC-star,1,1,1,,,,220210_F1_run6,80,unstable,50
1,4.0,0.3333333333333333,c-GC-star,1,1,5,,,,220210_F1_run6,80,unstable,72
1,4.0,0.3333333333333333,c-GC-star,1,1,5,,,,220210_F1_run6,80,unstable,73
3,,0.16666666666666666,c-GC-star,1,0,5,,,,220210_F1_run6,80,unstable,74
2,3.0,0.6666666666666666,c-GC-star,2,2,4,,,,220210_F1_run6,80,unstable,76
1,2.0,0.16666666666666666,c-GC-star,0,1,1,,,,220210_F1_run6,80,unstable,79
3,,0.16666666666666666,c-GC-star,1,0,5,,,,220210_F1_run6,80,unstable,85
2,,0.16666666666666666,c-GC-star,1,0,6,,,,220210_F1_run6,80,unstable,89
1,3.0,0.8333333333333334,c-GC-star,2,3,4,,,,220210_F1_run6,80,unstable,93
1,2.0,0.5,c-GC-star,1,2,2,,,,220210_F1_run6,80,unstable,96
4,,0.16666666666666666,c-GC-star,1,0,4,,,,220210_F1_run6,80,unstable,98
1,2.0,0.16666666666666666,c-GC-star,0,1,1,,,,220210_F1_run6,80,unstable,107
1,,0.0,c-GC-star,0,0,7,,,,220210_F1_run6,80,stable,108
1,5.0,0.3333333333333333,c-GC-star,1,1,6,,,,220210_F1_run6,80,unstable,109
1,5.0,0.16666666666666666,c-GC-star,0,1,4,,,,220210_F1_run6,80,lost,110
1,2.0,0.16666666666666666,c-GC-star,0,1,1,,,,220210_F1_run6,80,unstable,111
2,6.0,0.5,c-GC-star,2,1,5,,,,220210_F1_run6,80,unstable,117
1,2.0,0.16666666666666666,c-GC-star,0,1,1,,,,220210_F1_run6,80,unstable,120
1,2.0,0.16666666666666666,c-GC-star,0,1,1,,,,220210_F1_run6,80,unstable,122
1,2.0,0.16666666666666666,c-GC-star,0,1,1,,,,220210_F1_run6,80,unstable,128
1,2.0,0.16666666666666666,c-GC-star,0,1,1,,,,220210_F1_run6,80,unstable,129
2,3.0,0.3333333333333333,c-GC-star,1,1,1,,,,220210_F1_run6,81,unstable,12
7,,0.16666666666666666,c-GC-star,1,0,1,,,,220210_F1_run6,81,novel,13
1,3.0,0.16666666666666666,c-GC-star,0,1,2,,,,220210_F1_run6,81,lost,36
2,4.0,0.3333333333333333,c-GC-star,1,1,2,,,,220210_F1_run6,81,unstable,38
2,3.0,0.3333333333333333,c-GC-star,1,1,1,,,,220210_F1_run6,81,unstable,39
4,,0.16666666666666666,c-GC-star,1,0,4,,,,220210_F1_run6,81,unstable,59
3,,0.16666666666666666,c-GC-star,1,0,5,,,,220210_F1_run6,81,unstable,109
2,3.0,0.8333333333333334,c-GC-star,3,2,3,,,,220210_F1_run6,81,unstable,128
1,2.0,0.16666666666666666,c-GC-star,0,1,1,,,,220210_F1_run6,82,unstable,0
1,2.0,0.16666666666666666,c-GC-star,0,1,1,,,,220210_F1_run6,82,unstable,4
1,2.0,0.16666666666666666,c-GC-star,0,1,1,,,,220210_F1_run6,82,unstable,9
1,6.0,0.16666666666666666,c-GC-star,0,1,5,,,,220210_F1_run6,82,lost,10
1,2.0,0.16666666666666666,c-GC-star,0,1,1,,,,220210_F1_run6,82,unstable,12
2,3.0,0.3333333333333333,c-GC-star,1,1,1,,,,220210_F1_run6,82,unstable,25
1,2.0,0.16666666666666666,c-GC-star,0,1,1,,,,220210_F1_run6,82,unstable,30
1,2.0,0.16666666666666666,c-GC-star,0,1,1,,,,220210_F1_run6,82,unstable,31
1,,0.0,c-GC-star,0,0,7,,,,220210_F1_run6,82,stable,39
1,2.0,0.16666666666666666,c-GC-star,0,1,1,,,,220210_F1_run6,82,unstable,43
4,5.0,0.3333333333333333,c-GC-star,1,1,1,,,,220210_F1_run6,82,unstable,45
1,2.0,0.16666666666666666,c-GC-star,0,1,1,,,,220210_F1_run6,82,unstable,53
1,2.0,0.3333333333333333,c-GC-star,1,1,4,,,,220210_F1_run6,82,unstable,54
1,2.0,0.16666666666666666,c-GC-star,0,1,1,,,,220210_F1_run6,82,unstable,58
1,2.0,0.16666666666666666,c-GC-star,0,1,1,,,,220210_F1_run6,82,unstable,59
1,2.0,0.16666666666666666,c-GC-star,0,1,1,,,,220210_F1_run6,82,unstable,66
1,2.0,0.16666666666666666,c-GC-star,0,1,1,,,,220210_F1_run6,82,unstable,68
1,2.0,0.16666666666666666,c-GC-star,0,1,1,,,,220210_F1_run6,82,unstable,79
1,2.0,0.16666666666666666,c-GC-star,0,1,1,,,,220210_F1_run6,82,unstable,110
1,2.0,0.16666666666666666,c-GC-star,0,1,1,,,,220210_F1_run6,82,unstable,116
1,2.0,0.16666666666666666,c-GC-star,0,1,1,,,,220210_F1_run6,82,unstable,122
1,,0.0,c-GC-star,0,0,7,,,,220210_F1_run6,83,stable,8
1,2.0,0.16666666666666666,c-GC-star,0,1,1,,,,220210_F1_run6,83,unstable,24
1,2.0,0.16666666666666666,c-GC-star,0,1,1,,,,220210_F1_run6,83,unstable,25
1,2.0,0.5,c-GC-star,1,2,3,,,,220210_F1_run6,83,unstable,43
4,5.0,0.5,c-GC-star,2,1,3,,,,220210_F1_run6,83,unstable,76
4,,0.16666666666666666,c-GC-star,1,0,4,,,,220210_F1_run6,83,unstable,84
5,,0.16666666666666666,c-GC-star,1,0,3,,,,220210_F1_run6,83,unstable,89
5,6.0,0.5,c-GC-star,2,1,2,,,,220210_F1_run6,83,unstable,96
1,2.0,0.16666666666666666,c-GC-star,0,1,1,,,,220210_F1_run6,83,unstable,98
1,6.0,0.16666666666666666,c-GC-star,0,1,5,,,,220210_F1_run6,83,lost,104
5,,0.16666666666666666,c-GC-star,1,0,3,,,,220210_F1_run6,83,unstable,124
1,2.0,0.5,c-GC-star,1,2,2,,,,220210_F1_run6,84,unstable,2
1,2.0,0.16666666666666666,c-GC-star,0,1,1,,,,220210_F1_run6,84,unstable,5
1,3.0,0.5,c-GC-star,1,2,4,,,,220210_F1_run6,84,unstable,6
1,2.0,0.16666666666666666,c-GC-star,0,1,1,,,,220210_F1_run6,84,unstable,10
1,2.0,0.5,c-GC-star,1,2,5,,,,220210_F1_run6,84,unstable,11
6,7.0,0.3333333333333333,c-GC-star,1,1,1,,,,220210_F1_run6,84,unstable,12
1,2.0,0.16666666666666666,c-GC-star,0,1,1,,,,220210_F1_run6,84,unstable,16
1,3.0,0.16666666666666666,c-GC-star,0,1,2,,,,220210_F1_run6,84,lost,21
2,3.0,0.3333333333333333,c-GC-star,1,1,1,,,,220210_F1_run6,84,unstable,31
1,7.0,0.16666666666666666,c-GC-star,0,1,6,,,,220210_F1_run6,84,lost,32
1,,0.0,c-GC-star,0,0,7,,,,220210_F1_run6,84,stable,34
1,3.0,0.16666666666666666,c-GC-star,0,1,2,,,,220210_F1_run6,84,lost,37
2,3.0,0.6666666666666666,c-GC-star,2,2,4,,,,220210_F1_run6,84,unstable,40
1,2.0,0.16666666666666666,c-GC-star,0,1,1,,,,220210_F1_run6,84,unstable,42
2,,0.16666666666666666,c-GC-star,1,0,6,,,,220210_F1_run6,84,unstable,47
1,2.0,0.16666666666666666,c-GC-star,0,1,1,,,,220210_F1_run6,84,unstable,49
1,,0.0,c-GC-star,0,0,7,,,,220210_F1_run6,84,stable,50
1,2.0,0.16666666666666666,c-GC-star,0,1,1,,,,220210_F1_run6,84,unstable,51
1,2.0,0.16666666666666666,c-GC-star,0,1,1,,,,220210_F1_run6,84,unstable,57
1,,0.0,c-GC-star,0,0,7,,,,220210_F1_run6,84,stable,62
6,7.0,0.3333333333333333,c-GC-star,1,1,1,,,,220210_F1_run6,84,unstable,66
2,3.0,0.3333333333333333,c-GC-star,1,1,1,,,,220210_F1_run6,84,unstable,73
2,5.0,0.3333333333333333,c-GC-star,1,1,3,,,,220210_F1_run6,84,unstable,75
1,,0.0,c-GC-star,0,0,7,,,,220210_F1_run6,84,stable,76
1,2.0,0.16666666666666666,c-GC-star,0,1,1,,,,220210_F1_run6,84,unstable,85
1,2.0,0.16666666666666666,c-GC-star,0,1,1,,,,220210_F1_run6,84,unstable,86
2,3.0,0.6666666666666666,c-GC-star,2,2,2,,,,220210_F1_run6,84,unstable,89
1,3.0,0.5,c-GC-star,1,2,4,,,,220210_F1_run6,84,unstable,93
1,2.0,0.16666666666666666,c-GC-star,0,1,1,,,,220210_F1_run6,84,unstable,106
4,5.0,0.3333333333333333,c-GC-star,1,1,1,,,,220210_F1_run6,84,unstable,117
1,2.0,0.16666666666666666,c-GC-star,0,1,1,,,,220210_F1_run6,84,unstable,121
1,2.0,0.16666666666666666,c-GC-star,0,1,1,,,,220210_F1_run6,84,unstable,124
6,7.0,0.3333333333333333,c-GC-star,1,1,1,,,,220210_F1_run6,85,unstable,12
1,2.0,0.5,c-GC-star,1,2,2,,,,220210_F1_run6,85,unstable,46
1,5.0,0.16666666666666666,c-GC-star,0,1,4,,,,220210_F1_run6,85,lost,54
1,2.0,0.5,c-GC-star,1,2,3,,,,220210_F1_run6,85,unstable,64
1,2.0,0.3333333333333333,c-GC-star,1,1,2,,,,220210_F1_run6,85,unstable,72
1,,0.0,c-GC-star,0,0,7,,,,220210_F1_run6,85,stable,75
1,4.0,0.16666666666666666,c-GC-star,0,1,3,,,,220210_F1_run6,85,lost,80
2,,0.16666666666666666,c-GC-star,1,0,6,,,,220210_F1_run6,85,unstable,88
1,5.0,0.16666666666666666,c-GC-star,0,1,4,,,,220210_F1_run6,85,lost,102
5,6.0,0.5,c-GC-star,2,1,2,,,,220210_F1_run6,85,unstable,106
7,,0.16666666666666666,c-GC-star,1,0,1,,,,220210_F1_run6,85,novel,111
1,4.0,0.3333333333333333,c-GC-star,1,1,6,,,,220210_F1_run6,85,unstable,117
3,,0.16666666666666666,c-GC-star,1,0,5,,,,220210_F1_run6,85,unstable,118
3,4.0,0.3333333333333333,c-GC-star,1,1,1,,,,220210_F1_run6,85,unstable,128
3,,0.16666666666666666,c-GC-star,1,0,5,,,,220210_F1_run6,86,unstable,6
4,,0.16666666666666666,c-GC-star,1,0,4,,,,220210_F1_run6,86,unstable,8
1,2.0,0.16666666666666666,c-GC-star,0,1,1,,,,220210_F1_run6,86,unstable,17
1,2.0,0.16666666666666666,c-GC-star,0,1,1,,,,220210_F1_run6,86,unstable,18
1,2.0,0.16666666666666666,c-GC-star,0,1,1,,,,220210_F1_run6,86,unstable,21
2,3.0,0.3333333333333333,c-GC-star,1,1,1,,,,220210_F1_run6,86,unstable,26
7,,0.16666666666666666,c-GC-star,1,0,1,,,,220210_F1_run6,86,novel,29
7,,0.16666666666666666,c-GC-star,1,0,1,,,,220210_F1_run6,86,novel,30
6,,0.16666666666666666,c-GC-star,1,0,2,,,,220210_F1_run6,86,unstable,35
1,2.0,0.5,c-GC-star,1,2,2,,,,220210_F1_run6,86,unstable,47
3,,0.16666666666666666,c-GC-star,1,0,5,,,,220210_F1_run6,86,unstable,53
5,6.0,0.3333333333333333,c-GC-star,1,1,1,,,,220210_F1_run6,86,unstable,54
1,7.0,0.16666666666666666,c-GC-star,0,1,6,,,,220210_F1_run6,86,lost,55
3,4.0,0.5,c-GC-star,2,1,2,,,,220210_F1_run6,86,unstable,65
2,3.0,0.3333333333333333,c-GC-star,1,1,1,,,,220210_F1_run6,86,unstable,74
1,,0.0,c-GC-star,0,0,7,,,,220210_F1_run6,86,stable,75
1,,0.0,c-GC-star,0,0,7,,,,220210_F1_run6,86,stable,76
2,,0.16666666666666666,c-GC-star,1,0,6,,,,220210_F1_run6,86,unstable,77
1,,0.0,c-GC-star,0,0,7,,,,220210_F1_run6,86,stable,84
2,3.0,0.6666666666666666,c-GC-star,2,2,2,,,,220210_F1_run6,86,unstable,89
1,3.0,0.3333333333333333,c-GC-star,1,1,6,,,,220210_F1_run6,86,unstable,95
1,2.0,0.16666666666666666,c-GC-star,0,1,1,,,,220210_F1_run6,86,unstable,103
4,,0.16666666666666666,c-GC-star,1,0,4,,,,220210_F1_run6,86,unstable,107
1,2.0,0.16666666666666666,c-GC-star,0,1,1,,,,220210_F1_run6,86,unstable,115
2,3.0,0.3333333333333333,c-GC-star,1,1,1,,,,220210_F1_run6,86,unstable,129
1,2.0,0.16666666666666666,c-GC-star,0,1,1,,,,220210_F1_run6,87,unstable,30
1,5.0,0.16666666666666666,c-GC-star,0,1,4,,,,220210_F1_run6,87,lost,61
3,,0.16666666666666666,c-GC-star,1,0,5,,,,220210_F1_run6,87,unstable,75
1,,0.0,c-GC-star,0,0,7,,,,220210_F1_run6,87,stable,78
6,,0.16666666666666666,c-GC-star,1,0,2,,,,220210_F1_run6,87,unstable,79
1,2.0,0.6666666666666666,c-GC-star,2,2,4,,,,220210_F1_run6,87,unstable,88
1,2.0,0.16666666666666666,c-GC-star,0,1,1,,,,220210_F1_run6,87,unstable,90
1,3.0,0.3333333333333333,c-GC-star,1,1,5,,,,220210_F1_run6,87,unstable,95
1,3.0,0.16666666666666666,c-GC-star,0,1,2,,,,220210_F1_run6,87,lost,104
5,6.0,0.3333333333333333,c-GC-star,1,1,1,,,,220210_F1_run6,88,unstable,6
1,2.0,0.16666666666666666,c-GC-star,0,1,1,,,,220210_F1_run6,88,unstable,50
3,5.0,0.3333333333333333,c-GC-star,1,1,2,,,,220210_F1_run6,88,unstable,66
3,4.0,0.5,c-GC-star,2,1,4,,,,220210_F1_run6,88,unstable,67
1,,0.0,c-GC-star,0,0,7,,,,220210_F1_run6,88,stable,86
1,2.0,0.8333333333333334,c-GC-star,2,3,3,,,,220210_F1_run6,88,unstable,108
1,5.0,0.16666666666666666,c-GC-star,0,1,4,,,,220210_F1_run6,89,lost,5
2,3.0,0.6666666666666666,c-GC-star,2,2,2,,,,220210_F1_run6,89,unstable,6
1,3.0,0.16666666666666666,c-GC-star,0,1,2,,,,220210_F1_run6,89,lost,7
2,5.0,0.6666666666666666,c-GC-star,2,2,4,,,,220210_F1_run6,89,unstable,8
1,2.0,0.16666666666666666,c-GC-star,0,1,1,,,,220210_F1_run6,89,unstable,22
1,6.0,0.16666666666666666,c-GC-star,0,1,5,,,,220210_F1_run6,89,lost,27
1,2.0,0.16666666666666666,c-GC-star,0,1,1,,,,220210_F1_run6,89,unstable,29
2,7.0,0.3333333333333333,c-GC-star,1,1,5,,,,220210_F1_run6,89,unstable,34
1,2.0,0.16666666666666666,c-GC-star,0,1,1,,,,220210_F1_run6,89,unstable,35
1,,0.0,c-GC-star,0,0,7,,,,220210_F1_run6,89,stable,37
1,,0.0,c-GC-star,0,0,7,,,,220210_F1_run6,89,stable,38
1,,0.0,c-GC-star,0,0,7,,,,220210_F1_run6,89,stable,46
1,,0.0,c-GC-star,0,0,7,,,,220210_F1_run6,89,stable,47
1,,0.0,c-GC-star,0,0,7,,,,220210_F1_run6,89,stable,48
1,,0.0,c-GC-star,0,0,7,,,,220210_F1_run6,89,stable,50
4,5.0,0.5,c-GC-star,2,1,3,,,,220210_F1_run6,89,unstable,53
1,,0.0,c-GC-star,0,0,7,,,,220210_F1_run6,89,stable,54
5,,0.16666666666666666,c-GC-star,1,0,3,,,,220210_F1_run6,89,unstable,59
7,,0.16666666666666666,c-GC-star,1,0,1,,,,220210_F1_run6,89,novel,60
2,3.0,0.3333333333333333,c-GC-star,1,1,1,,,,220210_F1_run6,89,unstable,64
4,5.0,0.3333333333333333,c-GC-star,1,1,1,,,,220210_F1_run6,89,unstable,66
1,,0.0,c-GC-star,0,0,7,,,,220210_F1_run6,89,stable,67
1,,0.0,c-GC-star,0,0,7,,,,220210_F1_run6,89,stable,68
7,,0.16666666666666666,c-GC-star,1,0,1,,,,220210_F1_run6,89,novel,69
1,,0.0,c-GC-star,0,0,7,,,,220210_F1_run6,89,stable,74
2,4.0,0.5,c-GC-star,2,1,5,,,,220210_F1_run6,89,unstable,75
1,,0.0,c-GC-star,0,0,7,,,,220210_F1_run6,89,stable,76
1,6.0,0.3333333333333333,c-GC-star,1,1,6,,,,220210_F1_run6,89,unstable,77
1,,0.0,c-GC-star,0,0,7,,,,220210_F1_run6,89,stable,78
1,3.0,0.3333333333333333,c-GC-star,1,1,6,,,,220210_F1_run6,89,unstable,79
1,,0.0,c-GC-star,0,0,7,,,,220210_F1_run6,89,stable,80
7,,0.16666666666666666,c-GC-star,1,0,1,,,,220210_F1_run6,89,novel,82
2,,0.16666666666666666,c-GC-star,1,0,6,,,,220210_F1_run6,89,unstable,84
1,,0.0,c-GC-star,0,0,7,,,,220210_F1_run6,89,stable,86
1,3.0,0.16666666666666666,c-GC-star,0,1,2,,,,220210_F1_run6,89,lost,88
1,7.0,0.16666666666666666,c-GC-star,0,1,6,,,,220210_F1_run6,89,lost,90
1,,0.0,c-GC-star,0,0,7,,,,220210_F1_run6,89,stable,93
1,,0.0,c-GC-star,0,0,7,,,,220210_F1_run6,89,stable,94
1,2.0,0.16666666666666666,c-GC-star,0,1,1,,,,220210_F1_run6,89,unstable,96
2,3.0,0.6666666666666666,c-GC-star,2,2,3,,,,220210_F1_run6,89,unstable,99
2,4.0,0.3333333333333333,c-GC-star,1,1,2,,,,220210_F1_run6,89,unstable,100
4,5.0,0.3333333333333333,c-GC-star,1,1,1,,,,220210_F1_run6,89,unstable,102
2,,0.16666666666666666,c-GC-star,1,0,6,,,,220210_F1_run6,89,unstable,106
1,,0.0,c-GC-star,0,0,7,,,,220210_F1_run6,89,stable,107
1,6.0,0.3333333333333333,c-GC-star,1,1,6,,,,220210_F1_run6,89,unstable,109
1,,0.0,c-GC-star,0,0,7,,,,220210_F1_run6,89,stable,110
1,,0.0,c-GC-star,0,0,7,,,,220210_F1_run6,89,stable,114
1,,0.0,c-GC-star,0,0,7,,,,220210_F1_run6,89,stable,116
4,5.0,0.3333333333333333,c-GC-star,1,1,1,,,,220210_F1_run6,89,unstable,123
1,2.0,0.5,c-GC-star,1,2,3,,,,220210_F1_run6,89,unstable,124
1,2.0,0.16666666666666666,c-GC-star,0,1,1,,,,220210_F1_run6,90,unstable,49
4,7.0,0.3333333333333333,c-GC-star,1,1,3,,,,220210_F1_run6,90,unstable,50
1,2.0,0.16666666666666666,c-GC-star,0,1,1,,,,220210_F1_run6,90,unstable,51
1,,0.0,c-GC-star,0,0,7,,,,220210_F1_run6,90,stable,54
1,2.0,0.16666666666666666,c-GC-star,0,1,1,,,,220210_F1_run6,90,unstable,71
1,2.0,0.16666666666666666,c-GC-star,0,1,1,,,,220210_F1_run6,90,unstable,72
2,,0.16666666666666666,c-GC-star,1,0,6,,,,220210_F1_run6,90,unstable,74
2,,0.16666666666666666,c-GC-star,1,0,6,,,,220210_F1_run6,90,unstable,75
2,,0.16666666666666666,c-GC-star,1,0,6,,,,220210_F1_run6,90,unstable,77
3,4.0,0.3333333333333333,c-GC-star,1,1,1,,,,220210_F1_run6,90,unstable,78
1,2.0,0.16666666666666666,c-GC-star,0,1,1,,,,220210_F1_run6,90,unstable,87
2,3.0,0.3333333333333333,c-GC-star,1,1,1,,,,220210_F1_run6,90,unstable,92
1,2.0,0.16666666666666666,c-GC-star,0,1,1,,,,220210_F1_run6,90,unstable,103
2,,0.16666666666666666,c-GC-star,1,0,6,,,,220210_F1_run6,90,unstable,110
2,,0.16666666666666666,c-GC-star,1,0,6,,,,220210_F1_run6,90,unstable,115
3,4.0,0.3333333333333333,c-GC-star,1,1,1,,,,220210_F1_run6,90,unstable,117
1,2.0,0.16666666666666666,c-GC-star,0,1,1,,,,220210_F1_run6,91,unstable,33
1,2.0,0.16666666666666666,c-GC-star,0,1,1,,,,220210_F1_run6,91,unstable,49
1,2.0,0.16666666666666666,c-GC-star,0,1,1,,,,220210_F1_run6,91,unstable,51
1,2.0,0.16666666666666666,c-GC-star,0,1,1,,,,220210_F1_run6,91,unstable,66
1,2.0,0.16666666666666666,c-GC-star,0,1,1,,,,220210_F1_run6,91,unstable,83
1,2.0,0.16666666666666666,c-GC-star,0,1,1,,,,220210_F1_run6,91,unstable,96
2,3.0,0.8333333333333334,c-GC-star,3,2,4,,,,220210_F1_run6,91,unstable,98
1,2.0,0.16666666666666666,c-GC-star,0,1,1,,,,220210_F1_run6,91,unstable,116
4,,0.16666666666666666,c-GC-star,1,0,4,,,,220210_F1_run6,92,unstable,34
3,,0.16666666666666666,c-GC-star,1,0,5,,,,220210_F1_run6,92,unstable,37
6,,0.16666666666666666,c-GC-star,1,0,2,,,,220210_F1_run6,92,unstable,79
6,7.0,0.3333333333333333,c-GC-star,1,1,1,,,,220210_F1_run6,92,unstable,91
4,5.0,0.5,c-GC-star,2,1,2,,,,220210_F1_run6,93,unstable,47
1,2.0,0.16666666666666666,c-GC-star,0,1,1,,,,220210_F1_run6,93,unstable,63
1,2.0,0.16666666666666666,c-GC-star,0,1,1,,,,220210_F1_run6,93,unstable,65
1,2.0,0.6666666666666666,c-GC-star,2,2,4,,,,220210_F1_run6,93,unstable,96
3,4.0,0.3333333333333333,c-GC-star,1,1,1,,,,220210_F1_run6,93,unstable,122
1,7.0,0.16666666666666666,c-GC-star,0,1,6,,,,220210_F1_run6,94,lost,5
1,2.0,0.16666666666666666,c-GC-star,0,1,1,,,,220210_F1_run6,94,unstable,11
7,,0.16666666666666666,c-GC-star,1,0,1,,,,220210_F1_run6,94,novel,33
1,5.0,0.3333333333333333,c-GC-star,1,1,6,,,,220210_F1_run6,94,unstable,47
1,3.0,0.16666666666666666,c-GC-star,0,1,2,,,,220210_F1_run6,94,lost,49
2,3.0,0.6666666666666666,c-GC-star,2,2,4,,,,220210_F1_run6,94,unstable,76
1,2.0,0.16666666666666666,c-GC-star,0,1,1,,,,220210_F1_run6,94,unstable,80
3,4.0,0.3333333333333333,c-GC-star,1,1,1,,,,220210_F1_run6,94,unstable,81
1,2.0,0.16666666666666666,c-GC-star,0,1,1,,,,220210_F1_run6,94,unstable,84
2,,0.16666666666666666,c-GC-star,1,0,6,,,,220210_F1_run6,94,unstable,90
4,5.0,0.5,c-GC-star,2,1,3,,,,220210_F1_run6,94,unstable,98
1,2.0,0.16666666666666666,c-GC-star,0,1,1,,,,220210_F1_run6,94,unstable,103
5,,0.16666666666666666,c-GC-star,1,0,3,,,,220210_F1_run6,94,unstable,109
7,,0.16666666666666666,c-GC-star,1,0,1,,,,220210_F1_run6,94,novel,125
1,4.0,0.6666666666666666,c-GC-star,2,2,5,,,,220210_F1_run6,95,unstable,21
1,2.0,0.16666666666666666,c-GC-star,0,1,1,,,,220210_F1_run6,95,unstable,77
1,3.0,0.8333333333333334,c-GC-star,2,3,4,,,,220210_F1_run6,95,unstable,86
1,2.0,0.3333333333333333,c-GC-star,1,1,3,,,,220210_F1_run6,95,unstable,115
5,,0.16666666666666666,c-GC-star,1,0,3,,,,220210_F1_run6,96,unstable,6
6,7.0,0.3333333333333333,c-GC-star,1,1,1,,,,220210_F1_run6,96,unstable,12
1,2.0,0.16666666666666666,c-GC-star,0,1,1,,,,220210_F1_run6,96,unstable,23
1,,0.0,c-GC-star,0,0,7,,,,220210_F1_run6,96,stable,26
1,2.0,0.16666666666666666,c-GC-star,0,1,1,,,,220210_F1_run6,96,unstable,30
1,,0.0,c-GC-star,0,0,7,,,,220210_F1_run6,96,stable,39
7,,0.16666666666666666,c-GC-star,1,0,1,,,,220210_F1_run6,96,novel,57
1,2.0,0.16666666666666666,c-GC-star,0,1,1,,,,220210_F1_run6,96,unstable,58
2,3.0,0.5,c-GC-star,2,1,2,,,,220210_F1_run6,96,unstable,64
1,2.0,0.16666666666666666,c-GC-star,0,1,1,,,,220210_F1_run6,96,unstable,68
1,2.0,0.5,c-GC-star,1,2,2,,,,220210_F1_run6,96,unstable,69
1,2.0,0.16666666666666666,c-GC-star,0,1,1,,,,220210_F1_run6,96,unstable,76
1,2.0,0.16666666666666666,c-GC-star,0,1,1,,,,220210_F1_run6,96,unstable,80
1,2.0,0.16666666666666666,c-GC-star,0,1,1,,,,220210_F1_run6,96,unstable,100
1,2.0,0.16666666666666666,c-GC-star,0,1,1,,,,220210_F1_run6,96,unstable,101
1,2.0,0.16666666666666666,c-GC-star,0,1,1,,,,220210_F1_run6,96,unstable,107
1,2.0,0.16666666666666666,c-GC-star,0,1,1,,,,220210_F1_run6,96,unstable,122
1,,0.0,c-GC-star,0,0,7,,,,220210_F1_run6,96,stable,123
1,2.0,0.16666666666666666,c-GC-star,0,1,1,,,,220210_F1_run6,96,unstable,128
1,2.0,0.16666666666666666,c-GC-star,0,1,1,,,,220210_F1_run6,97,unstable,27
1,3.0,0.16666666666666666,c-GC-star,0,1,2,,,,220210_F1_run6,97,lost,58
1,3.0,0.16666666666666666,c-GC-star,0,1,2,,,,220210_F1_run6,97,lost,114
1,,0.0,c-GC-star,0,0,7,,,,220210_F1_run6,97,stable,119
1,2.0,0.6666666666666666,c-GC-star,2,2,4,,,,220210_F1_run6,98,unstable,34
6,7.0,0.3333333333333333,c-GC-star,1,1,1,,,,220210_F1_run6,98,unstable,40
1,2.0,0.3333333333333333,c-GC-star,1,1,5,,,,220210_F1_run6,98,unstable,49
1,2.0,0.16666666666666666,c-GC-star,0,1,1,,,,220210_F1_run6,98,unstable,56
1,2.0,0.5,c-GC-star,1,2,4,,,,220210_F1_run6,98,unstable,64
3,4.0,0.5,c-GC-star,2,1,3,,,,220210_F1_run6,98,unstable,68
1,,0.0,c-GC-star,0,0,7,,,,220210_F1_run6,98,stable,72
1,2.0,0.16666666666666666,c-GC-star,0,1,1,,,,220210_F1_run6,98,unstable,73
1,2.0,0.16666666666666666,c-GC-star,0,1,1,,,,220210_F1_run6,98,unstable,110
2,,0.16666666666666666,c-GC-star,1,0,6,,,,220210_F1_run6,98,unstable,113
1,2.0,0.16666666666666666,c-GC-star,0,1,1,,,,220210_F1_run6,98,unstable,123
1,2.0,0.16666666666666666,c-GC-star,0,1,1,,,,220210_F1_run6,98,unstable,126
5,6.0,0.3333333333333333,c-GC-star,1,1,1,,,,220210_F1_run6,99,unstable,2
2,3.0,0.3333333333333333,c-GC-star,1,1,1,,,,220210_F1_run6,99,unstable,6
2,3.0,0.3333333333333333,c-GC-star,1,1,1,,,,220210_F1_run6,99,unstable,12
1,,0.0,c-GC-star,0,0,7,,,,220210_F1_run6,99,stable,31
1,,0.0,c-GC-star,0,0,7,,,,220210_F1_run6,99,stable,43
2,3.0,0.3333333333333333,c-GC-star,1,1,1,,,,220210_F1_run6,99,unstable,64
1,,0.0,c-GC-star,0,0,7,,,,220210_F1_run6,99,stable,65
4,6.0,0.5,c-GC-star,2,1,3,,,,220210_F1_run6,99,unstable,76
6,7.0,0.3333333333333333,c-GC-star,1,1,1,,,,220210_F1_run6,99,unstable,82
4,6.0,0.3333333333333333,c-GC-star,1,1,2,,,,220210_F1_run6,99,unstable,88
2,3.0,0.6666666666666666,c-GC-star,2,2,2,,,,220210_F1_run6,99,unstable,89
1,,0.0,c-GC-star,0,0,7,,,,220210_F1_run6,99,stable,114
5,6.0,0.3333333333333333,c-GC-star,1,1,1,,,,220210_F1_run6,100,unstable,1
1,2.0,0.16666666666666666,c-GC-star,0,1,1,,,,220210_F1_run6,100,unstable,14
1,2.0,0.16666666666666666,c-GC-star,0,1,1,,,,220210_F1_run6,100,unstable,32
1,2.0,0.6666666666666666,c-GC-star,2,2,3,,,,220210_F1_run6,100,unstable,44
3,6.0,0.3333333333333333,c-GC-star,1,1,3,,,,220210_F1_run6,100,unstable,62
1,2.0,0.16666666666666666,c-GC-star,0,1,1,,,,220210_F1_run6,100,unstable,66
1,2.0,0.5,c-GC-star,1,2,2,,,,220210_F1_run6,101,unstable,4
1,4.0,0.5,c-GC-star,1,2,4,,,,220210_F1_run6,101,unstable,6
1,2.0,0.16666666666666666,c-GC-star,0,1,1,,,,220210_F1_run6,101,unstable,10
6,7.0,0.3333333333333333,c-GC-star,1,1,1,,,,220210_F1_run6,101,unstable,28
1,2.0,0.16666666666666666,c-GC-star,0,1,1,,,,220210_F1_run6,101,unstable,37
1,3.0,0.16666666666666666,c-GC-star,0,1,2,,,,220210_F1_run6,101,lost,42
1,2.0,0.16666666666666666,c-GC-star,0,1,1,,,,220210_F1_run6,101,unstable,46
1,2.0,0.16666666666666666,c-GC-star,0,1,1,,,,220210_F1_run6,101,unstable,61
1,2.0,0.16666666666666666,c-GC-star,0,1,1,,,,220210_F1_run6,101,unstable,99
7,,0.16666666666666666,c-GC-star,1,0,1,,,,220210_F1_run6,101,novel,111
1,2.0,0.16666666666666666,c-GC-star,0,1,1,,,,220210_F1_run6,102,unstable,0
7,,0.16666666666666666,c-GC-star,1,0,1,,,,220210_F1_run6,102,novel,5
1,2.0,0.6666666666666666,c-GC-star,2,2,5,,,,220210_F1_run6,102,unstable,7
1,2.0,0.16666666666666666,c-GC-star,0,1,1,,,,220210_F1_run6,102,unstable,21
3,6.0,0.5,c-GC-star,2,1,4,,,,220210_F1_run6,102,unstable,37
2,,0.16666666666666666,c-GC-star,1,0,6,,,,220210_F1_run6,102,unstable,39
3,6.0,0.3333333333333333,c-GC-star,1,1,3,,,,220210_F1_run6,102,unstable,40
1,2.0,0.16666666666666666,c-GC-star,0,1,1,,,,220210_F1_run6,102,unstable,43
1,4.0,0.16666666666666666,c-GC-star,0,1,3,,,,220210_F1_run6,102,lost,50
7,,0.16666666666666666,c-GC-star,1,0,1,,,,220210_F1_run6,102,novel,53
1,,0.0,c-GC-star,0,0,7,,,,220210_F1_run6,102,stable,65
1,2.0,0.16666666666666666,c-GC-star,0,1,1,,,,220210_F1_run6,102,unstable,68
1,4.0,0.16666666666666666,c-GC-star,0,1,3,,,,220210_F1_run6,102,lost,73
1,2.0,0.6666666666666666,c-GC-star,2,2,4,,,,220210_F1_run6,102,unstable,74
2,4.0,0.5,c-GC-star,2,1,5,,,,220210_F1_run6,102,unstable,77
6,7.0,0.3333333333333333,c-GC-star,1,1,1,,,,220210_F1_run6,102,unstable,79
1,2.0,0.3333333333333333,c-GC-star,1,1,6,,,,220210_F1_run6,102,unstable,86
1,,0.0,c-GC-star,0,0,7,,,,220210_F1_run6,102,stable,90
1,2.0,0.16666666666666666,c-GC-star,0,1,1,,,,220210_F1_run6,102,unstable,91
5,,0.16666666666666666,c-GC-star,1,0,3,,,,220210_F1_run6,102,unstable,98
3,,0.16666666666666666,c-GC-star,1,0,5,,,,220210_F1_run6,102,unstable,104
1,2.0,0.16666666666666666,c-GC-star,0,1,1,,,,220210_F1_run6,102,unstable,107
1,3.0,0.16666666666666666,c-GC-star,0,1,2,,,,220210_F1_run6,102,lost,108
1,,0.0,c-GC-star,0,0,7,,,,220210_F1_run6,102,stable,109
1,,0.0,c-GC-star,0,0,7,,,,220210_F1_run6,102,stable,110
1,2.0,0.16666666666666666,c-GC-star,0,1,1,,,,220210_F1_run6,102,unstable,117
1,2.0,0.16666666666666666,c-GC-star,0,1,1,,,,220210_F1_run6,102,unstable,125
1,3.0,0.16666666666666666,c-GC-star,0,1,2,,,,220210_F1_run6,103,lost,40
1,2.0,0.6666666666666666,c-GC-star,2,2,4,,,,220210_F1_run6,103,unstable,45
1,2.0,0.16666666666666666,c-GC-star,0,1,1,,,,220210_F1_run6,103,unstable,59
1,2.0,0.16666666666666666,c-GC-star,0,1,1,,,,220210_F1_run6,103,unstable,90
4,5.0,0.5,c-GC-star,2,1,2,,,,220210_F1_run6,103,unstable,107
1,2.0,0.16666666666666666,c-GC-star,0,1,1,,,,220210_F1_run6,103,unstable,119
6,7.0,0.3333333333333333,c-GC-star,1,1,1,,,,220210_F1_run6,103,unstable,126
1,2.0,0.16666666666666666,c-GC-star,0,1,1,,,,220210_F1_run6,103,unstable,127
1,2.0,0.16666666666666666,c-GC-star,0,1,1,,,,220210_F1_run6,104,unstable,0
2,5.0,0.3333333333333333,c-GC-star,1,1,3,,,,220210_F1_run6,104,unstable,4
4,,0.16666666666666666,c-GC-star,1,0,4,,,,220210_F1_run6,104,unstable,9
1,2.0,0.16666666666666666,c-GC-star,0,1,1,,,,220210_F1_run6,104,unstable,19
1,7.0,0.16666666666666666,c-GC-star,0,1,6,,,,220210_F1_run6,104,lost,25
2,4.0,0.6666666666666666,c-GC-star,2,2,3,,,,220210_F1_run6,104,unstable,29
1,2.0,0.16666666666666666,c-GC-star,0,1,1,,,,220210_F1_run6,104,unstable,30
2,,0.16666666666666666,c-GC-star,1,0,6,,,,220210_F1_run6,104,unstable,44
1,2.0,0.3333333333333333,c-GC-star,1,1,3,,,,220210_F1_run6,104,unstable,55
1,,0.0,c-GC-star,0,0,7,,,,220210_F1_run6,104,stable,66
2,,0.16666666666666666,c-GC-star,1,0,6,,,,220210_F1_run6,104,unstable,67
1,,0.0,c-GC-star,0,0,7,,,,220210_F1_run6,104,stable,76
2,3.0,0.3333333333333333,c-GC-star,1,1,1,,,,220210_F1_run6,104,unstable,100
1,2.0,0.16666666666666666,c-GC-star,0,1,1,,,,220210_F1_run6,104,unstable,101
6,,0.16666666666666666,c-GC-star,1,0,2,,,,220210_F1_run6,104,unstable,117
5,,0.16666666666666666,c-GC-star,1,0,3,,,,220210_F1_run6,104,unstable,124
2,3.0,0.3333333333333333,c-GC-star,1,1,1,,,,220210_F1_run6,104,unstable,126
3,4.0,0.5,c-GC-star,2,1,3,,,,220210_F1_run6,104,unstable,127
4,,0.16666666666666666,c-GC-star,1,0,4,,,,220210_F1_run6,105,unstable,4
2,3.0,0.3333333333333333,c-GC-star,1,1,1,,,,220210_F1_run6,105,unstable,5
1,2.0,0.16666666666666666,c-GC-star,0,1,1,,,,220210_F1_run6,105,unstable,16
1,3.0,0.6666666666666666,c-GC-star,2,2,5,,,,220210_F1_run6,105,unstable,54
1,2.0,0.16666666666666666,c-GC-star,0,1,1,,,,220210_F1_run6,105,unstable,62
1,2.0,0.16666666666666666,c-GC-star,0,1,1,,,,220210_F1_run6,105,unstable,68
1,2.0,0.16666666666666666,c-GC-star,0,1,1,,,,220210_F1_run6,105,unstable,73
5,7.0,0.3333333333333333,c-GC-star,1,1,2,,,,220210_F1_run6,105,unstable,84
4,,0.16666666666666666,c-GC-star,1,0,4,,,,220210_F1_run6,105,unstable,98
1,2.0,0.5,c-GC-star,1,2,2,,,,220210_F1_run6,105,unstable,127
1,2.0,0.16666666666666666,c-GC-star,0,1,1,,,,220210_F1_run6,106,unstable,3
1,2.0,0.16666666666666666,c-GC-star,0,1,1,,,,220210_F1_run6,106,unstable,6
6,,0.16666666666666666,c-GC-star,1,0,2,,,,220210_F1_run6,106,unstable,8
1,2.0,0.16666666666666666,c-GC-star,0,1,1,,,,220210_F1_run6,106,unstable,11
1,2.0,0.16666666666666666,c-GC-star,0,1,1,,,,220210_F1_run6,106,unstable,21
1,2.0,0.16666666666666666,c-GC-star,0,1,1,,,,220210_F1_run6,106,unstable,27
1,,0.0,c-GC-star,0,0,7,,,,220210_F1_run6,106,stable,31
1,3.0,0.16666666666666666,c-GC-star,0,1,2,,,,220210_F1_run6,106,lost,32
1,,0.0,c-GC-star,0,0,7,,,,220210_F1_run6,106,stable,37
1,3.0,0.16666666666666666,c-GC-star,0,1,2,,,,220210_F1_run6,106,lost,47
1,3.0,0.3333333333333333,c-GC-star,1,1,5,,,,220210_F1_run6,106,unstable,54
1,3.0,0.16666666666666666,c-GC-star,0,1,2,,,,220210_F1_run6,106,lost,65
1,2.0,0.16666666666666666,c-GC-star,0,1,1,,,,220210_F1_run6,106,unstable,67
1,2.0,0.16666666666666666,c-GC-star,0,1,1,,,,220210_F1_run6,106,unstable,75
1,2.0,0.3333333333333333,c-GC-star,1,1,3,,,,220210_F1_run6,106,unstable,78
1,2.0,0.16666666666666666,c-GC-star,0,1,1,,,,220210_F1_run6,106,unstable,84
1,2.0,0.16666666666666666,c-GC-star,0,1,1,,,,220210_F1_run6,106,unstable,86
1,2.0,0.16666666666666666,c-GC-star,0,1,1,,,,220210_F1_run6,106,unstable,89
1,2.0,0.16666666666666666,c-GC-star,0,1,1,,,,220210_F1_run6,106,unstable,107
1,2.0,0.3333333333333333,c-GC-star,1,1,3,,,,220210_F1_run6,106,unstable,108
1,2.0,0.16666666666666666,c-GC-star,0,1,1,,,,220210_F1_run6,106,unstable,117
1,2.0,0.16666666666666666,c-GC-star,0,1,1,,,,220210_F1_run6,106,unstable,120
1,2.0,0.16666666666666666,c-GC-star,0,1,1,,,,220210_F1_run6,107,unstable,20
1,2.0,0.16666666666666666,c-GC-star,0,1,1,,,,220210_F1_run6,107,unstable,26
2,3.0,0.3333333333333333,c-GC-star,1,1,1,,,,220210_F1_run6,107,unstable,30
1,2.0,0.16666666666666666,c-GC-star,0,1,1,,,,220210_F1_run6,107,unstable,31
1,2.0,0.16666666666666666,c-GC-star,0,1,1,,,,220210_F1_run6,107,unstable,35
1,7.0,0.16666666666666666,c-GC-star,0,1,6,,,,220210_F1_run6,107,lost,36
2,,0.16666666666666666,c-GC-star,1,0,6,,,,220210_F1_run6,107,unstable,53
1,6.0,0.16666666666666666,c-GC-star,0,1,5,,,,220210_F1_run6,107,lost,54
1,5.0,0.3333333333333333,c-GC-star,1,1,6,,,,220210_F1_run6,107,unstable,69
1,2.0,0.16666666666666666,c-GC-star,0,1,1,,,,220210_F1_run6,107,unstable,84
1,2.0,0.16666666666666666,c-GC-star,0,1,1,,,,220210_F1_run6,107,unstable,108
1,2.0,0.16666666666666666,c-GC-star,0,1,1,,,,220210_F1_run6,107,unstable,117
2,3.0,0.3333333333333333,c-GC-star,1,1,1,,,,220210_F1_run6,108,unstable,4
1,5.0,0.3333333333333333,c-GC-star,1,1,6,,,,220210_F1_run6,108,unstable,11
1,5.0,0.3333333333333333,c-GC-star,1,1,6,,,,220210_F1_run6,108,unstable,34
1,2.0,0.16666666666666666,c-GC-star,0,1,1,,,,220210_F1_run6,108,unstable,58
1,2.0,0.16666666666666666,c-GC-star,0,1,1,,,,220210_F1_run6,108,unstable,81
7,,0.16666666666666666,c-GC-star,1,0,1,,,,220210_F1_run6,108,novel,88
1,2.0,0.16666666666666666,c-GC-star,0,1,1,,,,220210_F1_run6,108,unstable,90
1,2.0,0.16666666666666666,c-GC-star,0,1,1,,,,220210_F1_run6,108,unstable,103
1,3.0,0.16666666666666666,c-GC-star,0,1,2,,,,220210_F1_run6,108,lost,112
4,5.0,0.3333333333333333,c-GC-star,1,1,1,,,,220210_F1_run6,109,unstable,10
1,2.0,0.16666666666666666,c-GC-star,0,1,1,,,,220210_F1_run6,109,unstable,29
1,2.0,0.16666666666666666,c-GC-star,0,1,1,,,,220210_F1_run6,109,unstable,34
1,2.0,0.16666666666666666,c-GC-star,0,1,1,,,,220210_F1_run6,109,unstable,47
1,2.0,0.16666666666666666,c-GC-star,0,1,1,,,,220210_F1_run6,109,unstable,76
1,2.0,0.3333333333333333,c-GC-star,1,1,2,,,,220210_F1_run6,109,unstable,88
1,3.0,0.16666666666666666,c-GC-star,0,1,2,,,,220210_F1_run6,109,lost,91
2,,0.16666666666666666,c-GC-star,1,0,6,,,,220210_F1_run6,109,unstable,94
4,5.0,0.6666666666666666,c-GC-star,2,2,2,,,,220210_F1_run6,109,unstable,98
1,2.0,0.16666666666666666,c-GC-star,0,1,1,,,,220210_F1_run6,109,unstable,102
2,5.0,0.3333333333333333,c-GC-star,1,1,3,,,,220210_F1_run6,109,unstable,114
4,6.0,0.3333333333333333,c-GC-star,1,1,2,,,,220210_F1_run6,109,unstable,118
7,,0.16666666666666666,c-GC-star,1,0,1,,,,220210_F1_run6,109,novel,120
1,2.0,0.16666666666666666,c-GC-star,0,1,1,,,,220210_F1_run6,110,unstable,7
1,2.0,0.16666666666666666,c-GC-star,0,1,1,,,,220210_F1_run6,110,unstable,9
5,6.0,0.3333333333333333,c-GC-star,1,1,1,,,,220210_F1_run6,110,unstable,50
1,2.0,0.16666666666666666,c-GC-star,0,1,1,,,,220210_F1_run6,110,unstable,58
3,4.0,0.8333333333333334,c-GC-star,3,2,3,,,,220210_F1_run6,110,unstable,64
1,4.0,0.3333333333333333,c-GC-star,1,1,6,,,,220210_F1_run6,110,unstable,69
1,2.0,0.5,c-GC-star,1,2,2,,,,220210_F1_run6,110,unstable,73
6,,0.16666666666666666,c-GC-star,1,0,2,,,,220210_F1_run6,110,unstable,90
5,7.0,0.3333333333333333,c-GC-star,1,1,2,,,,220210_F1_run6,110,unstable,107
1,2.0,0.16666666666666666,c-GC-star,0,1,1,,,,220210_F1_run6,110,unstable,124
3,4.0,0.3333333333333333,c-GC-star,1,1,1,,,,220210_F1_run6,111,unstable,42
2,3.0,0.3333333333333333,c-GC-star,1,1,1,,,,220210_F1_run6,111,unstable,71
2,3.0,0.5,c-GC-star,2,1,2,,,,220210_F1_run6,111,unstable,83
1,2.0,0.16666666666666666,c-GC-star,0,1,1,,,,220210_F1_run6,111,unstable,99
1,2.0,0.5,c-GC-star,1,2,2,,,,220210_F1_run6,111,unstable,101
1,3.0,0.3333333333333333,c-GC-star,1,1,6,,,,220210_F1_run6,111,unstable,102
7,,0.16666666666666666,c-GC-star,1,0,1,,,,220210_F1_run6,111,novel,110
5,,0.16666666666666666,c-GC-star,1,0,3,,,,220210_F1_run6,111,unstable,124
1,2.0,0.16666666666666666,c-GC-star,0,1,1,,,,220210_F1_run6,112,unstable,12
5,,0.16666666666666666,c-GC-star,1,0,3,,,,220210_F1_run6,112,unstable,13
5,6.0,0.3333333333333333,c-GC-star,1,1,1,,,,220210_F1_run6,112,unstable,20
1,2.0,0.16666666666666666,c-GC-star,0,1,1,,,,220210_F1_run6,112,unstable,84
1,2.0,0.16666666666666666,c-GC-star,0,1,1,,,,220210_F1_run6,112,unstable,87
1,2.0,0.16666666666666666,c-GC-star,0,1,1,,,,220210_F1_run6,112,unstable,123
1,2.0,1.0,c-GC-star,3,3,4,,,,220210_F1_run6,113,unstable,5
1,2.0,0.8333333333333334,c-GC-star,2,3,3,,,,220210_F1_run6,113,unstable,6
1,6.0,0.3333333333333333,c-GC-star,1,1,6,,,,220210_F1_run6,113,unstable,8
1,2.0,0.16666666666666666,c-GC-star,0,1,1,,,,220210_F1_run6,113,unstable,32
1,2.0,0.16666666666666666,c-GC-star,0,1,1,,,,220210_F1_run6,113,unstable,35
2,3.0,0.3333333333333333,c-GC-star,1,1,1,,,,220210_F1_run6,113,unstable,42
1,5.0,0.16666666666666666,c-GC-star,0,1,4,,,,220210_F1_run6,113,lost,48
1,,0.0,c-GC-star,0,0,7,,,,220210_F1_run6,113,stable,49
1,2.0,0.16666666666666666,c-GC-star,0,1,1,,,,220210_F1_run6,113,unstable,52
1,2.0,0.16666666666666666,c-GC-star,0,1,1,,,,220210_F1_run6,113,unstable,64
1,2.0,0.16666666666666666,c-GC-star,0,1,1,,,,220210_F1_run6,113,unstable,74
1,2.0,0.16666666666666666,c-GC-star,0,1,1,,,,220210_F1_run6,113,unstable,77
1,2.0,0.16666666666666666,c-GC-star,0,1,1,,,,220210_F1_run6,113,unstable,91
1,3.0,0.16666666666666666,c-GC-star,0,1,2,,,,220210_F1_run6,113,lost,94
1,2.0,0.16666666666666666,c-GC-star,0,1,1,,,,220210_F1_run6,113,unstable,97
1,2.0,0.3333333333333333,c-GC-star,1,1,6,,,,220210_F1_run6,113,unstable,98
1,3.0,0.3333333333333333,c-GC-star,1,1,4,,,,220210_F1_run6,113,unstable,99
1,2.0,0.16666666666666666,c-GC-star,0,1,1,,,,220210_F1_run6,113,unstable,118
1,2.0,0.16666666666666666,c-GC-star,0,1,1,,,,220210_F1_run6,114,unstable,0
3,4.0,0.3333333333333333,c-GC-star,1,1,1,,,,220210_F1_run6,114,unstable,6
1,2.0,0.16666666666666666,c-GC-star,0,1,1,,,,220210_F1_run6,114,unstable,20
1,2.0,0.5,c-GC-star,1,2,2,,,,220210_F1_run6,114,unstable,29
2,,0.16666666666666666,c-GC-star,1,0,6,,,,220210_F1_run6,114,unstable,46
5,7.0,0.3333333333333333,c-GC-star,1,1,2,,,,220210_F1_run6,114,unstable,55
1,2.0,0.16666666666666666,c-GC-star,0,1,1,,,,220210_F1_run6,114,unstable,59
1,2.0,0.16666666666666666,c-GC-star,0,1,1,,,,220210_F1_run6,114,unstable,71
3,4.0,0.3333333333333333,c-GC-star,1,1,1,,,,220210_F1_run6,114,unstable,72
1,2.0,0.16666666666666666,c-GC-star,0,1,1,,,,220210_F1_run6,115,unstable,2
1,2.0,0.16666666666666666,c-GC-star,0,1,1,,,,220210_F1_run6,115,unstable,8
1,2.0,0.8333333333333334,c-GC-star,2,3,4,,,,220210_F1_run6,115,unstable,17
1,2.0,0.16666666666666666,c-GC-star,0,1,1,,,,220210_F1_run6,115,unstable,36
6,7.0,0.3333333333333333,c-GC-star,1,1,1,,,,220210_F1_run6,115,unstable,37
3,4.0,0.6666666666666666,c-GC-star,2,2,2,,,,220210_F1_run6,115,unstable,46
1,4.0,0.3333333333333333,c-GC-star,1,1,4,,,,220210_F1_run6,115,unstable,65
1,2.0,0.16666666666666666,c-GC-star,0,1,1,,,,220210_F1_run6,115,unstable,71
1,2.0,0.3333333333333333,c-GC-star,1,1,2,,,,220210_F1_run6,115,unstable,76
1,2.0,0.16666666666666666,c-GC-star,0,1,1,,,,220210_F1_run6,115,unstable,79
1,2.0,0.16666666666666666,c-GC-star,0,1,1,,,,220210_F1_run6,115,unstable,86
1,,0.0,c-GC-star,0,0,7,,,,220210_F1_run6,115,stable,95
1,4.0,0.3333333333333333,c-GC-star,1,1,4,,,,220210_F1_run6,115,unstable,102
1,2.0,0.16666666666666666,c-GC-star,0,1,1,,,,220210_F1_run6,115,unstable,109
1,2.0,0.16666666666666666,c-GC-star,0,1,1,,,,220210_F1_run6,115,unstable,116
1,2.0,0.16666666666666666,c-GC-star,0,1,1,,,,220210_F1_run6,115,unstable,121
1,2.0,0.16666666666666666,c-GC-star,0,1,1,,,,220210_F1_run6,116,unstable,8
1,2.0,0.16666666666666666,c-GC-star,0,1,1,,,,220210_F1_run6,116,unstable,12
1,2.0,0.16666666666666666,c-GC-star,0,1,1,,,,220210_F1_run6,116,unstable,15
1,2.0,0.16666666666666666,c-GC-star,0,1,1,,,,220210_F1_run6,116,unstable,21
1,2.0,0.3333333333333333,c-GC-star,1,1,3,,,,220210_F1_run6,116,unstable,34
1,2.0,0.16666666666666666,c-GC-star,0,1,1,,,,220210_F1_run6,116,unstable,37
1,2.0,0.16666666666666666,c-GC-star,0,1,1,,,,220210_F1_run6,116,unstable,38
1,2.0,0.16666666666666666,c-GC-star,0,1,1,,,,220210_F1_run6,116,unstable,39
1,2.0,0.16666666666666666,c-GC-star,0,1,1,,,,220210_F1_run6,116,unstable,43
1,2.0,0.16666666666666666,c-GC-star,0,1,1,,,,220210_F1_run6,116,unstable,50
5,,0.16666666666666666,c-GC-star,1,0,3,,,,220210_F1_run6,116,unstable,60
1,2.0,0.16666666666666666,c-GC-star,0,1,1,,,,220210_F1_run6,116,unstable,67
1,2.0,0.16666666666666666,c-GC-star,0,1,1,,,,220210_F1_run6,116,unstable,68
6,,0.16666666666666666,c-GC-star,1,0,2,,,,220210_F1_run6,116,unstable,69
1,2.0,0.16666666666666666,c-GC-star,0,1,1,,,,220210_F1_run6,116,unstable,70
1,2.0,0.16666666666666666,c-GC-star,0,1,1,,,,220210_F1_run6,116,unstable,75
1,2.0,0.16666666666666666,c-GC-star,0,1,1,,,,220210_F1_run6,116,unstable,80
1,2.0,0.16666666666666666,c-GC-star,0,1,1,,,,220210_F1_run6,116,unstable,84
1,2.0,0.16666666666666666,c-GC-star,0,1,1,,,,220210_F1_run6,116,unstable,86
3,4.0,0.3333333333333333,c-GC-star,1,1,1,,,,220210_F1_run6,116,unstable,89
1,2.0,0.16666666666666666,c-GC-star,0,1,1,,,,220210_F1_run6,116,unstable,94
1,2.0,0.16666666666666666,c-GC-star,0,1,1,,,,220210_F1_run6,116,unstable,100
1,2.0,0.16666666666666666,c-GC-star,0,1,1,,,,220210_F1_run6,116,unstable,106
1,2.0,0.16666666666666666,c-GC-star,0,1,1,,,,220210_F1_run6,116,unstable,110
2,4.0,0.3333333333333333,c-GC-star,1,1,2,,,,220210_F1_run6,116,unstable,124
1,2.0,0.16666666666666666,c-GC-star,0,1,1,,,,220210_F1_run6,116,unstable,127
1,2.0,0.16666666666666666,c-GC-star,0,1,1,,,,220210_F1_run6,116,unstable,128
2,5.0,0.5,c-GC-star,2,1,4,,,,220210_F1_run6,117,unstable,4
1,2.0,0.16666666666666666,c-GC-star,0,1,1,,,,220210_F1_run6,117,unstable,27
7,,0.16666666666666666,c-GC-star,1,0,1,,,,220210_F1_run6,117,novel,35
1,2.0,0.16666666666666666,c-GC-star,0,1,1,,,,220210_F1_run6,117,unstable,52
1,2.0,0.16666666666666666,c-GC-star,0,1,1,,,,220210_F1_run6,117,unstable,75
1,2.0,0.3333333333333333,c-GC-star,1,1,5,,,,220210_F1_run6,117,unstable,76
1,2.0,0.16666666666666666,c-GC-star,0,1,1,,,,220210_F1_run6,117,unstable,79
1,2.0,0.5,c-GC-star,1,2,3,,,,220210_F1_run6,117,unstable,95
1,2.0,0.16666666666666666,c-GC-star,0,1,1,,,,220210_F1_run6,117,unstable,103
1,2.0,0.16666666666666666,c-GC-star,0,1,1,,,,220210_F1_run6,118,unstable,1
1,2.0,0.16666666666666666,c-GC-star,0,1,1,,,,220210_F1_run6,118,unstable,39
1,,0.0,c-GC-star,0,0,7,,,,220210_F1_run6,118,stable,47
6,,0.16666666666666666,c-GC-star,1,0,2,,,,220210_F1_run6,118,unstable,96
1,2.0,0.16666666666666666,c-GC-star,0,1,1,,,,220210_F1_run6,118,unstable,119
1,2.0,0.16666666666666666,c-GC-star,0,1,1,,,,220210_F1_run6,119,unstable,16
1,2.0,0.16666666666666666,c-GC-star,0,1,1,,,,220210_F1_run6,119,unstable,77
1,2.0,0.16666666666666666,c-GC-star,0,1,1,,,,220210_F1_run6,119,unstable,78
1,2.0,0.16666666666666666,c-GC-star,0,1,1,,,,220210_F1_run6,119,unstable,79
1,2.0,0.16666666666666666,c-GC-star,0,1,1,,,,220210_F1_run6,119,unstable,83
1,2.0,0.16666666666666666,c-GC-star,0,1,1,,,,220210_F1_run6,119,unstable,95
1,2.0,0.16666666666666666,c-GC-star,0,1,1,,,,220210_F1_run6,119,unstable,109
1,2.0,0.3333333333333333,c-GC-star,1,1,5,,,,220210_F1_run6,119,unstable,120
1,2.0,0.16666666666666666,c-GC-star,0,1,1,,,,220210_F1_run6,119,unstable,128
7,,0.16666666666666666,c-GC-star,1,0,1,,,,220210_F1_run6,120,novel,12
2,3.0,0.5,c-GC-star,2,1,2,,,,220210_F1_run6,120,unstable,23
1,2.0,0.16666666666666666,c-GC-star,0,1,1,,,,220210_F1_run6,120,unstable,46
1,2.0,0.16666666666666666,c-GC-star,0,1,1,,,,220210_F1_run6,120,unstable,53
1,2.0,0.16666666666666666,c-GC-star,0,1,1,,,,220210_F1_run6,120,unstable,63
1,4.0,0.16666666666666666,c-GC-star,0,1,3,,,,220210_F1_run6,120,lost,70
1,2.0,0.16666666666666666,c-GC-star,0,1,1,,,,220210_F1_run6,121,unstable,8
1,4.0,0.16666666666666666,c-GC-star,0,1,3,,,,220210_F1_run6,121,lost,15
1,2.0,0.16666666666666666,c-GC-star,0,1,1,,,,220210_F1_run6,121,unstable,16
1,3.0,0.16666666666666666,c-GC-star,0,1,2,,,,220210_F1_run6,121,lost,17
1,2.0,0.16666666666666666,c-GC-star,0,1,1,,,,220210_F1_run6,121,unstable,37
1,2.0,0.16666666666666666,c-GC-star,0,1,1,,,,220210_F1_run6,121,unstable,38
1,2.0,0.16666666666666666,c-GC-star,0,1,1,,,,220210_F1_run6,121,unstable,53
1,2.0,0.16666666666666666,c-GC-star,0,1,1,,,,220210_F1_run6,121,unstable,58
1,2.0,0.16666666666666666,c-GC-star,0,1,1,,,,220210_F1_run6,121,unstable,80
1,2.0,0.16666666666666666,c-GC-star,0,1,1,,,,220210_F1_run6,121,unstable,84
3,,0.16666666666666666,c-GC-star,1,0,5,,,,220210_F1_run6,121,unstable,92
2,3.0,0.3333333333333333,c-GC-star,1,1,1,,,,220210_F1_run6,121,unstable,96
1,2.0,0.16666666666666666,c-GC-star,0,1,1,,,,220210_F1_run6,121,unstable,100
1,2.0,0.16666666666666666,c-GC-star,0,1,1,,,,220210_F1_run6,121,unstable,106
1,2.0,0.16666666666666666,c-GC-star,0,1,1,,,,220210_F1_run6,121,unstable,108
1,2.0,0.16666666666666666,c-GC-star,0,1,1,,,,220210_F1_run6,121,unstable,116
1,2.0,0.16666666666666666,c-GC-star,0,1,1,,,,220210_F1_run6,121,unstable,129
6,7.0,0.3333333333333333,c-GC-star,1,1,1,,,,220210_F1_run6,122,unstable,26
4,5.0,0.5,c-GC-star,2,1,3,,,,220210_F1_run6,122,unstable,37
1,,0.0,c-GC-star,0,0,7,,,,220210_F1_run6,122,stable,39
1,2.0,0.16666666666666666,c-GC-star,0,1,1,,,,220210_F1_run6,122,unstable,46
2,3.0,0.3333333333333333,c-GC-star,1,1,1,,,,220210_F1_run6,122,unstable,57
1,2.0,0.5,c-GC-star,1,2,2,,,,220210_F1_run6,122,unstable,79
1,3.0,0.16666666666666666,c-GC-star,0,1,2,,,,220210_F1_run6,122,lost,80
1,2.0,0.16666666666666666,c-GC-star,0,1,1,,,,220210_F1_run6,122,unstable,90
3,5.0,0.5,c-GC-star,2,1,3,,,,220210_F1_run6,122,unstable,108
1,4.0,0.16666666666666666,c-GC-star,0,1,3,,,,220210_F1_run6,122,lost,109
1,4.0,0.16666666666666666,c-GC-star,0,1,3,,,,220210_F1_run6,122,lost,123
2,4.0,0.5,c-GC-star,2,1,5,,,,220210_F1_run6,122,unstable,124
1,2.0,0.16666666666666666,c-GC-star,0,1,1,,,,220210_F1_run6,123,unstable,23
1,2.0,0.16666666666666666,c-GC-star,0,1,1,,,,220210_F1_run6,123,unstable,44
1,2.0,0.16666666666666666,c-GC-star,0,1,1,,,,220210_F1_run6,123,unstable,78
1,,0.0,c-GC-star,0,0,7,,,,220210_F1_run6,123,stable,96
1,2.0,0.16666666666666666,c-GC-star,0,1,1,,,,220210_F1_run6,123,unstable,112
1,,0.0,c-GC-star,0,0,7,,,,220210_F1_run6,123,stable,122
1,,0.0,c-GC-star,0,0,7,,,,220210_F1_run6,124,stable,5
1,2.0,0.16666666666666666,c-GC-star,0,1,1,,,,220210_F1_run6,124,unstable,23
1,2.0,0.16666666666666666,c-GC-star,0,1,1,,,,220210_F1_run6,124,unstable,25
1,,0.0,c-GC-star,0,0,7,,,,220210_F1_run6,124,stable,26
2,,0.16666666666666666,c-GC-star,1,0,6,,,,220210_F1_run6,124,unstable,27
5,,0.16666666666666666,c-GC-star,1,0,3,,,,220210_F1_run6,124,unstable,48
5,6.0,0.5,c-GC-star,2,1,2,,,,220210_F1_run6,124,unstable,59
1,2.0,0.16666666666666666,c-GC-star,0,1,1,,,,220210_F1_run6,124,unstable,87
1,2.0,0.16666666666666666,c-GC-star,0,1,1,,,,220210_F1_run6,124,unstable,104
7,,0.16666666666666666,c-GC-star,1,0,1,,,,220210_F1_run6,124,novel,106
6,,0.16666666666666666,c-GC-star,1,0,2,,,,220210_F1_run6,124,unstable,110
1,2.0,0.16666666666666666,c-GC-star,0,1,1,,,,220210_F1_run6,124,unstable,120
3,4.0,0.3333333333333333,c-GC-star,1,1,1,,,,220210_F1_run6,125,unstable,7
4,,0.16666666666666666,c-GC-star,1,0,4,,,,220210_F1_run6,125,unstable,27
1,4.0,0.16666666666666666,c-GC-star,0,1,3,,,,220210_F1_run6,125,lost,42
4,,0.16666666666666666,c-GC-star,1,0,4,,,,220210_F1_run6,125,unstable,76
1,3.0,0.16666666666666666,c-GC-star,0,1,2,,,,220210_F1_run6,125,lost,84
3,4.0,0.3333333333333333,c-GC-star,1,1,1,,,,220210_F1_run6,126,unstable,4
1,2.0,0.16666666666666666,c-GC-star,0,1,1,,,,220210_F1_run6,126,unstable,22
1,2.0,0.16666666666666666,c-GC-star,0,1,1,,,,220210_F1_run6,126,unstable,47
2,3.0,0.5,c-GC-star,2,1,2,,,,220210_F1_run6,126,unstable,53
1,2.0,0.16666666666666666,c-GC-star,0,1,1,,,,220210_F1_run6,126,unstable,59
1,,0.0,c-GC-star,0,0,7,,,,220210_F1_run6,126,stable,67
3,5.0,0.5,c-GC-star,2,1,4,,,,220210_F1_run6,126,unstable,74
2,3.0,0.6666666666666666,c-GC-star,2,2,3,,,,220210_F1_run6,126,unstable,100
1,2.0,0.16666666666666666,c-GC-star,0,1,1,,,,220210_F1_run6,126,unstable,110
1,2.0,0.16666666666666666,c-GC-star,0,1,1,,,,220210_F1_run6,126,unstable,120
1,2.0,0.16666666666666666,c-GC-star,0,1,1,,,,220210_F1_run6,126,unstable,127
1,3.0,0.16666666666666666,c-GC-star,0,1,2,,,,220210_F1_run6,127,lost,9
1,3.0,0.16666666666666666,c-GC-star,0,1,2,,,,220210_F1_run6,127,lost,10
1,2.0,0.3333333333333333,c-GC-star,1,1,4,,,,220210_F1_run6,127,unstable,22
1,2.0,0.16666666666666666,c-GC-star,0,1,1,,,,220210_F1_run6,127,unstable,25
1,2.0,0.16666666666666666,c-GC-star,0,1,1,,,,220210_F1_run6,127,unstable,36
1,2.0,0.16666666666666666,c-GC-star,0,1,1,,,,220210_F1_run6,127,unstable,37
1,2.0,0.16666666666666666,c-GC-star,0,1,1,,,,220210_F1_run6,127,unstable,50
1,2.0,0.16666666666666666,c-GC-star,0,1,1,,,,220210_F1_run6,127,unstable,76
1,2.0,0.16666666666666666,c-GC-star,0,1,1,,,,220210_F1_run6,127,unstable,77
4,6.0,0.3333333333333333,c-GC-star,1,1,2,,,,220210_F1_run6,127,unstable,84
1,2.0,0.16666666666666666,c-GC-star,0,1,1,,,,220210_F1_run6,127,unstable,102
1,3.0,0.8333333333333334,c-GC-star,2,3,4,,,,220210_F1_run6,127,unstable,103
1,2.0,0.16666666666666666,c-GC-star,0,1,1,,,,220210_F1_run6,127,unstable,106
1,2.0,0.16666666666666666,c-GC-star,0,1,1,,,,220210_F1_run6,127,unstable,112
7,,0.16666666666666666,c-GC-star,1,0,1,,,,220210_F1_run6,127,novel,122
7,,0.16666666666666666,c-GC-star,1,0,1,,,,220210_F1_run6,128,novel,18
1,3.0,0.16666666666666666,c-GC-star,0,1,2,,,,220210_F1_run6,128,lost,28
1,2.0,0.16666666666666666,c-GC-star,0,1,1,,,,220210_F1_run6,128,unstable,39
1,2.0,0.16666666666666666,c-GC-star,0,1,1,,,,220210_F1_run6,128,unstable,51
1,2.0,0.3333333333333333,c-GC-star,1,1,3,,,,220210_F1_run6,128,unstable,59
3,5.0,0.6666666666666666,c-GC-star,2,2,3,,,,220210_F1_run6,128,unstable,67
7,,0.16666666666666666,c-GC-star,1,0,1,,,,220210_F1_run6,128,novel,73
1,,0.0,c-GC-star,0,0,7,,,,220210_F1_run6,128,stable,75
1,2.0,0.16666666666666666,c-GC-star,0,1,1,,,,220210_F1_run6,128,unstable,80
4,6.0,0.5,c-GC-star,2,1,3,,,,220210_F1_run6,128,unstable,93
1,7.0,0.16666666666666666,c-GC-star,0,1,6,,,,220210_F1_run6,128,lost,119
1,2.0,0.16666666666666666,c-GC-star,0,1,1,,,,220210_F1_run6,129,unstable,42
7,,0.16666666666666666,c-GC-star,1,0,1,,,,220210_F1_run6,129,novel,55
1,2.0,0.16666666666666666,c-GC-star,0,1,1,,,,220210_F1_run6,129,unstable,84
2,3.0,0.3333333333333333,c-GC-star,1,1,1,,,,220210_F1_run6,129,unstable,108
1,3.0,0.5,c-GC-star,1,2,3,,,,220210_F1_run6,129,unstable,116
1,2.0,0.16666666666666666,c-GC-star,0,1,1,,,,220210_F1_run6,129,unstable,126
6,,0.16666666666666666,c-GC-star,1,0,2,,,,220210_F2_run5,0,unstable,7
6,7.0,0.3333333333333333,c-GC-star,1,1,1,,,,220210_F2_run5,0,unstable,69
1,2.0,0.16666666666666666,c-GC-star,0,1,1,,,,220210_F2_run5,1,unstable,2
1,2.0,0.16666666666666666,c-GC-star,0,1,1,,,,220210_F2_run5,1,unstable,14
1,6.0,0.3333333333333333,c-GC-star,1,1,6,,,,220210_F2_run5,1,unstable,15
5,,0.16666666666666666,c-GC-star,1,0,3,,,,220210_F2_run5,1,unstable,18
1,2.0,0.5,c-GC-star,1,2,4,,,,220210_F2_run5,1,unstable,43
3,4.0,0.3333333333333333,c-GC-star,1,1,1,,,,220210_F2_run5,1,unstable,56
1,5.0,0.16666666666666666,c-GC-star,0,1,4,,,,220210_F2_run5,1,lost,93
1,2.0,0.6666666666666666,c-GC-star,2,2,4,,,,220210_F2_run5,2,unstable,1
1,2.0,0.16666666666666666,c-GC-star,0,1,1,,,,220210_F2_run5,2,unstable,19
7,,0.16666666666666666,c-GC-star,1,0,1,,,,220210_F2_run5,2,novel,27
1,3.0,0.3333333333333333,c-GC-star,1,1,6,,,,220210_F2_run5,2,unstable,29
1,2.0,0.16666666666666666,c-GC-star,0,1,1,,,,220210_F2_run5,2,unstable,40
1,3.0,0.3333333333333333,c-GC-star,1,1,3,,,,220210_F2_run5,3,unstable,1
1,2.0,0.16666666666666666,c-GC-star,0,1,1,,,,220210_F2_run5,3,unstable,5
1,4.0,0.16666666666666666,c-GC-star,0,1,3,,,,220210_F2_run5,3,lost,9
1,2.0,0.16666666666666666,c-GC-star,0,1,1,,,,220210_F2_run5,3,unstable,14
1,2.0,0.16666666666666666,c-GC-star,0,1,1,,,,220210_F2_run5,3,unstable,15
1,2.0,0.3333333333333333,c-GC-star,1,1,2,,,,220210_F2_run5,3,unstable,20
1,,0.0,c-GC-star,0,0,7,,,,220210_F2_run5,3,stable,24
1,2.0,0.16666666666666666,c-GC-star,0,1,1,,,,220210_F2_run5,3,unstable,25
1,,0.0,c-GC-star,0,0,7,,,,220210_F2_run5,3,stable,28
1,3.0,0.6666666666666666,c-GC-star,2,2,4,,,,220210_F2_run5,3,unstable,35
1,2.0,0.16666666666666666,c-GC-star,0,1,1,,,,220210_F2_run5,3,unstable,37
1,2.0,0.16666666666666666,c-GC-star,0,1,1,,,,220210_F2_run5,3,unstable,38
5,6.0,0.3333333333333333,c-GC-star,1,1,1,,,,220210_F2_run5,3,unstable,58
1,2.0,0.16666666666666666,c-GC-star,0,1,1,,,,220210_F2_run5,3,unstable,96
1,4.0,0.3333333333333333,c-GC-star,1,1,6,,,,220210_F2_run5,4,unstable,17
1,2.0,0.16666666666666666,c-GC-star,0,1,1,,,,220210_F2_run5,4,unstable,27
5,,0.16666666666666666,c-GC-star,1,0,3,,,,220210_F2_run5,4,unstable,29
1,2.0,0.16666666666666666,c-GC-star,0,1,1,,,,220210_F2_run5,4,unstable,101
1,2.0,0.16666666666666666,c-GC-star,0,1,1,,,,220210_F2_run5,5,unstable,15
1,2.0,0.3333333333333333,c-GC-star,1,1,2,,,,220210_F2_run5,5,unstable,24
1,3.0,0.5,c-GC-star,1,2,3,,,,220210_F2_run5,5,unstable,28
1,2.0,0.16666666666666666,c-GC-star,0,1,1,,,,220210_F2_run5,5,unstable,56
7,,0.16666666666666666,c-GC-star,1,0,1,,,,220210_F2_run5,5,novel,58
5,6.0,0.3333333333333333,c-GC-star,1,1,1,,,,220210_F2_run5,5,unstable,67
2,3.0,0.3333333333333333,c-GC-star,1,1,1,,,,220210_F2_run5,5,unstable,91
5,6.0,0.3333333333333333,c-GC-star,1,1,1,,,,220210_F2_run5,5,unstable,114
1,,0.0,c-GC-star,0,0,7,,,,220210_F2_run5,5,stable,129
1,4.0,0.16666666666666666,c-GC-star,0,1,3,,,,220210_F2_run5,5,lost,130
1,3.0,0.3333333333333333,c-GC-star,1,1,6,,,,220210_F2_run5,6,unstable,7
1,2.0,0.16666666666666666,c-GC-star,0,1,1,,,,220210_F2_run5,6,unstable,41
7,,0.16666666666666666,c-GC-star,1,0,1,,,,220210_F2_run5,6,novel,88
2,3.0,0.5,c-GC-star,2,1,2,,,,220210_F2_run5,6,unstable,94
1,2.0,0.8333333333333334,c-GC-star,2,3,3,,,,220210_F2_run5,6,unstable,108
5,,0.16666666666666666,c-GC-star,1,0,3,,,,220210_F2_run5,6,unstable,130
5,6.0,0.3333333333333333,c-GC-star,1,1,1,,,,220210_F2_run5,6,unstable,131
1,,0.0,c-GC-star,0,0,7,,,,220210_F2_run5,6,stable,151
1,,0.0,c-GC-star,0,0,7,,,,220210_F2_run5,7,stable,6
1,2.0,0.16666666666666666,c-GC-star,0,1,1,,,,220210_F2_run5,7,unstable,15
1,,0.0,c-GC-star,0,0,7,,,,220210_F2_run5,7,stable,40
1,2.0,0.16666666666666666,c-GC-star,0,1,1,,,,220210_F2_run5,7,unstable,52
6,7.0,0.3333333333333333,c-GC-star,1,1,1,,,,220210_F2_run5,7,unstable,72
3,4.0,0.3333333333333333,c-GC-star,1,1,1,,,,220210_F2_run5,7,unstable,85
1,2.0,0.16666666666666666,c-GC-star,0,1,1,,,,220210_F2_run5,7,unstable,97
2,3.0,0.6666666666666666,c-GC-star,2,2,4,,,,220210_F2_run5,7,unstable,116
3,5.0,0.3333333333333333,c-GC-star,1,1,2,,,,220210_F2_run5,7,unstable,120
1,2.0,0.16666666666666666,c-GC-star,0,1,1,,,,220210_F2_run5,8,unstable,12
1,2.0,0.16666666666666666,c-GC-star,0,1,1,,,,220210_F2_run5,8,unstable,37
1,2.0,0.16666666666666666,c-GC-star,0,1,1,,,,220210_F2_run5,8,unstable,57
1,2.0,0.16666666666666666,c-GC-star,0,1,1,,,,220210_F2_run5,8,unstable,95
5,7.0,0.3333333333333333,c-GC-star,1,1,2,,,,220210_F2_run5,8,unstable,117
1,2.0,0.16666666666666666,c-GC-star,0,1,1,,,,220210_F2_run5,8,unstable,126
1,2.0,0.16666666666666666,c-GC-star,0,1,1,,,,220210_F2_run5,8,unstable,140
7,,0.16666666666666666,c-GC-star,1,0,1,,,,220210_F2_run5,8,novel,154
7,,0.16666666666666666,c-GC-star,1,0,1,,,,220210_F2_run5,8,novel,156
7,,0.16666666666666666,c-GC-star,1,0,1,,,,220210_F2_run5,9,novel,20
2,3.0,0.3333333333333333,c-GC-star,1,1,1,,,,220210_F2_run5,9,unstable,38
1,,0.0,c-GC-star,0,0,7,,,,220210_F2_run5,9,stable,39
1,,0.0,c-GC-star,0,0,7,,,,220210_F2_run5,9,stable,41
1,,0.0,c-GC-star,0,0,7,,,,220210_F2_run5,9,stable,53
3,5.0,0.3333333333333333,c-GC-star,1,1,2,,,,220210_F2_run5,9,unstable,94
2,3.0,0.8333333333333334,c-GC-star,3,2,3,,,,220210_F2_run5,9,unstable,117
6,7.0,0.3333333333333333,c-GC-star,1,1,1,,,,220210_F2_run5,10,unstable,1
2,3.0,0.6666666666666666,c-GC-star,2,2,4,,,,220210_F2_run5,10,unstable,3
5,,0.16666666666666666,c-GC-star,1,0,3,,,,220210_F2_run5,10,unstable,6
1,2.0,0.3333333333333333,c-GC-star,1,1,4,,,,220210_F2_run5,10,unstable,9
2,3.0,0.5,c-GC-star,2,1,4,,,,220210_F2_run5,10,unstable,15
6,7.0,0.3333333333333333,c-GC-star,1,1,1,,,,220210_F2_run5,10,unstable,32
1,,0.0,c-GC-star,0,0,7,,,,220210_F2_run5,10,stable,38
1,,0.0,c-GC-star,0,0,7,,,,220210_F2_run5,10,stable,42
1,2.0,0.5,c-GC-star,1,2,3,,,,220210_F2_run5,10,unstable,106
4,7.0,0.3333333333333333,c-GC-star,1,1,3,,,,220210_F2_run5,10,unstable,129
1,2.0,0.16666666666666666,c-GC-star,0,1,1,,,,220210_F2_run5,11,unstable,31
2,5.0,0.5,c-GC-star,2,1,5,,,,220210_F2_run5,11,unstable,34
1,5.0,0.16666666666666666,c-GC-star,0,1,4,,,,220210_F2_run5,11,lost,40
1,3.0,0.3333333333333333,c-GC-star,1,1,3,,,,220210_F2_run5,11,unstable,65
1,2.0,0.16666666666666666,c-GC-star,0,1,1,,,,220210_F2_run5,11,unstable,153
1,4.0,0.16666666666666666,c-GC-star,0,1,3,,,,220210_F2_run5,12,lost,63
1,2.0,0.6666666666666666,c-GC-star,2,2,3,,,,220210_F2_run5,12,unstable,102
1,2.0,0.16666666666666666,c-GC-star,0,1,1,,,,220210_F2_run5,12,unstable,133
2,5.0,0.5,c-GC-star,2,1,5,,,,220210_F2_run5,13,unstable,1
2,5.0,0.6666666666666666,c-GC-star,2,2,4,,,,220210_F2_run5,13,unstable,6
2,,0.16666666666666666,c-GC-star,1,0,6,,,,220210_F2_run5,13,unstable,7
2,4.0,0.3333333333333333,c-GC-star,1,1,2,,,,220210_F2_run5,13,unstable,9
2,,0.16666666666666666,c-GC-star,1,0,6,,,,220210_F2_run5,13,unstable,10
2,3.0,0.3333333333333333,c-GC-star,1,1,1,,,,220210_F2_run5,13,unstable,15
3,5.0,0.3333333333333333,c-GC-star,1,1,2,,,,220210_F2_run5,13,unstable,18
1,,0.0,c-GC-star,0,0,7,,,,220210_F2_run5,13,stable,24
2,3.0,0.3333333333333333,c-GC-star,1,1,1,,,,220210_F2_run5,13,unstable,35
6,7.0,0.3333333333333333,c-GC-star,1,1,1,,,,220210_F2_run5,13,unstable,37
2,,0.16666666666666666,c-GC-star,1,0,6,,,,220210_F2_run5,13,unstable,38
2,3.0,0.6666666666666666,c-GC-star,2,2,2,,,,220210_F2_run5,13,unstable,39
1,3.0,0.3333333333333333,c-GC-star,1,1,6,,,,220210_F2_run5,13,unstable,40
1,,0.0,c-GC-star,0,0,7,,,,220210_F2_run5,13,stable,47
2,3.0,0.6666666666666666,c-GC-star,2,2,2,,,,220210_F2_run5,13,unstable,52
1,,0.0,c-GC-star,0,0,7,,,,220210_F2_run5,13,stable,67
2,,0.16666666666666666,c-GC-star,1,0,6,,,,220210_F2_run5,13,unstable,86
2,3.0,0.5,c-GC-star,2,1,5,,,,220210_F2_run5,13,unstable,87
7,,0.16666666666666666,c-GC-star,1,0,1,,,,220210_F2_run5,13,novel,95
1,2.0,0.5,c-GC-star,1,2,2,,,,220210_F2_run5,13,unstable,96
4,5.0,0.3333333333333333,c-GC-star,1,1,1,,,,220210_F2_run5,13,unstable,97
2,,0.16666666666666666,c-GC-star,1,0,6,,,,220210_F2_run5,13,unstable,104
2,,0.16666666666666666,c-GC-star,1,0,6,,,,220210_F2_run5,13,unstable,105
4,,0.16666666666666666,c-GC-star,1,0,4,,,,220210_F2_run5,13,unstable,107
2,3.0,1.0,c-GC-star,3,3,3,,,,220210_F2_run5,13,unstable,117
2,4.0,0.3333333333333333,c-GC-star,1,1,2,,,,220210_F2_run5,13,unstable,119
1,,0.0,c-GC-star,0,0,7,,,,220210_F2_run5,13,stable,128
2,,0.16666666666666666,c-GC-star,1,0,6,,,,220210_F2_run5,13,unstable,130
1,,0.0,c-GC-star,0,0,7,,,,220210_F2_run5,13,stable,144
1,7.0,0.16666666666666666,c-GC-star,0,1,6,,,,220210_F2_run5,13,lost,151
1,,0.0,c-GC-star,0,0,7,,,,220210_F2_run5,14,stable,0
5,,0.16666666666666666,c-GC-star,1,0,3,,,,220210_F2_run5,14,unstable,6
1,2.0,0.5,c-GC-star,1,2,2,,,,220210_F2_run5,14,unstable,15
1,2.0,0.16666666666666666,c-GC-star,0,1,1,,,,220210_F2_run5,14,unstable,17
4,5.0,0.5,c-GC-star,2,1,3,,,,220210_F2_run5,14,unstable,147
1,3.0,0.3333333333333333,c-GC-star,1,1,4,,,,220210_F2_run5,15,unstable,0
1,2.0,0.16666666666666666,c-GC-star,0,1,1,,,,220210_F2_run5,15,unstable,1
1,2.0,0.16666666666666666,c-GC-star,0,1,1,,,,220210_F2_run5,15,unstable,6
5,6.0,0.3333333333333333,c-GC-star,1,1,1,,,,220210_F2_run5,15,unstable,11
1,7.0,0.16666666666666666,c-GC-star,0,1,6,,,,220210_F2_run5,15,lost,14
1,,0.0,c-GC-star,0,0,7,,,,220210_F2_run5,15,stable,34
1,2.0,0.16666666666666666,c-GC-star,0,1,1,,,,220210_F2_run5,15,unstable,39
7,,0.16666666666666666,c-GC-star,1,0,1,,,,220210_F2_run5,15,novel,40
1,2.0,0.5,c-GC-star,1,2,2,,,,220210_F2_run5,15,unstable,86
2,3.0,0.3333333333333333,c-GC-star,1,1,1,,,,220210_F2_run5,15,unstable,95
1,4.0,0.16666666666666666,c-GC-star,0,1,3,,,,220210_F2_run5,15,lost,97
1,2.0,0.16666666666666666,c-GC-star,0,1,1,,,,220210_F2_run5,15,unstable,111
1,2.0,0.16666666666666666,c-GC-star,0,1,1,,,,220210_F2_run5,15,unstable,129
1,5.0,0.3333333333333333,c-GC-star,1,1,6,,,,220210_F2_run5,15,unstable,130
7,,0.16666666666666666,c-GC-star,1,0,1,,,,220210_F2_run5,15,novel,133
1,,0.0,c-GC-star,0,0,7,,,,220210_F2_run5,15,stable,157
1,2.0,0.16666666666666666,c-GC-star,0,1,1,,,,220210_F2_run5,16,unstable,34
1,2.0,0.3333333333333333,c-GC-star,1,1,5,,,,220210_F2_run5,16,unstable,83
1,2.0,0.16666666666666666,c-GC-star,0,1,1,,,,220210_F2_run5,16,unstable,148
1,2.0,0.16666666666666666,c-GC-star,0,1,1,,,,220210_F2_run5,16,unstable,149
1,2.0,0.16666666666666666,c-GC-star,0,1,1,,,,220210_F2_run5,17,unstable,4
1,2.0,0.16666666666666666,c-GC-star,0,1,1,,,,220210_F2_run5,17,unstable,27
6,7.0,0.3333333333333333,c-GC-star,1,1,1,,,,220210_F2_run5,17,unstable,71
7,,0.16666666666666666,c-GC-star,1,0,1,,,,220210_F2_run5,17,novel,100
1,5.0,0.3333333333333333,c-GC-star,1,1,6,,,,220210_F2_run5,18,unstable,1
2,,0.16666666666666666,c-GC-star,1,0,6,,,,220210_F2_run5,18,unstable,9
1,,0.0,c-GC-star,0,0,7,,,,220210_F2_run5,18,stable,14
1,6.0,0.3333333333333333,c-GC-star,1,1,6,,,,220210_F2_run5,18,unstable,15
1,,0.0,c-GC-star,0,0,7,,,,220210_F2_run5,18,stable,34
2,,0.16666666666666666,c-GC-star,1,0,6,,,,220210_F2_run5,18,unstable,38
2,3.0,0.3333333333333333,c-GC-star,1,1,1,,,,220210_F2_run5,18,unstable,39
1,,0.0,c-GC-star,0,0,7,,,,220210_F2_run5,18,stable,43
2,,0.16666666666666666,c-GC-star,1,0,6,,,,220210_F2_run5,18,unstable,73
3,4.0,0.3333333333333333,c-GC-star,1,1,1,,,,220210_F2_run5,18,unstable,94
1,2.0,0.16666666666666666,c-GC-star,0,1,1,,,,220210_F2_run5,19,unstable,112
1,2.0,0.16666666666666666,c-GC-star,0,1,1,,,,220210_F2_run5,20,unstable,5
1,2.0,0.16666666666666666,c-GC-star,0,1,1,,,,220210_F2_run5,20,unstable,11
6,7.0,0.3333333333333333,c-GC-star,1,1,1,,,,220210_F2_run5,20,unstable,17
1,2.0,0.16666666666666666,c-GC-star,0,1,1,,,,220210_F2_run5,20,unstable,23
1,3.0,0.16666666666666666,c-GC-star,0,1,2,,,,220210_F2_run5,20,lost,28
3,5.0,0.3333333333333333,c-GC-star,1,1,2,,,,220210_F2_run5,20,unstable,36
3,4.0,0.3333333333333333,c-GC-star,1,1,1,,,,220210_F2_run5,20,unstable,140
1,3.0,0.16666666666666666,c-GC-star,0,1,2,,,,220210_F2_run5,21,lost,35
1,5.0,0.16666666666666666,c-GC-star,0,1,4,,,,220210_F2_run5,22,lost,8
2,,0.16666666666666666,c-GC-star,1,0,6,,,,220210_F2_run5,22,unstable,26
1,4.0,0.16666666666666666,c-GC-star,0,1,3,,,,220210_F2_run5,22,lost,46
5,6.0,0.3333333333333333,c-GC-star,1,1,1,,,,220210_F2_run5,22,unstable,88
6,,0.16666666666666666,c-GC-star,1,0,2,,,,220210_F2_run5,22,unstable,119
7,,0.16666666666666666,c-GC-star,1,0,1,,,,220210_F2_run5,22,novel,128
3,,0.16666666666666666,c-GC-star,1,0,5,,,,220210_F2_run5,22,unstable,147
7,,0.16666666666666666,c-GC-star,1,0,1,,,,220210_F2_run5,22,novel,148
1,2.0,0.16666666666666666,c-GC-star,0,1,1,,,,220210_F2_run5,22,unstable,152
5,6.0,0.3333333333333333,c-GC-star,1,1,1,,,,220210_F2_run5,23,unstable,4
4,6.0,0.3333333333333333,c-GC-star,1,1,2,,,,220210_F2_run5,23,unstable,15
3,7.0,0.3333333333333333,c-GC-star,1,1,4,,,,220210_F2_run5,23,unstable,19
5,6.0,0.3333333333333333,c-GC-star,1,1,1,,,,220210_F2_run5,23,unstable,31
5,6.0,0.3333333333333333,c-GC-star,1,1,1,,,,220210_F2_run5,23,unstable,54
2,4.0,0.3333333333333333,c-GC-star,1,1,2,,,,220210_F2_run5,23,unstable,153
2,3.0,0.6666666666666666,c-GC-star,2,2,4,,,,220210_F2_run5,24,unstable,1
1,,0.0,c-GC-star,0,0,7,,,,220210_F2_run5,24,stable,3
5,6.0,0.3333333333333333,c-GC-star,1,1,1,,,,220210_F2_run5,24,unstable,8
4,5.0,0.3333333333333333,c-GC-star,1,1,1,,,,220210_F2_run5,24,unstable,20
1,4.0,0.5,c-GC-star,1,2,5,,,,220210_F2_run5,24,unstable,28
1,2.0,0.16666666666666666,c-GC-star,0,1,1,,,,220210_F2_run5,24,unstable,50
1,2.0,0.16666666666666666,c-GC-star,0,1,1,,,,220210_F2_run5,24,unstable,66
1,2.0,0.16666666666666666,c-GC-star,0,1,1,,,,220210_F2_run5,24,unstable,73
1,3.0,0.5,c-GC-star,1,2,3,,,,220210_F2_run5,24,unstable,74
1,2.0,0.16666666666666666,c-GC-star,0,1,1,,,,220210_F2_run5,24,unstable,94
1,2.0,0.6666666666666666,c-GC-star,2,2,3,,,,220210_F2_run5,24,unstable,97
1,2.0,0.16666666666666666,c-GC-star,0,1,1,,,,220210_F2_run5,24,unstable,130
3,4.0,0.3333333333333333,c-GC-star,1,1,1,,,,220210_F2_run5,24,unstable,134
1,2.0,0.16666666666666666,c-GC-star,0,1,1,,,,220210_F2_run5,24,unstable,157
7,,0.16666666666666666,c-GC-star,1,0,1,,,,220210_F2_run5,25,novel,78
2,3.0,0.5,c-GC-star,2,1,2,,,,220210_F2_run5,25,unstable,85
7,,0.16666666666666666,c-GC-star,1,0,1,,,,220210_F2_run5,25,novel,126
1,3.0,0.16666666666666666,c-GC-star,0,1,2,,,,220210_F2_run5,25,lost,136
4,,0.16666666666666666,c-GC-star,1,0,4,,,,220210_F2_run5,26,unstable,2
1,3.0,0.5,c-GC-star,1,2,4,,,,220210_F2_run5,26,unstable,4
6,,0.16666666666666666,c-GC-star,1,0,2,,,,220210_F2_run5,26,unstable,8
7,,0.16666666666666666,c-GC-star,1,0,1,,,,220210_F2_run5,26,novel,37
2,3.0,0.3333333333333333,c-GC-star,1,1,1,,,,220210_F2_run5,26,unstable,46
1,2.0,0.16666666666666666,c-GC-star,0,1,1,,,,220210_F2_run5,26,unstable,86
4,5.0,0.3333333333333333,c-GC-star,1,1,1,,,,220210_F2_run5,27,unstable,0
1,2.0,0.16666666666666666,c-GC-star,0,1,1,,,,220210_F2_run5,27,unstable,18
2,4.0,0.3333333333333333,c-GC-star,1,1,2,,,,220210_F2_run5,27,unstable,30
1,2.0,0.16666666666666666,c-GC-star,0,1,1,,,,220210_F2_run5,27,unstable,47
7,,0.16666666666666666,c-GC-star,1,0,1,,,,220210_F2_run5,27,novel,105
4,5.0,0.3333333333333333,c-GC-star,1,1,1,,,,220210_F2_run5,27,unstable,109
4,5.0,0.6666666666666666,c-GC-star,2,2,2,,,,220210_F2_run5,27,unstable,111
5,7.0,0.3333333333333333,c-GC-star,1,1,2,,,,220210_F2_run5,27,unstable,118
4,5.0,0.3333333333333333,c-GC-star,1,1,1,,,,220210_F2_run5,27,unstable,119
1,,0.0,c-GC-star,0,0,7,,,,220210_F2_run5,28,stable,20
7,,0.16666666666666666,c-GC-star,1,0,1,,,,220210_F2_run5,28,novel,23
1,,0.0,c-GC-star,0,0,7,,,,220210_F2_run5,28,stable,24
1,2.0,0.16666666666666666,c-GC-star,0,1,1,,,,220210_F2_run5,28,unstable,37
1,2.0,0.16666666666666666,c-GC-star,0,1,1,,,,220210_F2_run5,28,unstable,78
1,2.0,0.5,c-GC-star,1,2,2,,,,220210_F2_run5,28,unstable,82
1,3.0,0.16666666666666666,c-GC-star,0,1,2,,,,220210_F2_run5,28,lost,104
1,,0.0,c-GC-star,0,0,7,,,,220210_F2_run5,28,stable,141
1,2.0,0.16666666666666666,c-GC-star,0,1,1,,,,220210_F2_run5,28,unstable,143
1,2.0,0.16666666666666666,c-GC-star,0,1,1,,,,220210_F2_run5,29,unstable,1
1,2.0,0.16666666666666666,c-GC-star,0,1,1,,,,220210_F2_run5,29,unstable,2
1,2.0,0.16666666666666666,c-GC-star,0,1,1,,,,220210_F2_run5,29,unstable,17
1,2.0,0.16666666666666666,c-GC-star,0,1,1,,,,220210_F2_run5,29,unstable,23
1,2.0,0.16666666666666666,c-GC-star,0,1,1,,,,220210_F2_run5,29,unstable,37
6,7.0,0.3333333333333333,c-GC-star,1,1,1,,,,220210_F2_run5,29,unstable,102
1,2.0,0.16666666666666666,c-GC-star,0,1,1,,,,220210_F2_run5,30,unstable,23
1,2.0,0.16666666666666666,c-GC-star,0,1,1,,,,220210_F2_run5,30,unstable,25
1,2.0,0.16666666666666666,c-GC-star,0,1,1,,,,220210_F2_run5,30,unstable,35
6,7.0,0.3333333333333333,c-GC-star,1,1,1,,,,220210_F2_run5,30,unstable,40
1,2.0,0.16666666666666666,c-GC-star,0,1,1,,,,220210_F2_run5,30,unstable,69
7,,0.16666666666666666,c-GC-star,1,0,1,,,,220210_F2_run5,30,novel,73
3,4.0,0.5,c-GC-star,2,1,2,,,,220210_F2_run5,30,unstable,108
7,,0.16666666666666666,c-GC-star,1,0,1,,,,220210_F2_run5,30,novel,117
1,2.0,0.16666666666666666,c-GC-star,0,1,1,,,,220210_F2_run5,30,unstable,130
2,3.0,0.3333333333333333,c-GC-star,1,1,1,,,,220210_F2_run5,31,unstable,0
4,7.0,0.3333333333333333,c-GC-star,1,1,3,,,,220210_F2_run5,31,unstable,7
1,4.0,0.5,c-GC-star,1,2,5,,,,220210_F2_run5,31,unstable,24
2,3.0,0.5,c-GC-star,2,1,5,,,,220210_F2_run5,31,unstable,59
1,2.0,0.16666666666666666,c-GC-star,0,1,1,,,,220210_F2_run5,31,unstable,97
1,2.0,0.16666666666666666,c-GC-star,0,1,1,,,,220210_F2_run5,31,unstable,151
1,2.0,0.16666666666666666,c-GC-star,0,1,1,,,,220210_F2_run5,32,unstable,10
1,2.0,0.3333333333333333,c-GC-star,1,1,3,,,,220210_F2_run5,32,unstable,42
1,2.0,0.5,c-GC-star,1,2,2,,,,220210_F2_run5,32,unstable,104
1,2.0,0.16666666666666666,c-GC-star,0,1,1,,,,220210_F2_run5,32,unstable,106
1,4.0,0.5,c-GC-star,1,2,5,,,,220210_F2_run5,32,unstable,146
1,2.0,0.16666666666666666,c-GC-star,0,1,1,,,,220210_F2_run5,32,unstable,158
1,2.0,0.3333333333333333,c-GC-star,1,1,4,,,,220210_F2_run5,33,unstable,6
4,5.0,0.3333333333333333,c-GC-star,1,1,1,,,,220210_F2_run5,33,unstable,7
1,,0.0,c-GC-star,0,0,7,,,,220210_F2_run5,33,stable,19
4,5.0,0.3333333333333333,c-GC-star,1,1,1,,,,220210_F2_run5,33,unstable,65
5,7.0,0.3333333333333333,c-GC-star,1,1,2,,,,220210_F2_run5,33,unstable,76
6,,0.16666666666666666,c-GC-star,1,0,2,,,,220210_F2_run5,33,unstable,128
5,6.0,0.3333333333333333,c-GC-star,1,1,1,,,,220210_F2_run5,33,unstable,151
1,2.0,0.16666666666666666,c-GC-star,0,1,1,,,,220210_F2_run5,34,unstable,1
3,5.0,0.3333333333333333,c-GC-star,1,1,2,,,,220210_F2_run5,34,unstable,7
1,2.0,0.16666666666666666,c-GC-star,0,1,1,,,,220210_F2_run5,34,unstable,15
4,,0.16666666666666666,c-GC-star,1,0,4,,,,220210_F2_run5,34,unstable,57
7,,0.16666666666666666,c-GC-star,1,0,1,,,,220210_F2_run5,34,novel,70
7,,0.16666666666666666,c-GC-star,1,0,1,,,,220210_F2_run5,34,novel,91
3,4.0,0.3333333333333333,c-GC-star,1,1,1,,,,220210_F2_run5,34,unstable,104
1,2.0,0.16666666666666666,c-GC-star,0,1,1,,,,220210_F2_run5,34,unstable,107
7,,0.16666666666666666,c-GC-star,1,0,1,,,,220210_F2_run5,35,novel,0
1,7.0,0.16666666666666666,c-GC-star,0,1,6,,,,220210_F2_run5,35,lost,3
6,,0.16666666666666666,c-GC-star,1,0,2,,,,220210_F2_run5,35,unstable,6
1,4.0,0.5,c-GC-star,1,2,4,,,,220210_F2_run5,35,unstable,7
6,7.0,0.3333333333333333,c-GC-star,1,1,1,,,,220210_F2_run5,35,unstable,21
1,6.0,0.16666666666666666,c-GC-star,0,1,5,,,,220210_F2_run5,35,lost,28
1,3.0,0.16666666666666666,c-GC-star,0,1,2,,,,220210_F2_run5,35,lost,44
3,6.0,0.3333333333333333,c-GC-star,1,1,3,,,,220210_F2_run5,35,unstable,62
2,3.0,0.3333333333333333,c-GC-star,1,1,1,,,,220210_F2_run5,35,unstable,74
1,2.0,0.16666666666666666,c-GC-star,0,1,1,,,,220210_F2_run5,35,unstable,106
2,4.0,0.3333333333333333,c-GC-star,1,1,2,,,,220210_F2_run5,35,unstable,122
1,2.0,0.6666666666666666,c-GC-star,2,2,3,,,,220210_F2_run5,35,unstable,127
7,,0.16666666666666666,c-GC-star,1,0,1,,,,220210_F2_run5,36,novel,27
1,2.0,0.3333333333333333,c-GC-star,1,1,5,,,,220210_F2_run5,37,unstable,3
1,2.0,0.5,c-GC-star,1,2,2,,,,220210_F2_run5,37,unstable,8
1,,0.0,c-GC-star,0,0,7,,,,220210_F2_run5,37,stable,22
1,4.0,0.16666666666666666,c-GC-star,0,1,3,,,,220210_F2_run5,37,lost,29
1,,0.0,c-GC-star,0,0,7,,,,220210_F2_run5,37,stable,45
1,2.0,0.16666666666666666,c-GC-star,0,1,1,,,,220210_F2_run5,37,unstable,50
1,2.0,0.16666666666666666,c-GC-star,0,1,1,,,,220210_F2_run5,37,unstable,60
1,2.0,0.16666666666666666,c-GC-star,0,1,1,,,,220210_F2_run5,37,unstable,62
1,2.0,0.6666666666666666,c-GC-star,2,2,4,,,,220210_F2_run5,37,unstable,85
3,4.0,0.6666666666666666,c-GC-star,2,2,3,,,,220210_F2_run5,37,unstable,103
1,2.0,0.16666666666666666,c-GC-star,0,1,1,,,,220210_F2_run5,37,unstable,108
1,2.0,0.16666666666666666,c-GC-star,0,1,1,,,,220210_F2_run5,37,unstable,134
1,2.0,0.6666666666666666,c-GC-star,2,2,5,,,,220210_F2_run5,37,unstable,135
1,2.0,0.3333333333333333,c-GC-star,1,1,2,,,,220210_F2_run5,37,unstable,160
7,,0.16666666666666666,c-GC-star,1,0,1,,,,220210_F2_run5,38,novel,1
7,,0.16666666666666666,c-GC-star,1,0,1,,,,220210_F2_run5,38,novel,3
2,3.0,0.6666666666666666,c-GC-star,2,2,2,,,,220210_F2_run5,38,unstable,7
2,,0.16666666666666666,c-GC-star,1,0,6,,,,220210_F2_run5,38,unstable,9
1,,0.0,c-GC-star,0,0,7,,,,220210_F2_run5,38,stable,10
2,7.0,0.3333333333333333,c-GC-star,1,1,5,,,,220210_F2_run5,38,unstable,13
6,,0.16666666666666666,c-GC-star,1,0,2,,,,220210_F2_run5,38,unstable,15
2,,0.16666666666666666,c-GC-star,1,0,6,,,,220210_F2_run5,38,unstable,24
4,5.0,0.3333333333333333,c-GC-star,1,1,1,,,,220210_F2_run5,38,unstable,25
4,5.0,0.5,c-GC-star,2,1,3,,,,220210_F2_run5,38,unstable,35
1,,0.0,c-GC-star,0,0,7,,,,220210_F2_run5,38,stable,39
1,,0.0,c-GC-star,0,0,7,,,,220210_F2_run5,38,stable,41
1,,0.0,c-GC-star,0,0,7,,,,220210_F2_run5,38,stable,42
5,6.0,0.3333333333333333,c-GC-star,1,1,1,,,,220210_F2_run5,38,unstable,80
2,6.0,0.3333333333333333,c-GC-star,1,1,4,,,,220210_F2_run5,38,unstable,117
6,,0.16666666666666666,c-GC-star,1,0,2,,,,220210_F2_run5,39,unstable,1
1,5.0,0.3333333333333333,c-GC-star,1,1,6,,,,220210_F2_run5,39,unstable,3
1,,0.0,c-GC-star,0,0,7,,,,220210_F2_run5,39,stable,5
1,3.0,0.3333333333333333,c-GC-star,1,1,6,,,,220210_F2_run5,39,unstable,7
1,,0.0,c-GC-star,0,0,7,,,,220210_F2_run5,39,stable,9
1,,0.0,c-GC-star,0,0,7,,,,220210_F2_run5,39,stable,10
1,3.0,0.16666666666666666,c-GC-star,0,1,2,,,,220210_F2_run5,39,lost,18
1,,0.0,c-GC-star,0,0,7,,,,220210_F2_run5,39,stable,20
1,,0.0,c-GC-star,0,0,7,,,,220210_F2_run5,39,stable,24
2,,0.16666666666666666,c-GC-star,1,0,6,,,,220210_F2_run5,39,unstable,28
1,2.0,0.16666666666666666,c-GC-star,0,1,1,,,,220210_F2_run5,39,unstable,34
1,2.0,0.16666666666666666,c-GC-star,0,1,1,,,,220210_F2_run5,39,unstable,35
1,5.0,0.3333333333333333,c-GC-star,1,1,5,,,,220210_F2_run5,39,unstable,38
1,,0.0,c-GC-star,0,0,7,,,,220210_F2_run5,39,stable,41
1,5.0,0.3333333333333333,c-GC-star,1,1,6,,,,220210_F2_run5,39,unstable,42
3,,0.16666666666666666,c-GC-star,1,0,5,,,,220210_F2_run5,39,unstable,45
1,2.0,0.16666666666666666,c-GC-star,0,1,1,,,,220210_F2_run5,39,unstable,52
7,,0.16666666666666666,c-GC-star,1,0,1,,,,220210_F2_run5,39,novel,55
1,2.0,0.16666666666666666,c-GC-star,0,1,1,,,,220210_F2_run5,39,unstable,66
6,,0.16666666666666666,c-GC-star,1,0,2,,,,220210_F2_run5,39,unstable,74
1,5.0,0.3333333333333333,c-GC-star,1,1,5,,,,220210_F2_run5,39,unstable,87
1,4.0,0.16666666666666666,c-GC-star,0,1,3,,,,220210_F2_run5,39,lost,96
1,,0.0,c-GC-star,0,0,7,,,,220210_F2_run5,39,stable,108
1,,0.0,c-GC-star,0,0,7,,,,220210_F2_run5,39,stable,118
6,,0.16666666666666666,c-GC-star,1,0,2,,,,220210_F2_run5,40,unstable,6
1,,0.0,c-GC-star,0,0,7,,,,220210_F2_run5,40,stable,7
1,,0.0,c-GC-star,0,0,7,,,,220210_F2_run5,40,stable,11
2,3.0,0.3333333333333333,c-GC-star,1,1,1,,,,220210_F2_run5,40,unstable,23
3,4.0,0.3333333333333333,c-GC-star,1,1,1,,,,220210_F2_run5,40,unstable,60
3,5.0,0.3333333333333333,c-GC-star,1,1,2,,,,220210_F2_run5,40,unstable,62
5,6.0,0.3333333333333333,c-GC-star,1,1,1,,,,220210_F2_run5,40,unstable,82
3,5.0,0.3333333333333333,c-GC-star,1,1,2,,,,220210_F2_run5,40,unstable,102
3,5.0,0.3333333333333333,c-GC-star,1,1,2,,,,220210_F2_run5,40,unstable,130
3,5.0,0.5,c-GC-star,2,1,4,,,,220210_F2_run5,40,unstable,151
3,,0.16666666666666666,c-GC-star,1,0,5,,,,220210_F2_run5,40,unstable,152
3,4.0,0.3333333333333333,c-GC-star,1,1,1,,,,220210_F2_run5,40,unstable,160
1,5.0,0.16666666666666666,c-GC-star,0,1,4,,,,220210_F2_run5,41,lost,9
3,5.0,0.3333333333333333,c-GC-star,1,1,2,,,,220210_F2_run5,41,unstable,38
7,,0.16666666666666666,c-GC-star,1,0,1,,,,220210_F2_run5,41,novel,52
2,3.0,0.3333333333333333,c-GC-star,1,1,1,,,,220210_F2_run5,41,unstable,56
4,6.0,0.3333333333333333,c-GC-star,1,1,2,,,,220210_F2_run5,41,unstable,78
1,2.0,0.16666666666666666,c-GC-star,0,1,1,,,,220210_F2_run5,41,unstable,95
6,,0.16666666666666666,c-GC-star,1,0,2,,,,220210_F2_run5,42,unstable,0
1,,0.0,c-GC-star,0,0,7,,,,220210_F2_run5,42,stable,10
4,,0.16666666666666666,c-GC-star,1,0,4,,,,220210_F2_run5,42,unstable,18
5,6.0,0.5,c-GC-star,2,1,2,,,,220210_F2_run5,42,unstable,86
1,,0.0,c-GC-star,0,0,7,,,,220210_F2_run5,42,stable,94
2,,0.16666666666666666,c-GC-star,1,0,6,,,,220210_F2_run5,42,unstable,136
7,,0.16666666666666666,c-GC-star,1,0,1,,,,220210_F2_run5,42,novel,151
7,,0.16666666666666666,c-GC-star,1,0,1,,,,220210_F2_run5,42,novel,152
1,,0.0,c-GC-star,0,0,7,,,,220210_F2_run5,43,stable,1
1,2.0,0.16666666666666666,c-GC-star,0,1,1,,,,220210_F2_run5,43,unstable,17
1,2.0,0.3333333333333333,c-GC-star,1,1,6,,,,220210_F2_run5,43,unstable,18
1,2.0,0.3333333333333333,c-GC-star,1,1,3,,,,220210_F2_run5,43,unstable,34
1,3.0,0.5,c-GC-star,1,2,3,,,,220210_F2_run5,43,unstable,112
6,,0.16666666666666666,c-GC-star,1,0,2,,,,220210_F2_run5,44,unstable,20
7,,0.16666666666666666,c-GC-star,1,0,1,,,,220210_F2_run5,44,novel,62
1,2.0,0.16666666666666666,c-GC-star,0,1,1,,,,220210_F2_run5,44,unstable,65
1,2.0,0.5,c-GC-star,1,2,2,,,,220210_F2_run5,44,unstable,67
4,5.0,0.5,c-GC-star,2,1,3,,,,220210_F2_run5,44,unstable,68
1,2.0,0.16666666666666666,c-GC-star,0,1,1,,,,220210_F2_run5,44,unstable,71
1,,0.0,c-GC-star,0,0,7,,,,220210_F2_run5,44,stable,72
6,7.0,0.3333333333333333,c-GC-star,1,1,1,,,,220210_F2_run5,44,unstable,74
1,,0.0,c-GC-star,0,0,7,,,,220210_F2_run5,44,stable,79
1,2.0,0.16666666666666666,c-GC-star,0,1,1,,,,220210_F2_run5,44,unstable,89
1,2.0,0.16666666666666666,c-GC-star,0,1,1,,,,220210_F2_run5,44,unstable,94
7,,0.16666666666666666,c-GC-star,1,0,1,,,,220210_F2_run5,44,novel,106
1,2.0,0.16666666666666666,c-GC-star,0,1,1,,,,220210_F2_run5,44,unstable,114
7,,0.16666666666666666,c-GC-star,1,0,1,,,,220210_F2_run5,44,novel,116
1,2.0,0.5,c-GC-star,1,2,2,,,,220210_F2_run5,44,unstable,129
1,2.0,0.16666666666666666,c-GC-star,0,1,1,,,,220210_F2_run5,44,unstable,130
1,2.0,0.16666666666666666,c-GC-star,0,1,1,,,,220210_F2_run5,44,unstable,132
1,2.0,0.16666666666666666,c-GC-star,0,1,1,,,,220210_F2_run5,44,unstable,134
1,2.0,0.16666666666666666,c-GC-star,0,1,1,,,,220210_F2_run5,44,unstable,146
1,2.0,0.3333333333333333,c-GC-star,1,1,2,,,,220210_F2_run5,44,unstable,152
1,2.0,0.3333333333333333,c-GC-star,1,1,2,,,,220210_F2_run5,44,unstable,153
1,3.0,0.3333333333333333,c-GC-star,1,1,3,,,,220210_F2_run5,44,unstable,164
7,,0.16666666666666666,c-GC-star,1,0,1,,,,220210_F2_run5,45,novel,5
1,2.0,0.16666666666666666,c-GC-star,0,1,1,,,,220210_F2_run5,45,unstable,6
4,5.0,0.5,c-GC-star,2,1,2,,,,220210_F2_run5,45,unstable,25
1,2.0,0.16666666666666666,c-GC-star,0,1,1,,,,220210_F2_run5,45,unstable,35
1,2.0,0.16666666666666666,c-GC-star,0,1,1,,,,220210_F2_run5,45,unstable,42
1,,0.0,c-GC-star,0,0,7,,,,220210_F2_run5,45,stable,95
4,5.0,0.3333333333333333,c-GC-star,1,1,1,,,,220210_F2_run5,45,unstable,114
2,,0.16666666666666666,c-GC-star,1,0,6,,,,220210_F2_run5,45,unstable,118
6,7.0,0.3333333333333333,c-GC-star,1,1,1,,,,220210_F2_run5,45,unstable,137
1,2.0,0.16666666666666666,c-GC-star,0,1,1,,,,220210_F2_run5,45,unstable,141
1,2.0,0.16666666666666666,c-GC-star,0,1,1,,,,220210_F2_run5,45,unstable,157
2,6.0,0.5,c-GC-star,2,1,5,,,,220210_F2_run5,46,unstable,8
3,4.0,0.3333333333333333,c-GC-star,1,1,1,,,,220210_F2_run5,46,unstable,44
1,2.0,0.16666666666666666,c-GC-star,0,1,1,,,,220210_F2_run5,46,unstable,45
1,2.0,0.16666666666666666,c-GC-star,0,1,1,,,,220210_F2_run5,46,unstable,49
6,,0.16666666666666666,c-GC-star,1,0,2,,,,220210_F2_run5,46,unstable,50
1,2.0,0.3333333333333333,c-GC-star,1,1,2,,,,220210_F2_run5,46,unstable,60
1,2.0,0.16666666666666666,c-GC-star,0,1,1,,,,220210_F2_run5,46,unstable,62
1,2.0,0.16666666666666666,c-GC-star,0,1,1,,,,220210_F2_run5,46,unstable,78
1,5.0,0.16666666666666666,c-GC-star,0,1,4,,,,220210_F2_run5,46,lost,83
1,2.0,0.16666666666666666,c-GC-star,0,1,1,,,,220210_F2_run5,46,unstable,102
7,,0.16666666666666666,c-GC-star,1,0,1,,,,220210_F2_run5,46,novel,103
2,4.0,0.5,c-GC-star,2,1,3,,,,220210_F2_run5,46,unstable,114
1,2.0,0.8333333333333334,c-GC-star,2,3,3,,,,220210_F2_run5,46,unstable,118
1,5.0,0.3333333333333333,c-GC-star,1,1,5,,,,220210_F2_run5,46,unstable,124
2,,0.16666666666666666,c-GC-star,1,0,6,,,,220210_F2_run5,46,unstable,134
2,,0.16666666666666666,c-GC-star,1,0,6,,,,220210_F2_run5,46,unstable,156
1,2.0,0.16666666666666666,c-GC-star,0,1,1,,,,220210_F2_run5,46,unstable,164
6,,0.16666666666666666,c-GC-star,1,0,2,,,,220210_F2_run5,47,unstable,33
5,,0.16666666666666666,c-GC-star,1,0,3,,,,220210_F2_run5,47,unstable,50
6,7.0,0.3333333333333333,c-GC-star,1,1,1,,,,220210_F2_run5,47,unstable,128
3,4.0,0.3333333333333333,c-GC-star,1,1,1,,,,220210_F2_run5,48,unstable,60
5,6.0,0.5,c-GC-star,2,1,2,,,,220210_F2_run5,48,unstable,62
3,,0.16666666666666666,c-GC-star,1,0,5,,,,220210_F2_run5,48,unstable,64
1,,0.0,c-GC-star,0,0,7,,,,220210_F2_run5,48,stable,102
2,,0.16666666666666666,c-GC-star,1,0,6,,,,220210_F2_run5,48,unstable,124
2,,0.16666666666666666,c-GC-star,1,0,6,,,,220210_F2_run5,48,unstable,140
4,5.0,0.5,c-GC-star,2,1,2,,,,220210_F2_run5,48,unstable,163
2,4.0,0.3333333333333333,c-GC-star,1,1,2,,,,220210_F2_run5,48,unstable,164
1,2.0,0.16666666666666666,c-GC-star,0,1,1,,,,220210_F2_run5,49,unstable,30
1,4.0,0.16666666666666666,c-GC-star,0,1,3,,,,220210_F2_run5,49,lost,37
1,2.0,0.16666666666666666,c-GC-star,0,1,1,,,,220210_F2_run5,49,unstable,45
1,2.0,0.16666666666666666,c-GC-star,0,1,1,,,,220210_F2_run5,49,unstable,48
1,5.0,0.16666666666666666,c-GC-star,0,1,4,,,,220210_F2_run5,49,lost,61
1,2.0,0.16666666666666666,c-GC-star,0,1,1,,,,220210_F2_run5,49,unstable,69
1,2.0,0.6666666666666666,c-GC-star,2,2,5,,,,220210_F2_run5,49,unstable,75
1,2.0,0.16666666666666666,c-GC-star,0,1,1,,,,220210_F2_run5,49,unstable,76
1,2.0,0.16666666666666666,c-GC-star,0,1,1,,,,220210_F2_run5,49,unstable,102
1,2.0,0.16666666666666666,c-GC-star,0,1,1,,,,220210_F2_run5,49,unstable,119
1,2.0,0.16666666666666666,c-GC-star,0,1,1,,,,220210_F2_run5,49,unstable,127
1,2.0,0.16666666666666666,c-GC-star,0,1,1,,,,220210_F2_run5,49,unstable,138
1,2.0,0.16666666666666666,c-GC-star,0,1,1,,,,220210_F2_run5,49,unstable,148
3,4.0,0.3333333333333333,c-GC-star,1,1,1,,,,220210_F2_run5,49,unstable,156
5,6.0,0.5,c-GC-star,2,1,2,,,,220210_F2_run5,50,unstable,28
4,6.0,0.3333333333333333,c-GC-star,1,1,2,,,,220210_F2_run5,50,unstable,41
1,2.0,0.16666666666666666,c-GC-star,0,1,1,,,,220210_F2_run5,50,unstable,70
2,3.0,0.3333333333333333,c-GC-star,1,1,1,,,,220210_F2_run5,50,unstable,74
1,2.0,0.3333333333333333,c-GC-star,1,1,4,,,,220210_F2_run5,50,unstable,75
1,2.0,0.16666666666666666,c-GC-star,0,1,1,,,,220210_F2_run5,50,unstable,87
1,2.0,0.16666666666666666,c-GC-star,0,1,1,,,,220210_F2_run5,50,unstable,108
3,4.0,0.3333333333333333,c-GC-star,1,1,1,,,,220210_F2_run5,50,unstable,133
1,2.0,0.16666666666666666,c-GC-star,0,1,1,,,,220210_F2_run5,50,unstable,154
1,2.0,0.16666666666666666,c-GC-star,0,1,1,,,,220210_F2_run5,50,unstable,156
5,6.0,0.5,c-GC-star,2,1,2,,,,220210_F2_run5,50,unstable,162
7,,0.16666666666666666,c-GC-star,1,0,1,,,,220210_F2_run5,51,novel,12
1,2.0,0.5,c-GC-star,1,2,3,,,,220210_F2_run5,51,unstable,14
3,5.0,0.5,c-GC-star,2,1,4,,,,220210_F2_run5,51,unstable,15
7,,0.16666666666666666,c-GC-star,1,0,1,,,,220210_F2_run5,51,novel,41
1,,0.0,c-GC-star,0,0,7,,,,220210_F2_run5,51,stable,56
1,,0.0,c-GC-star,0,0,7,,,,220210_F2_run5,51,stable,57
1,,0.0,c-GC-star,0,0,7,,,,220210_F2_run5,51,stable,66
1,2.0,0.3333333333333333,c-GC-star,1,1,6,,,,220210_F2_run5,51,unstable,70
1,2.0,0.16666666666666666,c-GC-star,0,1,1,,,,220210_F2_run5,51,unstable,78
1,6.0,0.16666666666666666,c-GC-star,0,1,5,,,,220210_F2_run5,51,lost,80
1,2.0,0.3333333333333333,c-GC-star,1,1,2,,,,220210_F2_run5,51,unstable,89
6,7.0,0.3333333333333333,c-GC-star,1,1,1,,,,220210_F2_run5,51,unstable,103
1,,0.0,c-GC-star,0,0,7,,,,220210_F2_run5,51,stable,127
2,,0.16666666666666666,c-GC-star,1,0,6,,,,220210_F2_run5,52,unstable,57
1,,0.0,c-GC-star,0,0,7,,,,220210_F2_run5,52,stable,68
1,2.0,0.16666666666666666,c-GC-star,0,1,1,,,,220210_F2_run5,52,unstable,96
1,2.0,0.16666666666666666,c-GC-star,0,1,1,,,,220210_F2_run5,52,unstable,114
3,4.0,0.3333333333333333,c-GC-star,1,1,1,,,,220210_F2_run5,53,unstable,20
1,2.0,0.16666666666666666,c-GC-star,0,1,1,,,,220210_F2_run5,53,unstable,22
1,5.0,0.16666666666666666,c-GC-star,0,1,4,,,,220210_F2_run5,53,lost,25
1,2.0,0.16666666666666666,c-GC-star,0,1,1,,,,220210_F2_run5,53,unstable,54
1,2.0,0.16666666666666666,c-GC-star,0,1,1,,,,220210_F2_run5,53,unstable,78
1,5.0,0.16666666666666666,c-GC-star,0,1,4,,,,220210_F2_run5,53,lost,98
1,3.0,0.16666666666666666,c-GC-star,0,1,2,,,,220210_F2_run5,53,lost,106
6,7.0,0.3333333333333333,c-GC-star,1,1,1,,,,220210_F2_run5,53,unstable,107
5,,0.16666666666666666,c-GC-star,1,0,3,,,,220210_F2_run5,53,unstable,118
3,4.0,0.5,c-GC-star,2,1,2,,,,220210_F2_run5,53,unstable,124
6,,0.16666666666666666,c-GC-star,1,0,2,,,,220210_F2_run5,53,unstable,134
5,7.0,0.3333333333333333,c-GC-star,1,1,2,,,,220210_F2_run5,53,unstable,137
1,3.0,0.16666666666666666,c-GC-star,0,1,2,,,,220210_F2_run5,53,lost,139
1,3.0,0.16666666666666666,c-GC-star,0,1,2,,,,220210_F2_run5,53,lost,143
1,2.0,0.16666666666666666,c-GC-star,0,1,1,,,,220210_F2_run5,53,unstable,145
6,,0.16666666666666666,c-GC-star,1,0,2,,,,220210_F2_run5,53,unstable,149
4,5.0,0.5,c-GC-star,2,1,3,,,,220210_F2_run5,53,unstable,154
2,5.0,0.3333333333333333,c-GC-star,1,1,3,,,,220210_F2_run5,54,unstable,34
7,,0.16666666666666666,c-GC-star,1,0,1,,,,220210_F2_run5,54,novel,158
1,2.0,0.6666666666666666,c-GC-star,2,2,3,,,,220210_F2_run5,55,unstable,45
5,,0.16666666666666666,c-GC-star,1,0,3,,,,220210_F2_run5,56,unstable,14
1,6.0,0.16666666666666666,c-GC-star,0,1,5,,,,220210_F2_run5,56,lost,16
6,7.0,0.3333333333333333,c-GC-star,1,1,1,,,,220210_F2_run5,56,unstable,34
1,2.0,0.16666666666666666,c-GC-star,0,1,1,,,,220210_F2_run5,56,unstable,49
2,3.0,0.3333333333333333,c-GC-star,1,1,1,,,,220210_F2_run5,56,unstable,57
4,,0.16666666666666666,c-GC-star,1,0,4,,,,220210_F2_run5,56,unstable,70
1,3.0,0.16666666666666666,c-GC-star,0,1,2,,,,220210_F2_run5,56,lost,75
3,4.0,0.3333333333333333,c-GC-star,1,1,1,,,,220210_F2_run5,57,unstable,7
2,7.0,0.3333333333333333,c-GC-star,1,1,5,,,,220210_F2_run5,57,unstable,8
2,3.0,0.3333333333333333,c-GC-star,1,1,1,,,,220210_F2_run5,57,unstable,37
1,3.0,0.6666666666666666,c-GC-star,2,2,4,,,,220210_F2_run5,57,unstable,44
1,2.0,0.16666666666666666,c-GC-star,0,1,1,,,,220210_F2_run5,57,unstable,46
2,4.0,0.6666666666666666,c-GC-star,2,2,4,,,,220210_F2_run5,57,unstable,50
2,,0.16666666666666666,c-GC-star,1,0,6,,,,220210_F2_run5,57,unstable,52
5,6.0,0.3333333333333333,c-GC-star,1,1,1,,,,220210_F2_run5,57,unstable,53
2,,0.16666666666666666,c-GC-star,1,0,6,,,,220210_F2_run5,57,unstable,56
1,3.0,0.5,c-GC-star,1,2,3,,,,220210_F2_run5,57,unstable,59
2,,0.16666666666666666,c-GC-star,1,0,6,,,,220210_F2_run5,57,unstable,68
1,,0.0,c-GC-star,0,0,7,,,,220210_F2_run5,57,stable,70
2,4.0,0.6666666666666666,c-GC-star,2,2,3,,,,220210_F2_run5,57,unstable,73
4,5.0,0.5,c-GC-star,2,1,3,,,,220210_F2_run5,57,unstable,75
3,,0.16666666666666666,c-GC-star,1,0,5,,,,220210_F2_run5,57,unstable,85
1,,0.0,c-GC-star,0,0,7,,,,220210_F2_run5,57,stable,89
1,,0.0,c-GC-star,0,0,7,,,,220210_F2_run5,57,stable,91
1,3.0,0.16666666666666666,c-GC-star,0,1,2,,,,220210_F2_run5,57,lost,92
1,3.0,0.16666666666666666,c-GC-star,0,1,2,,,,220210_F2_run5,57,lost,97
5,6.0,0.5,c-GC-star,2,1,2,,,,220210_F2_run5,57,unstable,102
3,5.0,0.5,c-GC-star,2,1,3,,,,220210_F2_run5,57,unstable,104
2,3.0,0.8333333333333334,c-GC-star,3,2,4,,,,220210_F2_run5,57,unstable,114
4,,0.16666666666666666,c-GC-star,1,0,4,,,,220210_F2_run5,57,unstable,118
2,6.0,0.3333333333333333,c-GC-star,1,1,4,,,,220210_F2_run5,57,unstable,147
7,,0.16666666666666666,c-GC-star,1,0,1,,,,220210_F2_run5,58,novel,34
3,7.0,0.3333333333333333,c-GC-star,1,1,4,,,,220210_F2_run5,58,unstable,52
5,,0.16666666666666666,c-GC-star,1,0,3,,,,220210_F2_run5,58,unstable,56
1,,0.0,c-GC-star,0,0,7,,,,220210_F2_run5,58,stable,57
4,,0.16666666666666666,c-GC-star,1,0,4,,,,220210_F2_run5,58,unstable,66
2,,0.16666666666666666,c-GC-star,1,0,6,,,,220210_F2_run5,58,unstable,69
2,,0.16666666666666666,c-GC-star,1,0,6,,,,220210_F2_run5,58,unstable,70
3,7.0,0.3333333333333333,c-GC-star,1,1,4,,,,220210_F2_run5,58,unstable,75
6,,0.16666666666666666,c-GC-star,1,0,2,,,,220210_F2_run5,58,unstable,89
5,,0.16666666666666666,c-GC-star,1,0,3,,,,220210_F2_run5,58,unstable,91
6,,0.16666666666666666,c-GC-star,1,0,2,,,,220210_F2_run5,58,unstable,102
5,6.0,0.5,c-GC-star,2,1,2,,,,220210_F2_run5,58,unstable,114
7,,0.16666666666666666,c-GC-star,1,0,1,,,,220210_F2_run5,58,novel,127
5,,0.16666666666666666,c-GC-star,1,0,3,,,,220210_F2_run5,58,unstable,153
5,7.0,0.3333333333333333,c-GC-star,1,1,2,,,,220210_F2_run5,58,unstable,155
4,5.0,0.3333333333333333,c-GC-star,1,1,1,,,,220210_F2_run5,59,unstable,109
1,2.0,0.5,c-GC-star,1,2,3,,,,220210_F2_run5,59,unstable,114
5,7.0,0.3333333333333333,c-GC-star,1,1,2,,,,220210_F2_run5,60,unstable,20
2,7.0,0.3333333333333333,c-GC-star,1,1,5,,,,220210_F2_run5,60,unstable,45
1,,0.0,c-GC-star,0,0,7,,,,220210_F2_run5,60,stable,48
6,7.0,0.3333333333333333,c-GC-star,1,1,1,,,,220210_F2_run5,60,unstable,58
1,4.0,0.3333333333333333,c-GC-star,1,1,6,,,,220210_F2_run5,60,unstable,61
3,,0.16666666666666666,c-GC-star,1,0,5,,,,220210_F2_run5,60,unstable,65
2,5.0,0.5,c-GC-star,2,1,4,,,,220210_F2_run5,60,unstable,80
1,,0.0,c-GC-star,0,0,7,,,,220210_F2_run5,60,stable,83
4,,0.16666666666666666,c-GC-star,1,0,4,,,,220210_F2_run5,60,unstable,85
3,4.0,0.6666666666666666,c-GC-star,2,2,2,,,,220210_F2_run5,60,unstable,88
6,,0.16666666666666666,c-GC-star,1,0,2,,,,220210_F2_run5,60,unstable,90
2,,0.16666666666666666,c-GC-star,1,0,6,,,,220210_F2_run5,60,unstable,102
5,6.0,0.5,c-GC-star,2,1,2,,,,220210_F2_run5,60,unstable,118
1,,0.0,c-GC-star,0,0,7,,,,220210_F2_run5,60,stable,119
7,,0.16666666666666666,c-GC-star,1,0,1,,,,220210_F2_run5,60,novel,120
7,,0.16666666666666666,c-GC-star,1,0,1,,,,220210_F2_run5,60,novel,121
2,7.0,0.3333333333333333,c-GC-star,1,1,5,,,,220210_F2_run5,60,unstable,124
2,,0.16666666666666666,c-GC-star,1,0,6,,,,220210_F2_run5,60,unstable,125
5,6.0,0.3333333333333333,c-GC-star,1,1,1,,,,220210_F2_run5,60,unstable,126
2,4.0,0.3333333333333333,c-GC-star,1,1,2,,,,220210_F2_run5,60,unstable,127
2,,0.16666666666666666,c-GC-star,1,0,6,,,,220210_F2_run5,60,unstable,135
1,,0.0,c-GC-star,0,0,7,,,,220210_F2_run5,60,stable,139
1,,0.0,c-GC-star,0,0,7,,,,220210_F2_run5,60,stable,140
2,3.0,0.6666666666666666,c-GC-star,2,2,2,,,,220210_F2_run5,60,unstable,154
3,4.0,0.5,c-GC-star,2,1,4,,,,220210_F2_run5,60,unstable,156
4,6.0,0.3333333333333333,c-GC-star,1,1,2,,,,220210_F2_run5,60,unstable,157
1,3.0,0.5,c-GC-star,1,2,4,,,,220210_F2_run5,60,unstable,163
5,6.0,0.3333333333333333,c-GC-star,1,1,1,,,,220210_F2_run5,61,unstable,12
1,2.0,0.16666666666666666,c-GC-star,0,1,1,,,,220210_F2_run5,61,unstable,37
1,3.0,0.3333333333333333,c-GC-star,1,1,6,,,,220210_F2_run5,61,unstable,62
1,2.0,0.16666666666666666,c-GC-star,0,1,1,,,,220210_F2_run5,61,unstable,65
1,,0.0,c-GC-star,0,0,7,,,,220210_F2_run5,61,stable,73
7,,0.16666666666666666,c-GC-star,1,0,1,,,,220210_F2_run5,61,novel,75
1,2.0,0.16666666666666666,c-GC-star,0,1,1,,,,220210_F2_run5,61,unstable,102
5,6.0,0.3333333333333333,c-GC-star,1,1,1,,,,220210_F2_run5,61,unstable,103
1,2.0,0.16666666666666666,c-GC-star,0,1,1,,,,220210_F2_run5,61,unstable,114
6,,0.16666666666666666,c-GC-star,1,0,2,,,,220210_F2_run5,61,unstable,116
1,3.0,0.3333333333333333,c-GC-star,1,1,4,,,,220210_F2_run5,61,unstable,118
6,,0.16666666666666666,c-GC-star,1,0,2,,,,220210_F2_run5,61,unstable,119
6,,0.16666666666666666,c-GC-star,1,0,2,,,,220210_F2_run5,61,unstable,131
7,,0.16666666666666666,c-GC-star,1,0,1,,,,220210_F2_run5,61,novel,133
7,,0.16666666666666666,c-GC-star,1,0,1,,,,220210_F2_run5,61,novel,134
7,,0.16666666666666666,c-GC-star,1,0,1,,,,220210_F2_run5,61,novel,141
7,,0.16666666666666666,c-GC-star,1,0,1,,,,220210_F2_run5,61,novel,147
1,2.0,0.16666666666666666,c-GC-star,0,1,1,,,,220210_F2_run5,62,unstable,3
1,4.0,0.3333333333333333,c-GC-star,1,1,6,,,,220210_F2_run5,62,unstable,7
1,2.0,0.16666666666666666,c-GC-star,0,1,1,,,,220210_F2_run5,62,unstable,9
1,2.0,0.3333333333333333,c-GC-star,1,1,6,,,,220210_F2_run5,62,unstable,24
1,7.0,0.16666666666666666,c-GC-star,0,1,6,,,,220210_F2_run5,62,lost,28
3,5.0,0.6666666666666666,c-GC-star,2,2,3,,,,220210_F2_run5,62,unstable,30
1,2.0,0.16666666666666666,c-GC-star,0,1,1,,,,220210_F2_run5,62,unstable,41
1,2.0,0.16666666666666666,c-GC-star,0,1,1,,,,220210_F2_run5,62,unstable,48
1,2.0,0.5,c-GC-star,1,2,3,,,,220210_F2_run5,62,unstable,51
1,2.0,0.16666666666666666,c-GC-star,0,1,1,,,,220210_F2_run5,62,unstable,56
1,,0.0,c-GC-star,0,0,7,,,,220210_F2_run5,62,stable,57
1,2.0,0.16666666666666666,c-GC-star,0,1,1,,,,220210_F2_run5,62,unstable,58
1,4.0,0.3333333333333333,c-GC-star,1,1,6,,,,220210_F2_run5,62,unstable,60
1,3.0,0.3333333333333333,c-GC-star,1,1,6,,,,220210_F2_run5,62,unstable,63
1,2.0,0.16666666666666666,c-GC-star,0,1,1,,,,220210_F2_run5,62,unstable,66
1,,0.0,c-GC-star,0,0,7,,,,220210_F2_run5,62,stable,69
1,,0.0,c-GC-star,0,0,7,,,,220210_F2_run5,62,stable,70
1,,0.0,c-GC-star,0,0,7,,,,220210_F2_run5,62,stable,72
1,,0.0,c-GC-star,0,0,7,,,,220210_F2_run5,62,stable,80
1,2.0,0.16666666666666666,c-GC-star,0,1,1,,,,220210_F2_run5,62,unstable,88
4,5.0,0.5,c-GC-star,2,1,3,,,,220210_F2_run5,62,unstable,89
3,5.0,0.5,c-GC-star,2,1,4,,,,220210_F2_run5,62,unstable,91
1,4.0,0.6666666666666666,c-GC-star,2,2,5,,,,220210_F2_run5,62,unstable,102
1,2.0,0.16666666666666666,c-GC-star,0,1,1,,,,220210_F2_run5,62,unstable,113
1,,0.0,c-GC-star,0,0,7,,,,220210_F2_run5,62,stable,117
1,,0.0,c-GC-star,0,0,7,,,,220210_F2_run5,62,stable,124
1,2.0,0.3333333333333333,c-GC-star,1,1,2,,,,220210_F2_run5,62,unstable,125
1,2.0,0.5,c-GC-star,1,2,3,,,,220210_F2_run5,62,unstable,127
7,,0.16666666666666666,c-GC-star,1,0,1,,,,220210_F2_run5,62,novel,146
6,,0.16666666666666666,c-GC-star,1,0,2,,,,220210_F2_run5,63,unstable,44
1,4.0,0.16666666666666666,c-GC-star,0,1,3,,,,220210_F2_run5,63,lost,61
7,,0.16666666666666666,c-GC-star,1,0,1,,,,220210_F2_run5,63,novel,83
2,5.0,0.3333333333333333,c-GC-star,1,1,3,,,,220210_F2_run5,63,unstable,111
3,,0.16666666666666666,c-GC-star,1,0,5,,,,220210_F2_run5,63,unstable,117
1,3.0,0.3333333333333333,c-GC-star,1,1,6,,,,220210_F2_run5,63,unstable,120
2,4.0,0.3333333333333333,c-GC-star,1,1,2,,,,220210_F2_run5,63,unstable,124
7,,0.16666666666666666,c-GC-star,1,0,1,,,,220210_F2_run5,63,novel,140
7,,0.16666666666666666,c-GC-star,1,0,1,,,,220210_F2_run5,64,novel,18
1,2.0,0.16666666666666666,c-GC-star,0,1,1,,,,220210_F2_run5,64,unstable,59
1,3.0,0.16666666666666666,c-GC-star,0,1,2,,,,220210_F2_run5,64,lost,67
1,3.0,0.16666666666666666,c-GC-star,0,1,2,,,,220210_F2_run5,64,lost,85
1,5.0,0.16666666666666666,c-GC-star,0,1,4,,,,220210_F2_run5,64,lost,95
6,7.0,0.3333333333333333,c-GC-star,1,1,1,,,,220210_F2_run5,64,unstable,114
3,5.0,0.3333333333333333,c-GC-star,1,1,2,,,,220210_F2_run5,64,unstable,125
3,4.0,0.6666666666666666,c-GC-star,2,2,2,,,,220210_F2_run5,64,unstable,132
7,,0.16666666666666666,c-GC-star,1,0,1,,,,220210_F2_run5,64,novel,133
7,,0.16666666666666666,c-GC-star,1,0,1,,,,220210_F2_run5,64,novel,151
7,,0.16666666666666666,c-GC-star,1,0,1,,,,220210_F2_run5,65,novel,14
1,3.0,0.3333333333333333,c-GC-star,1,1,3,,,,220210_F2_run5,65,unstable,43
1,,0.0,c-GC-star,0,0,7,,,,220210_F2_run5,65,stable,44
1,2.0,0.16666666666666666,c-GC-star,0,1,1,,,,220210_F2_run5,65,unstable,49
6,,0.16666666666666666,c-GC-star,1,0,2,,,,220210_F2_run5,65,unstable,50
2,3.0,0.5,c-GC-star,2,1,4,,,,220210_F2_run5,65,unstable,59
2,4.0,0.5,c-GC-star,2,1,5,,,,220210_F2_run5,65,unstable,60
2,4.0,0.5,c-GC-star,2,1,5,,,,220210_F2_run5,65,unstable,62
4,,0.16666666666666666,c-GC-star,1,0,4,,,,220210_F2_run5,65,unstable,68
1,4.0,0.16666666666666666,c-GC-star,0,1,3,,,,220210_F2_run5,65,lost,72
2,,0.16666666666666666,c-GC-star,1,0,6,,,,220210_F2_run5,65,unstable,83
6,,0.16666666666666666,c-GC-star,1,0,2,,,,220210_F2_run5,65,unstable,101
1,2.0,0.5,c-GC-star,1,2,3,,,,220210_F2_run5,65,unstable,104
5,6.0,0.3333333333333333,c-GC-star,1,1,1,,,,220210_F2_run5,65,unstable,107
2,,0.16666666666666666,c-GC-star,1,0,6,,,,220210_F2_run5,65,unstable,124
5,6.0,0.3333333333333333,c-GC-star,1,1,1,,,,220210_F2_run5,65,unstable,125
2,3.0,0.6666666666666666,c-GC-star,2,2,2,,,,220210_F2_run5,65,unstable,127
5,,0.16666666666666666,c-GC-star,1,0,3,,,,220210_F2_run5,65,unstable,130
1,,0.0,c-GC-star,0,0,7,,,,220210_F2_run5,65,stable,133
4,,0.16666666666666666,c-GC-star,1,0,4,,,,220210_F2_run5,65,unstable,137
6,7.0,0.3333333333333333,c-GC-star,1,1,1,,,,220210_F2_run5,65,unstable,141
1,6.0,0.16666666666666666,c-GC-star,0,1,5,,,,220210_F2_run5,65,lost,153
2,5.0,0.3333333333333333,c-GC-star,1,1,3,,,,220210_F2_run5,65,unstable,164
2,6.0,0.3333333333333333,c-GC-star,1,1,4,,,,220210_F2_run5,66,unstable,8
4,6.0,0.3333333333333333,c-GC-star,1,1,2,,,,220210_F2_run5,66,unstable,9
3,4.0,0.3333333333333333,c-GC-star,1,1,1,,,,220210_F2_run5,66,unstable,23
4,5.0,0.3333333333333333,c-GC-star,1,1,1,,,,220210_F2_run5,66,unstable,46
1,2.0,0.5,c-GC-star,1,2,3,,,,220210_F2_run5,66,unstable,47
1,,0.0,c-GC-star,0,0,7,,,,220210_F2_run5,66,stable,50
1,,0.0,c-GC-star,0,0,7,,,,220210_F2_run5,66,stable,51
1,3.0,0.3333333333333333,c-GC-star,1,1,6,,,,220210_F2_run5,66,unstable,52
1,,0.0,c-GC-star,0,0,7,,,,220210_F2_run5,66,stable,56
1,,0.0,c-GC-star,0,0,7,,,,220210_F2_run5,66,stable,57
1,2.0,0.16666666666666666,c-GC-star,0,1,1,,,,220210_F2_run5,66,unstable,64
5,,0.16666666666666666,c-GC-star,1,0,3,,,,220210_F2_run5,66,unstable,65
1,,0.0,c-GC-star,0,0,7,,,,220210_F2_run5,66,stable,68
2,3.0,0.5,c-GC-star,2,1,5,,,,220210_F2_run5,66,unstable,70
1,,0.0,c-GC-star,0,0,7,,,,220210_F2_run5,66,stable,89
1,6.0,0.16666666666666666,c-GC-star,0,1,5,,,,220210_F2_run5,66,lost,91
1,2.0,0.16666666666666666,c-GC-star,0,1,1,,,,220210_F2_run5,66,unstable,108
1,,0.0,c-GC-star,0,0,7,,,,220210_F2_run5,66,stable,109
1,,0.0,c-GC-star,0,0,7,,,,220210_F2_run5,66,stable,147
1,,0.0,c-GC-star,0,0,7,,,,220210_F2_run5,66,stable,151
1,,0.0,c-GC-star,0,0,7,,,,220210_F2_run5,66,stable,152
4,,0.16666666666666666,c-GC-star,1,0,4,,,,220210_F2_run5,67,unstable,9
1,5.0,0.3333333333333333,c-GC-star,1,1,6,,,,220210_F2_run5,67,unstable,10
1,,0.0,c-GC-star,0,0,7,,,,220210_F2_run5,67,stable,13
1,2.0,0.16666666666666666,c-GC-star,0,1,1,,,,220210_F2_run5,67,unstable,14
4,,0.16666666666666666,c-GC-star,1,0,4,,,,220210_F2_run5,67,unstable,34
1,4.0,0.16666666666666666,c-GC-star,0,1,3,,,,220210_F2_run5,67,lost,35
1,,0.0,c-GC-star,0,0,7,,,,220210_F2_run5,67,stable,38
1,,0.0,c-GC-star,0,0,7,,,,220210_F2_run5,67,stable,39
1,,0.0,c-GC-star,0,0,7,,,,220210_F2_run5,67,stable,41
7,,0.16666666666666666,c-GC-star,1,0,1,,,,220210_F2_run5,67,novel,53
2,3.0,0.3333333333333333,c-GC-star,1,1,1,,,,220210_F2_run5,67,unstable,73
1,5.0,0.3333333333333333,c-GC-star,1,1,5,,,,220210_F2_run5,67,unstable,74
1,,0.0,c-GC-star,0,0,7,,,,220210_F2_run5,67,stable,86
1,2.0,0.5,c-GC-star,1,2,2,,,,220210_F2_run5,67,unstable,104
1,,0.0,c-GC-star,0,0,7,,,,220210_F2_run5,67,stable,144
4,6.0,0.5,c-GC-star,2,1,3,,,,220210_F2_run5,68,unstable,6
4,,0.16666666666666666,c-GC-star,1,0,4,,,,220210_F2_run5,68,unstable,7
1,2.0,0.16666666666666666,c-GC-star,0,1,1,,,,220210_F2_run5,68,unstable,22
2,3.0,0.3333333333333333,c-GC-star,1,1,1,,,,220210_F2_run5,68,unstable,30
1,,0.0,c-GC-star,0,0,7,,,,220210_F2_run5,68,stable,31
4,5.0,0.5,c-GC-star,2,1,3,,,,220210_F2_run5,68,unstable,45
6,7.0,0.3333333333333333,c-GC-star,1,1,1,,,,220210_F2_run5,68,unstable,49
3,,0.16666666666666666,c-GC-star,1,0,5,,,,220210_F2_run5,68,unstable,50
1,,0.0,c-GC-star,0,0,7,,,,220210_F2_run5,68,stable,52
1,,0.0,c-GC-star,0,0,7,,,,220210_F2_run5,68,stable,56
4,,0.16666666666666666,c-GC-star,1,0,4,,,,220210_F2_run5,68,unstable,58
4,5.0,0.5,c-GC-star,2,1,3,,,,220210_F2_run5,68,unstable,62
7,,0.16666666666666666,c-GC-star,1,0,1,,,,220210_F2_run5,68,novel,63
1,,0.0,c-GC-star,0,0,7,,,,220210_F2_run5,68,stable,66
2,3.0,0.5,c-GC-star,2,1,5,,,,220210_F2_run5,68,unstable,70
1,2.0,0.3333333333333333,c-GC-star,1,1,6,,,,220210_F2_run5,68,unstable,74
4,,0.16666666666666666,c-GC-star,1,0,4,,,,220210_F2_run5,68,unstable,75
1,,0.0,c-GC-star,0,0,7,,,,220210_F2_run5,68,stable,78
7,,0.16666666666666666,c-GC-star,1,0,1,,,,220210_F2_run5,68,novel,80
4,5.0,0.3333333333333333,c-GC-star,1,1,1,,,,220210_F2_run5,68,unstable,85
2,,0.16666666666666666,c-GC-star,1,0,6,,,,220210_F2_run5,68,unstable,87
7,,0.16666666666666666,c-GC-star,1,0,1,,,,220210_F2_run5,68,novel,95
3,,0.16666666666666666,c-GC-star,1,0,5,,,,220210_F2_run5,68,unstable,96
5,,0.16666666666666666,c-GC-star,1,0,3,,,,220210_F2_run5,68,unstable,102
2,6.0,0.3333333333333333,c-GC-star,1,1,4,,,,220210_F2_run5,68,unstable,105
1,2.0,0.16666666666666666,c-GC-star,0,1,1,,,,220210_F2_run5,68,unstable,108
1,,0.0,c-GC-star,0,0,7,,,,220210_F2_run5,68,stable,109
3,5.0,0.5,c-GC-star,2,1,4,,,,220210_F2_run5,68,unstable,114
6,,0.16666666666666666,c-GC-star,1,0,2,,,,220210_F2_run5,68,unstable,120
6,,0.16666666666666666,c-GC-star,1,0,2,,,,220210_F2_run5,68,unstable,125
4,5.0,0.5,c-GC-star,2,1,2,,,,220210_F2_run5,68,unstable,126
2,,0.16666666666666666,c-GC-star,1,0,6,,,,220210_F2_run5,68,unstable,127
1,2.0,0.3333333333333333,c-GC-star,1,1,5,,,,220210_F2_run5,68,unstable,128
3,,0.16666666666666666,c-GC-star,1,0,5,,,,220210_F2_run5,68,unstable,130
4,,0.16666666666666666,c-GC-star,1,0,4,,,,220210_F2_run5,68,unstable,131
2,,0.16666666666666666,c-GC-star,1,0,6,,,,220210_F2_run5,68,unstable,133
4,,0.16666666666666666,c-GC-star,1,0,4,,,,220210_F2_run5,68,unstable,134
1,3.0,0.5,c-GC-star,1,2,3,,,,220210_F2_run5,68,unstable,138
1,2.0,0.16666666666666666,c-GC-star,0,1,1,,,,220210_F2_run5,68,unstable,146
2,6.0,0.3333333333333333,c-GC-star,1,1,4,,,,220210_F2_run5,68,unstable,147
1,7.0,0.16666666666666666,c-GC-star,0,1,6,,,,220210_F2_run5,68,lost,151
2,3.0,0.6666666666666666,c-GC-star,2,2,2,,,,220210_F2_run5,68,unstable,155
1,3.0,0.5,c-GC-star,1,2,3,,,,220210_F2_run5,68,unstable,162
3,4.0,0.3333333333333333,c-GC-star,1,1,1,,,,220210_F2_run5,69,unstable,29
4,5.0,0.5,c-GC-star,2,1,2,,,,220210_F2_run5,69,unstable,45
1,2.0,0.16666666666666666,c-GC-star,0,1,1,,,,220210_F2_run5,69,unstable,46
5,6.0,0.3333333333333333,c-GC-star,1,1,1,,,,220210_F2_run5,69,unstable,60
1,2.0,0.16666666666666666,c-GC-star,0,1,1,,,,220210_F2_run5,69,unstable,70
5,,0.16666666666666666,c-GC-star,1,0,3,,,,220210_F2_run5,69,unstable,75
5,6.0,0.5,c-GC-star,2,1,2,,,,220210_F2_run5,69,unstable,134
7,,0.16666666666666666,c-GC-star,1,0,1,,,,220210_F2_run5,69,novel,149
2,3.0,0.5,c-GC-star,2,1,5,,,,220210_F2_run5,69,unstable,152
3,,0.16666666666666666,c-GC-star,1,0,5,,,,220210_F2_run5,70,unstable,6
1,2.0,0.16666666666666666,c-GC-star,0,1,1,,,,220210_F2_run5,70,unstable,55
1,5.0,0.3333333333333333,c-GC-star,1,1,6,,,,220210_F2_run5,70,unstable,56
1,,0.0,c-GC-star,0,0,7,,,,220210_F2_run5,70,stable,57
1,2.0,0.16666666666666666,c-GC-star,0,1,1,,,,220210_F2_run5,70,unstable,61
1,2.0,0.16666666666666666,c-GC-star,0,1,1,,,,220210_F2_run5,70,unstable,69
7,,0.16666666666666666,c-GC-star,1,0,1,,,,220210_F2_run5,70,novel,73
1,2.0,0.16666666666666666,c-GC-star,0,1,1,,,,220210_F2_run5,70,unstable,103
6,7.0,0.3333333333333333,c-GC-star,1,1,1,,,,220210_F2_run5,70,unstable,130
5,,0.16666666666666666,c-GC-star,1,0,3,,,,220210_F2_run5,70,unstable,132
7,,0.16666666666666666,c-GC-star,1,0,1,,,,220210_F2_run5,70,novel,133
7,,0.16666666666666666,c-GC-star,1,0,1,,,,220210_F2_run5,71,novel,83
1,3.0,0.16666666666666666,c-GC-star,0,1,2,,,,220210_F2_run5,71,lost,92
1,,0.0,c-GC-star,0,0,7,,,,220210_F2_run5,72,stable,44
1,3.0,0.16666666666666666,c-GC-star,0,1,2,,,,220210_F2_run5,72,lost,62
1,2.0,0.16666666666666666,c-GC-star,0,1,1,,,,220210_F2_run5,72,unstable,65
5,6.0,0.3333333333333333,c-GC-star,1,1,1,,,,220210_F2_run5,72,unstable,79
5,6.0,0.3333333333333333,c-GC-star,1,1,1,,,,220210_F2_run5,72,unstable,84
5,6.0,0.3333333333333333,c-GC-star,1,1,1,,,,220210_F2_run5,72,unstable,101
1,2.0,0.16666666666666666,c-GC-star,0,1,1,,,,220210_F2_run5,72,unstable,118
1,4.0,0.16666666666666666,c-GC-star,0,1,3,,,,220210_F2_run5,72,lost,151
1,5.0,0.16666666666666666,c-GC-star,0,1,4,,,,220210_F2_run5,72,lost,152
2,,0.16666666666666666,c-GC-star,1,0,6,,,,220210_F2_run5,73,unstable,0
2,4.0,0.3333333333333333,c-GC-star,1,1,2,,,,220210_F2_run5,73,unstable,1
2,,0.16666666666666666,c-GC-star,1,0,6,,,,220210_F2_run5,73,unstable,3
1,,0.0,c-GC-star,0,0,7,,,,220210_F2_run5,73,stable,5
3,,0.16666666666666666,c-GC-star,1,0,5,,,,220210_F2_run5,73,unstable,7
1,,0.0,c-GC-star,0,0,7,,,,220210_F2_run5,73,stable,9
1,,0.0,c-GC-star,0,0,7,,,,220210_F2_run5,73,stable,10
1,,0.0,c-GC-star,0,0,7,,,,220210_F2_run5,73,stable,13
2,,0.16666666666666666,c-GC-star,1,0,6,,,,220210_F2_run5,73,unstable,14
2,,0.16666666666666666,c-GC-star,1,0,6,,,,220210_F2_run5,73,unstable,15
1,,0.0,c-GC-star,0,0,7,,,,220210_F2_run5,73,stable,18
4,5.0,0.5,c-GC-star,2,1,3,,,,220210_F2_run5,73,unstable,22
2,3.0,0.6666666666666666,c-GC-star,2,2,2,,,,220210_F2_run5,73,unstable,23
1,,0.0,c-GC-star,0,0,7,,,,220210_F2_run5,73,stable,24
1,3.0,0.16666666666666666,c-GC-star,0,1,2,,,,220210_F2_run5,73,lost,27
3,7.0,0.3333333333333333,c-GC-star,1,1,4,,,,220210_F2_run5,73,unstable,28
6,7.0,0.3333333333333333,c-GC-star,1,1,1,,,,220210_F2_run5,73,unstable,34
3,,0.16666666666666666,c-GC-star,1,0,5,,,,220210_F2_run5,73,unstable,35
2,,0.16666666666666666,c-GC-star,1,0,6,,,,220210_F2_run5,73,unstable,38
1,,0.0,c-GC-star,0,0,7,,,,220210_F2_run5,73,stable,39
1,,0.0,c-GC-star,0,0,7,,,,220210_F2_run5,73,stable,41
2,,0.16666666666666666,c-GC-star,1,0,6,,,,220210_F2_run5,73,unstable,42
1,,0.0,c-GC-star,0,0,7,,,,220210_F2_run5,73,stable,44
1,4.0,0.3333333333333333,c-GC-star,1,1,4,,,,220210_F2_run5,73,unstable,45
6,7.0,0.3333333333333333,c-GC-star,1,1,1,,,,220210_F2_run5,73,unstable,64
5,,0.16666666666666666,c-GC-star,1,0,3,,,,220210_F2_run5,73,unstable,65
5,,0.16666666666666666,c-GC-star,1,0,3,,,,220210_F2_run5,73,unstable,66
2,,0.16666666666666666,c-GC-star,1,0,6,,,,220210_F2_run5,73,unstable,67
2,,0.16666666666666666,c-GC-star,1,0,6,,,,220210_F2_run5,73,unstable,68
1,,0.0,c-GC-star,0,0,7,,,,220210_F2_run5,73,stable,74
1,,0.0,c-GC-star,0,0,7,,,,220210_F2_run5,73,stable,86
1,,0.0,c-GC-star,0,0,7,,,,220210_F2_run5,73,stable,87
1,,0.0,c-GC-star,0,0,7,,,,220210_F2_run5,73,stable,94
1,,0.0,c-GC-star,0,0,7,,,,220210_F2_run5,73,stable,95
1,3.0,0.6666666666666666,c-GC-star,2,2,4,,,,220210_F2_run5,73,unstable,97
1,2.0,0.16666666666666666,c-GC-star,0,1,1,,,,220210_F2_run5,73,unstable,103
1,2.0,0.16666666666666666,c-GC-star,0,1,1,,,,220210_F2_run5,73,unstable,105
3,6.0,0.3333333333333333,c-GC-star,1,1,3,,,,220210_F2_run5,73,unstable,107
3,,0.16666666666666666,c-GC-star,1,0,5,,,,220210_F2_run5,73,unstable,109
2,4.0,0.5,c-GC-star,2,1,5,,,,220210_F2_run5,73,unstable,111
1,2.0,0.5,c-GC-star,1,2,2,,,,220210_F2_run5,73,unstable,117
5,6.0,0.3333333333333333,c-GC-star,1,1,1,,,,220210_F2_run5,73,unstable,128
5,6.0,0.3333333333333333,c-GC-star,1,1,1,,,,220210_F2_run5,73,unstable,141
3,4.0,0.6666666666666666,c-GC-star,2,2,2,,,,220210_F2_run5,73,unstable,143
3,,0.16666666666666666,c-GC-star,1,0,5,,,,220210_F2_run5,73,unstable,157
1,,0.0,c-GC-star,0,0,7,,,,220210_F2_run5,74,stable,0
1,2.0,0.3333333333333333,c-GC-star,1,1,5,,,,220210_F2_run5,74,unstable,1
1,,0.0,c-GC-star,0,0,7,,,,220210_F2_run5,74,stable,5
1,,0.0,c-GC-star,0,0,7,,,,220210_F2_run5,74,stable,6
3,,0.16666666666666666,c-GC-star,1,0,5,,,,220210_F2_run5,74,unstable,7
1,,0.0,c-GC-star,0,0,7,,,,220210_F2_run5,74,stable,9
1,,0.0,c-GC-star,0,0,7,,,,220210_F2_run5,74,stable,10
1,,0.0,c-GC-star,0,0,7,,,,220210_F2_run5,74,stable,13
1,,0.0,c-GC-star,0,0,7,,,,220210_F2_run5,74,stable,14
2,,0.16666666666666666,c-GC-star,1,0,6,,,,220210_F2_run5,74,unstable,15
1,,0.0,c-GC-star,0,0,7,,,,220210_F2_run5,74,stable,18
4,5.0,0.3333333333333333,c-GC-star,1,1,1,,,,220210_F2_run5,74,unstable,20
1,2.0,0.16666666666666666,c-GC-star,0,1,1,,,,220210_F2_run5,74,unstable,24
4,5.0,0.5,c-GC-star,2,1,3,,,,220210_F2_run5,74,unstable,27
1,2.0,0.6666666666666666,c-GC-star,2,2,5,,,,220210_F2_run5,74,unstable,28
4,5.0,0.3333333333333333,c-GC-star,1,1,1,,,,220210_F2_run5,74,unstable,33
1,,0.0,c-GC-star,0,0,7,,,,220210_F2_run5,74,stable,34
1,2.0,0.3333333333333333,c-GC-star,1,1,5,,,,220210_F2_run5,74,unstable,35
1,,0.0,c-GC-star,0,0,7,,,,220210_F2_run5,74,stable,38
1,,0.0,c-GC-star,0,0,7,,,,220210_F2_run5,74,stable,39
1,,0.0,c-GC-star,0,0,7,,,,220210_F2_run5,74,stable,41
1,,0.0,c-GC-star,0,0,7,,,,220210_F2_run5,74,stable,42
4,,0.16666666666666666,c-GC-star,1,0,4,,,,220210_F2_run5,74,unstable,45
1,7.0,0.16666666666666666,c-GC-star,0,1,6,,,,220210_F2_run5,74,lost,51
1,,0.0,c-GC-star,0,0,7,,,,220210_F2_run5,74,stable,52
6,7.0,0.3333333333333333,c-GC-star,1,1,1,,,,220210_F2_run5,74,unstable,53
1,2.0,0.5,c-GC-star,1,2,3,,,,220210_F2_run5,74,unstable,56
1,2.0,0.3333333333333333,c-GC-star,1,1,4,,,,220210_F2_run5,74,unstable,57
1,,0.0,c-GC-star,0,0,7,,,,220210_F2_run5,74,stable,66
1,,0.0,c-GC-star,0,0,7,,,,220210_F2_run5,74,stable,67
1,,0.0,c-GC-star,0,0,7,,,,220210_F2_run5,74,stable,68
1,2.0,0.3333333333333333,c-GC-star,1,1,4,,,,220210_F2_run5,74,unstable,70
1,,0.0,c-GC-star,0,0,7,,,,220210_F2_run5,74,stable,73
5,,0.16666666666666666,c-GC-star,1,0,3,,,,220210_F2_run5,74,unstable,75
3,7.0,0.3333333333333333,c-GC-star,1,1,4,,,,220210_F2_run5,74,unstable,76
6,,0.16666666666666666,c-GC-star,1,0,2,,,,220210_F2_run5,74,unstable,78
4,7.0,0.3333333333333333,c-GC-star,1,1,3,,,,220210_F2_run5,74,unstable,79
1,2.0,0.5,c-GC-star,1,2,4,,,,220210_F2_run5,74,unstable,86
1,,0.0,c-GC-star,0,0,7,,,,220210_F2_run5,74,stable,87
7,,0.16666666666666666,c-GC-star,1,0,1,,,,220210_F2_run5,74,novel,89
3,,0.16666666666666666,c-GC-star,1,0,5,,,,220210_F2_run5,74,unstable,91
1,,0.0,c-GC-star,0,0,7,,,,220210_F2_run5,74,stable,94
3,4.0,0.3333333333333333,c-GC-star,1,1,1,,,,220210_F2_run5,74,unstable,95
7,,0.16666666666666666,c-GC-star,1,0,1,,,,220210_F2_run5,74,novel,97
1,2.0,0.6666666666666666,c-GC-star,2,2,4,,,,220210_F2_run5,74,unstable,102
1,,0.0,c-GC-star,0,0,7,,,,220210_F2_run5,74,stable,105
3,4.0,0.6666666666666666,c-GC-star,2,2,2,,,,220210_F2_run5,74,unstable,107
1,,0.0,c-GC-star,0,0,7,,,,220210_F2_run5,74,stable,109
4,7.0,0.3333333333333333,c-GC-star,1,1,3,,,,220210_F2_run5,74,unstable,111
1,2.0,0.3333333333333333,c-GC-star,1,1,4,,,,220210_F2_run5,74,unstable,119
2,3.0,0.6666666666666666,c-GC-star,2,2,4,,,,220210_F2_run5,74,unstable,127
3,5.0,0.5,c-GC-star,2,1,4,,,,220210_F2_run5,74,unstable,128
2,4.0,0.5,c-GC-star,2,1,5,,,,220210_F2_run5,74,unstable,129
1,,0.0,c-GC-star,0,0,7,,,,220210_F2_run5,74,stable,130
4,,0.16666666666666666,c-GC-star,1,0,4,,,,220210_F2_run5,74,unstable,133
3,7.0,0.3333333333333333,c-GC-star,1,1,4,,,,220210_F2_run5,74,unstable,144
1,,0.0,c-GC-star,0,0,7,,,,220210_F2_run5,74,stable,151
1,2.0,0.16666666666666666,c-GC-star,0,1,1,,,,220210_F2_run5,74,unstable,155
1,,0.0,c-GC-star,0,0,7,,,,220210_F2_run5,75,stable,8
1,2.0,0.3333333333333333,c-GC-star,1,1,2,,,,220210_F2_run5,75,unstable,37
3,4.0,0.3333333333333333,c-GC-star,1,1,1,,,,220210_F2_run5,75,unstable,47
5,,0.16666666666666666,c-GC-star,1,0,3,,,,220210_F2_run5,75,unstable,56
1,4.0,0.3333333333333333,c-GC-star,1,1,6,,,,220210_F2_run5,75,unstable,57
1,2.0,0.5,c-GC-star,1,2,5,,,,220210_F2_run5,75,unstable,70
2,3.0,0.3333333333333333,c-GC-star,1,1,1,,,,220210_F2_run5,75,unstable,87
1,,0.0,c-GC-star,0,0,7,,,,220210_F2_run5,75,stable,89
1,,0.0,c-GC-star,0,0,7,,,,220210_F2_run5,75,stable,91
3,4.0,0.6666666666666666,c-GC-star,2,2,2,,,,220210_F2_run5,75,unstable,102
7,,0.16666666666666666,c-GC-star,1,0,1,,,,220210_F2_run5,75,novel,108
1,2.0,0.3333333333333333,c-GC-star,1,1,6,,,,220210_F2_run5,75,unstable,114
1,2.0,0.16666666666666666,c-GC-star,0,1,1,,,,220210_F2_run5,75,unstable,126
6,,0.16666666666666666,c-GC-star,1,0,2,,,,220210_F2_run5,75,unstable,131
1,7.0,0.16666666666666666,c-GC-star,0,1,6,,,,220210_F2_run5,75,lost,147
6,,0.16666666666666666,c-GC-star,1,0,2,,,,220210_F2_run5,76,unstable,12
4,5.0,0.3333333333333333,c-GC-star,1,1,1,,,,220210_F2_run5,76,unstable,65
5,,0.16666666666666666,c-GC-star,1,0,3,,,,220210_F2_run5,76,unstable,90
1,2.0,0.16666666666666666,c-GC-star,0,1,1,,,,220210_F2_run5,76,unstable,112
7,,0.16666666666666666,c-GC-star,1,0,1,,,,220210_F2_run5,76,novel,135
1,,0.0,c-GC-star,0,0,7,,,,220210_F2_run5,76,stable,142
4,6.0,0.5,c-GC-star,2,1,3,,,,220210_F2_run5,76,unstable,143
1,2.0,0.16666666666666666,c-GC-star,0,1,1,,,,220210_F2_run5,77,unstable,19
7,,0.16666666666666666,c-GC-star,1,0,1,,,,220210_F2_run5,77,novel,107
7,,0.16666666666666666,c-GC-star,1,0,1,,,,220210_F2_run5,77,novel,124
2,4.0,0.3333333333333333,c-GC-star,1,1,2,,,,220210_F2_run5,78,unstable,10
7,,0.16666666666666666,c-GC-star,1,0,1,,,,220210_F2_run5,78,novel,42
2,3.0,0.3333333333333333,c-GC-star,1,1,1,,,,220210_F2_run5,78,unstable,45
2,5.0,0.5,c-GC-star,2,1,5,,,,220210_F2_run5,78,unstable,57
1,3.0,0.5,c-GC-star,1,2,4,,,,220210_F2_run5,78,unstable,115
1,2.0,0.16666666666666666,c-GC-star,0,1,1,,,,220210_F2_run5,78,unstable,127
1,,0.0,c-GC-star,0,0,7,,,,220210_F2_run5,78,stable,135
2,3.0,0.5,c-GC-star,2,1,2,,,,220210_F2_run5,79,unstable,25
1,2.0,0.16666666666666666,c-GC-star,0,1,1,,,,220210_F2_run5,79,unstable,101
6,7.0,0.3333333333333333,c-GC-star,1,1,1,,,,220210_F2_run5,79,unstable,153
1,2.0,0.16666666666666666,c-GC-star,0,1,1,,,,220210_F2_run5,79,unstable,157
2,,0.16666666666666666,c-GC-star,1,0,6,,,,220210_F2_run5,80,unstable,39
2,,0.16666666666666666,c-GC-star,1,0,6,,,,220210_F2_run5,80,unstable,51
2,3.0,0.3333333333333333,c-GC-star,1,1,1,,,,220210_F2_run5,80,unstable,62
1,2.0,0.5,c-GC-star,1,2,2,,,,220210_F2_run5,80,unstable,74
2,3.0,0.3333333333333333,c-GC-star,1,1,1,,,,220210_F2_run5,80,unstable,85
2,,0.16666666666666666,c-GC-star,1,0,6,,,,220210_F2_run5,80,unstable,87
1,2.0,0.16666666666666666,c-GC-star,0,1,1,,,,220210_F2_run5,80,unstable,89
1,,0.0,c-GC-star,0,0,7,,,,220210_F2_run5,80,stable,94
5,6.0,0.5,c-GC-star,2,1,2,,,,220210_F2_run5,80,unstable,109
1,2.0,0.16666666666666666,c-GC-star,0,1,1,,,,220210_F2_run5,80,unstable,115
1,2.0,0.16666666666666666,c-GC-star,0,1,1,,,,220210_F2_run5,80,unstable,129
2,3.0,0.3333333333333333,c-GC-star,1,1,1,,,,220210_F2_run5,80,unstable,130
2,4.0,0.3333333333333333,c-GC-star,1,1,2,,,,220210_F2_run5,80,unstable,164
1,2.0,0.16666666666666666,c-GC-star,0,1,1,,,,220210_F2_run5,81,unstable,26
7,,0.16666666666666666,c-GC-star,1,0,1,,,,220210_F2_run5,81,novel,37
4,5.0,0.3333333333333333,c-GC-star,1,1,1,,,,220210_F2_run5,81,unstable,50
1,2.0,0.16666666666666666,c-GC-star,0,1,1,,,,220210_F2_run5,82,unstable,22
1,5.0,0.3333333333333333,c-GC-star,1,1,6,,,,220210_F2_run5,82,unstable,93
1,2.0,0.16666666666666666,c-GC-star,0,1,1,,,,220210_F2_run5,82,unstable,100
1,2.0,0.16666666666666666,c-GC-star,0,1,1,,,,220210_F2_run5,82,unstable,106
1,2.0,0.5,c-GC-star,1,2,2,,,,220210_F2_run5,82,unstable,110
2,3.0,0.3333333333333333,c-GC-star,1,1,1,,,,220210_F2_run5,82,unstable,126
1,,0.0,c-GC-star,0,0,7,,,,220210_F2_run5,82,stable,138
1,2.0,0.16666666666666666,c-GC-star,0,1,1,,,,220210_F2_run5,82,unstable,141
1,2.0,0.16666666666666666,c-GC-star,0,1,1,,,,220210_F2_run5,82,unstable,143
1,3.0,0.16666666666666666,c-GC-star,0,1,2,,,,220210_F2_run5,82,lost,146
7,,0.16666666666666666,c-GC-star,1,0,1,,,,220210_F2_run5,83,novel,124
2,3.0,0.3333333333333333,c-GC-star,1,1,1,,,,220210_F2_run5,83,unstable,125
1,2.0,0.16666666666666666,c-GC-star,0,1,1,,,,220210_F2_run5,84,unstable,22
1,2.0,0.16666666666666666,c-GC-star,0,1,1,,,,220210_F2_run5,84,unstable,82
1,2.0,0.16666666666666666,c-GC-star,0,1,1,,,,220210_F2_run5,84,unstable,99
1,2.0,0.16666666666666666,c-GC-star,0,1,1,,,,220210_F2_run5,85,unstable,7
6,,0.16666666666666666,c-GC-star,1,0,2,,,,220210_F2_run5,85,unstable,12
2,3.0,0.3333333333333333,c-GC-star,1,1,1,,,,220210_F2_run5,85,unstable,26
1,3.0,0.16666666666666666,c-GC-star,0,1,2,,,,220210_F2_run5,85,lost,41
1,2.0,0.16666666666666666,c-GC-star,0,1,1,,,,220210_F2_run5,85,unstable,46
1,2.0,0.16666666666666666,c-GC-star,0,1,1,,,,220210_F2_run5,85,unstable,49
1,2.0,0.16666666666666666,c-GC-star,0,1,1,,,,220210_F2_run5,85,unstable,50
1,3.0,0.16666666666666666,c-GC-star,0,1,2,,,,220210_F2_run5,85,lost,51
1,2.0,0.16666666666666666,c-GC-star,0,1,1,,,,220210_F2_run5,85,unstable,56
1,2.0,0.16666666666666666,c-GC-star,0,1,1,,,,220210_F2_run5,85,unstable,59
1,2.0,0.3333333333333333,c-GC-star,1,1,2,,,,220210_F2_run5,85,unstable,60
1,3.0,0.3333333333333333,c-GC-star,1,1,3,,,,220210_F2_run5,85,unstable,62
1,3.0,0.16666666666666666,c-GC-star,0,1,2,,,,220210_F2_run5,85,lost,64
1,3.0,0.16666666666666666,c-GC-star,0,1,2,,,,220210_F2_run5,85,lost,70
1,2.0,0.16666666666666666,c-GC-star,0,1,1,,,,220210_F2_run5,85,unstable,73
1,2.0,0.16666666666666666,c-GC-star,0,1,1,,,,220210_F2_run5,85,unstable,89
1,,0.0,c-GC-star,0,0,7,,,,220210_F2_run5,85,stable,95
1,3.0,0.16666666666666666,c-GC-star,0,1,2,,,,220210_F2_run5,85,lost,102
1,4.0,0.5,c-GC-star,1,2,4,,,,220210_F2_run5,85,unstable,103
1,2.0,0.16666666666666666,c-GC-star,0,1,1,,,,220210_F2_run5,85,unstable,107
1,2.0,0.16666666666666666,c-GC-star,0,1,1,,,,220210_F2_run5,85,unstable,114
1,3.0,0.16666666666666666,c-GC-star,0,1,2,,,,220210_F2_run5,85,lost,118
1,2.0,0.16666666666666666,c-GC-star,0,1,1,,,,220210_F2_run5,85,unstable,119
1,2.0,0.16666666666666666,c-GC-star,0,1,1,,,,220210_F2_run5,85,unstable,120
1,,0.0,c-GC-star,0,0,7,,,,220210_F2_run5,85,stable,124
1,,0.0,c-GC-star,0,0,7,,,,220210_F2_run5,85,stable,125
1,,0.0,c-GC-star,0,0,7,,,,220210_F2_run5,85,stable,126
1,2.0,0.16666666666666666,c-GC-star,0,1,1,,,,220210_F2_run5,85,unstable,127
1,4.0,0.16666666666666666,c-GC-star,0,1,3,,,,220210_F2_run5,85,lost,131
1,5.0,0.16666666666666666,c-GC-star,0,1,4,,,,220210_F2_run5,85,lost,132
1,2.0,0.16666666666666666,c-GC-star,0,1,1,,,,220210_F2_run5,85,unstable,133
1,4.0,0.16666666666666666,c-GC-star,0,1,3,,,,220210_F2_run5,85,lost,134
1,2.0,0.16666666666666666,c-GC-star,0,1,1,,,,220210_F2_run5,85,unstable,135
1,2.0,0.16666666666666666,c-GC-star,0,1,1,,,,220210_F2_run5,85,unstable,136
1,2.0,0.16666666666666666,c-GC-star,0,1,1,,,,220210_F2_run5,85,unstable,140
1,2.0,0.16666666666666666,c-GC-star,0,1,1,,,,220210_F2_run5,85,unstable,160
1,,0.0,c-GC-star,0,0,7,,,,220210_F2_run5,85,stable,164
1,2.0,0.16666666666666666,c-GC-star,0,1,1,,,,220210_F2_run5,86,unstable,1
3,5.0,0.5,c-GC-star,2,1,4,,,,220210_F2_run5,86,unstable,3
2,,0.16666666666666666,c-GC-star,1,0,6,,,,220210_F2_run5,86,unstable,5
5,,0.16666666666666666,c-GC-star,1,0,3,,,,220210_F2_run5,86,unstable,7
2,,0.16666666666666666,c-GC-star,1,0,6,,,,220210_F2_run5,86,unstable,9
2,,0.16666666666666666,c-GC-star,1,0,6,,,,220210_F2_run5,86,unstable,10
3,,0.16666666666666666,c-GC-star,1,0,5,,,,220210_F2_run5,86,unstable,11
1,,0.0,c-GC-star,0,0,7,,,,220210_F2_run5,86,stable,13
2,3.0,0.3333333333333333,c-GC-star,1,1,1,,,,220210_F2_run5,86,unstable,23
3,5.0,0.6666666666666666,c-GC-star,2,2,3,,,,220210_F2_run5,86,unstable,24
1,2.0,0.16666666666666666,c-GC-star,0,1,1,,,,220210_F2_run5,86,unstable,26
4,6.0,0.5,c-GC-star,2,1,3,,,,220210_F2_run5,86,unstable,29
2,,0.16666666666666666,c-GC-star,1,0,6,,,,220210_F2_run5,86,unstable,38
2,4.0,0.5,c-GC-star,2,1,4,,,,220210_F2_run5,86,unstable,39
2,,0.16666666666666666,c-GC-star,1,0,6,,,,220210_F2_run5,86,unstable,41
2,,0.16666666666666666,c-GC-star,1,0,6,,,,220210_F2_run5,86,unstable,42
2,3.0,0.5,c-GC-star,2,1,4,,,,220210_F2_run5,86,unstable,44
2,,0.16666666666666666,c-GC-star,1,0,6,,,,220210_F2_run5,86,unstable,67
3,6.0,0.5,c-GC-star,2,1,4,,,,220210_F2_run5,86,unstable,73
2,,0.16666666666666666,c-GC-star,1,0,6,,,,220210_F2_run5,86,unstable,74
2,3.0,0.8333333333333334,c-GC-star,3,2,3,,,,220210_F2_run5,86,unstable,95
1,,0.0,c-GC-star,0,0,7,,,,220210_F2_run5,86,stable,104
2,5.0,0.3333333333333333,c-GC-star,1,1,3,,,,220210_F2_run5,86,unstable,128
2,3.0,0.3333333333333333,c-GC-star,1,1,1,,,,220210_F2_run5,86,unstable,130
1,,0.0,c-GC-star,0,0,7,,,,220210_F2_run5,86,stable,144
2,4.0,0.3333333333333333,c-GC-star,1,1,2,,,,220210_F2_run5,86,unstable,157
1,2.0,0.16666666666666666,c-GC-star,0,1,1,,,,220210_F2_run5,87,unstable,10
1,2.0,0.3333333333333333,c-GC-star,1,1,2,,,,220210_F2_run5,87,unstable,11
2,,0.16666666666666666,c-GC-star,1,0,6,,,,220210_F2_run5,87,unstable,24
1,3.0,0.16666666666666666,c-GC-star,0,1,2,,,,220210_F2_run5,87,lost,33
1,2.0,0.16666666666666666,c-GC-star,0,1,1,,,,220210_F2_run5,87,unstable,68
1,2.0,0.16666666666666666,c-GC-star,0,1,1,,,,220210_F2_run5,87,unstable,96
1,2.0,0.16666666666666666,c-GC-star,0,1,1,,,,220210_F2_run5,87,unstable,107
1,2.0,0.16666666666666666,c-GC-star,0,1,1,,,,220210_F2_run5,87,unstable,108
1,,0.0,c-GC-star,0,0,7,,,,220210_F2_run5,87,stable,109
1,3.0,0.5,c-GC-star,1,2,3,,,,220210_F2_run5,87,unstable,117
2,,0.16666666666666666,c-GC-star,1,0,6,,,,220210_F2_run5,88,unstable,8
1,3.0,0.16666666666666666,c-GC-star,0,1,2,,,,220210_F2_run5,88,lost,20
1,5.0,0.5,c-GC-star,1,2,5,,,,220210_F2_run5,88,unstable,37
5,6.0,0.3333333333333333,c-GC-star,1,1,1,,,,220210_F2_run5,88,unstable,40
1,2.0,0.16666666666666666,c-GC-star,0,1,1,,,,220210_F2_run5,88,unstable,44
1,,0.0,c-GC-star,0,0,7,,,,220210_F2_run5,88,stable,45
1,,0.0,c-GC-star,0,0,7,,,,220210_F2_run5,88,stable,48
1,2.0,0.16666666666666666,c-GC-star,0,1,1,,,,220210_F2_run5,88,unstable,50
1,3.0,0.16666666666666666,c-GC-star,0,1,2,,,,220210_F2_run5,88,lost,51
3,5.0,0.5,c-GC-star,2,1,4,,,,220210_F2_run5,88,unstable,57
2,3.0,0.5,c-GC-star,2,1,5,,,,220210_F2_run5,88,unstable,58
1,6.0,0.3333333333333333,c-GC-star,1,1,6,,,,220210_F2_run5,88,unstable,59
1,2.0,0.16666666666666666,c-GC-star,0,1,1,,,,220210_F2_run5,88,unstable,61
1,7.0,0.16666666666666666,c-GC-star,0,1,6,,,,220210_F2_run5,88,lost,62
1,,0.0,c-GC-star,0,0,7,,,,220210_F2_run5,88,stable,65
1,,0.0,c-GC-star,0,0,7,,,,220210_F2_run5,88,stable,75
1,6.0,0.3333333333333333,c-GC-star,1,1,6,,,,220210_F2_run5,88,unstable,78
1,,0.0,c-GC-star,0,0,7,,,,220210_F2_run5,88,stable,80
1,,0.0,c-GC-star,0,0,7,,,,220210_F2_run5,88,stable,85
1,2.0,0.16666666666666666,c-GC-star,0,1,1,,,,220210_F2_run5,88,unstable,89
7,,0.16666666666666666,c-GC-star,1,0,1,,,,220210_F2_run5,88,novel,91
1,2.0,0.16666666666666666,c-GC-star,0,1,1,,,,220210_F2_run5,88,unstable,93
1,2.0,0.16666666666666666,c-GC-star,0,1,1,,,,220210_F2_run5,88,unstable,95
1,6.0,0.3333333333333333,c-GC-star,1,1,6,,,,220210_F2_run5,88,unstable,102
1,2.0,0.16666666666666666,c-GC-star,0,1,1,,,,220210_F2_run5,88,unstable,108
1,4.0,0.3333333333333333,c-GC-star,1,1,6,,,,220210_F2_run5,88,unstable,110
1,3.0,0.16666666666666666,c-GC-star,0,1,2,,,,220210_F2_run5,88,lost,111
1,3.0,0.16666666666666666,c-GC-star,0,1,2,,,,220210_F2_run5,88,lost,113
1,2.0,0.5,c-GC-star,1,2,2,,,,220210_F2_run5,88,unstable,114
1,,0.0,c-GC-star,0,0,7,,,,220210_F2_run5,88,stable,116
1,5.0,0.16666666666666666,c-GC-star,0,1,4,,,,220210_F2_run5,88,lost,117
2,3.0,0.5,c-GC-star,2,1,4,,,,220210_F2_run5,88,unstable,118
2,3.0,0.3333333333333333,c-GC-star,1,1,1,,,,220210_F2_run5,88,unstable,119
1,3.0,0.3333333333333333,c-GC-star,1,1,6,,,,220210_F2_run5,88,unstable,120
1,2.0,0.16666666666666666,c-GC-star,0,1,1,,,,220210_F2_run5,88,unstable,124
1,,0.0,c-GC-star,0,0,7,,,,220210_F2_run5,88,stable,125
1,,0.0,c-GC-star,0,0,7,,,,220210_F2_run5,88,stable,127
1,3.0,0.3333333333333333,c-GC-star,1,1,6,,,,220210_F2_run5,88,unstable,130
1,3.0,0.16666666666666666,c-GC-star,0,1,2,,,,220210_F2_run5,88,lost,133
1,,0.0,c-GC-star,0,0,7,,,,220210_F2_run5,88,stable,134
2,6.0,0.5,c-GC-star,2,1,5,,,,220210_F2_run5,88,unstable,135
1,2.0,0.16666666666666666,c-GC-star,0,1,1,,,,220210_F2_run5,88,unstable,136
1,4.0,0.3333333333333333,c-GC-star,1,1,4,,,,220210_F2_run5,88,unstable,138
1,4.0,0.16666666666666666,c-GC-star,0,1,3,,,,220210_F2_run5,88,lost,140
1,,0.0,c-GC-star,0,0,7,,,,220210_F2_run5,88,stable,147
1,,0.0,c-GC-star,0,0,7,,,,220210_F2_run5,88,stable,154
1,2.0,0.16666666666666666,c-GC-star,0,1,1,,,,220210_F2_run5,88,unstable,155
2,7.0,0.3333333333333333,c-GC-star,1,1,5,,,,220210_F2_run5,88,unstable,156
1,,0.0,c-GC-star,0,0,7,,,,220210_F2_run5,88,stable,160
1,5.0,0.16666666666666666,c-GC-star,0,1,4,,,,220210_F2_run5,88,lost,164
1,4.0,0.3333333333333333,c-GC-star,1,1,6,,,,220210_F2_run5,89,unstable,8
6,7.0,0.3333333333333333,c-GC-star,1,1,1,,,,220210_F2_run5,89,unstable,47
1,,0.0,c-GC-star,0,0,7,,,,220210_F2_run5,89,stable,56
1,,0.0,c-GC-star,0,0,7,,,,220210_F2_run5,89,stable,57
1,,0.0,c-GC-star,0,0,7,,,,220210_F2_run5,89,stable,70
1,,0.0,c-GC-star,0,0,7,,,,220210_F2_run5,89,stable,75
2,5.0,0.3333333333333333,c-GC-star,1,1,3,,,,220210_F2_run5,89,unstable,102
1,,0.0,c-GC-star,0,0,7,,,,220210_F2_run5,89,stable,114
1,3.0,0.5,c-GC-star,1,2,3,,,,220210_F2_run5,89,unstable,127
7,,0.16666666666666666,c-GC-star,1,0,1,,,,220210_F2_run5,89,novel,129
1,3.0,0.5,c-GC-star,1,2,4,,,,220210_F2_run5,89,unstable,147
7,,0.16666666666666666,c-GC-star,1,0,1,,,,220210_F2_run5,90,novel,25
5,6.0,0.3333333333333333,c-GC-star,1,1,1,,,,220210_F2_run5,90,unstable,59
6,7.0,0.3333333333333333,c-GC-star,1,1,1,,,,220210_F2_run5,90,unstable,65
1,6.0,0.16666666666666666,c-GC-star,0,1,5,,,,220210_F2_run5,90,lost,112
3,5.0,0.3333333333333333,c-GC-star,1,1,2,,,,220210_F2_run5,91,unstable,6
6,7.0,0.3333333333333333,c-GC-star,1,1,1,,,,220210_F2_run5,91,unstable,10
1,2.0,0.16666666666666666,c-GC-star,0,1,1,,,,220210_F2_run5,91,unstable,44
2,5.0,0.5,c-GC-star,2,1,5,,,,220210_F2_run5,91,unstable,53
1,,0.0,c-GC-star,0,0,7,,,,220210_F2_run5,91,stable,57
7,,0.16666666666666666,c-GC-star,1,0,1,,,,220210_F2_run5,91,novel,70
1,2.0,0.16666666666666666,c-GC-star,0,1,1,,,,220210_F2_run5,91,unstable,74
1,,0.0,c-GC-star,0,0,7,,,,220210_F2_run5,91,stable,89
1,2.0,0.6666666666666666,c-GC-star,2,2,3,,,,220210_F2_run5,91,unstable,104
7,,0.16666666666666666,c-GC-star,1,0,1,,,,220210_F2_run5,91,novel,108
1,4.0,0.3333333333333333,c-GC-star,1,1,6,,,,220210_F2_run5,91,unstable,130
6,,0.16666666666666666,c-GC-star,1,0,2,,,,220210_F2_run5,92,unstable,16
6,,0.16666666666666666,c-GC-star,1,0,2,,,,220210_F2_run5,92,unstable,26
1,2.0,0.16666666666666666,c-GC-star,0,1,1,,,,220210_F2_run5,92,unstable,36
1,5.0,0.16666666666666666,c-GC-star,0,1,4,,,,220210_F2_run5,92,lost,44
2,3.0,0.3333333333333333,c-GC-star,1,1,1,,,,220210_F2_run5,92,unstable,62
7,,0.16666666666666666,c-GC-star,1,0,1,,,,220210_F2_run5,92,novel,139
3,,0.16666666666666666,c-GC-star,1,0,5,,,,220210_F2_run5,92,unstable,144
7,,0.16666666666666666,c-GC-star,1,0,1,,,,220210_F2_run5,92,novel,152
7,,0.16666666666666666,c-GC-star,1,0,1,,,,220210_F2_run5,93,novel,28
5,6.0,0.3333333333333333,c-GC-star,1,1,1,,,,220210_F2_run5,93,unstable,106
1,3.0,0.3333333333333333,c-GC-star,1,1,4,,,,220210_F2_run5,93,unstable,112
1,4.0,0.5,c-GC-star,1,2,4,,,,220210_F2_run5,93,unstable,116
2,3.0,0.6666666666666666,c-GC-star,2,2,3,,,,220210_F2_run5,93,unstable,136
6,7.0,0.3333333333333333,c-GC-star,1,1,1,,,,220210_F2_run5,93,unstable,164
3,6.0,0.3333333333333333,c-GC-star,1,1,3,,,,220210_F2_run5,94,unstable,9
2,3.0,0.6666666666666666,c-GC-star,2,2,4,,,,220210_F2_run5,94,unstable,14
2,,0.16666666666666666,c-GC-star,1,0,6,,,,220210_F2_run5,94,unstable,15
5,,0.16666666666666666,c-GC-star,1,0,3,,,,220210_F2_run5,94,unstable,18
2,,0.16666666666666666,c-GC-star,1,0,6,,,,220210_F2_run5,94,unstable,20
3,4.0,0.5,c-GC-star,2,1,4,,,,220210_F2_run5,94,unstable,39
2,,0.16666666666666666,c-GC-star,1,0,6,,,,220210_F2_run5,94,unstable,41
2,,0.16666666666666666,c-GC-star,1,0,6,,,,220210_F2_run5,94,unstable,51
3,6.0,0.3333333333333333,c-GC-star,1,1,3,,,,220210_F2_run5,94,unstable,52
2,3.0,0.3333333333333333,c-GC-star,1,1,1,,,,220210_F2_run5,94,unstable,57
2,,0.16666666666666666,c-GC-star,1,0,6,,,,220210_F2_run5,94,unstable,66
1,,0.0,c-GC-star,0,0,7,,,,220210_F2_run5,94,stable,68
1,,0.0,c-GC-star,0,0,7,,,,220210_F2_run5,94,stable,73
1,,0.0,c-GC-star,0,0,7,,,,220210_F2_run5,94,stable,74
3,4.0,0.5,c-GC-star,2,1,2,,,,220210_F2_run5,94,unstable,78
6,,0.16666666666666666,c-GC-star,1,0,2,,,,220210_F2_run5,94,unstable,102
1,2.0,0.16666666666666666,c-GC-star,0,1,1,,,,220210_F2_run5,94,unstable,105
2,,0.16666666666666666,c-GC-star,1,0,6,,,,220210_F2_run5,94,unstable,109
7,,0.16666666666666666,c-GC-star,1,0,1,,,,220210_F2_run5,94,novel,134
1,2.0,0.16666666666666666,c-GC-star,0,1,1,,,,220210_F2_run5,95,unstable,8
1,2.0,0.16666666666666666,c-GC-star,0,1,1,,,,220210_F2_run5,95,unstable,9
1,2.0,0.16666666666666666,c-GC-star,0,1,1,,,,220210_F2_run5,95,unstable,10
1,2.0,0.16666666666666666,c-GC-star,0,1,1,,,,220210_F2_run5,95,unstable,40
1,2.0,0.3333333333333333,c-GC-star,1,1,2,,,,220210_F2_run5,95,unstable,41
1,2.0,0.16666666666666666,c-GC-star,0,1,1,,,,220210_F2_run5,95,unstable,45
1,2.0,0.16666666666666666,c-GC-star,0,1,1,,,,220210_F2_run5,95,unstable,56
1,3.0,0.16666666666666666,c-GC-star,0,1,2,,,,220210_F2_run5,95,lost,58
6,,0.16666666666666666,c-GC-star,1,0,2,,,,220210_F2_run5,95,unstable,62
1,2.0,0.16666666666666666,c-GC-star,0,1,1,,,,220210_F2_run5,95,unstable,64
3,4.0,0.3333333333333333,c-GC-star,1,1,1,,,,220210_F2_run5,95,unstable,73
1,2.0,0.16666666666666666,c-GC-star,0,1,1,,,,220210_F2_run5,95,unstable,94
1,2.0,0.16666666666666666,c-GC-star,0,1,1,,,,220210_F2_run5,95,unstable,103
1,2.0,0.16666666666666666,c-GC-star,0,1,1,,,,220210_F2_run5,95,unstable,105
4,5.0,0.5,c-GC-star,2,1,3,,,,220210_F2_run5,95,unstable,109
1,2.0,0.16666666666666666,c-GC-star,0,1,1,,,,220210_F2_run5,96,unstable,16
1,2.0,0.16666666666666666,c-GC-star,0,1,1,,,,220210_F2_run5,96,unstable,46
1,2.0,0.16666666666666666,c-GC-star,0,1,1,,,,220210_F2_run5,96,unstable,80
1,,0.0,c-GC-star,0,0,7,,,,220210_F2_run5,96,stable,87
4,,0.16666666666666666,c-GC-star,1,0,4,,,,220210_F2_run5,97,unstable,30
6,,0.16666666666666666,c-GC-star,1,0,2,,,,220210_F2_run5,97,unstable,91
5,6.0,0.3333333333333333,c-GC-star,1,1,1,,,,220210_F2_run5,97,unstable,117
1,2.0,0.16666666666666666,c-GC-star,0,1,1,,,,220210_F2_run5,97,unstable,130
1,2.0,0.16666666666666666,c-GC-star,0,1,1,,,,220210_F2_run5,97,unstable,157
1,2.0,0.16666666666666666,c-GC-star,0,1,1,,,,220210_F2_run5,98,unstable,61
7,,0.16666666666666666,c-GC-star,1,0,1,,,,220210_F2_run5,99,novel,28
1,3.0,0.3333333333333333,c-GC-star,1,1,6,,,,220210_F2_run5,99,unstable,84
1,2.0,0.5,c-GC-star,1,2,2,,,,220210_F2_run5,100,unstable,112
2,5.0,0.3333333333333333,c-GC-star,1,1,3,,,,220210_F2_run5,101,unstable,107
2,,0.16666666666666666,c-GC-star,1,0,6,,,,220210_F2_run5,102,unstable,8
4,5.0,0.6666666666666666,c-GC-star,2,2,2,,,,220210_F2_run5,102,unstable,15
1,,0.0,c-GC-star,0,0,7,,,,220210_F2_run5,102,stable,37
1,,0.0,c-GC-star,0,0,7,,,,220210_F2_run5,102,stable,48
1,5.0,0.5,c-GC-star,1,2,5,,,,220210_F2_run5,102,unstable,49
1,,0.0,c-GC-star,0,0,7,,,,220210_F2_run5,102,stable,50
2,,0.16666666666666666,c-GC-star,1,0,6,,,,220210_F2_run5,102,unstable,56
1,,0.0,c-GC-star,0,0,7,,,,220210_F2_run5,102,stable,57
7,,0.16666666666666666,c-GC-star,1,0,1,,,,220210_F2_run5,102,novel,63
6,,0.16666666666666666,c-GC-star,1,0,2,,,,220210_F2_run5,102,unstable,66
7,,0.16666666666666666,c-GC-star,1,0,1,,,,220210_F2_run5,102,novel,68
1,,0.0,c-GC-star,0,0,7,,,,220210_F2_run5,102,stable,70
1,2.0,0.3333333333333333,c-GC-star,1,1,6,,,,220210_F2_run5,102,unstable,74
1,2.0,0.16666666666666666,c-GC-star,0,1,1,,,,220210_F2_run5,102,unstable,85
3,5.0,0.6666666666666666,c-GC-star,2,2,3,,,,220210_F2_run5,102,unstable,89
3,4.0,0.5,c-GC-star,2,1,4,,,,220210_F2_run5,102,unstable,109
1,,0.0,c-GC-star,0,0,7,,,,220210_F2_run5,102,stable,114
1,2.0,0.16666666666666666,c-GC-star,0,1,1,,,,220210_F2_run5,102,unstable,120
2,4.0,0.3333333333333333,c-GC-star,1,1,2,,,,220210_F2_run5,102,unstable,135
2,,0.16666666666666666,c-GC-star,1,0,6,,,,220210_F2_run5,102,unstable,147
7,,0.16666666666666666,c-GC-star,1,0,1,,,,220210_F2_run5,102,novel,160
1,2.0,0.5,c-GC-star,1,2,5,,,,220210_F2_run5,103,unstable,44
1,2.0,0.8333333333333334,c-GC-star,2,3,3,,,,220210_F2_run5,103,unstable,46
1,2.0,0.16666666666666666,c-GC-star,0,1,1,,,,220210_F2_run5,103,unstable,49
1,3.0,0.16666666666666666,c-GC-star,0,1,2,,,,220210_F2_run5,103,lost,50
1,,0.0,c-GC-star,0,0,7,,,,220210_F2_run5,103,stable,57
1,2.0,0.16666666666666666,c-GC-star,0,1,1,,,,220210_F2_run5,103,unstable,94
1,2.0,0.16666666666666666,c-GC-star,0,1,1,,,,220210_F2_run5,103,unstable,95
1,3.0,0.3333333333333333,c-GC-star,1,1,4,,,,220210_F2_run5,103,unstable,105
1,2.0,0.16666666666666666,c-GC-star,0,1,1,,,,220210_F2_run5,103,unstable,107
4,,0.16666666666666666,c-GC-star,1,0,4,,,,220210_F2_run5,103,unstable,114
1,2.0,0.16666666666666666,c-GC-star,0,1,1,,,,220210_F2_run5,103,unstable,126
1,,0.0,c-GC-star,0,0,7,,,,220210_F2_run5,103,stable,130
1,2.0,0.16666666666666666,c-GC-star,0,1,1,,,,220210_F2_run5,103,unstable,133
1,,0.0,c-GC-star,0,0,7,,,,220210_F2_run5,103,stable,164
1,,0.0,c-GC-star,0,0,7,,,,220210_F2_run5,104,stable,9
4,7.0,0.3333333333333333,c-GC-star,1,1,3,,,,220210_F2_run5,104,unstable,10
4,5.0,0.5,c-GC-star,2,1,2,,,,220210_F2_run5,104,unstable,13
1,2.0,0.5,c-GC-star,1,2,2,,,,220210_F2_run5,104,unstable,27
3,,0.16666666666666666,c-GC-star,1,0,5,,,,220210_F2_run5,104,unstable,31
1,,0.0,c-GC-star,0,0,7,,,,220210_F2_run5,104,stable,38
2,,0.16666666666666666,c-GC-star,1,0,6,,,,220210_F2_run5,104,unstable,39
1,,0.0,c-GC-star,0,0,7,,,,220210_F2_run5,104,stable,41
1,,0.0,c-GC-star,0,0,7,,,,220210_F2_run5,104,stable,42
2,,0.16666666666666666,c-GC-star,1,0,6,,,,220210_F2_run5,104,unstable,45
7,,0.16666666666666666,c-GC-star,1,0,1,,,,220210_F2_run5,104,novel,55
3,6.0,0.3333333333333333,c-GC-star,1,1,3,,,,220210_F2_run5,104,unstable,57
5,6.0,0.3333333333333333,c-GC-star,1,1,1,,,,220210_F2_run5,104,unstable,67
1,6.0,0.16666666666666666,c-GC-star,0,1,5,,,,220210_F2_run5,104,lost,73
2,,0.16666666666666666,c-GC-star,1,0,6,,,,220210_F2_run5,104,unstable,74
1,,0.0,c-GC-star,0,0,7,,,,220210_F2_run5,104,stable,86
2,3.0,0.6666666666666666,c-GC-star,2,2,4,,,,220210_F2_run5,104,unstable,94
3,4.0,0.3333333333333333,c-GC-star,1,1,1,,,,220210_F2_run5,104,unstable,150
1,,0.0,c-GC-star,0,0,7,,,,220210_F2_run5,104,stable,151
4,,0.16666666666666666,c-GC-star,1,0,4,,,,220210_F2_run5,104,unstable,157
7,,0.16666666666666666,c-GC-star,1,0,1,,,,220210_F2_run5,105,novel,0
1,6.0,0.3333333333333333,c-GC-star,1,1,6,,,,220210_F2_run5,105,unstable,37
5,,0.16666666666666666,c-GC-star,1,0,3,,,,220210_F2_run5,105,unstable,59
4,,0.16666666666666666,c-GC-star,1,0,4,,,,220210_F2_run5,105,unstable,64
3,,0.16666666666666666,c-GC-star,1,0,5,,,,220210_F2_run5,105,unstable,95
5,,0.16666666666666666,c-GC-star,1,0,3,,,,220210_F2_run5,105,unstable,136
1,2.0,0.16666666666666666,c-GC-star,0,1,1,,,,220210_F2_run5,106,unstable,23
6,7.0,0.3333333333333333,c-GC-star,1,1,1,,,,220210_F2_run5,106,unstable,100
3,4.0,0.3333333333333333,c-GC-star,1,1,1,,,,220210_F2_run5,106,unstable,154
7,,0.16666666666666666,c-GC-star,1,0,1,,,,220210_F2_run5,107,novel,6
6,,0.16666666666666666,c-GC-star,1,0,2,,,,220210_F2_run5,107,unstable,14
1,2.0,0.16666666666666666,c-GC-star,0,1,1,,,,220210_F2_run5,107,unstable,46
1,2.0,0.16666666666666666,c-GC-star,0,1,1,,,,220210_F2_run5,107,unstable,103
1,2.0,0.16666666666666666,c-GC-star,0,1,1,,,,220210_F2_run5,107,unstable,125
7,,0.16666666666666666,c-GC-star,1,0,1,,,,220210_F2_run5,107,novel,132
1,2.0,0.16666666666666666,c-GC-star,0,1,1,,,,220210_F2_run5,107,unstable,134
2,3.0,0.8333333333333334,c-GC-star,3,2,4,,,,220210_F2_run5,108,unstable,1
1,3.0,0.3333333333333333,c-GC-star,1,1,6,,,,220210_F2_run5,108,unstable,15
1,,0.0,c-GC-star,0,0,7,,,,220210_F2_run5,108,stable,20
1,,0.0,c-GC-star,0,0,7,,,,220210_F2_run5,108,stable,38
4,6.0,0.3333333333333333,c-GC-star,1,1,2,,,,220210_F2_run5,108,unstable,41
1,3.0,0.16666666666666666,c-GC-star,0,1,2,,,,220210_F2_run5,108,lost,55
2,,0.16666666666666666,c-GC-star,1,0,6,,,,220210_F2_run5,108,unstable,64
1,2.0,0.16666666666666666,c-GC-star,0,1,1,,,,220210_F2_run5,108,unstable,78
1,2.0,0.16666666666666666,c-GC-star,0,1,1,,,,220210_F2_run5,108,unstable,85
1,,0.0,c-GC-star,0,0,7,,,,220210_F2_run5,108,stable,87
1,2.0,0.3333333333333333,c-GC-star,1,1,3,,,,220210_F2_run5,108,unstable,120
1,2.0,0.16666666666666666,c-GC-star,0,1,1,,,,220210_F2_run5,109,unstable,0
1,2.0,0.16666666666666666,c-GC-star,0,1,1,,,,220210_F2_run5,109,unstable,1
1,2.0,0.16666666666666666,c-GC-star,0,1,1,,,,220210_F2_run5,109,unstable,3
1,3.0,0.16666666666666666,c-GC-star,0,1,2,,,,220210_F2_run5,109,lost,5
1,2.0,0.16666666666666666,c-GC-star,0,1,1,,,,220210_F2_run5,109,unstable,6
1,2.0,0.16666666666666666,c-GC-star,0,1,1,,,,220210_F2_run5,109,unstable,7
1,7.0,0.16666666666666666,c-GC-star,0,1,6,,,,220210_F2_run5,109,lost,9
1,5.0,0.16666666666666666,c-GC-star,0,1,4,,,,220210_F2_run5,109,lost,10
1,2.0,0.16666666666666666,c-GC-star,0,1,1,,,,220210_F2_run5,109,unstable,14
1,2.0,0.16666666666666666,c-GC-star,0,1,1,,,,220210_F2_run5,109,unstable,15
1,2.0,0.16666666666666666,c-GC-star,0,1,1,,,,220210_F2_run5,109,unstable,20
5,6.0,0.3333333333333333,c-GC-star,1,1,1,,,,220210_F2_run5,109,unstable,27
1,3.0,0.16666666666666666,c-GC-star,0,1,2,,,,220210_F2_run5,109,lost,28
1,2.0,0.16666666666666666,c-GC-star,0,1,1,,,,220210_F2_run5,109,unstable,34
1,2.0,0.16666666666666666,c-GC-star,0,1,1,,,,220210_F2_run5,109,unstable,35
1,5.0,0.3333333333333333,c-GC-star,1,1,6,,,,220210_F2_run5,109,unstable,38
1,4.0,0.16666666666666666,c-GC-star,0,1,3,,,,220210_F2_run5,109,lost,39
1,2.0,0.16666666666666666,c-GC-star,0,1,1,,,,220210_F2_run5,109,unstable,40
1,,0.0,c-GC-star,0,0,7,,,,220210_F2_run5,109,stable,41
1,2.0,0.16666666666666666,c-GC-star,0,1,1,,,,220210_F2_run5,109,unstable,42
1,2.0,0.16666666666666666,c-GC-star,0,1,1,,,,220210_F2_run5,109,unstable,45
1,2.0,0.16666666666666666,c-GC-star,0,1,1,,,,220210_F2_run5,109,unstable,50
2,,0.16666666666666666,c-GC-star,1,0,6,,,,220210_F2_run5,109,unstable,52
2,3.0,0.3333333333333333,c-GC-star,1,1,1,,,,220210_F2_run5,109,unstable,56
1,2.0,0.16666666666666666,c-GC-star,0,1,1,,,,220210_F2_run5,109,unstable,58
1,,0.0,c-GC-star,0,0,7,,,,220210_F2_run5,109,stable,66
1,,0.0,c-GC-star,0,0,7,,,,220210_F2_run5,109,stable,68
1,4.0,0.16666666666666666,c-GC-star,0,1,3,,,,220210_F2_run5,109,lost,70
1,2.0,0.16666666666666666,c-GC-star,0,1,1,,,,220210_F2_run5,109,unstable,73
1,6.0,0.16666666666666666,c-GC-star,0,1,5,,,,220210_F2_run5,109,lost,74
1,2.0,0.16666666666666666,c-GC-star,0,1,1,,,,220210_F2_run5,109,unstable,80
1,7.0,0.16666666666666666,c-GC-star,0,1,6,,,,220210_F2_run5,109,lost,86
1,,0.0,c-GC-star,0,0,7,,,,220210_F2_run5,109,stable,87
2,3.0,0.3333333333333333,c-GC-star,1,1,1,,,,220210_F2_run5,109,unstable,91
1,,0.0,c-GC-star,0,0,7,,,,220210_F2_run5,109,stable,94
1,2.0,0.16666666666666666,c-GC-star,0,1,1,,,,220210_F2_run5,109,unstable,95
1,2.0,0.16666666666666666,c-GC-star,0,1,1,,,,220210_F2_run5,109,unstable,96
2,3.0,0.5,c-GC-star,2,1,3,,,,220210_F2_run5,109,unstable,104
1,2.0,0.16666666666666666,c-GC-star,0,1,1,,,,220210_F2_run5,109,unstable,114
1,2.0,0.16666666666666666,c-GC-star,0,1,1,,,,220210_F2_run5,109,unstable,127
1,2.0,0.16666666666666666,c-GC-star,0,1,1,,,,220210_F2_run5,109,unstable,144
1,2.0,0.16666666666666666,c-GC-star,0,1,1,,,,220210_F2_run5,110,unstable,44
1,2.0,0.16666666666666666,c-GC-star,0,1,1,,,,220210_F2_run5,110,unstable,80
1,2.0,0.5,c-GC-star,1,2,2,,,,220210_F2_run5,110,unstable,105
3,4.0,0.6666666666666666,c-GC-star,2,2,2,,,,220210_F2_run5,110,unstable,112
1,,0.0,c-GC-star,0,0,7,,,,220210_F2_run5,110,stable,124
1,2.0,0.16666666666666666,c-GC-star,0,1,1,,,,220210_F2_run5,110,unstable,127
1,2.0,0.5,c-GC-star,1,2,2,,,,220210_F2_run5,110,unstable,156
2,3.0,0.6666666666666666,c-GC-star,2,2,2,,,,220210_F2_run5,111,unstable,14
4,6.0,0.5,c-GC-star,2,1,3,,,,220210_F2_run5,111,unstable,31
1,2.0,0.16666666666666666,c-GC-star,0,1,1,,,,220210_F2_run5,111,unstable,55
1,,0.0,c-GC-star,0,0,7,,,,220210_F2_run5,111,stable,84
1,2.0,0.16666666666666666,c-GC-star,0,1,1,,,,220210_F2_run5,111,unstable,94
1,2.0,0.5,c-GC-star,1,2,2,,,,220210_F2_run5,111,unstable,105
6,7.0,0.3333333333333333,c-GC-star,1,1,1,,,,220210_F2_run5,111,unstable,132
2,3.0,0.3333333333333333,c-GC-star,1,1,1,,,,220210_F2_run5,112,unstable,8
6,,0.16666666666666666,c-GC-star,1,0,2,,,,220210_F2_run5,112,unstable,60
1,2.0,0.5,c-GC-star,1,2,3,,,,220210_F2_run5,112,unstable,90
1,2.0,0.16666666666666666,c-GC-star,0,1,1,,,,220210_F2_run5,112,unstable,93
1,2.0,0.5,c-GC-star,1,2,2,,,,220210_F2_run5,112,unstable,116
1,7.0,0.16666666666666666,c-GC-star,0,1,6,,,,220210_F2_run5,113,lost,12
2,3.0,0.5,c-GC-star,2,1,5,,,,220210_F2_run5,113,unstable,26
1,2.0,0.3333333333333333,c-GC-star,1,1,6,,,,220210_F2_run5,113,unstable,80
4,6.0,0.5,c-GC-star,2,1,3,,,,220210_F2_run5,113,unstable,112
4,,0.16666666666666666,c-GC-star,1,0,4,,,,220210_F2_run5,113,unstable,118
7,,0.16666666666666666,c-GC-star,1,0,1,,,,220210_F2_run5,113,novel,137
1,,0.0,c-GC-star,0,0,7,,,,220210_F2_run5,114,stable,8
1,,0.0,c-GC-star,0,0,7,,,,220210_F2_run5,114,stable,37
1,2.0,0.16666666666666666,c-GC-star,0,1,1,,,,220210_F2_run5,114,unstable,45
3,4.0,0.5,c-GC-star,2,1,3,,,,220210_F2_run5,114,unstable,49
1,3.0,0.16666666666666666,c-GC-star,0,1,2,,,,220210_F2_run5,114,lost,50
2,,0.16666666666666666,c-GC-star,1,0,6,,,,220210_F2_run5,114,unstable,56
2,,0.16666666666666666,c-GC-star,1,0,6,,,,220210_F2_run5,114,unstable,57
1,2.0,0.3333333333333333,c-GC-star,1,1,2,,,,220210_F2_run5,114,unstable,65
7,,0.16666666666666666,c-GC-star,1,0,1,,,,220210_F2_run5,114,novel,66
6,,0.16666666666666666,c-GC-star,1,0,2,,,,220210_F2_run5,114,unstable,69
2,,0.16666666666666666,c-GC-star,1,0,6,,,,220210_F2_run5,114,unstable,70
1,2.0,0.16666666666666666,c-GC-star,0,1,1,,,,220210_F2_run5,114,unstable,74
1,,0.0,c-GC-star,0,0,7,,,,220210_F2_run5,114,stable,75
1,,0.0,c-GC-star,0,0,7,,,,220210_F2_run5,114,stable,89
1,,0.0,c-GC-star,0,0,7,,,,220210_F2_run5,114,stable,91
1,2.0,0.16666666666666666,c-GC-star,0,1,1,,,,220210_F2_run5,114,unstable,99
1,,0.0,c-GC-star,0,0,7,,,,220210_F2_run5,114,stable,102
7,,0.16666666666666666,c-GC-star,1,0,1,,,,220210_F2_run5,114,novel,103
2,7.0,0.3333333333333333,c-GC-star,1,1,5,,,,220210_F2_run5,114,unstable,129
4,5.0,0.3333333333333333,c-GC-star,1,1,1,,,,220210_F2_run5,114,unstable,132
1,2.0,0.16666666666666666,c-GC-star,0,1,1,,,,220210_F2_run5,114,unstable,155
2,3.0,0.3333333333333333,c-GC-star,1,1,1,,,,220210_F2_run5,114,unstable,156
1,4.0,0.16666666666666666,c-GC-star,0,1,3,,,,220210_F2_run5,115,lost,80
1,2.0,0.16666666666666666,c-GC-star,0,1,1,,,,220210_F2_run5,115,unstable,108
1,2.0,0.16666666666666666,c-GC-star,0,1,1,,,,220210_F2_run5,115,unstable,113
4,6.0,0.3333333333333333,c-GC-star,1,1,2,,,,220210_F2_run5,116,unstable,1
2,,0.16666666666666666,c-GC-star,1,0,6,,,,220210_F2_run5,116,unstable,24
2,3.0,0.3333333333333333,c-GC-star,1,1,1,,,,220210_F2_run5,116,unstable,28
1,3.0,0.3333333333333333,c-GC-star,1,1,3,,,,220210_F2_run5,116,unstable,77
1,2.0,0.16666666666666666,c-GC-star,0,1,1,,,,220210_F2_run5,116,unstable,78
6,,0.16666666666666666,c-GC-star,1,0,2,,,,220210_F2_run5,116,unstable,80
2,3.0,0.6666666666666666,c-GC-star,2,2,2,,,,220210_F2_run5,116,unstable,82
1,5.0,0.5,c-GC-star,1,2,5,,,,220210_F2_run5,116,unstable,93
7,,0.16666666666666666,c-GC-star,1,0,1,,,,220210_F2_run5,116,novel,101
1,,0.0,c-GC-star,0,0,7,,,,220210_F2_run5,116,stable,112
5,6.0,0.5,c-GC-star,2,1,2,,,,220210_F2_run5,116,unstable,125
5,6.0,0.3333333333333333,c-GC-star,1,1,1,,,,220210_F2_run5,116,unstable,139
5,6.0,0.3333333333333333,c-GC-star,1,1,1,,,,220210_F2_run5,116,unstable,164
1,2.0,0.16666666666666666,c-GC-star,0,1,1,,,,220210_F2_run5,117,unstable,8
2,4.0,0.3333333333333333,c-GC-star,1,1,2,,,,220210_F2_run5,117,unstable,37
1,2.0,0.16666666666666666,c-GC-star,0,1,1,,,,220210_F2_run5,117,unstable,47
1,4.0,0.5,c-GC-star,1,2,4,,,,220210_F2_run5,117,unstable,70
7,,0.16666666666666666,c-GC-star,1,0,1,,,,220210_F2_run5,117,novel,83
2,4.0,0.5,c-GC-star,2,1,4,,,,220210_F2_run5,117,unstable,88
1,3.0,0.16666666666666666,c-GC-star,0,1,2,,,,220210_F2_run5,117,lost,89
2,3.0,0.3333333333333333,c-GC-star,1,1,1,,,,220210_F2_run5,117,unstable,124
4,5.0,0.5,c-GC-star,2,1,3,,,,220210_F2_run5,117,unstable,137
5,,0.16666666666666666,c-GC-star,1,0,3,,,,220210_F2_run5,118,unstable,0
7,,0.16666666666666666,c-GC-star,1,0,1,,,,220210_F2_run5,118,novel,15
1,2.0,0.16666666666666666,c-GC-star,0,1,1,,,,220210_F2_run5,118,unstable,22
1,2.0,0.8333333333333334,c-GC-star,2,3,4,,,,220210_F2_run5,118,unstable,45
1,,0.0,c-GC-star,0,0,7,,,,220210_F2_run5,118,stable,48
1,2.0,0.16666666666666666,c-GC-star,0,1,1,,,,220210_F2_run5,118,unstable,49
1,3.0,0.5,c-GC-star,1,2,3,,,,220210_F2_run5,118,unstable,50
2,5.0,0.5,c-GC-star,2,1,4,,,,220210_F2_run5,118,unstable,56
1,5.0,0.16666666666666666,c-GC-star,0,1,4,,,,220210_F2_run5,118,lost,58
1,,0.0,c-GC-star,0,0,7,,,,220210_F2_run5,118,stable,62
1,2.0,0.6666666666666666,c-GC-star,2,2,4,,,,220210_F2_run5,118,unstable,72
2,5.0,0.3333333333333333,c-GC-star,1,1,3,,,,220210_F2_run5,118,unstable,75
1,,0.0,c-GC-star,0,0,7,,,,220210_F2_run5,118,stable,85
1,7.0,0.16666666666666666,c-GC-star,0,1,6,,,,220210_F2_run5,118,lost,88
1,,0.0,c-GC-star,0,0,7,,,,220210_F2_run5,118,stable,89
2,,0.16666666666666666,c-GC-star,1,0,6,,,,220210_F2_run5,118,unstable,91
1,,0.0,c-GC-star,0,0,7,,,,220210_F2_run5,118,stable,102
1,2.0,0.16666666666666666,c-GC-star,0,1,1,,,,220210_F2_run5,118,unstable,107
2,6.0,0.5,c-GC-star,2,1,5,,,,220210_F2_run5,118,unstable,109
1,2.0,0.16666666666666666,c-GC-star,0,1,1,,,,220210_F2_run5,118,unstable,110
1,,0.0,c-GC-star,0,0,7,,,,220210_F2_run5,118,stable,114
1,2.0,0.6666666666666666,c-GC-star,2,2,5,,,,220210_F2_run5,118,unstable,130
1,,0.0,c-GC-star,0,0,7,,,,220210_F2_run5,118,stable,133
2,,0.16666666666666666,c-GC-star,1,0,6,,,,220210_F2_run5,118,unstable,134
1,2.0,0.6666666666666666,c-GC-star,2,2,5,,,,220210_F2_run5,118,unstable,135
1,2.0,0.16666666666666666,c-GC-star,0,1,1,,,,220210_F2_run5,118,unstable,136
1,3.0,0.5,c-GC-star,1,2,3,,,,220210_F2_run5,118,unstable,140
1,2.0,0.16666666666666666,c-GC-star,0,1,1,,,,220210_F2_run5,118,unstable,143
1,,0.0,c-GC-star,0,0,7,,,,220210_F2_run5,118,stable,156
1,2.0,0.16666666666666666,c-GC-star,0,1,1,,,,220210_F2_run5,118,unstable,157
3,4.0,0.3333333333333333,c-GC-star,1,1,1,,,,220210_F2_run5,119,unstable,34
2,3.0,0.3333333333333333,c-GC-star,1,1,1,,,,220210_F2_run5,119,unstable,44
1,3.0,0.16666666666666666,c-GC-star,0,1,2,,,,220210_F2_run5,119,lost,50
4,,0.16666666666666666,c-GC-star,1,0,4,,,,220210_F2_run5,119,unstable,58
5,7.0,0.3333333333333333,c-GC-star,1,1,2,,,,220210_F2_run5,119,unstable,67
3,7.0,0.3333333333333333,c-GC-star,1,1,4,,,,220210_F2_run5,119,unstable,68
7,,0.16666666666666666,c-GC-star,1,0,1,,,,220210_F2_run5,119,novel,71
5,,0.16666666666666666,c-GC-star,1,0,3,,,,220210_F2_run5,119,unstable,88
1,5.0,0.16666666666666666,c-GC-star,0,1,4,,,,220210_F2_run5,119,lost,109
2,3.0,0.6666666666666666,c-GC-star,2,2,2,,,,220210_F2_run5,119,unstable,138
2,3.0,0.5,c-GC-star,2,1,3,,,,220210_F2_run5,119,unstable,164
1,2.0,0.16666666666666666,c-GC-star,0,1,1,,,,220210_F2_run5,120,unstable,7
7,,0.16666666666666666,c-GC-star,1,0,1,,,,220210_F2_run5,120,novel,23
6,7.0,0.3333333333333333,c-GC-star,1,1,1,,,,220210_F2_run5,120,unstable,46
1,2.0,0.3333333333333333,c-GC-star,1,1,4,,,,220210_F2_run5,120,unstable,59
1,2.0,0.16666666666666666,c-GC-star,0,1,1,,,,220210_F2_run5,120,unstable,63
1,3.0,0.16666666666666666,c-GC-star,0,1,2,,,,220210_F2_run5,120,lost,88
1,2.0,0.16666666666666666,c-GC-star,0,1,1,,,,220210_F2_run5,120,unstable,129
1,3.0,0.3333333333333333,c-GC-star,1,1,5,,,,220210_F2_run5,120,unstable,134
3,4.0,0.5,c-GC-star,2,1,2,,,,220210_F2_run5,121,unstable,136
6,,0.16666666666666666,c-GC-star,1,0,2,,,,220210_F2_run5,121,unstable,156
1,2.0,0.16666666666666666,c-GC-star,0,1,1,,,,220210_F2_run5,122,unstable,126
1,2.0,0.16666666666666666,c-GC-star,0,1,1,,,,220210_F2_run5,123,unstable,151
3,,0.16666666666666666,c-GC-star,1,0,5,,,,220210_F2_run5,124,unstable,7
5,6.0,0.5,c-GC-star,2,1,2,,,,220210_F2_run5,124,unstable,8
2,3.0,0.5,c-GC-star,2,1,2,,,,220210_F2_run5,124,unstable,22
3,,0.16666666666666666,c-GC-star,1,0,5,,,,220210_F2_run5,124,unstable,26
4,5.0,0.5,c-GC-star,2,1,3,,,,220210_F2_run5,124,unstable,28
2,,0.16666666666666666,c-GC-star,1,0,6,,,,220210_F2_run5,124,unstable,45
2,4.0,0.3333333333333333,c-GC-star,1,1,2,,,,220210_F2_run5,124,unstable,46
2,7.0,0.3333333333333333,c-GC-star,1,1,5,,,,220210_F2_run5,124,unstable,48
7,,0.16666666666666666,c-GC-star,1,0,1,,,,220210_F2_run5,124,novel,59
2,3.0,0.3333333333333333,c-GC-star,1,1,1,,,,220210_F2_run5,124,unstable,62
4,5.0,0.3333333333333333,c-GC-star,1,1,1,,,,220210_F2_run5,124,unstable,75
1,,0.0,c-GC-star,0,0,7,,,,220210_F2_run5,124,stable,83
2,,0.16666666666666666,c-GC-star,1,0,6,,,,220210_F2_run5,124,unstable,85
2,,0.16666666666666666,c-GC-star,1,0,6,,,,220210_F2_run5,124,unstable,102
2,3.0,0.3333333333333333,c-GC-star,1,1,1,,,,220210_F2_run5,124,unstable,108
5,,0.16666666666666666,c-GC-star,1,0,3,,,,220210_F2_run5,124,unstable,118
3,,0.16666666666666666,c-GC-star,1,0,5,,,,220210_F2_run5,124,unstable,125
1,,0.0,c-GC-star,0,0,7,,,,220210_F2_run5,124,stable,126
2,7.0,0.3333333333333333,c-GC-star,1,1,5,,,,220210_F2_run5,124,unstable,134
3,5.0,0.5,c-GC-star,2,1,4,,,,220210_F2_run5,124,unstable,135
2,,0.16666666666666666,c-GC-star,1,0,6,,,,220210_F2_run5,124,unstable,136
5,6.0,0.3333333333333333,c-GC-star,1,1,1,,,,220210_F2_run5,124,unstable,140
2,,0.16666666666666666,c-GC-star,1,0,6,,,,220210_F2_run5,124,unstable,154
4,5.0,0.3333333333333333,c-GC-star,1,1,1,,,,220210_F2_run5,125,unstable,7
7,,0.16666666666666666,c-GC-star,1,0,1,,,,220210_F2_run5,125,novel,24
4,,0.16666666666666666,c-GC-star,1,0,4,,,,220210_F2_run5,125,unstable,25
7,,0.16666666666666666,c-GC-star,1,0,1,,,,220210_F2_run5,125,novel,43
5,,0.16666666666666666,c-GC-star,1,0,3,,,,220210_F2_run5,125,unstable,45
2,3.0,0.3333333333333333,c-GC-star,1,1,1,,,,220210_F2_run5,125,unstable,48
7,,0.16666666666666666,c-GC-star,1,0,1,,,,220210_F2_run5,125,novel,51
4,5.0,0.3333333333333333,c-GC-star,1,1,1,,,,220210_F2_run5,125,unstable,60
1,6.0,0.3333333333333333,c-GC-star,1,1,6,,,,220210_F2_run5,125,unstable,62
7,,0.16666666666666666,c-GC-star,1,0,1,,,,220210_F2_run5,125,novel,65
2,5.0,0.6666666666666666,c-GC-star,2,2,4,,,,220210_F2_run5,125,unstable,95
4,5.0,0.3333333333333333,c-GC-star,1,1,1,,,,220210_F2_run5,125,unstable,102
2,6.0,0.3333333333333333,c-GC-star,1,1,4,,,,220210_F2_run5,125,unstable,118
3,4.0,0.3333333333333333,c-GC-star,1,1,1,,,,220210_F2_run5,125,unstable,124
3,,0.16666666666666666,c-GC-star,1,0,5,,,,220210_F2_run5,125,unstable,134
4,6.0,0.5,c-GC-star,2,1,3,,,,220210_F2_run5,125,unstable,135
2,,0.16666666666666666,c-GC-star,1,0,6,,,,220210_F2_run5,125,unstable,137
2,3.0,0.6666666666666666,c-GC-star,2,2,2,,,,220210_F2_run5,125,unstable,140
1,2.0,0.3333333333333333,c-GC-star,1,1,2,,,,220210_F2_run5,125,unstable,149
2,,0.16666666666666666,c-GC-star,1,0,6,,,,220210_F2_run5,125,unstable,156
6,7.0,0.3333333333333333,c-GC-star,1,1,1,,,,220210_F2_run5,126,unstable,62
4,5.0,0.3333333333333333,c-GC-star,1,1,1,,,,220210_F2_run5,127,unstable,7
2,3.0,0.6666666666666666,c-GC-star,2,2,4,,,,220210_F2_run5,127,unstable,39
2,,0.16666666666666666,c-GC-star,1,0,6,,,,220210_F2_run5,127,unstable,42
2,,0.16666666666666666,c-GC-star,1,0,6,,,,220210_F2_run5,127,unstable,44
1,2.0,0.16666666666666666,c-GC-star,0,1,1,,,,220210_F2_run5,127,unstable,51
1,3.0,0.16666666666666666,c-GC-star,0,1,2,,,,220210_F2_run5,127,lost,56
1,2.0,0.16666666666666666,c-GC-star,0,1,1,,,,220210_F2_run5,127,unstable,64
1,2.0,0.16666666666666666,c-GC-star,0,1,1,,,,220210_F2_run5,127,unstable,78
5,6.0,0.3333333333333333,c-GC-star,1,1,1,,,,220210_F2_run5,127,unstable,79
1,2.0,0.16666666666666666,c-GC-star,0,1,1,,,,220210_F2_run5,127,unstable,80
1,2.0,0.16666666666666666,c-GC-star,0,1,1,,,,220210_F2_run5,127,unstable,88
3,4.0,0.6666666666666666,c-GC-star,2,2,2,,,,220210_F2_run5,127,unstable,96
1,2.0,0.16666666666666666,c-GC-star,0,1,1,,,,220210_F2_run5,127,unstable,104
3,4.0,0.5,c-GC-star,2,1,3,,,,220210_F2_run5,128,unstable,30
4,6.0,0.5,c-GC-star,2,1,3,,,,220210_F2_run5,128,unstable,38
7,,0.16666666666666666,c-GC-star,1,0,1,,,,220210_F2_run5,128,novel,109
4,5.0,0.3333333333333333,c-GC-star,1,1,1,,,,220210_F2_run5,128,unstable,143
6,,0.16666666666666666,c-GC-star,1,0,2,,,,220210_F2_run5,129,unstable,10
1,2.0,0.16666666666666666,c-GC-star,0,1,1,,,,220210_F2_run5,129,unstable,30
3,4.0,0.6666666666666666,c-GC-star,2,2,2,,,,220210_F2_run5,129,unstable,40
1,2.0,0.16666666666666666,c-GC-star,0,1,1,,,,220210_F2_run5,129,unstable,44
1,2.0,0.16666666666666666,c-GC-star,0,1,1,,,,220210_F2_run5,129,unstable,71
1,2.0,0.16666666666666666,c-GC-star,0,1,1,,,,220210_F2_run5,129,unstable,80
1,2.0,0.16666666666666666,c-GC-star,0,1,1,,,,220210_F2_run5,129,unstable,120
3,4.0,0.5,c-GC-star,2,1,3,,,,220210_F2_run5,129,unstable,133
1,6.0,0.3333333333333333,c-GC-star,1,1,6,,,,220210_F2_run5,130,unstable,6
7,,0.16666666666666666,c-GC-star,1,0,1,,,,220210_F2_run5,130,novel,10
1,,0.0,c-GC-star,0,0,7,,,,220210_F2_run5,130,stable,11
2,3.0,0.3333333333333333,c-GC-star,1,1,1,,,,220210_F2_run5,130,unstable,28
1,,0.0,c-GC-star,0,0,7,,,,220210_F2_run5,130,stable,31
2,3.0,0.6666666666666666,c-GC-star,2,2,2,,,,220210_F2_run5,130,unstable,37
1,,0.0,c-GC-star,0,0,7,,,,220210_F2_run5,130,stable,40
1,2.0,0.16666666666666666,c-GC-star,0,1,1,,,,220210_F2_run5,130,unstable,42
1,,0.0,c-GC-star,0,0,7,,,,220210_F2_run5,130,stable,44
1,5.0,0.16666666666666666,c-GC-star,0,1,4,,,,220210_F2_run5,130,lost,57
6,,0.16666666666666666,c-GC-star,1,0,2,,,,220210_F2_run5,130,unstable,59
1,,0.0,c-GC-star,0,0,7,,,,220210_F2_run5,130,stable,61
1,,0.0,c-GC-star,0,0,7,,,,220210_F2_run5,130,stable,62
3,,0.16666666666666666,c-GC-star,1,0,5,,,,220210_F2_run5,130,unstable,64
1,3.0,0.16666666666666666,c-GC-star,0,1,2,,,,220210_F2_run5,130,lost,65
6,,0.16666666666666666,c-GC-star,1,0,2,,,,220210_F2_run5,130,unstable,72
1,,0.0,c-GC-star,0,0,7,,,,220210_F2_run5,130,stable,94
1,,0.0,c-GC-star,0,0,7,,,,220210_F2_run5,130,stable,105
2,,0.16666666666666666,c-GC-star,1,0,6,,,,220210_F2_run5,130,unstable,118
1,2.0,0.16666666666666666,c-GC-star,0,1,1,,,,220210_F2_run5,130,unstable,128
1,2.0,0.16666666666666666,c-GC-star,0,1,1,,,,220210_F2_run5,130,unstable,132
1,,0.0,c-GC-star,0,0,7,,,,220210_F2_run5,130,stable,133
4,5.0,0.3333333333333333,c-GC-star,1,1,1,,,,220210_F2_run5,130,unstable,134
7,,0.16666666666666666,c-GC-star,1,0,1,,,,220210_F2_run5,130,novel,144
1,,0.0,c-GC-star,0,0,7,,,,220210_F2_run5,130,stable,151
1,,0.0,c-GC-star,0,0,7,,,,220210_F2_run5,130,stable,152
1,,0.0,c-GC-star,0,0,7,,,,220210_F2_run5,130,stable,154
1,2.0,0.16666666666666666,c-GC-star,0,1,1,,,,220210_F2_run5,130,unstable,157
1,5.0,0.3333333333333333,c-GC-star,1,1,6,,,,220210_F2_run5,131,unstable,63
1,4.0,0.16666666666666666,c-GC-star,0,1,3,,,,220210_F2_run5,131,lost,77
3,5.0,0.5,c-GC-star,2,1,4,,,,220210_F2_run5,131,unstable,107
1,,0.0,c-GC-star,0,0,7,,,,220210_F2_run5,131,stable,108
1,6.0,0.16666666666666666,c-GC-star,0,1,5,,,,220210_F2_run5,131,lost,119
7,,0.16666666666666666,c-GC-star,1,0,1,,,,220210_F2_run5,131,novel,154
4,5.0,0.3333333333333333,c-GC-star,1,1,1,,,,220210_F2_run5,131,unstable,156
1,4.0,0.3333333333333333,c-GC-star,1,1,6,,,,220210_F2_run5,131,unstable,160
2,,0.16666666666666666,c-GC-star,1,0,6,,,,220210_F2_run5,132,unstable,0
1,3.0,0.3333333333333333,c-GC-star,1,1,6,,,,220210_F2_run5,132,unstable,6
6,,0.16666666666666666,c-GC-star,1,0,2,,,,220210_F2_run5,132,unstable,28
3,5.0,0.5,c-GC-star,2,1,4,,,,220210_F2_run5,132,unstable,57
1,2.0,0.16666666666666666,c-GC-star,0,1,1,,,,220210_F2_run5,132,unstable,62
1,7.0,0.16666666666666666,c-GC-star,0,1,6,,,,220210_F2_run5,132,lost,85
7,,0.16666666666666666,c-GC-star,1,0,1,,,,220210_F2_run5,132,novel,89
1,4.0,0.16666666666666666,c-GC-star,0,1,3,,,,220210_F2_run5,132,lost,94
1,6.0,0.16666666666666666,c-GC-star,0,1,5,,,,220210_F2_run5,132,lost,103
2,4.0,0.3333333333333333,c-GC-star,1,1,2,,,,220210_F2_run5,132,unstable,109
6,,0.16666666666666666,c-GC-star,1,0,2,,,,220210_F2_run5,132,unstable,114
1,2.0,0.16666666666666666,c-GC-star,0,1,1,,,,220210_F2_run5,132,unstable,121
1,6.0,0.16666666666666666,c-GC-star,0,1,5,,,,220210_F2_run5,132,lost,130
1,3.0,0.16666666666666666,c-GC-star,0,1,2,,,,220210_F2_run5,132,lost,134
2,4.0,0.3333333333333333,c-GC-star,1,1,2,,,,220210_F2_run5,132,unstable,164
1,3.0,0.5,c-GC-star,1,2,3,,,,220210_F2_run5,133,unstable,7
7,,0.16666666666666666,c-GC-star,1,0,1,,,,220210_F2_run5,133,novel,9
7,,0.16666666666666666,c-GC-star,1,0,1,,,,220210_F2_run5,133,novel,10
5,7.0,0.3333333333333333,c-GC-star,1,1,2,,,,220210_F2_run5,133,unstable,30
1,6.0,0.16666666666666666,c-GC-star,0,1,5,,,,220210_F2_run5,133,lost,31
3,,0.16666666666666666,c-GC-star,1,0,5,,,,220210_F2_run5,133,unstable,45
1,2.0,0.16666666666666666,c-GC-star,0,1,1,,,,220210_F2_run5,133,unstable,49
1,2.0,0.16666666666666666,c-GC-star,0,1,1,,,,220210_F2_run5,133,unstable,50
3,,0.16666666666666666,c-GC-star,1,0,5,,,,220210_F2_run5,133,unstable,62
5,,0.16666666666666666,c-GC-star,1,0,3,,,,220210_F2_run5,133,unstable,66
5,,0.16666666666666666,c-GC-star,1,0,3,,,,220210_F2_run5,133,unstable,70
2,4.0,0.5,c-GC-star,2,1,5,,,,220210_F2_run5,133,unstable,75
4,7.0,0.3333333333333333,c-GC-star,1,1,3,,,,220210_F2_run5,133,unstable,87
1,3.0,0.3333333333333333,c-GC-star,1,1,5,,,,220210_F2_run5,133,unstable,91
2,,0.16666666666666666,c-GC-star,1,0,6,,,,220210_F2_run5,133,unstable,105
6,7.0,0.3333333333333333,c-GC-star,1,1,1,,,,220210_F2_run5,133,unstable,114
1,2.0,0.16666666666666666,c-GC-star,0,1,1,,,,220210_F2_run5,133,unstable,118
3,4.0,0.5,c-GC-star,2,1,4,,,,220210_F2_run5,133,unstable,124
3,7.0,0.3333333333333333,c-GC-star,1,1,4,,,,220210_F2_run5,133,unstable,130
3,,0.16666666666666666,c-GC-star,1,0,5,,,,220210_F2_run5,133,unstable,134
3,5.0,0.3333333333333333,c-GC-star,1,1,2,,,,220210_F2_run5,133,unstable,141
1,,0.0,c-GC-star,0,0,7,,,,220210_F2_run5,133,stable,151
3,5.0,0.5,c-GC-star,2,1,3,,,,220210_F2_run5,133,unstable,152
1,6.0,0.3333333333333333,c-GC-star,1,1,6,,,,220210_F2_run5,133,unstable,154
2,,0.16666666666666666,c-GC-star,1,0,6,,,,220210_F2_run5,133,unstable,157
1,2.0,0.5,c-GC-star,1,2,2,,,,220210_F2_run5,133,unstable,158
2,,0.16666666666666666,c-GC-star,1,0,6,,,,220210_F2_run5,134,unstable,43
2,5.0,0.6666666666666666,c-GC-star,2,2,4,,,,220210_F2_run5,134,unstable,45
2,6.0,0.3333333333333333,c-GC-star,1,1,4,,,,220210_F2_run5,134,unstable,46
4,,0.16666666666666666,c-GC-star,1,0,4,,,,220210_F2_run5,134,unstable,48
2,4.0,0.3333333333333333,c-GC-star,1,1,2,,,,220210_F2_run5,134,unstable,73
4,,0.16666666666666666,c-GC-star,1,0,4,,,,220210_F2_run5,134,unstable,75
1,2.0,0.16666666666666666,c-GC-star,0,1,1,,,,220210_F2_run5,134,unstable,78
5,,0.16666666666666666,c-GC-star,1,0,3,,,,220210_F2_run5,134,unstable,79
2,,0.16666666666666666,c-GC-star,1,0,6,,,,220210_F2_run5,134,unstable,88
2,,0.16666666666666666,c-GC-star,1,0,6,,,,220210_F2_run5,134,unstable,102
3,4.0,0.5,c-GC-star,2,1,4,,,,220210_F2_run5,134,unstable,103
1,2.0,0.16666666666666666,c-GC-star,0,1,1,,,,220210_F2_run5,134,unstable,107
4,,0.16666666666666666,c-GC-star,1,0,4,,,,220210_F2_run5,134,unstable,111
3,5.0,0.3333333333333333,c-GC-star,1,1,2,,,,220210_F2_run5,134,unstable,118
1,7.0,0.16666666666666666,c-GC-star,0,1,6,,,,220210_F2_run5,134,lost,124
5,6.0,0.5,c-GC-star,2,1,2,,,,220210_F2_run5,134,unstable,125
2,7.0,0.3333333333333333,c-GC-star,1,1,5,,,,220210_F2_run5,134,unstable,127
3,7.0,0.3333333333333333,c-GC-star,1,1,4,,,,220210_F2_run5,134,unstable,132
5,7.0,0.3333333333333333,c-GC-star,1,1,2,,,,220210_F2_run5,134,unstable,133
3,,0.16666666666666666,c-GC-star,1,0,5,,,,220210_F2_run5,134,unstable,135
2,,0.16666666666666666,c-GC-star,1,0,6,,,,220210_F2_run5,134,unstable,140
5,,0.16666666666666666,c-GC-star,1,0,3,,,,220210_F2_run5,134,unstable,143
2,,0.16666666666666666,c-GC-star,1,0,6,,,,220210_F2_run5,134,unstable,154
4,6.0,0.5,c-GC-star,2,1,3,,,,220210_F2_run5,134,unstable,156
2,,0.16666666666666666,c-GC-star,1,0,6,,,,220210_F2_run5,134,unstable,164
1,2.0,0.6666666666666666,c-GC-star,2,2,4,,,,220210_F2_run5,135,unstable,25
1,2.0,0.16666666666666666,c-GC-star,0,1,1,,,,220210_F2_run5,135,unstable,37
1,,0.0,c-GC-star,0,0,7,,,,220210_F2_run5,135,stable,45
1,4.0,0.5,c-GC-star,1,2,4,,,,220210_F2_run5,135,unstable,48
6,7.0,0.3333333333333333,c-GC-star,1,1,1,,,,220210_F2_run5,135,unstable,50
1,2.0,0.16666666666666666,c-GC-star,0,1,1,,,,220210_F2_run5,135,unstable,62
1,5.0,0.3333333333333333,c-GC-star,1,1,5,,,,220210_F2_run5,135,unstable,75
1,2.0,0.16666666666666666,c-GC-star,0,1,1,,,,220210_F2_run5,135,unstable,76
2,3.0,0.3333333333333333,c-GC-star,1,1,1,,,,220210_F2_run5,135,unstable,81
1,5.0,0.16666666666666666,c-GC-star,0,1,4,,,,220210_F2_run5,135,lost,85
1,4.0,0.3333333333333333,c-GC-star,1,1,4,,,,220210_F2_run5,135,unstable,102
2,6.0,0.5,c-GC-star,2,1,5,,,,220210_F2_run5,135,unstable,103
2,3.0,0.6666666666666666,c-GC-star,2,2,3,,,,220210_F2_run5,135,unstable,112
1,3.0,0.16666666666666666,c-GC-star,0,1,2,,,,220210_F2_run5,135,lost,124
1,,0.0,c-GC-star,0,0,7,,,,220210_F2_run5,135,stable,125
1,,0.0,c-GC-star,0,0,7,,,,220210_F2_run5,135,stable,126
1,,0.0,c-GC-star,0,0,7,,,,220210_F2_run5,135,stable,134
1,2.0,0.16666666666666666,c-GC-star,0,1,1,,,,220210_F2_run5,135,unstable,137
1,3.0,0.3333333333333333,c-GC-star,1,1,3,,,,220210_F2_run5,135,unstable,140
1,2.0,0.3333333333333333,c-GC-star,1,1,6,,,,220210_F2_run5,135,unstable,154
1,3.0,0.6666666666666666,c-GC-star,2,2,5,,,,220210_F2_run5,135,unstable,156
1,2.0,0.3333333333333333,c-GC-star,1,1,6,,,,220210_F2_run5,136,unstable,62
1,7.0,0.16666666666666666,c-GC-star,0,1,6,,,,220210_F2_run5,136,lost,98
7,,0.16666666666666666,c-GC-star,1,0,1,,,,220210_F2_run5,136,novel,103
1,2.0,0.16666666666666666,c-GC-star,0,1,1,,,,220210_F2_run5,136,unstable,124
1,,0.0,c-GC-star,0,0,7,,,,220210_F2_run5,136,stable,154
2,,0.16666666666666666,c-GC-star,1,0,6,,,,220210_F2_run5,136,unstable,156
3,4.0,0.3333333333333333,c-GC-star,1,1,1,,,,220210_F2_run5,137,unstable,9
5,6.0,0.3333333333333333,c-GC-star,1,1,1,,,,220210_F2_run5,137,unstable,12
1,2.0,0.3333333333333333,c-GC-star,1,1,5,,,,220210_F2_run5,137,unstable,37
3,4.0,0.5,c-GC-star,2,1,3,,,,220210_F2_run5,137,unstable,50
1,2.0,0.3333333333333333,c-GC-star,1,1,6,,,,220210_F2_run5,137,unstable,62
2,4.0,0.3333333333333333,c-GC-star,1,1,2,,,,220210_F2_run5,137,unstable,89
3,,0.16666666666666666,c-GC-star,1,0,5,,,,220210_F2_run5,137,unstable,95
1,4.0,0.3333333333333333,c-GC-star,1,1,5,,,,220210_F2_run5,137,unstable,114
1,2.0,0.16666666666666666,c-GC-star,0,1,1,,,,220210_F2_run5,137,unstable,124
1,2.0,0.16666666666666666,c-GC-star,0,1,1,,,,220210_F2_run5,137,unstable,125
1,2.0,0.5,c-GC-star,1,2,4,,,,220210_F2_run5,137,unstable,134
1,2.0,0.16666666666666666,c-GC-star,0,1,1,,,,220210_F2_run5,137,unstable,136
1,6.0,0.3333333333333333,c-GC-star,1,1,6,,,,220210_F2_run5,137,unstable,140
3,5.0,0.3333333333333333,c-GC-star,1,1,2,,,,220210_F2_run5,137,unstable,144
1,,0.0,c-GC-star,0,0,7,,,,220210_F2_run5,137,stable,154
2,3.0,0.8333333333333334,c-GC-star,3,2,4,,,,220210_F2_run5,137,unstable,155
3,4.0,0.3333333333333333,c-GC-star,1,1,1,,,,220210_F2_run5,138,unstable,53
1,2.0,0.16666666666666666,c-GC-star,0,1,1,,,,220210_F2_run5,138,unstable,96
1,2.0,0.16666666666666666,c-GC-star,0,1,1,,,,220210_F2_run5,138,unstable,140
4,6.0,0.3333333333333333,c-GC-star,1,1,2,,,,220210_F2_run5,139,unstable,0
5,,0.16666666666666666,c-GC-star,1,0,3,,,,220210_F2_run5,139,unstable,14
7,,0.16666666666666666,c-GC-star,1,0,1,,,,220210_F2_run5,139,novel,105
1,2.0,0.16666666666666666,c-GC-star,0,1,1,,,,220210_F2_run5,139,unstable,124
1,,0.0,c-GC-star,0,0,7,,,,220210_F2_run5,139,stable,131
2,,0.16666666666666666,c-GC-star,1,0,6,,,,220210_F2_run5,140,unstable,7
2,,0.16666666666666666,c-GC-star,1,0,6,,,,220210_F2_run5,140,unstable,9
7,,0.16666666666666666,c-GC-star,1,0,1,,,,220210_F2_run5,140,novel,23
3,,0.16666666666666666,c-GC-star,1,0,5,,,,220210_F2_run5,140,unstable,24
1,2.0,0.16666666666666666,c-GC-star,0,1,1,,,,220210_F2_run5,140,unstable,25
5,6.0,0.3333333333333333,c-GC-star,1,1,1,,,,220210_F2_run5,140,unstable,38
5,6.0,0.3333333333333333,c-GC-star,1,1,1,,,,220210_F2_run5,140,unstable,41
1,,0.0,c-GC-star,0,0,7,,,,220210_F2_run5,140,stable,42
1,,0.0,c-GC-star,0,0,7,,,,220210_F2_run5,140,stable,44
1,5.0,0.16666666666666666,c-GC-star,0,1,4,,,,220210_F2_run5,140,lost,47
2,,0.16666666666666666,c-GC-star,1,0,6,,,,220210_F2_run5,140,unstable,48
1,7.0,0.16666666666666666,c-GC-star,0,1,6,,,,220210_F2_run5,140,lost,50
2,,0.16666666666666666,c-GC-star,1,0,6,,,,220210_F2_run5,140,unstable,53
2,3.0,0.3333333333333333,c-GC-star,1,1,1,,,,220210_F2_run5,140,unstable,60
1,5.0,0.16666666666666666,c-GC-star,0,1,4,,,,220210_F2_run5,140,lost,62
1,,0.0,c-GC-star,0,0,7,,,,220210_F2_run5,140,stable,63
1,5.0,0.16666666666666666,c-GC-star,0,1,4,,,,220210_F2_run5,140,lost,64
2,4.0,0.3333333333333333,c-GC-star,1,1,2,,,,220210_F2_run5,140,unstable,73
2,6.0,0.3333333333333333,c-GC-star,1,1,4,,,,220210_F2_run5,140,unstable,95
4,7.0,0.3333333333333333,c-GC-star,1,1,3,,,,220210_F2_run5,140,unstable,98
2,3.0,0.3333333333333333,c-GC-star,1,1,1,,,,220210_F2_run5,140,unstable,107
5,6.0,0.3333333333333333,c-GC-star,1,1,1,,,,220210_F2_run5,140,unstable,112
2,3.0,0.6666666666666666,c-GC-star,2,2,2,,,,220210_F2_run5,140,unstable,125
2,,0.16666666666666666,c-GC-star,1,0,6,,,,220210_F2_run5,140,unstable,127
2,3.0,0.3333333333333333,c-GC-star,1,1,1,,,,220210_F2_run5,140,unstable,130
2,3.0,0.3333333333333333,c-GC-star,1,1,1,,,,220210_F2_run5,140,unstable,157
1,5.0,0.16666666666666666,c-GC-star,0,1,4,,,,220210_F2_run5,140,lost,160
1,2.0,0.16666666666666666,c-GC-star,0,1,1,,,,220210_F2_run5,140,unstable,162
1,3.0,0.16666666666666666,c-GC-star,0,1,2,,,,220210_F2_run5,140,lost,163
3,,0.16666666666666666,c-GC-star,1,0,5,,,,220210_F2_run5,140,unstable,164
1,2.0,0.16666666666666666,c-GC-star,0,1,1,,,,220210_F2_run5,141,unstable,10
1,2.0,0.16666666666666666,c-GC-star,0,1,1,,,,220210_F2_run5,141,unstable,28
1,2.0,0.5,c-GC-star,1,2,3,,,,220210_F2_run5,141,unstable,29
6,,0.16666666666666666,c-GC-star,1,0,2,,,,220210_F2_run5,141,unstable,65
1,3.0,0.5,c-GC-star,1,2,5,,,,220210_F2_run5,141,unstable,66
2,3.0,0.3333333333333333,c-GC-star,1,1,1,,,,220210_F2_run5,141,unstable,89
1,2.0,0.16666666666666666,c-GC-star,0,1,1,,,,220210_F2_run5,141,unstable,91
1,2.0,0.16666666666666666,c-GC-star,0,1,1,,,,220210_F2_run5,141,unstable,98
1,2.0,0.16666666666666666,c-GC-star,0,1,1,,,,220210_F2_run5,141,unstable,107
1,2.0,0.6666666666666666,c-GC-star,2,2,3,,,,220210_F2_run5,141,unstable,111
6,,0.16666666666666666,c-GC-star,1,0,2,,,,220210_F2_run5,141,unstable,122
5,6.0,0.3333333333333333,c-GC-star,1,1,1,,,,220210_F2_run5,141,unstable,129
1,2.0,0.3333333333333333,c-GC-star,1,1,2,,,,220210_F2_run5,141,unstable,143
1,2.0,0.16666666666666666,c-GC-star,0,1,1,,,,220210_F2_run5,141,unstable,148
1,2.0,0.16666666666666666,c-GC-star,0,1,1,,,,220210_F2_run5,141,unstable,164
2,4.0,0.5,c-GC-star,2,1,3,,,,220210_F2_run5,142,unstable,62
1,4.0,0.3333333333333333,c-GC-star,1,1,4,,,,220210_F2_run5,142,unstable,76
1,4.0,0.3333333333333333,c-GC-star,1,1,5,,,,220210_F2_run5,142,unstable,107
6,7.0,0.3333333333333333,c-GC-star,1,1,1,,,,220210_F2_run5,142,unstable,133
7,,0.16666666666666666,c-GC-star,1,0,1,,,,220210_F2_run5,142,novel,136
3,4.0,0.5,c-GC-star,2,1,3,,,,220210_F2_run5,143,unstable,2
3,6.0,0.5,c-GC-star,2,1,4,,,,220210_F2_run5,143,unstable,31
7,,0.16666666666666666,c-GC-star,1,0,1,,,,220210_F2_run5,143,novel,44
1,2.0,0.16666666666666666,c-GC-star,0,1,1,,,,220210_F2_run5,143,unstable,105
7,,0.16666666666666666,c-GC-star,1,0,1,,,,220210_F2_run5,143,novel,106
2,3.0,0.3333333333333333,c-GC-star,1,1,1,,,,220210_F2_run5,143,unstable,121
1,2.0,0.16666666666666666,c-GC-star,0,1,1,,,,220210_F2_run5,143,unstable,139
1,2.0,0.16666666666666666,c-GC-star,0,1,1,,,,220210_F2_run5,143,unstable,141
1,2.0,0.16666666666666666,c-GC-star,0,1,1,,,,220210_F2_run5,143,unstable,146
2,,0.16666666666666666,c-GC-star,1,0,6,,,,220210_F2_run5,144,unstable,3
2,,0.16666666666666666,c-GC-star,1,0,6,,,,220210_F2_run5,144,unstable,9
1,,0.0,c-GC-star,0,0,7,,,,220210_F2_run5,144,stable,13
2,,0.16666666666666666,c-GC-star,1,0,6,,,,220210_F2_run5,144,unstable,20
2,,0.16666666666666666,c-GC-star,1,0,6,,,,220210_F2_run5,144,unstable,41
2,,0.16666666666666666,c-GC-star,1,0,6,,,,220210_F2_run5,144,unstable,66
1,,0.0,c-GC-star,0,0,7,,,,220210_F2_run5,144,stable,67
2,,0.16666666666666666,c-GC-star,1,0,6,,,,220210_F2_run5,144,unstable,73
6,7.0,0.3333333333333333,c-GC-star,1,1,1,,,,220210_F2_run5,144,unstable,79
1,,0.0,c-GC-star,0,0,7,,,,220210_F2_run5,144,stable,86
2,3.0,0.3333333333333333,c-GC-star,1,1,1,,,,220210_F2_run5,144,unstable,94
2,,0.16666666666666666,c-GC-star,1,0,6,,,,220210_F2_run5,144,unstable,104
5,7.0,0.3333333333333333,c-GC-star,1,1,2,,,,220210_F2_run5,144,unstable,128
3,,0.16666666666666666,c-GC-star,1,0,5,,,,220210_F2_run5,144,unstable,147
1,,0.0,c-GC-star,0,0,7,,,,220210_F2_run5,144,stable,151
5,,0.16666666666666666,c-GC-star,1,0,3,,,,220210_F2_run5,144,unstable,152
5,6.0,0.3333333333333333,c-GC-star,1,1,1,,,,220210_F2_run5,144,unstable,154
1,3.0,0.16666666666666666,c-GC-star,0,1,2,,,,220210_F2_run5,145,lost,34
4,,0.16666666666666666,c-GC-star,1,0,4,,,,220210_F2_run5,145,unstable,42
1,2.0,0.16666666666666666,c-GC-star,0,1,1,,,,220210_F2_run5,145,unstable,121
1,5.0,0.3333333333333333,c-GC-star,1,1,6,,,,220210_F2_run5,145,unstable,130
2,7.0,0.3333333333333333,c-GC-star,1,1,5,,,,220210_F2_run5,145,unstable,151
1,2.0,0.16666666666666666,c-GC-star,0,1,1,,,,220210_F2_run5,146,unstable,82
6,,0.16666666666666666,c-GC-star,1,0,2,,,,220210_F2_run5,146,unstable,116
6,7.0,0.3333333333333333,c-GC-star,1,1,1,,,,220210_F2_run5,147,unstable,58
1,5.0,0.16666666666666666,c-GC-star,0,1,4,,,,220210_F2_run5,147,lost,66
3,,0.16666666666666666,c-GC-star,1,0,5,,,,220210_F2_run5,147,unstable,78
1,3.0,0.6666666666666666,c-GC-star,2,2,5,,,,220210_F2_run5,147,unstable,88
3,4.0,0.5,c-GC-star,2,1,2,,,,220210_F2_run5,148,unstable,26
1,2.0,0.16666666666666666,c-GC-star,0,1,1,,,,220210_F2_run5,148,unstable,49
1,2.0,0.16666666666666666,c-GC-star,0,1,1,,,,220210_F2_run5,148,unstable,158
2,4.0,0.6666666666666666,c-GC-star,2,2,4,,,,220210_F2_run5,149,unstable,69
1,2.0,0.5,c-GC-star,1,2,2,,,,220210_F2_run5,149,unstable,75
2,,0.16666666666666666,c-GC-star,1,0,6,,,,220210_F2_run5,149,unstable,117
7,,0.16666666666666666,c-GC-star,1,0,1,,,,220210_F2_run5,150,novel,30
1,2.0,0.6666666666666666,c-GC-star,2,2,4,,,,220210_F2_run5,150,unstable,49
1,2.0,0.16666666666666666,c-GC-star,0,1,1,,,,220210_F2_run5,150,unstable,69
1,4.0,0.5,c-GC-star,1,2,4,,,,220210_F2_run5,150,unstable,94
1,6.0,0.16666666666666666,c-GC-star,0,1,5,,,,220210_F2_run5,150,lost,108
3,5.0,0.3333333333333333,c-GC-star,1,1,2,,,,220210_F2_run5,150,unstable,115
1,,0.0,c-GC-star,0,0,7,,,,220210_F2_run5,150,stable,130
1,2.0,0.16666666666666666,c-GC-star,0,1,1,,,,220210_F2_run5,150,unstable,155
1,2.0,0.16666666666666666,c-GC-star,0,1,1,,,,220210_F2_run5,150,unstable,156
1,2.0,0.16666666666666666,c-GC-star,0,1,1,,,,220210_F2_run5,150,unstable,157
4,,0.16666666666666666,c-GC-star,1,0,4,,,,220210_F2_run5,151,unstable,0
1,,0.0,c-GC-star,0,0,7,,,,220210_F2_run5,151,stable,6
1,2.0,0.3333333333333333,c-GC-star,1,1,3,,,,220210_F2_run5,151,unstable,30
1,2.0,0.8333333333333334,c-GC-star,2,3,3,,,,220210_F2_run5,151,unstable,31
1,3.0,0.3333333333333333,c-GC-star,1,1,5,,,,220210_F2_run5,151,unstable,36
6,7.0,0.3333333333333333,c-GC-star,1,1,1,,,,220210_F2_run5,151,unstable,40
7,,0.16666666666666666,c-GC-star,1,0,1,,,,220210_F2_run5,151,novel,44
1,2.0,0.16666666666666666,c-GC-star,0,1,1,,,,220210_F2_run5,151,unstable,55
3,5.0,0.6666666666666666,c-GC-star,2,2,3,,,,220210_F2_run5,151,unstable,67
2,3.0,0.3333333333333333,c-GC-star,1,1,1,,,,220210_F2_run5,151,unstable,73
1,,0.0,c-GC-star,0,0,7,,,,220210_F2_run5,151,stable,87
6,,0.16666666666666666,c-GC-star,1,0,2,,,,220210_F2_run5,151,unstable,123
1,3.0,0.16666666666666666,c-GC-star,0,1,2,,,,220210_F2_run5,151,lost,130
1,2.0,0.16666666666666666,c-GC-star,0,1,1,,,,220210_F2_run5,151,unstable,131
1,2.0,0.3333333333333333,c-GC-star,1,1,5,,,,220210_F2_run5,151,unstable,152
1,2.0,0.16666666666666666,c-GC-star,0,1,1,,,,220210_F2_run5,151,unstable,155
1,2.0,0.16666666666666666,c-GC-star,0,1,1,,,,220210_F2_run5,151,unstable,157
7,,0.16666666666666666,c-GC-star,1,0,1,,,,220210_F2_run5,152,novel,1
1,,0.0,c-GC-star,0,0,7,,,,220210_F2_run5,152,stable,6
2,6.0,0.5,c-GC-star,2,1,5,,,,220210_F2_run5,152,unstable,10
1,,0.0,c-GC-star,0,0,7,,,,220210_F2_run5,152,stable,13
2,4.0,0.5,c-GC-star,2,1,4,,,,220210_F2_run5,152,unstable,23
1,5.0,0.5,c-GC-star,1,2,5,,,,220210_F2_run5,152,unstable,24
1,3.0,0.3333333333333333,c-GC-star,1,1,6,,,,220210_F2_run5,152,unstable,36
1,3.0,0.16666666666666666,c-GC-star,0,1,2,,,,220210_F2_run5,152,lost,39
1,,0.0,c-GC-star,0,0,7,,,,220210_F2_run5,152,stable,42
2,,0.16666666666666666,c-GC-star,1,0,6,,,,220210_F2_run5,152,unstable,44
6,7.0,0.3333333333333333,c-GC-star,1,1,1,,,,220210_F2_run5,152,unstable,52
3,4.0,0.3333333333333333,c-GC-star,1,1,1,,,,220210_F2_run5,152,unstable,65
1,2.0,0.16666666666666666,c-GC-star,0,1,1,,,,220210_F2_run5,152,unstable,67
1,,0.0,c-GC-star,0,0,7,,,,220210_F2_run5,152,stable,74
6,7.0,0.3333333333333333,c-GC-star,1,1,1,,,,220210_F2_run5,152,unstable,79
3,5.0,0.3333333333333333,c-GC-star,1,1,2,,,,220210_F2_run5,152,unstable,91
1,4.0,0.3333333333333333,c-GC-star,1,1,6,,,,220210_F2_run5,152,unstable,95
3,4.0,0.6666666666666666,c-GC-star,2,2,2,,,,220210_F2_run5,152,unstable,104
3,4.0,0.5,c-GC-star,2,1,4,,,,220210_F2_run5,152,unstable,117
3,4.0,0.3333333333333333,c-GC-star,1,1,1,,,,220210_F2_run5,152,unstable,131
1,2.0,0.16666666666666666,c-GC-star,0,1,1,,,,220210_F2_run5,152,unstable,153
3,5.0,0.3333333333333333,c-GC-star,1,1,2,,,,220210_F2_run5,153,unstable,10
5,6.0,0.3333333333333333,c-GC-star,1,1,1,,,,220210_F2_run5,153,unstable,62
2,,0.16666666666666666,c-GC-star,1,0,6,,,,220210_F2_run5,153,unstable,72
2,3.0,0.3333333333333333,c-GC-star,1,1,1,,,,220210_F2_run5,153,unstable,81
1,2.0,0.16666666666666666,c-GC-star,0,1,1,,,,220210_F2_run5,153,unstable,119
7,,0.16666666666666666,c-GC-star,1,0,1,,,,220210_F2_run5,153,novel,131
1,3.0,0.3333333333333333,c-GC-star,1,1,5,,,,220210_F2_run5,153,unstable,151
1,2.0,0.16666666666666666,c-GC-star,0,1,1,,,,220210_F2_run5,154,unstable,12
1,,0.0,c-GC-star,0,0,7,,,,220210_F2_run5,154,stable,45
1,,0.0,c-GC-star,0,0,7,,,,220210_F2_run5,154,stable,48
7,,0.16666666666666666,c-GC-star,1,0,1,,,,220210_F2_run5,154,novel,50
1,3.0,0.16666666666666666,c-GC-star,0,1,2,,,,220210_F2_run5,154,lost,59
1,,0.0,c-GC-star,0,0,7,,,,220210_F2_run5,154,stable,60
7,,0.16666666666666666,c-GC-star,1,0,1,,,,220210_F2_run5,154,novel,77
1,2.0,0.3333333333333333,c-GC-star,1,1,4,,,,220210_F2_run5,154,unstable,78
1,,0.0,c-GC-star,0,0,7,,,,220210_F2_run5,154,stable,80
1,,0.0,c-GC-star,0,0,7,,,,220210_F2_run5,154,stable,83
1,,0.0,c-GC-star,0,0,7,,,,220210_F2_run5,154,stable,85
1,,0.0,c-GC-star,0,0,7,,,,220210_F2_run5,154,stable,88
5,,0.16666666666666666,c-GC-star,1,0,3,,,,220210_F2_run5,154,unstable,102
1,4.0,0.5,c-GC-star,1,2,4,,,,220210_F2_run5,154,unstable,112
7,,0.16666666666666666,c-GC-star,1,0,1,,,,220210_F2_run5,154,novel,115
1,,0.0,c-GC-star,0,0,7,,,,220210_F2_run5,154,stable,116
1,,0.0,c-GC-star,0,0,7,,,,220210_F2_run5,154,stable,118
1,2.0,0.5,c-GC-star,1,2,2,,,,220210_F2_run5,154,unstable,120
1,,0.0,c-GC-star,0,0,7,,,,220210_F2_run5,154,stable,124
1,,0.0,c-GC-star,0,0,7,,,,220210_F2_run5,154,stable,125
1,3.0,0.3333333333333333,c-GC-star,1,1,6,,,,220210_F2_run5,154,unstable,126
1,,0.0,c-GC-star,0,0,7,,,,220210_F2_run5,154,stable,130
5,6.0,0.3333333333333333,c-GC-star,1,1,1,,,,220210_F2_run5,154,unstable,131
6,7.0,0.3333333333333333,c-GC-star,1,1,1,,,,220210_F2_run5,154,unstable,133
1,,0.0,c-GC-star,0,0,7,,,,220210_F2_run5,154,stable,134
1,,0.0,c-GC-star,0,0,7,,,,220210_F2_run5,154,stable,135
1,,0.0,c-GC-star,0,0,7,,,,220210_F2_run5,154,stable,136
1,,0.0,c-GC-star,0,0,7,,,,220210_F2_run5,154,stable,137
2,,0.16666666666666666,c-GC-star,1,0,6,,,,220210_F2_run5,154,unstable,140
1,,0.0,c-GC-star,0,0,7,,,,220210_F2_run5,154,stable,142
1,,0.0,c-GC-star,0,0,7,,,,220210_F2_run5,154,stable,156
2,5.0,0.5,c-GC-star,2,1,5,,,,220210_F2_run5,154,unstable,157
1,6.0,0.16666666666666666,c-GC-star,0,1,5,,,,220210_F2_run5,154,lost,160
2,3.0,0.5,c-GC-star,2,1,2,,,,220210_F2_run5,154,unstable,163
1,,0.0,c-GC-star,0,0,7,,,,220210_F2_run5,154,stable,164
1,,0.0,c-GC-star,0,0,7,,,,220210_F2_run5,155,stable,22
7,,0.16666666666666666,c-GC-star,1,0,1,,,,220210_F2_run5,155,novel,34
1,2.0,0.8333333333333334,c-GC-star,2,3,4,,,,220210_F2_run5,155,unstable,37
4,5.0,0.5,c-GC-star,2,1,2,,,,220210_F2_run5,155,unstable,60
6,7.0,0.3333333333333333,c-GC-star,1,1,1,,,,220210_F2_run5,155,unstable,61
3,,0.16666666666666666,c-GC-star,1,0,5,,,,220210_F2_run5,155,unstable,92
1,7.0,0.16666666666666666,c-GC-star,0,1,6,,,,220210_F2_run5,155,lost,102
5,,0.16666666666666666,c-GC-star,1,0,3,,,,220210_F2_run5,155,unstable,108
2,,0.16666666666666666,c-GC-star,1,0,6,,,,220210_F2_run5,155,unstable,113
1,,0.0,c-GC-star,0,0,7,,,,220210_F2_run5,155,stable,120
6,7.0,0.3333333333333333,c-GC-star,1,1,1,,,,220210_F2_run5,155,unstable,133
1,7.0,0.16666666666666666,c-GC-star,0,1,6,,,,220210_F2_run5,155,lost,136
6,7.0,0.3333333333333333,c-GC-star,1,1,1,,,,220210_F2_run5,155,unstable,141
6,7.0,0.3333333333333333,c-GC-star,1,1,1,,,,220210_F2_run5,155,unstable,146
1,4.0,0.16666666666666666,c-GC-star,0,1,3,,,,220210_F2_run5,155,lost,151
1,3.0,0.16666666666666666,c-GC-star,0,1,2,,,,220210_F2_run5,155,lost,154
1,6.0,0.3333333333333333,c-GC-star,1,1,6,,,,220210_F2_run5,155,unstable,156
1,2.0,0.16666666666666666,c-GC-star,0,1,1,,,,220210_F2_run5,155,unstable,157
1,3.0,0.16666666666666666,c-GC-star,0,1,2,,,,220210_F2_run5,156,lost,64
3,5.0,0.3333333333333333,c-GC-star,1,1,2,,,,220210_F2_run5,156,unstable,88
1,2.0,0.5,c-GC-star,1,2,3,,,,220210_F2_run5,156,unstable,102
3,4.0,0.6666666666666666,c-GC-star,2,2,2,,,,220210_F2_run5,156,unstable,113
1,7.0,0.16666666666666666,c-GC-star,0,1,6,,,,220210_F2_run5,156,lost,114
4,,0.16666666666666666,c-GC-star,1,0,4,,,,220210_F2_run5,156,unstable,124
3,4.0,0.6666666666666666,c-GC-star,2,2,2,,,,220210_F2_run5,156,unstable,135
2,,0.16666666666666666,c-GC-star,1,0,6,,,,220210_F2_run5,156,unstable,154
6,7.0,0.3333333333333333,c-GC-star,1,1,1,,,,220210_F2_run5,156,unstable,155
2,4.0,0.3333333333333333,c-GC-star,1,1,2,,,,220210_F2_run5,156,unstable,160
1,2.0,0.16666666666666666,c-GC-star,0,1,1,,,,220210_F2_run5,157,unstable,23
1,2.0,0.3333333333333333,c-GC-star,1,1,4,,,,220210_F2_run5,157,unstable,25
2,4.0,0.5,c-GC-star,2,1,5,,,,220210_F2_run5,157,unstable,38
1,7.0,0.16666666666666666,c-GC-star,0,1,6,,,,220210_F2_run5,157,lost,44
1,2.0,0.5,c-GC-star,1,2,2,,,,220210_F2_run5,157,unstable,62
7,,0.16666666666666666,c-GC-star,1,0,1,,,,220210_F2_run5,157,novel,74
1,3.0,0.5,c-GC-star,1,2,3,,,,220210_F2_run5,157,unstable,97
1,2.0,0.16666666666666666,c-GC-star,0,1,1,,,,220210_F2_run5,157,unstable,103
1,2.0,0.3333333333333333,c-GC-star,1,1,5,,,,220210_F2_run5,157,unstable,107
5,,0.16666666666666666,c-GC-star,1,0,3,,,,220210_F2_run5,157,unstable,109
1,2.0,0.16666666666666666,c-GC-star,0,1,1,,,,220210_F2_run5,157,unstable,118
1,2.0,0.5,c-GC-star,1,2,2,,,,220210_F2_run5,157,unstable,154
7,,0.16666666666666666,c-GC-star,1,0,1,,,,220210_F2_run5,158,novel,83
1,2.0,0.16666666666666666,c-GC-star,0,1,1,,,,220210_F2_run5,158,unstable,98
6,,0.16666666666666666,c-GC-star,1,0,2,,,,220210_F2_run5,159,unstable,16
1,2.0,0.16666666666666666,c-GC-star,0,1,1,,,,220210_F2_run5,159,unstable,28
1,2.0,0.16666666666666666,c-GC-star,0,1,1,,,,220210_F2_run5,159,unstable,89
1,7.0,0.16666666666666666,c-GC-star,0,1,6,,,,220210_F2_run5,159,lost,121
1,,0.0,c-GC-star,0,0,7,,,,220210_F2_run5,160,stable,63
6,,0.16666666666666666,c-GC-star,1,0,2,,,,220210_F2_run5,160,unstable,77
6,,0.16666666666666666,c-GC-star,1,0,2,,,,220210_F2_run5,160,unstable,110
3,4.0,0.5,c-GC-star,2,1,4,,,,220210_F2_run5,160,unstable,137
3,4.0,0.6666666666666666,c-GC-star,2,2,2,,,,220210_F2_run5,160,unstable,164
1,,0.0,c-GC-star,0,0,7,,,,220210_F2_run5,161,stable,48
3,4.0,0.6666666666666666,c-GC-star,2,2,2,,,,220210_F2_run5,161,unstable,60
1,2.0,0.16666666666666666,c-GC-star,0,1,1,,,,220210_F2_run5,161,unstable,79
1,2.0,0.16666666666666666,c-GC-star,0,1,1,,,,220210_F2_run5,161,unstable,111
4,5.0,0.3333333333333333,c-GC-star,1,1,1,,,,220210_F2_run5,161,unstable,118
1,4.0,0.3333333333333333,c-GC-star,1,1,5,,,,220210_F2_run5,161,unstable,140
6,,0.16666666666666666,c-GC-star,1,0,2,,,,220210_F2_run5,161,unstable,160
1,5.0,0.3333333333333333,c-GC-star,1,1,6,,,,220210_F2_run5,161,unstable,164
1,2.0,0.16666666666666666,c-GC-star,0,1,1,,,,220210_F2_run5,162,unstable,106
1,2.0,0.16666666666666666,c-GC-star,0,1,1,,,,220210_F2_run5,162,unstable,164
2,6.0,0.5,c-GC-star,2,1,5,,,,220210_F2_run5,164,unstable,10
1,2.0,0.16666666666666666,c-GC-star,0,1,1,,,,220210_F2_run5,164,unstable,22
1,2.0,0.16666666666666666,c-GC-star,0,1,1,,,,220210_F2_run5,164,unstable,43
1,,0.0,c-GC-star,0,0,7,,,,220210_F2_run5,164,stable,50
2,3.0,0.6666666666666666,c-GC-star,2,2,2,,,,220210_F2_run5,164,unstable,63
1,2.0,0.5,c-GC-star,1,2,5,,,,220210_F2_run5,164,unstable,85
5,,0.16666666666666666,c-GC-star,1,0,3,,,,220210_F2_run5,164,unstable,93
1,3.0,0.16666666666666666,c-GC-star,0,1,2,,,,220210_F2_run5,164,lost,108
2,,0.16666666666666666,c-GC-star,1,0,6,,,,220210_F2_run5,164,unstable,118
5,,0.16666666666666666,c-GC-star,1,0,3,,,,220210_F2_run5,164,unstable,124
1,2.0,0.3333333333333333,c-GC-star,1,1,4,,,,220210_F2_run5,164,unstable,126
3,4.0,0.5,c-GC-star,2,1,4,,,,220210_F2_run5,164,unstable,134
1,2.0,0.16666666666666666,c-GC-star,0,1,1,,,,220210_F2_run5,164,unstable,137
4,5.0,0.3333333333333333,c-GC-star,1,1,1,,,,220210_F2_run5,164,unstable,142
1,2.0,0.16666666666666666,c-GC-star,0,1,1,,,,220210_F2_run5,164,unstable,147
1,4.0,0.3333333333333333,c-GC-star,1,1,6,,,,220210_F2_run5,164,unstable,156
3,7.0,0.3333333333333333,c-GC-star,1,1,4,,,,220210_F2_run5,164,unstable,160
